applicant_id,applicant_ssn,applicant_full_name,applicant_date_of_birth,applicant_gender,applicant_marital_status,applicant_level_of_education
Ap221958,842-01-0289,Matthew Jackson,1991-12-31,Female,Single,Doctorate
Ap771155,235-21-6513,Brian Terry,1983-11-25,Female,Divorced,Bachelor's Degree
Ap231932,426-59-7331,Bobby Aguirre,2002-07-23,Female,Separated,Doctorate
Ap465838,411-40-6357,Amy Smith,1982-11-26,Female,Single,Associate's Degree
Ap359178,241-54-9602,Kristen Hale,2007-03-26,Other,Divorced,Associate's Degree
Ap744167,572-79-6307,Brittney Rodriguez,1949-12-19,Female,Divorced,High School Diploma
Ap210268,301-32-8248,Cindy Allen,1992-03-28,Female,Separated,Associate's Degree
Ap832180,692-76-8399,Amy Dudley,1990-11-18,Other,Widowed,Master's Degree
Ap154886,566-60-4912,Gregory Rodriguez,1991-03-01,Male,Single,Associate's Degree
Ap237337,184-89-9934,Martin Huynh,1955-08-28,Female,Separated,Associate's Degree
Ap621430,544-99-8148,Terri King,1976-12-12,Male,Married,High School Diploma
Ap187498,381-19-9182,Dawn Randall,1991-02-13,Female,Separated,Doctorate
Ap999159,897-39-7755,Angela Nelson,2004-09-04,Female,Married,High School Diploma
Ap275203,755-35-1733,Carrie Flores,2004-08-29,Other,Separated,Associate's Degree
Ap291335,217-98-8303,Edward Sherman,1978-08-12,Other,Single,High School Diploma
Ap378167,044-76-8656,Anthony Campbell,1954-05-18,Male,Single,High School Diploma
Ap141090,249-40-2776,Danielle Lucas,1983-01-25,Female,Divorced,Some College
Ap429365,636-59-8182,Samuel Beard,1991-11-12,Male,Divorced,Associate's Degree
Ap164820,409-71-0489,William Barron PhD,1987-11-22,Female,Single,Master's Degree
Ap887201,770-63-4407,Meghan Chen,1970-11-28,Other,Married,Master's Degree
Ap421879,010-22-8401,Joel Pope,2006-05-17,Other,Married,Doctorate
Ap818315,236-77-2371,Lawrence Ramos,1986-07-31,Female,Married,Some College
Ap427069,572-91-3459,Tim Jenkins,1973-07-05,Other,Widowed,Doctorate
Ap876997,252-91-3748,Jenna Fisher,1985-04-30,Female,Single,Associate's Degree
Ap299041,564-41-6191,Jessica Quinn,1967-01-21,Male,Widowed,Associate's Degree
Ap891743,292-57-7046,Erica Martinez,1984-05-29,Female,Separated,Doctorate
Ap203355,132-70-5666,Courtney Adams,1954-01-25,Other,Married,Bachelor's Degree
Ap335796,489-64-8826,Dr. Richard Erickson,1988-01-08,Female,Separated,Doctorate
Ap314176,257-82-3650,Daniel Pace,1988-05-15,Female,Divorced,Doctorate
Ap284779,820-40-3374,Stephanie Johnson,1987-05-06,Other,Married,Some College
Ap447449,830-09-3708,Tiffany Scott,1966-03-28,Other,Single,Bachelor's Degree
Ap521909,538-23-0704,Morgan Perez,1997-07-14,Female,Married,Some College
Ap358795,822-79-4711,Jeffrey Thomas,1993-07-29,Female,Married,Some College
Ap586232,568-09-9653,Danielle Gallegos,1992-11-18,Other,Married,Doctorate
Ap600186,349-81-0910,Sonya Thomas,1990-09-01,Other,Divorced,Master's Degree
Ap256730,234-50-2064,Jennifer Moses,1987-02-22,Male,Separated,Master's Degree
Ap970910,158-28-2397,Jeffrey Davis,1979-12-11,Other,Separated,Associate's Degree
Ap484681,500-72-1999,Jessica Le,1999-08-24,Other,Divorced,Bachelor's Degree
Ap249503,339-39-0844,Michael Ryan,1972-05-24,Male,Single,Associate's Degree
Ap754811,233-13-4814,Ashley Dunn,1966-10-05,Other,Divorced,Associate's Degree
Ap627035,782-59-0343,Sarah Jordan,2000-12-01,Male,Divorced,Bachelor's Degree
Ap748143,701-19-4072,Mark David,1952-09-01,Male,Single,Some College
Ap552366,648-33-5474,Sara Brown,1991-05-21,Female,Widowed,High School Diploma
Ap165725,886-31-0112,Pamela Brewer,1959-10-02,Female,Divorced,Bachelor's Degree
Ap229981,550-24-2976,Sabrina Kim,2003-07-24,Male,Divorced,Master's Degree
Ap184654,862-08-7345,Frank Herrera,1955-09-04,Other,Divorced,Some College
Ap691723,129-68-5312,Sharon White,1983-05-06,Male,Single,High School Diploma
Ap419030,886-93-5498,Eric Gaines,1967-01-03,Other,Divorced,Master's Degree
Ap428947,215-24-4217,Joshua Moore,2006-05-06,Female,Separated,Associate's Degree
Ap655839,408-82-1120,Shelby Hunter,1993-08-07,Female,Divorced,Some College
Ap373538,572-20-6451,Steven Wallace,1975-04-12,Other,Single,Bachelor's Degree
Ap431236,888-13-9509,Carolyn Ortiz,1994-11-10,Other,Divorced,Some College
Ap628178,562-48-7174,Dr. Austin Rhodes Jr.,1973-03-13,Female,Widowed,Some College
Ap665894,707-23-3861,Jessica Henderson,1962-06-21,Female,Single,Some College
Ap589492,402-45-1508,Micheal Herman,1997-09-12,Other,Separated,Doctorate
Ap356840,295-07-8482,BENJAMIN MARTINEZ,1965-12-06,Female,Separated,Some College
Ap573254,509-21-1015,Mitchell Stone,1989-07-16,Male,Divorced,Master's Degree
Ap449457,083-35-0958,Thomas Jackson,1997-12-02,Female,Married,Master's Degree
Ap765987,432-79-5173,Gloria Mendez,1964-08-21,Male,Widowed,Doctorate
Ap370936,118-28-1378,Amy Reeves,1966-07-31,Other,Divorced,Bachelor's Degree
Ap339931,595-15-8735,April Mckenzie,1962-03-30,Male,Widowed,Associate's Degree
Ap339629,467-14-8894,Shane Bennett,1949-12-10,Male,Single,Bachelor's Degree
Ap305041,086-31-1134,Lori Martin,1992-11-17,Female,Married,Master's Degree
Ap798361,781-94-5845,Maria Allen,1985-02-01,Female,Single,Associate's Degree
Ap831912,239-49-6622,David Thompson,1989-08-15,Other,Widowed,Some College
Ap517113,431-38-8989,Alan Martin,2005-10-15,Other,Married,Some College
Ap168148,268-17-3155,Arthur Scott,2001-05-31,Other,Single,Associate's Degree
Ap877089,215-06-5203,Courtney Knight,2006-10-16,Other,Widowed,Doctorate
Ap748531,437-78-8093,Melissa Hill,1950-08-12,Other,Married,Some College
Ap351995,740-96-0857,Derrick Oneill,1957-12-01,Female,Single,High School Diploma
Ap778843,617-53-7457,Randy Moore,1976-04-21,Female,Divorced,Some College
Ap672843,103-51-6353,Connie Harrell,1950-05-07,Other,Divorced,Associate's Degree
Ap356508,419-92-5222,Michael Mullins,1962-04-24,Male,Divorced,High School Diploma
Ap903591,747-25-9027,Jessica Crosby,1995-02-12,Female,Separated,High School Diploma
Ap996942,645-90-7998,Jill Bradford,1959-10-23,Male,Separated,High School Diploma
Ap206530,128-23-1213,Michael Stevenson,1983-04-28,Other,Single,Doctorate
Ap704365,527-77-3793,Chloe Steele,1989-06-07,Other,Widowed,Doctorate
Ap922352,157-07-9817,John Simmons,1991-03-08,Male,Divorced,Master's Degree
Ap560337,261-21-8380,John Benitez,1987-11-16,Other,Widowed,Doctorate
Ap824839,608-80-3503,Dana Curtis,1998-06-04,Female,Separated,Associate's Degree
Ap905889,382-42-2772,Jacqueline Ellis,1955-06-26,Female,Single,Doctorate
Ap559773,017-78-9454,David Jackson,1981-06-28,Female,Separated,Doctorate
Ap308261,012-13-1875,Cody Branch,1964-11-10,Female,Divorced,Some College
Ap864469,513-14-4447,Karen Velasquez,1959-11-08,Female,Widowed,High School Diploma
Ap441097,229-50-5369,William Miller,1991-06-21,Female,Divorced,High School Diploma
Ap415139,552-23-9600,Kristy Hawkins,1972-01-17,Male,Divorced,High School Diploma
Ap271829,231-36-5217,Mark Rosario,1999-07-12,Female,Separated,Bachelor's Degree
Ap371836,677-94-8684,Kathryn Bartlett,1962-11-02,Other,Divorced,Master's Degree
Ap538974,398-71-6973,John Griffith,1972-07-23,Male,Married,Doctorate
Ap302283,068-56-3916,Jacqueline Byrd,1954-01-12,Female,Single,Some College
Ap296769,380-48-2320,Jared Mann,1966-07-27,Male,Married,Doctorate
Ap661353,181-95-8000,Daniel Harvey,1998-03-08,Female,Separated,High School Diploma
Ap323165,471-11-5631,Patrick Morris,1990-05-07,Male,Married,High School Diploma
Ap723587,464-69-4402,Stephanie Russell DVM,1978-06-04,Other,Widowed,Doctorate
Ap635822,038-35-1691,Michael Patterson,2001-04-12,Other,Widowed,Master's Degree
Ap587879,892-70-5395,Margaret Brown,1983-11-10,Other,Separated,Associate's Degree
Ap664685,354-04-7331,MELINDA YOUNG,1989-05-19,Male,Divorced,Some College
Ap882038,169-33-6582,Kathryn Garcia,1983-05-19,Male,Widowed,Some College
Ap453531,552-69-2215,Jodi Rice,1993-01-26,Other,Separated,High School Diploma
Ap363160,261-71-0383,Anna Braun,1960-08-23,Female,Married,High School Diploma
Ap679879,025-48-9800,Thomas Henry,1955-04-23,Other,Divorced,High School Diploma
Ap320884,835-73-0324,Andrew Bennett,1992-12-09,Male,Married,Bachelor's Degree
Ap123247,774-78-4271,Steven Guzman,1953-02-11,Female,Divorced,High School Diploma
Ap124300,472-55-5913,Heather Edwards,1949-05-31,Female,Married,Some College
Ap567281,591-85-7233,Jennifer Moreno,1998-01-14,Female,Divorced,Master's Degree
Ap707086,498-72-0694,Jack Chan,1990-12-29,Male,Married,Doctorate
Ap633556,363-84-6055,Vanessa Sutton,1984-06-04,Other,Separated,Associate's Degree
Ap448951,164-82-6116,Felicia Cox,1955-03-17,Male,Separated,Doctorate
Ap374329,627-40-0162,Ashley Ortega,1978-03-10,Male,Single,Associate's Degree
Ap819064,818-39-8728,Kevin Grant,1963-05-17,Female,Separated,Bachelor's Degree
Ap842139,651-31-5066,Susan Clark,1959-07-28,Female,Single,Master's Degree
Ap532315,358-84-3253,Cheryl Mcdaniel,1971-06-07,Other,Married,High School Diploma
Ap616588,290-17-2333,Molly Davis,1956-01-29,Female,Married,Associate's Degree
Ap336584,624-89-7674,Raymond Payne,2000-06-15,Other,Single,Doctorate
Ap662332,206-76-5103,Shane Thomas,2001-12-06,Other,Married,Bachelor's Degree
Ap937646,451-80-0938,Denise Roy,1974-12-08,Female,Widowed,Doctorate
Ap476896,416-85-5318,Bradley Parker,1962-09-20,Female,Widowed,Some College
Ap148984,495-21-6347,KATHY SMITH,1969-05-11,Other,Single,Bachelor's Degree
Ap402918,060-12-7268,Ian Kelly,1974-09-03,Male,Married,Associate's Degree
Ap364712,504-07-7615,Matthew Nichols,1976-01-17,Other,Divorced,Associate's Degree
Ap220151,263-52-3794,Caitlin Anderson,1990-03-23,Female,Married,Bachelor's Degree
Ap555808,205-40-0375,Molly Ortega,1960-02-01,Other,Widowed,Doctorate
Ap233767,603-27-0268,Julie Edwards,2003-08-03,Other,Divorced,Bachelor's Degree
Ap748663,112-82-0077,April Wood,1956-10-16,Other,Single,Bachelor's Degree
Ap803550,632-88-0924,JOCELYN TODD,1983-08-05,Male,Divorced,High School Diploma
Ap236330,517-75-4522,David Gregory,1994-02-25,Other,Divorced,Some College
Ap580754,691-21-3664,Albert Walton,1971-05-14,Other,Divorced,Doctorate
Ap401648,382-14-9741,Ralph Huber,1960-09-15,Male,Separated,Associate's Degree
Ap788519,637-64-5715,Patricia Smith,2007-01-25,Male,Widowed,Bachelor's Degree
Ap113986,396-81-2562,Joseph Mendez,1994-01-29,Other,Married,Master's Degree
Ap686146,824-34-5363,Gary Benton,1960-08-13,Female,Divorced,Master's Degree
Ap229312,346-89-9172,Brandon Rios,1977-07-15,Male,Widowed,Doctorate
Ap112666,490-78-0183,Alexis Pena,1980-07-21,Other,Single,Bachelor's Degree
Ap400804,689-98-5227,Yolanda Tran,1962-03-01,Other,Single,High School Diploma
Ap234633,266-09-5577,Robert Holmes,1982-09-15,Other,Separated,High School Diploma
Ap388998,529-04-4701,Mr. Brian Phillips,1996-04-25,Other,Separated,Some College
Ap950937,545-65-5485,Edward Wong,2003-09-14,Male,Divorced,Associate's Degree
Ap728776,023-34-9687,Samantha Harris,1993-04-22,Female,Widowed,Associate's Degree
Ap807611,231-52-6092,Luke Bush,1987-07-06,Other,Single,Some College
Ap384806,818-74-6996,ROBERT MATHIS,1951-05-21,Other,Single,High School Diploma
Ap894824,698-91-6162,Brian Bell,1994-05-15,Male,Married,Associate's Degree
Ap130535,706-14-9041,Brett Thomas,1970-07-01,Other,Widowed,Associate's Degree
Ap475713,578-61-0477,Amanda Hernandez,1969-06-10,Female,Married,Doctorate
Ap938688,472-73-3779,Jillian Simmons,1981-06-30,Female,Widowed,Associate's Degree
Ap451279,517-36-7352,Jerry Barton,1994-04-11,Female,Separated,High School Diploma
Ap921654,618-45-3108,Dennis Mccarthy,1953-05-11,Female,Widowed,Doctorate
Ap701661,026-02-4383,Abigail Mcbride,1971-04-06,Other,Divorced,Bachelor's Degree
Ap747972,678-42-9499,Geoffrey Williams,1964-09-24,Other,Widowed,Some College
Ap589570,680-91-5613,Sherry Hall,1970-03-17,Female,Single,Associate's Degree
Ap556551,598-31-7728,Vickie Whitehead,1962-10-06,Female,Widowed,Some College
Ap373109,358-56-4498,Brian Tanner,1990-03-27,Other,Divorced,High School Diploma
Ap124538,639-66-6899,Monica Frazier,2000-09-28,Female,Divorced,Doctorate
Ap994498,858-78-7487,SHERYL PEARSON,1959-07-27,Male,Widowed,Associate's Degree
Ap301664,068-46-0095,Mckenzie Edwards,1962-05-05,Other,Divorced,Bachelor's Degree
Ap591234,763-62-1145,Tammy Anderson,1958-04-23,Female,Divorced,Bachelor's Degree
Ap999684,295-85-8902,Joshua Browning,1970-01-31,Other,Married,Some College
Ap239182,637-90-9671,Joseph Ramirez,1957-03-21,Female,Divorced,Master's Degree
Ap572525,704-94-4270,Carly Larson,1950-05-29,Female,Divorced,Bachelor's Degree
Ap258338,017-19-1046,Michael Rodriguez,1973-03-23,Other,Married,Master's Degree
Ap284064,437-42-4039,Amy Garcia,1974-03-11,Male,Married,Some College
Ap314020,876-23-4215,James Cochran,1961-07-24,Male,Widowed,Some College
Ap723094,261-70-4221,HANNAH HOPKINS,1985-11-04,Female,Widowed,Doctorate
Ap997421,679-01-0201,Cody Green,1966-12-10,Other,Single,Some College
Ap715270,607-72-0140,Cindy Osborn,1979-11-30,Female,Divorced,High School Diploma
Ap745914,176-07-3341,William Jones,1972-09-07,Other,Separated,Bachelor's Degree
Ap219176,755-53-1208,Crystal Miller,1950-01-12,Female,Married,High School Diploma
Ap318126,883-40-7232,Sarah Benton,1968-12-08,Other,Widowed,Some College
Ap318969,486-04-0850,Bryan Hayes,1990-02-16,Other,Married,Some College
Ap222409,048-08-5960,David Martinez,1969-04-22,Other,Single,Some College
Ap647707,312-85-7656,Stephen Evans,1981-05-10,Male,Widowed,Some College
Ap353618,534-36-8585,Sherri Barron,1992-06-23,Female,Divorced,High School Diploma
Ap869598,320-01-0362,William Marsh,2000-02-20,Other,Divorced,Doctorate
Ap150015,726-74-2469,Juan Mcbride,1972-10-26,Other,Widowed,Bachelor's Degree
Ap872838,680-42-9774,James Taylor,2005-04-17,Male,Divorced,High School Diploma
Ap222096,629-67-7290,Jacqueline Delacruz,1995-12-06,Female,Widowed,Bachelor's Degree
Ap731347,086-37-8624,Katherine Sullivan,1960-12-03,Female,Divorced,Bachelor's Degree
Ap285340,620-63-0022,Alicia Moore,1964-03-08,Female,Widowed,Doctorate
Ap210687,890-72-8273,Sara Lawrence,1990-04-08,Female,Widowed,Associate's Degree
Ap974371,200-83-3392,Michael Nichols DDS,2006-03-21,Other,Separated,High School Diploma
Ap511357,319-60-7510,Katrina Meyer,1979-07-10,Other,Single,Master's Degree
Ap835716,339-62-7539,Lauren Allen,1996-09-11,Other,Widowed,Some College
Ap205878,774-69-7158,Victor Rollins,1983-09-02,Male,Married,High School Diploma
Ap827270,533-07-7891,Andrew Klein,1994-03-06,Female,Married,High School Diploma
Ap298286,873-58-5835,Ellen Rodriguez,1996-02-24,Female,Married,High School Diploma
Ap873290,240-02-8060,Patricia Ortiz,1972-08-11,Male,Widowed,High School Diploma
Ap874684,699-84-4815,Susan Pearson,2001-07-04,Male,Widowed,Master's Degree
Ap264899,664-07-0642,Ronald Cole,1982-11-13,Male,Married,Master's Degree
Ap424767,706-29-1483,Kiara Wheeler,1957-08-15,Male,Separated,Master's Degree
Ap961882,741-68-5499,Sheila Simpson,1963-12-08,Other,Widowed,Master's Degree
Ap979858,795-84-7828,Ann Allen,1972-09-09,Male,Single,Associate's Degree
Ap479989,077-48-4129,Lauren Mills,1989-11-04,Other,Single,Associate's Degree
Ap515515,327-01-9577,Natalie Long,1985-05-08,Male,Separated,Associate's Degree
Ap143585,622-93-1138,Eric Rios,1960-08-01,Other,Separated,Bachelor's Degree
Ap471369,091-47-4365,Justin Freeman,1955-05-11,Female,Married,Master's Degree
Ap164044,351-07-7003,Pamela Mcdaniel,1977-04-18,Female,Widowed,High School Diploma
Ap542296,493-44-3618,Jennifer Johnson,1991-04-24,Other,Married,Associate's Degree
Ap209556,583-77-2806,Brad Duncan,1999-01-13,Female,Divorced,Some College
Ap626981,206-06-3942,Victoria Sanders,1963-09-18,Male,Married,Bachelor's Degree
Ap981691,852-56-0685,Heather Moore,1961-02-08,Female,Separated,Some College
Ap867595,158-35-9409,Danielle Johnson,1975-03-03,Other,Divorced,Bachelor's Degree
Ap300235,078-24-2107,Steven Aguirre,1959-07-29,Other,Single,Master's Degree
Ap125939,446-79-3455,Beverly Green,1982-03-29,Other,Married,Associate's Degree
Ap252906,579-34-8951,Alexander Beard,1955-01-16,Male,Divorced,Master's Degree
Ap642335,302-85-7559,Diana Stewart,1971-04-10,Other,Separated,Associate's Degree
Ap388249,193-32-0689,Christine Clay,1972-12-07,Other,Single,Some College
Ap175766,005-74-3592,Jennifer Sheppard,1971-01-20,Female,Single,Master's Degree
Ap508923,878-47-2263,Todd Johnson,1978-06-18,Female,Separated,High School Diploma
Ap515192,192-96-1583,Teresa Jackson,1996-01-02,Other,Widowed,Some College
Ap668550,200-37-2475,Megan Tucker,1967-02-22,Female,Divorced,Doctorate
Ap487261,321-21-7384,Jason Campbell,1962-06-21,Other,Divorced,Bachelor's Degree
Ap910208,695-62-1798,Ian Russell,1970-01-19,Other,Separated,Some College
Ap785440,125-18-6184,John Mclaughlin,1978-08-12,Other,Separated,Bachelor's Degree
Ap752664,877-05-0908,Tanya Phillips,1977-10-25,Female,Separated,Doctorate
Ap554589,333-28-6725,Tiffany Wilson,1975-04-06,Male,Single,Associate's Degree
Ap237848,757-57-9349,Heather Brown,1996-08-16,Other,Divorced,Master's Degree
Ap717075,045-50-7527,Tony Duke,1964-10-14,Female,Separated,Doctorate
Ap227948,652-73-4004,Shawn Cooper,1958-04-22,Other,Separated,Associate's Degree
Ap679304,109-05-4250,Ryan Henderson,2005-01-03,Other,Divorced,Some College
Ap502690,856-86-1517,Cheryl Ellison,1998-06-23,Other,Widowed,Bachelor's Degree
Ap599046,721-66-6080,Edgar Lewis,1976-04-18,Other,Separated,Bachelor's Degree
Ap551269,461-87-5530,Rodney Manning,1967-10-27,Other,Single,Associate's Degree
Ap121959,175-58-9444,Bobby Taylor DVM,1969-12-16,Female,Divorced,Some College
Ap760890,156-62-7552,Paul Becker,1969-11-29,Male,Widowed,Associate's Degree
Ap850216,025-51-1092,Lauren Ward,1950-03-29,Male,Divorced,Master's Degree
Ap890180,698-99-3888,Michael Johnson,1992-06-03,Male,Divorced,Master's Degree
Ap328576,835-29-9509,Leslie Duarte,2001-01-14,Female,Widowed,Bachelor's Degree
Ap637833,274-89-2819,Veronica Wilson,1992-11-23,Female,Separated,Doctorate
Ap265838,115-66-3874,Susan Chavez,1976-09-09,Female,Divorced,Associate's Degree
Ap435674,870-78-7506,Robert Moore,1996-02-11,Female,Separated,Doctorate
Ap979989,769-43-1531,Meghan Hunt,1992-10-29,Female,Single,High School Diploma
Ap161087,373-09-2936,Clifford Lynch,1990-09-05,Male,Married,Master's Degree
Ap693128,314-78-8808,Mary Mcdonald,1969-10-25,Male,Single,Doctorate
Ap218451,195-11-8584,Lynn Wheeler,1986-08-10,Female,Married,Doctorate
Ap547600,096-76-6497,Isaac Suarez,1973-09-02,Female,Divorced,Doctorate
Ap937437,656-14-5298,Dean Hale,1979-04-21,Other,Separated,Doctorate
Ap539792,095-33-3486,Tom Wang,1988-10-06,Female,Divorced,Doctorate
Ap139353,441-89-6208,Monique Henderson,1998-10-24,Male,Separated,Bachelor's Degree
Ap293075,257-87-9840,Rachel Townsend,2005-09-10,Male,Divorced,Some College
Ap314283,307-55-0095,Dylan Kelley,1988-09-30,Female,Single,Master's Degree
Ap414877,627-03-0673,Samuel Chavez,2003-08-28,Female,Separated,Master's Degree
Ap165318,592-20-8699,Mary Alexander,1972-04-18,Female,Married,Associate's Degree
Ap865313,812-35-0015,Robert Figueroa,2005-01-13,Other,Divorced,Doctorate
Ap582690,082-01-0211,Louis Rush,1985-11-14,Male,Single,Some College
Ap516880,231-34-6629,Bobby Roy,1992-10-08,Male,Widowed,Bachelor's Degree
Ap691460,013-33-1088,Molly Archer,1997-10-05,Male,Separated,Doctorate
Ap840976,004-80-2902,Shannon Webb,1989-09-23,Female,Single,Some College
Ap881239,766-28-2102,Jeffrey Cline,2006-05-19,Other,Single,Master's Degree
Ap193264,623-95-1412,Kyle Johnson,1973-10-08,Female,Divorced,Bachelor's Degree
Ap870746,577-17-9768,Stephanie Harris,1988-12-14,Other,Separated,High School Diploma
Ap913168,447-34-2170,Tyler Edwards,1990-11-11,Other,Separated,Associate's Degree
Ap325281,351-54-3974,Michelle Lawson,1954-10-31,Other,Separated,Associate's Degree
Ap737147,858-78-3644,Courtney David,1959-08-29,Other,Married,Some College
Ap998613,208-39-0515,Diana Sullivan,1999-10-27,Other,Separated,Doctorate
Ap494070,439-66-3127,Alexis Lambert,1984-10-01,Male,Divorced,Associate's Degree
Ap452228,360-04-3436,JOHN ROBERTS,1968-03-27,Female,Widowed,Associate's Degree
Ap531839,415-37-3740,Kelly Reed,1985-05-11,Female,Married,Master's Degree
Ap369536,280-03-7357,Troy Mills,1965-09-28,Male,Single,Bachelor's Degree
Ap417824,525-52-7572,Ms. Angela Davenport,1967-12-27,Female,Married,Some College
Ap357426,064-45-1727,Brian Bailey,1995-06-28,Female,Widowed,Some College
Ap277789,081-50-1282,ROBIN SPARKS,1978-05-20,Other,Widowed,Some College
Ap613153,340-81-6519,Jesus Robinson,1987-07-18,Other,Single,High School Diploma
Ap842452,555-04-9813,Dr. Hannah Carr MD,1950-09-15,Other,Widowed,Associate's Degree
Ap937291,090-68-1424,David Wright,1965-08-20,Male,Single,Some College
Ap225657,849-67-3733,Arthur Bailey,1992-10-13,Other,Widowed,Bachelor's Degree
Ap335167,025-33-1206,Kevin Owens,1997-05-24,Female,Single,Doctorate
Ap781669,202-25-0507,Karen Mcdowell,1956-04-25,Female,Widowed,Doctorate
Ap580671,181-13-9553,Kenneth Harris,1957-12-24,Female,Separated,Associate's Degree
Ap819094,799-06-7173,Alexis Le DDS,1966-07-07,Male,Single,Doctorate
Ap170467,482-35-0022,Nancy Collier DVM,1966-09-04,Male,Separated,Doctorate
Ap283734,010-25-8625,Christina Evans,2000-10-13,Other,Single,Master's Degree
Ap722794,681-31-3488,Kimberly Levine,1990-07-20,Male,Divorced,High School Diploma
Ap209751,807-52-5863,Alan Velazquez,1980-05-15,Other,Married,Doctorate
Ap481050,148-83-5283,Felicia Doyle,1993-06-09,Male,Married,Bachelor's Degree
Ap911774,525-29-7225,Sheryl Shields,1990-08-15,Other,Separated,High School Diploma
Ap792517,546-96-1601,Daniel Hayes,1999-04-20,Other,Divorced,Doctorate
Ap561079,612-57-9864,Christopher King,1974-02-24,Male,Widowed,Some College
Ap468452,619-44-8133,Robin Powers,1970-08-23,Female,Divorced,Associate's Degree
Ap206081,683-28-5947,Ruben Dickerson,1955-02-15,Female,Widowed,High School Diploma
Ap713333,303-28-9719,Matthew Hall,1975-01-18,Other,Widowed,Doctorate
Ap658986,686-17-1656,David Mcdonald,1954-05-15,Female,Separated,Associate's Degree
Ap210078,640-18-6642,James Lopez,1956-12-29,Male,Widowed,Master's Degree
Ap967055,613-18-2037,Michael Alvarez,1982-06-14,Male,Widowed,High School Diploma
Ap122671,074-32-7784,Martha King,1952-11-16,Female,Single,High School Diploma
Ap518400,628-69-8891,Brittney Robinson,1978-07-05,Female,Single,Some College
Ap455528,184-18-1652,Eric Schmidt,1965-09-01,Female,Single,Associate's Degree
Ap710490,496-99-8761,Jeremiah Mccoy,1968-10-26,Male,Separated,Master's Degree
Ap151663,881-12-5639,Alexander Mclaughlin,1950-07-06,Male,Married,Doctorate
Ap115708,750-23-2872,Sharon Conner,1996-12-18,Other,Married,Associate's Degree
Ap978338,419-59-2482,Michael Robertson,2000-12-26,Female,Married,Master's Degree
Ap411955,002-51-0230,Jill Alexander,1969-02-09,Female,Married,Bachelor's Degree
Ap233883,143-69-1549,Tim Chandler,2002-03-08,Male,Widowed,Bachelor's Degree
Ap418394,063-80-6831,Michelle Herring,1970-02-26,Female,Widowed,Some College
Ap212547,130-83-6141,Heather Dodson,1993-01-19,Other,Widowed,Some College
Ap659042,579-37-4733,Laurie Henderson,1963-07-29,Male,Married,Doctorate
Ap851102,657-23-2698,Amy Ball,1973-10-24,Female,Widowed,Associate's Degree
Ap862002,863-79-4336,Juan Cox,1986-06-01,Female,Separated,Associate's Degree
Ap242483,517-78-4952,Terry Gillespie,1961-10-29,Other,Single,High School Diploma
Ap758271,674-17-2956,Janice Flores,1950-12-09,Male,Single,Doctorate
Ap314835,101-46-2897,Tanya Herring,1969-02-20,Other,Married,Doctorate
Ap501896,269-61-2292,David Nelson,1969-06-12,Female,Separated,Master's Degree
Ap184896,370-73-8295,Benjamin Garcia,1988-10-14,Female,Divorced,Master's Degree
Ap577095,884-83-7868,Jonathan Smith,1996-07-09,Male,Divorced,Some College
Ap171295,476-53-3943,James Pennington,2004-09-18,Other,Widowed,Associate's Degree
Ap843974,814-67-1547,Melanie Durham,1957-05-10,Female,Single,Some College
Ap987121,880-40-1458,Meghan Buchanan,1965-02-19,Male,Separated,Doctorate
Ap373255,889-78-3683,Debra Cowan,1975-09-10,Male,Married,Some College
Ap399648,239-64-9659,Luke Allen,1980-01-31,Other,Married,High School Diploma
Ap757162,780-10-8077,Eric Richardson,1950-06-06,Other,Widowed,Associate's Degree
Ap108155,483-45-5301,Phillip Wilson,1969-05-08,Male,Widowed,Some College
Ap566872,059-09-9962,Michele Horton,1972-08-08,Female,Widowed,High School Diploma
Ap925816,610-41-9622,Elizabeth Kramer,2005-09-17,Male,Separated,Doctorate
Ap474705,458-99-7589,Jeffrey Stewart,1972-12-19,Female,Widowed,Some College
Ap671542,199-54-4805,Jack Morales,1979-10-21,Male,Widowed,Associate's Degree
Ap908350,575-48-1779,Misty Walter,1965-11-12,Other,Single,Some College
Ap710269,709-43-5911,Sean Jackson,1991-06-20,Other,Widowed,Bachelor's Degree
Ap654594,658-31-4653,Michael Ryan,1956-08-16,Male,Single,Some College
Ap247718,094-94-5833,Kristina Jones,1989-01-14,Male,Widowed,Bachelor's Degree
Ap408987,709-46-8959,Noah Harris,1968-08-27,Female,Widowed,Associate's Degree
Ap745263,245-71-5575,Jenna Smith,1992-05-27,Female,Separated,Master's Degree
Ap458745,459-17-9794,Stacey Williams,1978-10-20,Female,Divorced,Master's Degree
Ap207512,063-18-4947,Annette Smith,1957-12-03,Male,Single,Bachelor's Degree
Ap247443,183-23-7749,Sarah Huff,1984-02-25,Male,Widowed,Bachelor's Degree
Ap570587,162-17-4013,Beverly Manning,2004-06-04,Other,Widowed,Doctorate
Ap473616,388-58-7837,Amber Moore,1951-11-03,Male,Separated,Some College
Ap757409,049-12-8811,Steve Benson,1972-06-11,Other,Widowed,Some College
Ap786976,488-79-2865,Carol Cameron,1967-10-22,Male,Divorced,Some College
Ap465871,743-43-7937,Melissa Garrett,1980-11-02,Female,Divorced,Master's Degree
Ap475037,886-43-2123,Paula Hanson,1998-11-01,Male,Widowed,Doctorate
Ap907364,567-78-0811,Jennifer Rivas,1989-08-01,Male,Widowed,Associate's Degree
Ap217796,511-91-7004,Dr. Adam Thompson,1972-06-09,Male,Divorced,Doctorate
Ap391999,368-15-3780,Eric Grimes,1956-01-02,Other,Separated,Associate's Degree
Ap292506,605-09-4018,Craig Lucas,1997-11-05,Male,Single,Some College
Ap798376,257-44-0414,Janet Owens,1952-05-29,Other,Divorced,Master's Degree
Ap369544,370-11-2278,Sara Wolfe,1998-04-23,Other,Single,Bachelor's Degree
Ap480002,790-78-9050,Erica Martin,2005-12-17,Other,Divorced,Bachelor's Degree
Ap798002,842-39-7656,Ashley Dean,1998-05-23,Female,Married,Associate's Degree
Ap639439,498-75-6527,Greg Jimenez,1959-10-01,Other,Separated,Master's Degree
Ap690978,551-74-6564,Scott Rivera,1987-09-23,Female,Married,Master's Degree
Ap628787,329-35-4867,Steven Anderson,2003-09-21,Other,Widowed,High School Diploma
Ap630583,432-35-3188,David Smith,1970-07-21,Female,Widowed,Bachelor's Degree
Ap488215,619-19-8867,Ryan Kim,1959-09-26,Other,Married,Some College
Ap421184,794-64-5403,David Walker,2006-01-07,Female,Separated,Bachelor's Degree
Ap898615,238-89-2204,Anthony Young,1982-11-16,Male,Widowed,Doctorate
Ap522515,298-79-4306,Amanda Knight,1984-09-09,Female,Widowed,Master's Degree
Ap768234,325-93-3555,Randall Kidd,2004-07-17,Female,Single,Bachelor's Degree
Ap478480,706-48-9824,Dillon Wilson,1991-03-21,Female,Divorced,Some College
Ap132711,108-02-9169,Kim Garcia,1954-04-18,Male,Separated,Doctorate
Ap891971,200-80-7536,Larry Farrell,1972-08-16,Other,Married,Associate's Degree
Ap601157,766-61-8797,Louis Myers,2004-03-28,Other,Married,Doctorate
Ap284423,469-91-6112,Stephanie Rodriguez,2002-03-03,Other,Widowed,Associate's Degree
Ap616349,698-57-7198,John Chavez,1988-12-04,Male,Separated,High School Diploma
Ap803714,669-20-1490,Robert Fisher,1958-12-09,Other,Married,Some College
Ap757917,446-73-9008,Billy Jones,1950-09-28,Male,Separated,Bachelor's Degree
Ap924792,571-21-9377,Katherine Ford,2006-09-29,Female,Divorced,Doctorate
Ap837378,148-59-9094,Steven Berger Jr.,1959-11-10,Male,Separated,High School Diploma
Ap233272,242-01-5550,Nicole Harrington,1953-09-19,Male,Separated,Some College
Ap867836,157-96-4396,Nicole Harrison,1973-11-16,Male,Married,High School Diploma
Ap802335,027-94-9688,Troy Fisher,1958-01-03,Female,Single,Doctorate
Ap907789,536-37-7632,Michael Wood,1998-06-24,Male,Single,Associate's Degree
Ap743409,309-88-1473,Jeffrey Day,1955-04-26,Other,Divorced,Doctorate
Ap177505,093-08-9214,Derrick Hernandez,1959-04-24,Female,Widowed,Master's Degree
Ap102869,118-67-6384,Elizabeth Townsend,1999-05-02,Male,Divorced,High School Diploma
Ap881474,230-54-9252,Melissa Herrera,1974-06-19,Female,Widowed,Some College
Ap554351,463-12-3170,Melvin Martinez,1974-01-31,Male,Separated,Master's Degree
Ap412252,350-23-8379,Anthony Cox,1949-07-12,Male,Separated,Master's Degree
Ap736584,096-77-4453,Anthony Taylor,2000-03-26,Male,Divorced,Associate's Degree
Ap718467,889-87-3901,Randy Morgan,1965-09-22,Male,Single,High School Diploma
Ap190272,652-81-9258,Grace Carr,1978-02-14,Female,Separated,Associate's Degree
Ap138467,224-28-3713,Miguel Romero,1949-07-10,Female,Separated,Some College
Ap909760,567-25-9156,Cheryl Newman,1976-06-17,Female,Widowed,Some College
Ap977844,543-75-6148,Timothy Quinn,1969-04-22,Female,Separated,Doctorate
Ap580047,721-20-4165,Susan Thompson,1998-06-19,Other,Widowed,Bachelor's Degree
Ap759347,388-24-5519,Dwayne Richardson,1951-07-10,Male,Separated,Associate's Degree
Ap158871,454-59-5736,Lindsay Love,1978-02-25,Female,Divorced,Master's Degree
Ap228391,562-46-1418,Oscar Garcia,1951-09-13,Other,Divorced,Doctorate
Ap539430,298-28-0312,Dr. Stephanie Conway,1987-02-13,Male,Married,Associate's Degree
Ap710704,685-58-4746,Ralph Jacobs,2001-05-14,Female,Married,High School Diploma
Ap956703,597-24-2809,Christine Santiago,1968-03-30,Other,Widowed,Doctorate
Ap930496,016-50-9160,Shawn Hall,1977-06-08,Other,Widowed,Some College
Ap356687,368-55-5122,Jason Vance,1966-10-19,Other,Widowed,Bachelor's Degree
Ap825451,705-80-2146,John Rivers,2000-04-04,Female,Widowed,Doctorate
Ap207450,140-77-3929,Zachary Taylor PhD,1958-10-02,Male,Separated,High School Diploma
Ap271890,153-27-2590,Johnny Trujillo,1976-12-22,Other,Widowed,Associate's Degree
Ap538741,219-30-7156,Christina Michael,1985-09-26,Female,Divorced,Associate's Degree
Ap381974,065-07-6379,Chelsea Scott,1990-09-02,Other,Separated,High School Diploma
Ap500109,222-98-7444,Amber Schmidt,1963-02-21,Other,Married,Some College
Ap216381,703-08-7831,Steven Poole,1990-10-17,Other,Divorced,Bachelor's Degree
Ap573125,879-91-0753,Edwin Green III,1966-09-08,Other,Divorced,Doctorate
Ap671621,337-49-9284,Valerie Ayers,1998-03-22,Female,Divorced,Doctorate
Ap234508,428-17-8520,Deborah Lyons,1961-12-24,Other,Separated,Doctorate
Ap829650,716-44-7452,Shannon Jacobson,2001-04-16,Female,Married,Doctorate
Ap962645,779-69-7781,Thomas Vance,2001-10-27,Other,Divorced,Bachelor's Degree
Ap499111,511-01-4371,Charles Riley,1988-09-07,Male,Widowed,Doctorate
Ap250810,017-20-4249,Angela Mitchell,1955-11-09,Female,Divorced,Doctorate
Ap392890,492-04-9540,ANDREA JORDAN,1998-04-19,Other,Divorced,Bachelor's Degree
Ap673665,446-12-1742,Katie Terry,1982-06-19,Other,Widowed,Bachelor's Degree
Ap940477,228-21-2072,Taylor Ramos,1959-05-03,Other,Separated,Doctorate
Ap460032,874-46-7547,Mark Hill,1958-02-10,Other,Single,High School Diploma
Ap469599,261-37-3616,Shari Jackson,1973-10-18,Male,Widowed,Doctorate
Ap760960,474-15-2263,Ray Harrington,1953-06-26,Other,Separated,Associate's Degree
Ap850020,449-19-9311,Nicholas Smith,1979-07-30,Other,Separated,Bachelor's Degree
Ap979611,749-92-7347,Beth Salas,1996-05-10,Female,Divorced,High School Diploma
Ap271836,815-79-2438,Andrew Sandoval,1980-04-02,Male,Single,Associate's Degree
Ap829903,586-92-6515,Matthew Byrd,1955-01-30,Male,Single,High School Diploma
Ap145714,625-51-5908,Jonathan Clark,1952-07-03,Female,Single,Doctorate
Ap727234,341-43-5825,Zachary Thomas,1982-11-07,Female,Widowed,High School Diploma
Ap996048,298-57-0793,Kevin Cook,1965-02-23,Male,Widowed,Bachelor's Degree
Ap730271,172-77-3717,Christian Mosley,2006-02-11,Male,Separated,Doctorate
Ap566960,874-16-2840,Jane Fischer DVM,1963-08-13,Male,Married,Bachelor's Degree
Ap811851,886-08-5649,Justin Wong,1973-06-13,Other,Separated,Doctorate
Ap224123,367-90-5173,Nichole Miller,1959-04-19,Other,Single,High School Diploma
Ap405628,397-76-7038,Leah Smith,1979-07-11,Male,Divorced,Master's Degree
Ap182989,372-47-5193,Eric Mccoy MD,1952-12-03,Female,Single,Bachelor's Degree
Ap398356,098-56-5659,Robert Shea,1986-08-22,Male,Divorced,Some College
Ap929957,069-23-7975,Dana Silva,1983-03-27,Female,Separated,Bachelor's Degree
Ap278274,453-68-3514,Jonathan Daniel,1959-09-14,Male,Single,Some College
Ap787995,851-92-3905,Joe Hammond,2001-09-15,Other,Separated,High School Diploma
Ap425352,699-62-5748,Melissa Wilson,1995-03-14,Female,Divorced,Doctorate
Ap920260,852-43-5505,Steven Jones,1950-04-17,Male,Single,Bachelor's Degree
Ap511927,553-64-4306,Karen White,2002-10-04,Other,Widowed,High School Diploma
Ap889852,853-46-1553,Katrina Perez,1964-01-27,Other,Single,Bachelor's Degree
Ap983184,768-47-9477,Scott Foster,2005-11-13,Other,Single,Some College
Ap231373,480-43-4489,Eric Fitzpatrick,1971-02-06,Male,Single,Master's Degree
Ap538452,244-73-9337,Belinda Mack,1959-09-26,Female,Divorced,High School Diploma
Ap215294,003-39-6286,Christine Williams,2006-12-10,Female,Married,Associate's Degree
Ap559451,616-19-7890,Thomas Ryan,1981-08-14,Male,Widowed,Bachelor's Degree
Ap748307,790-53-3333,Mr. Jeffrey Burke,1975-09-10,Male,Divorced,Associate's Degree
Ap165726,315-77-6816,Peter Wagner,1988-05-16,Female,Divorced,Master's Degree
Ap241564,883-81-4914,Katie Moore,1996-06-02,Other,Married,Associate's Degree
Ap477812,450-26-1108,Dylan Delacruz,1963-05-30,Other,Divorced,Doctorate
Ap368246,596-02-6952,Stephanie Vincent,1988-10-04,Female,Widowed,Master's Degree
Ap805696,673-61-6302,Kristen Middleton,1998-07-15,Other,Married,Some College
Ap218015,412-96-4688,Timothy Tyler,1960-11-25,Other,Divorced,Bachelor's Degree
Ap840674,866-86-9804,Sally Arellano,1974-03-22,Other,Divorced,Some College
Ap354079,645-25-8468,Amber Elliott,1988-08-29,Other,Single,Doctorate
Ap650929,706-01-2447,Meredith Garcia,1985-03-21,Female,Widowed,Doctorate
Ap789944,006-83-0610,Lynn Wright,1962-06-28,Male,Married,Master's Degree
Ap788105,686-88-6832,Angelica Webb,1971-10-24,Male,Separated,Some College
Ap613758,379-08-0353,Mr. Rick Bennett,1957-06-04,Female,Single,High School Diploma
Ap465890,418-28-0045,Paul Rios,1983-03-17,Male,Widowed,High School Diploma
Ap545101,358-97-9433,Sharon Carlson,1965-12-18,Other,Divorced,Associate's Degree
Ap136631,722-56-0157,Michael Cooper,1955-05-21,Female,Widowed,Bachelor's Degree
Ap866577,450-91-0152,Krystal Sullivan,1973-06-03,Male,Divorced,Bachelor's Degree
Ap172991,018-92-7909,Heather Farmer,1984-07-27,Other,Divorced,Master's Degree
Ap104014,267-52-5365,Angel Williams,1953-04-19,Other,Widowed,Some College
Ap373237,773-47-0463,Jeffrey Lopez,2001-08-26,Other,Married,Some College
Ap118070,799-79-4141,Ashlee Li,1960-09-29,Other,Single,High School Diploma
Ap922209,466-12-1931,Justin Bryant,1967-12-27,Male,Single,Doctorate
Ap156958,565-90-6620,Jason Patton,1969-01-11,Female,Divorced,Associate's Degree
Ap182074,499-12-1118,George Knight,1987-04-06,Female,Married,Some College
Ap635017,449-54-4147,Douglas Schneider,1999-08-07,Female,Divorced,Doctorate
Ap855073,415-88-7469,Thomas Johnson,1949-07-13,Male,Divorced,Bachelor's Degree
Ap276089,116-44-1620,Rodney Griffith,1957-05-20,Male,Single,Bachelor's Degree
Ap297392,358-36-2057,Michael Wright,1978-02-12,Male,Single,Doctorate
Ap258823,161-44-7759,Whitney Myers,1965-08-14,Female,Divorced,Associate's Degree
Ap730152,134-84-2538,Logan Zimmerman,2005-10-04,Female,Married,Master's Degree
Ap493002,126-79-6422,Michael Joyce,1949-12-01,Other,Separated,Master's Degree
Ap833429,676-19-1757,Kristin Fritz,1981-08-11,Female,Separated,Master's Degree
Ap598863,876-79-3092,Allison Colon,1994-11-03,Male,Widowed,Doctorate
Ap467654,360-29-6740,Jennifer Campbell,2002-01-17,Male,Separated,Bachelor's Degree
Ap679036,566-29-0397,Kelsey Henry,2007-03-01,Female,Widowed,Master's Degree
Ap630089,553-96-5951,Eric Martin,1952-03-14,Male,Married,Doctorate
Ap250262,172-69-4364,Charles Dominguez,1982-12-20,Female,Divorced,Associate's Degree
Ap542905,848-63-9642,Michael Patterson,2002-12-21,Other,Widowed,Some College
Ap335362,075-77-6198,Jennifer Roberts,1957-07-12,Male,Separated,Some College
Ap544209,398-90-4324,Allen Martin,2004-09-20,Other,Divorced,Doctorate
Ap653880,053-79-4287,Jessica Smith,2000-03-20,Female,Divorced,Associate's Degree
Ap897079,470-76-1645,Brian Key,1991-02-04,Female,Married,Doctorate
Ap764076,506-57-2831,Monique Salinas,1974-01-10,Other,Widowed,Some College
Ap319963,823-12-5888,David Jones,1963-01-31,Female,Married,Associate's Degree
Ap580761,499-33-5453,Jordan Smith,1971-07-29,Male,Widowed,Doctorate
Ap348710,497-29-0976,Amy Edwards,1964-12-17,Male,Divorced,Some College
Ap320984,720-62-1025,Taylor Stewart,1990-02-12,Male,Single,Master's Degree
Ap997059,695-42-4762,Matthew Nelson,1975-06-09,Female,Widowed,Doctorate
Ap956748,062-87-1142,Kenneth Rodriguez,1994-07-20,Female,Married,Associate's Degree
Ap882355,450-54-1216,Dean Perez,1966-10-15,Other,Separated,Associate's Degree
Ap364512,098-94-4905,Brenda Acevedo,1976-02-05,Other,Separated,High School Diploma
Ap701863,776-04-8690,Michael White,1985-06-27,Other,Divorced,Bachelor's Degree
Ap368799,877-06-1788,Valerie Walker,1982-05-30,Male,Single,Some College
Ap337549,816-97-1222,Pamela Robinson,1950-04-12,Male,Single,Master's Degree
Ap694319,653-73-4710,Jennifer Davis,1953-12-20,Male,Widowed,Associate's Degree
Ap584299,706-09-6117,Joseph Freeman,1987-09-14,Other,Married,Doctorate
Ap712210,438-77-7970,Emily Phillips,1971-03-14,Other,Widowed,Bachelor's Degree
Ap548982,204-81-0265,Frank Banks,1991-05-05,Female,Separated,High School Diploma
Ap224046,851-70-1131,Isaac Reed,1957-01-27,Other,Divorced,Master's Degree
Ap506619,302-91-1709,Jose Martinez,1962-05-25,Female,Single,Doctorate
Ap132097,521-71-2561,Martha Ortega,1954-10-18,Female,Married,High School Diploma
Ap766326,589-19-8464,Kristin Johnson,1954-02-12,Other,Divorced,Doctorate
Ap749150,097-77-6003,Peter Lin,1979-01-09,Other,Divorced,Associate's Degree
Ap330229,480-99-9399,Justin Jennings,2006-04-26,Male,Divorced,Some College
Ap218834,599-43-5688,Heather Andrews,1984-11-17,Other,Single,Master's Degree
Ap193848,240-22-5921,Stacy Dalton,1968-06-11,Female,Married,Associate's Degree
Ap152921,484-28-3593,Nicholas Ellis,1975-04-25,Female,Widowed,Master's Degree
Ap805086,743-71-8006,Amanda Reynolds,1963-05-02,Other,Single,Bachelor's Degree
Ap750429,320-44-1822,Jessica Harvey,1984-05-02,Female,Divorced,High School Diploma
Ap805660,714-42-0702,Ryan Duncan,1999-01-17,Other,Widowed,Some College
Ap384821,124-94-8943,William Wright,1966-05-10,Other,Divorced,Master's Degree
Ap155609,345-33-1952,Monica Dodson,1989-09-25,Other,Widowed,Master's Degree
Ap327897,259-82-7978,Ryan Clements,1972-06-22,Other,Widowed,Master's Degree
Ap131024,037-03-5795,Dr. Patricia Campbell,1982-03-01,Female,Separated,Doctorate
Ap170313,773-42-8688,Anna Vasquez,1960-07-13,Other,Widowed,Some College
Ap489957,537-20-2947,Joseph Lopez,1957-06-27,Male,Separated,Bachelor's Degree
Ap284078,390-11-0928,Jack Fowler,1992-03-12,Female,Divorced,Bachelor's Degree
Ap457429,699-92-5024,Tiffany Davis,1976-11-28,Other,Married,Doctorate
Ap561243,896-87-4514,Andrea Sherman,1968-03-24,Male,Married,Some College
Ap213632,613-88-2825,Lydia Martin,1958-01-30,Other,Divorced,High School Diploma
Ap351451,344-93-7404,Thomas Smith,1990-08-08,Male,Married,High School Diploma
Ap103051,380-11-5025,Edward Duran,1993-05-24,Male,Widowed,Associate's Degree
Ap804107,103-60-2872,Kenneth Evans,1970-11-06,Female,Single,Associate's Degree
Ap476836,464-79-4658,Bruce Murphy,1969-09-28,Other,Married,Bachelor's Degree
Ap711523,779-49-5432,Kaitlyn Hughes,1974-03-16,Male,Married,Master's Degree
Ap821772,873-58-1667,Mrs. Debra Sullivan,1949-11-20,Other,Single,Some College
Ap289407,158-03-6716,Kendra Kelly,1950-03-12,Other,Separated,Doctorate
Ap549395,027-85-1893,Antonio Pacheco,1985-10-28,Other,Separated,High School Diploma
Ap562894,784-81-6845,David Robinson,1978-11-15,Male,Widowed,Master's Degree
Ap311810,631-80-0615,Caroline Monroe,1972-06-08,Male,Divorced,Bachelor's Degree
Ap827975,676-70-0857,Heidi Mccarthy,1960-07-13,Female,Widowed,Doctorate
Ap173523,667-88-6527,Brianna Lynch,2000-08-31,Female,Single,Master's Degree
Ap860463,189-78-1546,Jack Martin DDS,1993-09-04,Female,Separated,Some College
Ap194476,376-36-2260,Ashley Boyd,1959-11-17,Female,Separated,Some College
Ap333841,031-53-1344,Shaun Brown,1987-06-08,Male,Single,Master's Degree
Ap903451,053-66-4890,Jason Murray,1976-03-03,Other,Divorced,Doctorate
Ap970045,253-16-2768,Jeffrey Vargas,1966-08-09,Male,Divorced,High School Diploma
Ap322866,582-11-1026,Christopher Barr,1956-09-25,Other,Widowed,Some College
Ap186672,703-59-2885,Colton Glover,1999-05-13,Male,Married,High School Diploma
Ap698135,709-28-2239,Bryan Phillips,1982-12-20,Female,Separated,High School Diploma
Ap444894,886-87-1245,James Harris,2001-10-24,Male,Widowed,High School Diploma
Ap834994,138-68-7031,Tanya Brown,1978-06-28,Female,Divorced,Bachelor's Degree
Ap128251,537-52-9828,Joshua Lucas,1977-06-28,Other,Divorced,Bachelor's Degree
Ap727769,050-98-8624,Robert Salazar,2003-04-26,Male,Separated,Master's Degree
Ap474710,504-11-5525,Mitchell Mcguire,1962-07-04,Other,Widowed,Master's Degree
Ap650233,091-34-2705,Marco Vega,1989-12-10,Female,Separated,Some College
Ap977284,741-37-2669,James Strong,1989-04-03,Other,Divorced,Doctorate
Ap132217,574-23-8391,Kelly Hudson,2004-09-29,Other,Widowed,High School Diploma
Ap108308,126-13-7161,Cindy Davis,1969-05-24,Female,Divorced,Some College
Ap368093,115-14-6147,Jonathan Jackson,1965-12-10,Other,Separated,Bachelor's Degree
Ap283062,396-80-4500,Travis Medina,1967-05-27,Male,Widowed,High School Diploma
Ap494366,250-87-2895,Samuel King,1960-11-07,Female,Married,High School Diploma
Ap844840,513-13-9569,Judith Edwards,1965-03-25,Male,Single,Bachelor's Degree
Ap200235,513-79-0763,Amber Woods,1971-02-16,Female,Single,Bachelor's Degree
Ap174740,857-18-2014,Jonathan Horton,1991-05-16,Other,Divorced,Associate's Degree
Ap478496,476-98-5722,Danielle King,1964-10-05,Other,Married,Some College
Ap953049,230-23-1777,Donald Williams,1966-07-17,Other,Widowed,Some College
Ap850201,555-72-5594,Troy Rollins,1959-01-20,Other,Separated,Associate's Degree
Ap903328,411-23-1780,Larry Cole,2005-11-24,Male,Widowed,Bachelor's Degree
Ap277247,149-59-0895,Monique Gomez,1994-05-22,Other,Married,Some College
Ap763165,684-40-2800,Jordan Sanchez,1984-07-24,Male,Widowed,Master's Degree
Ap629525,267-50-2528,Heather Rivera,1965-04-29,Female,Divorced,Bachelor's Degree
Ap120056,485-93-5033,Renee Nguyen,2004-12-21,Other,Divorced,High School Diploma
Ap276615,229-36-1567,Chase Williams,1990-06-11,Male,Divorced,Some College
Ap287628,332-38-7510,Matthew Case,1957-11-23,Male,Separated,Doctorate
Ap738836,893-20-1444,Theresa Moore,1976-08-02,Female,Married,Some College
Ap473632,592-78-9884,Seth Meyer,1959-08-20,Female,Divorced,Some College
Ap234415,492-27-7177,Robert Delgado,1951-06-09,Female,Widowed,Master's Degree
Ap506716,238-47-9257,Lisa Palmer,1973-12-27,Other,Married,High School Diploma
Ap546438,517-38-0697,Matthew Carr,1986-11-15,Male,Separated,Bachelor's Degree
Ap653663,569-44-4608,Bradley Jones,1981-08-20,Other,Married,Bachelor's Degree
Ap765022,192-89-6131,Shawn Harrington,1988-08-09,Other,Married,Some College
Ap641252,056-74-9783,Joseph Myers,1996-01-13,Female,Separated,Associate's Degree
Ap737717,126-54-8425,Michelle Thomas,1965-06-12,Male,Divorced,Some College
Ap352764,416-14-0155,Mrs. Stephanie Strong,1971-07-05,Male,Widowed,Some College
Ap814998,297-63-5119,Cassandra Nolan,1949-06-03,Female,Widowed,Master's Degree
Ap566882,883-29-3916,Melissa Cantu,2006-08-24,Female,Divorced,Associate's Degree
Ap840427,413-70-4644,David Smith,2003-12-07,Other,Divorced,High School Diploma
Ap612153,598-37-6093,Melissa Gutierrez,1996-12-04,Other,Divorced,High School Diploma
Ap167215,321-75-2436,Elizabeth Young,1949-10-19,Female,Divorced,Associate's Degree
Ap955474,585-80-5846,Terrence Watson,1950-07-28,Male,Widowed,Associate's Degree
Ap244356,372-74-2678,Dawn Jackson,1953-04-06,Other,Divorced,Bachelor's Degree
Ap303861,496-27-5988,Julie Phillips,1974-01-01,Female,Separated,High School Diploma
Ap455612,355-55-9127,Summer Nelson,1952-04-23,Male,Married,High School Diploma
Ap554605,790-08-1747,Russell Cannon,1970-09-03,Other,Single,High School Diploma
Ap109435,695-06-8382,Lynn Adams,1985-05-12,Male,Separated,High School Diploma
Ap547556,534-38-1479,Andrew Taylor,1959-10-04,Other,Divorced,Some College
Ap799438,293-28-5178,Lisa Foster,1970-06-10,Male,Married,Associate's Degree
Ap965264,012-79-7135,Franklin Warner,1995-11-24,Male,Divorced,Some College
Ap675581,279-29-9984,Gregory Kirk,1989-11-17,Female,Widowed,Bachelor's Degree
Ap178781,499-86-3614,Melissa Wolfe,1979-11-14,Other,Divorced,Master's Degree
Ap291475,085-78-1914,Candace Green,1965-09-30,Female,Widowed,Master's Degree
Ap260196,054-61-8838,Jennifer Horn,2006-04-25,Female,Single,Some College
Ap326507,333-40-6631,Anna Walker,1997-07-25,Female,Widowed,Associate's Degree
Ap406063,648-92-6628,Laurie Miller,1983-05-04,Other,Married,Bachelor's Degree
Ap864121,740-73-9250,James Rivera,1956-09-20,Female,Separated,Bachelor's Degree
Ap876665,659-63-5886,Scott Harper,1967-04-11,Female,Widowed,Master's Degree
Ap790607,253-18-5940,Alexander Watson,1976-10-26,Female,Separated,Some College
Ap221172,310-23-2311,James Olson,1958-10-23,Male,Separated,High School Diploma
Ap456902,500-10-3421,Patrick Price,1981-07-28,Female,Divorced,High School Diploma
Ap584963,388-65-8254,Vanessa Lynch,1958-12-13,Other,Divorced,Some College
Ap555968,889-27-8453,Jamie Castillo,1973-05-05,Other,Separated,High School Diploma
Ap418717,869-15-3635,Brianna Gonzalez,1985-10-13,Other,Married,Associate's Degree
Ap159101,601-33-1871,Candice Garrett,1974-05-07,Other,Divorced,Some College
Ap595972,107-94-2598,Kenneth Miller,1958-10-03,Other,Single,Doctorate
Ap388790,092-44-0879,Brenda Mullen,1977-03-24,Female,Married,High School Diploma
Ap990617,366-87-7079,Alan Smith,1970-11-26,Male,Separated,Associate's Degree
Ap647337,030-58-0456,Tanya Bishop,1999-08-11,Male,Married,High School Diploma
Ap834965,840-09-0807,Dr. James Turner,1988-03-30,Female,Widowed,Some College
Ap460260,407-10-6231,Brianna Mathews,1973-07-03,Male,Divorced,Doctorate
Ap983811,385-51-0741,Gary Mccarthy,1998-04-03,Female,Married,Master's Degree
Ap692673,335-53-3142,Brandy Hull,2001-08-08,Female,Divorced,High School Diploma
Ap750419,188-31-2163,Rachel Silva,1957-07-01,Other,Widowed,Associate's Degree
Ap533374,619-85-0058,Lisa Hancock,1996-12-01,Male,Widowed,Doctorate
Ap820777,084-23-1662,Amanda Porter,1966-01-07,Female,Widowed,Associate's Degree
Ap647577,467-99-5978,Samantha Lindsey,1972-01-04,Male,Widowed,Bachelor's Degree
Ap472370,733-14-1008,Brian Hill,1955-07-20,Other,Separated,High School Diploma
Ap987225,382-92-9205,JOY DAVIS,1987-10-10,Male,Married,Associate's Degree
Ap371967,255-89-1438,Carl Glenn,1953-08-27,Male,Widowed,Associate's Degree
Ap291232,850-47-0089,Carol Atkinson,1965-12-28,Male,Married,Associate's Degree
Ap404119,837-53-3779,Jenna Dennis,1978-02-04,Other,Single,Associate's Degree
Ap109540,426-01-3994,Sara Martinez,1955-01-21,Other,Divorced,High School Diploma
Ap640652,866-91-8871,Jamie Chang,1969-07-22,Male,Married,Bachelor's Degree
Ap497827,237-35-6050,Jessica Reyes,1998-05-04,Female,Divorced,Associate's Degree
Ap651951,092-17-2459,Isaiah Chavez,1954-10-19,Other,Divorced,Some College
Ap151991,456-69-1797,William Fox,1972-10-22,Male,Single,Master's Degree
Ap288751,165-43-0155,Andrew Hughes,1973-09-24,Other,Married,High School Diploma
Ap466326,049-67-2036,Eric White,1989-05-04,Other,Single,Doctorate
Ap786337,039-62-0694,Meagan Orr,1989-06-30,Male,Separated,High School Diploma
Ap718992,892-08-0213,David Adams,1966-08-24,Other,Widowed,Bachelor's Degree
Ap149115,119-76-2230,Kimberly Cox,1989-07-17,Other,Widowed,Some College
Ap453151,632-33-9701,Paula Swanson,1950-10-11,Other,Separated,Doctorate
Ap843583,558-62-0358,Patricia Henry,1964-01-16,Female,Single,Associate's Degree
Ap291962,136-95-4836,Emily Martin,1966-01-26,Other,Single,Some College
Ap821747,846-52-4890,Stephanie Burnett,1950-12-28,Other,Divorced,Some College
Ap249143,887-66-7073,Grant Horn,2004-06-05,Male,Single,Some College
Ap814635,596-92-3835,Ashley Combs,1995-03-18,Other,Married,Associate's Degree
Ap636226,305-51-6772,Robert Williams,1961-11-19,Other,Single,Bachelor's Degree
Ap453824,663-02-5994,Angela Martin,1969-09-10,Female,Separated,High School Diploma
Ap104000,076-18-2760,Jesse Roberts,1949-07-25,Other,Widowed,Some College
Ap825948,575-92-8220,Richard Peterson,1968-09-25,Female,Single,Master's Degree
Ap987474,478-87-8459,Madeline Jones,1961-12-05,Other,Separated,Bachelor's Degree
Ap455754,093-78-9358,Jesse Wyatt,1965-12-07,Female,Married,Associate's Degree
Ap351492,797-88-6097,Pamela Ward,1993-03-20,Other,Separated,Some College
Ap990123,438-28-8323,Victoria Baker,2006-10-30,Other,Married,Doctorate
Ap599522,529-91-3827,Jean Prince,1990-11-27,Female,Married,Doctorate
Ap591072,148-13-1107,Julie Hernandez,1960-07-18,Female,Single,Master's Degree
Ap138304,002-88-9706,Thomas Ryan,1975-08-17,Other,Widowed,Master's Degree
Ap604999,046-64-4220,William Gomez,1995-05-15,Other,Single,Some College
Ap431593,683-82-1030,Christopher Adams,1966-12-11,Other,Married,Bachelor's Degree
Ap707274,739-75-6586,Raymond Russell,1984-04-30,Female,Married,Some College
Ap251836,232-86-1933,Justin Black,1958-01-16,Male,Married,Associate's Degree
Ap208940,168-08-1271,Deborah Taylor,1988-04-23,Male,Divorced,Bachelor's Degree
Ap924926,721-23-9557,Destiny Macias,1950-02-03,Other,Single,Associate's Degree
Ap365517,474-51-7696,Brittany Cobb,1983-04-01,Other,Single,Associate's Degree
Ap767521,812-23-5472,Amy Morris,1969-11-25,Other,Widowed,Associate's Degree
Ap721820,321-84-6771,PETER CHAPMAN,1977-07-14,Male,Single,Bachelor's Degree
Ap979090,769-11-1444,Jeremy Tucker,1996-06-07,Other,Separated,Master's Degree
Ap485777,011-73-8659,Peter Wallace,1955-08-21,Male,Divorced,High School Diploma
Ap724674,869-21-8832,Melissa Hebert,2006-09-04,Other,Separated,Master's Degree
Ap651638,222-35-4172,Jacob Villegas,1978-05-13,Female,Married,Master's Degree
Ap717296,842-99-9355,Adam Jimenez,1951-05-25,Female,Divorced,Some College
Ap980729,702-10-2361,Curtis Henderson,1977-12-03,Female,Separated,Doctorate
Ap649639,111-65-6340,Norman Johnson,1961-03-05,Other,Widowed,High School Diploma
Ap712956,875-32-1798,Mark Howard,1968-12-03,Female,Separated,Bachelor's Degree
Ap738873,419-78-4077,Matthew Decker,1956-10-18,Other,Single,Bachelor's Degree
Ap437497,863-80-4879,Janet Reeves,1980-09-05,Other,Widowed,Associate's Degree
Ap307869,688-51-2270,Emily Burns,1998-12-06,Other,Widowed,High School Diploma
Ap165953,139-97-2757,Cole Hayes,1981-12-28,Other,Single,Associate's Degree
Ap943890,849-98-3831,Christopher Nichols III,1968-05-27,Male,Widowed,Bachelor's Degree
Ap600328,334-76-8172,Julie Williams,1996-04-21,Other,Married,Doctorate
Ap906790,101-09-9843,Michael Smith,2000-07-31,Male,Married,Some College
Ap103267,322-16-3186,Javier Alvarez,1953-09-13,Other,Married,Bachelor's Degree
Ap182745,588-76-3398,Alexander Lewis,1954-01-22,Female,Married,Some College
Ap976020,166-43-3589,Ian Fry,1956-04-02,Male,Separated,Some College
Ap924945,003-65-6641,Darrell Anderson,1997-02-18,Female,Married,Doctorate
Ap257164,338-72-6429,Brian Roman,1998-05-28,Female,Divorced,Some College
Ap635626,295-91-7888,Scott Garcia,1975-11-15,Other,Separated,Master's Degree
Ap231484,426-82-3775,Whitney Hernandez,1953-03-02,Male,Divorced,Associate's Degree
Ap631831,850-40-2938,George Johnson,1974-04-05,Other,Widowed,Master's Degree
Ap992323,016-34-4417,Amy Smith,2007-01-23,Female,Separated,Master's Degree
Ap160692,791-58-3366,Kayla Gould,1979-12-12,Male,Single,High School Diploma
Ap320156,284-20-0654,Jennifer Brown,1971-06-30,Female,Married,Master's Degree
Ap323992,833-21-5675,Wendy Sanchez,1996-02-03,Female,Widowed,Master's Degree
Ap616771,766-94-3119,Jack Sanchez,1967-12-19,Female,Single,Bachelor's Degree
Ap930857,599-10-3419,Danny Thomas,1958-02-19,Other,Single,High School Diploma
Ap663044,823-99-3523,Jessica Walker,1994-03-12,Male,Widowed,High School Diploma
Ap643176,754-71-4638,Benjamin Cunningham,1985-05-08,Other,Widowed,Bachelor's Degree
Ap791095,876-48-1856,Dennis Melendez,1972-11-06,Male,Separated,Some College
Ap933727,276-84-0359,David Burgess,1975-11-17,Female,Single,Master's Degree
Ap214352,339-87-0099,Chelsea Smith,1997-09-03,Other,Married,Bachelor's Degree
Ap969474,575-17-3291,Daniel Murphy,1987-03-05,Male,Married,Doctorate
Ap185999,138-99-1780,Suzanne Howell,1969-01-11,Male,Married,High School Diploma
Ap117955,067-35-9349,Jenny Brooks,1987-10-25,Male,Divorced,Doctorate
Ap924273,375-56-8681,Andrew Thompson,1976-10-29,Other,Married,Associate's Degree
Ap170640,884-05-6125,Rhonda Jackson,2003-03-02,Female,Divorced,High School Diploma
Ap296582,674-42-2555,Crystal Potts,1987-02-25,Other,Divorced,Associate's Degree
Ap844086,538-60-3122,Mr. Matthew Nelson DDS,1958-07-02,Other,Separated,Doctorate
Ap500573,024-72-2964,Brenda Stephens,1994-08-12,Male,Widowed,Some College
Ap525695,804-09-3484,Andrew Massey,1960-10-20,Female,Single,Some College
Ap161476,606-70-1818,Kristen Barker,1987-06-14,Male,Separated,Master's Degree
Ap406955,489-96-8572,Benjamin Harding,1959-12-22,Male,Widowed,Master's Degree
Ap267280,763-64-4736,Jennifer Cortez,1953-05-31,Male,Married,Doctorate
Ap775510,178-78-3137,Margaret Ramirez,1998-12-12,Other,Divorced,Associate's Degree
Ap695468,764-77-2163,Alexandria Mejia,1998-09-12,Female,Widowed,Associate's Degree
Ap798646,624-62-6207,John Dawson,1963-12-15,Female,Divorced,High School Diploma
Ap737144,136-55-6906,Adam Bender,2001-07-15,Male,Married,Doctorate
Ap954882,773-03-2228,Brent Luna,1973-09-18,Other,Separated,High School Diploma
Ap514568,702-33-0901,Jimmy Young,1960-10-28,Other,Married,High School Diploma
Ap286141,873-76-5141,Amanda Bray,1987-11-30,Other,Single,Master's Degree
Ap998320,519-32-2962,Kelly Newton,1974-08-26,Other,Separated,Bachelor's Degree
Ap734736,824-10-8703,Julia Nolan,1954-12-20,Other,Widowed,Some College
Ap638685,547-31-4670,William Davis,1974-04-27,Male,Widowed,Associate's Degree
Ap278031,272-26-5068,Lisa Shields,1997-02-07,Male,Single,Some College
Ap219180,261-38-2064,Chase Rodriguez,1950-11-13,Male,Single,Associate's Degree
Ap166234,410-65-0246,Stacey Smith,1960-06-21,Other,Divorced,Doctorate
Ap664242,153-82-9592,Ryan Carter DVM,1952-01-13,Male,Widowed,Bachelor's Degree
Ap278352,165-98-0951,Dr. Lindsay Cowan,1978-08-30,Female,Married,Some College
Ap179459,188-90-3636,Michelle Navarro,1967-11-12,Female,Single,Doctorate
Ap509995,177-05-3867,Joseph Foley,2003-01-28,Male,Divorced,Doctorate
Ap295004,346-64-4387,Matthew Hartman,2004-04-08,Other,Divorced,Master's Degree
Ap566152,754-44-5601,Rebecca Jackson,1952-09-14,Male,Separated,Some College
Ap825256,525-02-7069,Jenny Fletcher,1991-10-07,Male,Widowed,Associate's Degree
Ap159163,756-66-8336,Jesse Singh,1949-08-07,Male,Separated,Doctorate
Ap575853,684-99-7835,Dustin Smith Jr.,1959-07-21,Other,Separated,High School Diploma
Ap151934,590-10-3713,Mr. Andre Martin,1985-08-17,Male,Single,Associate's Degree
Ap820255,862-66-1475,Dana Lucas,1953-10-18,Other,Separated,Doctorate
Ap525523,127-99-1832,Melvin Li,1979-11-04,Female,Divorced,Master's Degree
Ap940530,761-93-6191,Brandi Mendez,1965-03-30,Male,Married,Associate's Degree
Ap554137,896-04-0252,Misty Ford,2006-04-29,Other,Single,Some College
Ap105486,840-80-6090,Charles Martinez,1976-07-02,Other,Single,Bachelor's Degree
Ap239407,675-85-7069,Jeff Romero,1982-10-29,Female,Divorced,Associate's Degree
Ap973332,565-22-7884,Kaylee Moreno,1964-06-06,Female,Separated,Doctorate
Ap750308,667-51-0968,Jacob Rasmussen,1991-07-04,Male,Married,Master's Degree
Ap727083,263-55-8499,Jennifer Miller,1979-03-24,Male,Separated,Associate's Degree
Ap320184,558-90-6202,Christina Rose,2002-09-13,Male,Divorced,High School Diploma
Ap766490,431-61-6308,Jordan Diaz,1995-11-15,Female,Single,Associate's Degree
Ap449652,869-33-7317,Matthew Reed,1992-01-05,Female,Divorced,Master's Degree
Ap861315,570-27-4308,Tanya Davis,1980-09-24,Other,Widowed,Master's Degree
Ap742612,086-74-4297,Melissa Williams,2003-12-23,Male,Separated,Bachelor's Degree
Ap422710,120-56-3917,Mark Bell,1997-04-27,Other,Married,Some College
Ap297775,617-84-6628,Barbara Oneill,1975-09-11,Female,Divorced,Associate's Degree
Ap389336,727-55-2256,Henry Garrett,1954-01-16,Other,Divorced,Doctorate
Ap887494,853-18-0426,Chad Clark,1998-05-18,Other,Separated,Some College
Ap708364,006-82-1107,Bob Harrison,1994-01-02,Other,Married,Associate's Degree
Ap189780,091-26-0686,Jonathan Mitchell Jr.,2004-07-19,Female,Widowed,Some College
Ap252617,485-22-6647,Kaylee Cervantes,2002-07-17,Male,Single,Associate's Degree
Ap645977,790-38-1548,Valerie Sanchez,1989-01-28,Other,Divorced,Master's Degree
Ap897606,028-32-0469,Rachel Davenport,1989-11-12,Male,Married,Doctorate
Ap450605,498-76-7058,Marilyn Walker,1960-04-11,Male,Separated,Some College
Ap989465,611-38-0094,Randy Diaz,1974-08-13,Male,Married,Associate's Degree
Ap633636,175-12-3453,Patricia Robertson,1972-05-04,Other,Married,Some College
Ap138102,249-10-9912,Rachel Green,1983-07-17,Male,Separated,Associate's Degree
Ap174460,662-68-6995,Brittney Thornton,1957-03-22,Female,Married,Doctorate
Ap464778,005-44-0965,Nancy King,1996-07-01,Female,Separated,Doctorate
Ap189930,770-10-2416,Julia Stanton,1992-08-30,Other,Married,High School Diploma
Ap631089,019-21-5558,Jacob Wells,1974-11-05,Other,Widowed,Associate's Degree
Ap727438,847-47-9018,Eric Todd,1959-12-24,Male,Married,Some College
Ap827627,211-53-0192,Joseph Fox,1956-08-10,Other,Separated,Associate's Degree
Ap279208,440-24-0945,Lance Rivers,1978-04-24,Male,Divorced,Some College
Ap254697,598-18-6875,Justin Smith,1993-05-30,Other,Married,High School Diploma
Ap313945,260-99-4491,Becky Ford,1954-12-12,Female,Widowed,Bachelor's Degree
Ap331915,368-96-0733,Richard Briggs,1962-04-06,Female,Widowed,Doctorate
Ap827952,344-13-5725,Pam Small,2002-08-21,Female,Widowed,Master's Degree
Ap308124,008-21-7033,Jennifer Mcintosh,1989-02-26,Male,Single,Some College
Ap537477,021-22-1293,Amber Hansen,1960-11-15,Other,Widowed,Bachelor's Degree
Ap625830,109-43-2737,Steven Ramirez,1988-08-03,Female,Divorced,High School Diploma
Ap383821,816-52-0555,Andre Robertson,1962-05-21,Other,Single,Bachelor's Degree
Ap277804,420-08-1333,Justin Daniel,1975-09-18,Other,Separated,Associate's Degree
Ap805703,291-55-8343,Lucas Ross,1994-11-01,Other,Divorced,Bachelor's Degree
Ap139081,698-28-3710,Travis Morse,1960-03-02,Female,Separated,High School Diploma
Ap818216,176-36-8422,Charles Larson,1982-06-25,Other,Married,Doctorate
Ap455249,403-59-8098,Richard Hart,1981-04-09,Male,Single,Bachelor's Degree
Ap319930,205-34-9257,Joshua Jordan,1953-04-18,Other,Single,Associate's Degree
Ap905497,166-95-3301,Stacy Holmes,1971-11-25,Other,Separated,Doctorate
Ap617313,159-91-2467,Jason Powell,1954-08-06,Male,Widowed,Some College
Ap314532,383-47-2378,Kaitlin Thompson,1975-06-25,Male,Single,Some College
Ap712380,534-37-9937,Juan Brown,1965-02-19,Male,Divorced,Bachelor's Degree
Ap619332,584-19-2082,Clayton Carr,2006-12-28,Male,Single,Doctorate
Ap416837,266-50-3899,John Watts,1980-01-10,Female,Married,Master's Degree
Ap389106,419-24-9055,Cheryl Tucker,2006-12-30,Male,Divorced,Some College
Ap128295,629-97-7790,Deborah Murphy,1950-11-09,Other,Divorced,High School Diploma
Ap113807,734-12-1880,Hannah Walker,1961-06-16,Female,Divorced,Master's Degree
Ap535564,006-37-0884,Gina Salazar,1975-02-02,Male,Widowed,Doctorate
Ap257504,609-18-1161,Scott Reed,2001-11-06,Other,Married,Master's Degree
Ap338067,234-03-0156,Richard Nguyen,1986-01-14,Other,Separated,Some College
Ap585008,041-10-0946,ROBERT DAWSON,1965-02-28,Male,Married,High School Diploma
Ap792440,688-91-7802,April Hampton,1959-03-26,Male,Widowed,Associate's Degree
Ap494540,722-31-5422,Vincent Ryan,1997-04-16,Other,Separated,Associate's Degree
Ap977699,564-62-1910,Cynthia Arnold,1991-09-18,Male,Married,Some College
Ap617923,379-49-3563,Erika Leach,1957-01-06,Other,Married,Bachelor's Degree
Ap266981,769-01-2767,Jose Mcpherson,2000-07-07,Male,Married,High School Diploma
Ap844699,810-62-6880,Alexander Davis,1964-03-26,Other,Separated,Doctorate
Ap119870,707-64-3089,Angela Brown,1996-06-16,Other,Divorced,Master's Degree
Ap303196,726-93-9294,Robert Brown,1960-03-16,Other,Separated,Bachelor's Degree
Ap348683,089-03-1765,Andrea Gonzalez,1986-10-27,Other,Married,High School Diploma
Ap334677,627-85-4342,James Anderson,1987-06-08,Male,Widowed,Bachelor's Degree
Ap126790,271-12-2992,Tyler May,1959-11-25,Other,Married,Associate's Degree
Ap743162,523-39-3872,Jeffrey Harrison,1975-07-11,Other,Divorced,Doctorate
Ap911721,633-66-5182,Ashley Thompson,1962-09-27,Female,Widowed,Some College
Ap548345,594-91-1603,Lisa Brooks,1957-12-27,Other,Divorced,High School Diploma
Ap849074,461-97-5161,Lori Berry,1959-04-13,Other,Married,Bachelor's Degree
Ap587462,348-15-3325,Lauren Wells,2002-09-26,Male,Single,Associate's Degree
Ap639773,751-48-4001,Hannah Mata,2002-10-28,Male,Divorced,Doctorate
Ap930914,643-28-2957,Bryan Gardner,1996-02-09,Female,Single,High School Diploma
Ap186188,353-94-7485,Gregory Collins,1964-04-18,Other,Widowed,Bachelor's Degree
Ap629036,444-60-3574,Claudia Crawford,1955-07-14,Male,Single,High School Diploma
Ap842129,867-27-2249,Kelly Taylor,1983-12-02,Male,Single,Associate's Degree
Ap764795,092-02-1617,Kimberly Wilson,1960-08-08,Female,Widowed,Associate's Degree
Ap890141,613-14-0605,Margaret Paul,1994-09-25,Other,Single,Doctorate
Ap748249,381-51-6712,Mitchell Donovan,1965-04-12,Female,Single,Master's Degree
Ap130355,664-56-0402,David Hernandez,1969-12-04,Male,Married,Some College
Ap811131,304-72-6684,Zachary Kelly,1983-05-22,Female,Married,Master's Degree
Ap551015,466-09-6496,Madeline Sullivan MD,2000-09-21,Other,Widowed,Doctorate
Ap506332,749-21-1800,Donald Washington,1983-03-22,Male,Widowed,Doctorate
Ap256542,460-28-5255,Kelli Nichols,1982-10-24,Female,Separated,Master's Degree
Ap273416,800-82-2181,Gerald Robertson,2005-11-23,Male,Separated,High School Diploma
Ap405062,236-80-2204,Scott Trujillo,2006-10-18,Male,Married,Master's Degree
Ap938656,637-13-4592,Beth Carter,2003-02-03,Female,Separated,High School Diploma
Ap663586,863-77-2532,Cole Curry,1996-09-27,Other,Single,Some College
Ap601708,347-39-5119,Leslie Woods,1955-04-18,Male,Widowed,Associate's Degree
Ap966651,239-93-3096,Ronald Sparks,1978-08-07,Female,Widowed,Some College
Ap161629,470-21-6017,Willie Daniels,2003-01-27,Female,Married,High School Diploma
Ap428184,117-48-7629,Courtney Perry,1999-04-07,Female,Widowed,Master's Degree
Ap592734,100-20-0968,Dr. Jessica Reyes,1972-10-29,Other,Separated,Associate's Degree
Ap855195,698-05-3924,Jessica Shelton,1988-11-30,Male,Separated,Doctorate
Ap390160,589-82-2876,Jeanette Horn,1968-01-27,Female,Single,Bachelor's Degree
Ap648248,749-65-4908,Brandi Foster,1974-06-09,Female,Separated,Doctorate
Ap920023,759-14-9521,Sarah Wallace,2000-07-05,Other,Widowed,Master's Degree
Ap313920,299-89-4484,Lisa Randall,1956-10-05,Female,Married,High School Diploma
Ap989765,843-73-7174,Kelly Wilson,1987-11-15,Female,Separated,Doctorate
Ap342804,624-07-8247,James Beck,1957-06-26,Other,Divorced,Some College
Ap476965,549-30-8926,Mary Boyd,1974-04-07,Female,Separated,Doctorate
Ap560857,694-02-4838,Mr. Brian Smith,1972-04-17,Female,Married,Master's Degree
Ap922827,876-43-8790,Omar Allen,1975-02-19,Male,Divorced,Associate's Degree
Ap604492,893-97-8288,Christopher Moore,1952-01-14,Male,Widowed,High School Diploma
Ap753983,239-90-6301,Stacey Logan,1983-12-27,Other,Separated,Bachelor's Degree
Ap515916,059-97-0523,Michael Jackson,1955-01-29,Male,Divorced,Some College
Ap921052,092-16-1495,Teresa Gregory,1999-02-20,Other,Separated,Bachelor's Degree
Ap858574,252-21-8044,Mrs. Susan Byrd MD,1986-11-12,Female,Divorced,Bachelor's Degree
Ap228148,265-87-7602,Jason Hall,1991-12-04,Other,Single,Master's Degree
Ap906991,836-60-3890,Jonathan Chavez,1952-10-04,Male,Married,Some College
Ap586261,741-88-5471,Mrs. Lisa Benton,2001-01-04,Male,Divorced,Bachelor's Degree
Ap455540,096-27-0474,Andrew Williams,1949-04-27,Other,Divorced,Some College
Ap292714,410-89-3027,Michael Armstrong,1992-08-28,Other,Divorced,Some College
Ap831899,430-09-1845,Felicia Knox,1949-09-17,Other,Widowed,Doctorate
Ap383876,849-10-5016,Paul Johnson,1975-12-02,Female,Separated,Some College
Ap359747,467-07-0611,Tony Ramirez,1994-10-28,Male,Married,High School Diploma
Ap715650,550-59-3881,Jennifer Robinson,1985-05-27,Other,Widowed,Bachelor's Degree
Ap523570,095-44-9234,Richard Clements,1974-07-21,Female,Married,Some College
Ap375987,447-29-5434,William Mercado,1951-12-23,Other,Widowed,Associate's Degree
Ap738353,491-04-1633,Carol Cantrell,1952-09-16,Male,Separated,High School Diploma
Ap958158,767-49-9329,Cynthia Perez,1951-01-11,Female,Divorced,Associate's Degree
Ap117640,758-90-4294,Corey Dean,1990-07-03,Male,Single,High School Diploma
Ap152528,268-28-3325,Christian Reeves,2003-01-29,Male,Separated,Master's Degree
Ap924845,009-38-3410,Brian Woodward,1969-03-22,Male,Widowed,Associate's Degree
Ap359214,269-55-3315,Heather Harrell,1995-09-11,Other,Widowed,High School Diploma
Ap939070,623-55-1260,Kevin Burton,1964-05-02,Male,Divorced,Associate's Degree
Ap601108,712-77-3845,James Doyle,1962-02-28,Other,Widowed,Doctorate
Ap734421,704-56-7867,Eric Johnson,2005-10-19,Female,Married,Doctorate
Ap468501,170-89-0352,Michelle Williams,1976-11-10,Male,Single,Associate's Degree
Ap824226,322-24-3585,Monique Wilson,1986-02-09,Male,Widowed,Some College
Ap250159,139-50-6797,Brenda Clark,1989-01-30,Male,Married,Bachelor's Degree
Ap272502,394-27-0357,Laura Strickland,1962-12-20,Other,Single,Master's Degree
Ap255576,100-68-5855,Richard Lopez,1951-08-12,Other,Widowed,Bachelor's Degree
Ap965291,409-13-3957,Lisa Howard,1949-06-06,Male,Single,Some College
Ap986089,077-22-1350,Joshua Archer,2005-01-01,Male,Separated,Bachelor's Degree
Ap111023,562-92-3866,Christina Anderson,1985-10-12,Other,Married,Master's Degree
Ap645735,223-76-7732,Lynn Moore,1971-08-25,Other,Divorced,Associate's Degree
Ap488043,459-18-1241,Robin Cain,1977-01-16,Other,Single,Master's Degree
Ap386103,338-87-9066,Melissa Sanders,1977-04-11,Female,Single,Associate's Degree
Ap166203,813-63-7573,Daniel Soto,2003-06-25,Male,Divorced,High School Diploma
Ap260775,749-57-1611,Jeremy Flores,2003-08-07,Male,Divorced,Some College
Ap109337,113-83-3123,Christopher Lawson,1993-11-08,Female,Separated,High School Diploma
Ap670715,873-29-6974,Beth Chavez,1994-01-01,Other,Widowed,Doctorate
Ap614723,870-99-1771,Amanda West,2006-01-10,Other,Separated,High School Diploma
Ap423673,640-49-8584,Andrew Murray,1974-09-05,Male,Divorced,High School Diploma
Ap464167,383-56-8858,Dawn Rodriguez,1956-03-09,Male,Single,Doctorate
Ap446809,309-39-3845,Anthony Mccormick,2004-10-27,Male,Separated,Doctorate
Ap730075,353-53-6932,Megan Williamson,1968-09-14,Other,Single,Doctorate
Ap787281,658-60-8732,Ryan Brown,1958-09-08,Male,Widowed,Bachelor's Degree
Ap395451,291-88-8844,Linda Singh,1976-05-02,Other,Married,Associate's Degree
Ap520571,391-70-0572,Timothy Hart,1996-08-29,Female,Married,Associate's Degree
Ap227016,828-55-0616,Nicole Bennett,1976-06-22,Female,Separated,Bachelor's Degree
Ap891267,169-82-9041,Donald Garrison,1998-11-24,Male,Separated,Doctorate
Ap644447,361-85-5497,Michael Smith,2000-07-21,Other,Single,Master's Degree
Ap597562,043-06-0671,Elizabeth King,1992-02-21,Other,Widowed,Doctorate
Ap802965,030-25-4012,Dr. Erika Garcia DDS,1987-10-02,Male,Widowed,Some College
Ap483934,438-64-7298,David Johnson,1997-02-16,Male,Widowed,Master's Degree
Ap992048,517-07-7422,Mr. Jeremy Allen,1985-07-05,Female,Widowed,Associate's Degree
Ap965184,374-58-4804,Christopher Ward,1952-07-09,Female,Single,Associate's Degree
Ap417428,012-59-4155,Kevin Byrd,1988-06-08,Female,Separated,Associate's Degree
Ap419187,165-96-9998,Veronica Murphy,1967-05-07,Female,Married,Bachelor's Degree
Ap790907,265-12-6724,Kenneth Garcia,1984-01-24,Male,Separated,High School Diploma
Ap983439,476-35-4655,Brett Oliver,1978-05-24,Other,Widowed,Master's Degree
Ap182844,419-13-7208,Andrew Reed,1961-06-05,Male,Married,Associate's Degree
Ap651820,080-58-8251,James Elliott,1999-11-27,Female,Widowed,Associate's Degree
Ap265421,117-39-5237,Bradley Jones,2004-04-14,Male,Widowed,Some College
Ap222402,112-64-2858,Daniel Wilson,1975-07-02,Other,Single,Associate's Degree
Ap218012,590-89-2313,Diane Hughes,2002-01-25,Other,Single,Some College
Ap538661,745-15-9057,Christopher James,1986-04-13,Other,Divorced,Associate's Degree
Ap498929,113-97-9195,Adam Logan,1971-10-23,Other,Separated,Master's Degree
Ap680466,169-58-2268,Dylan Nolan,1967-12-16,Female,Widowed,High School Diploma
Ap673695,528-65-1818,Angela Dennis,1980-10-04,Male,Married,Doctorate
Ap563556,360-52-4169,Tracy Williams,1953-08-04,Male,Divorced,Master's Degree
Ap675278,587-11-1422,Michael Alvarado,2007-01-22,Other,Divorced,Associate's Degree
Ap229473,604-68-7627,Mark Flores,1962-08-03,Female,Married,Associate's Degree
Ap578007,800-01-6893,Dana Jones,1981-10-21,Female,Separated,High School Diploma
Ap944573,187-45-1944,Matthew Martin,1971-12-10,Male,Widowed,High School Diploma
Ap517009,457-52-1131,Jodi Mendoza,1970-03-29,Other,Divorced,Doctorate
Ap418714,609-16-5528,Charles Steele,1997-07-11,Male,Single,Some College
Ap326156,124-36-9008,Christopher Finley,1998-05-11,Other,Separated,Master's Degree
Ap268964,847-07-3387,Lisa Buck,1959-12-10,Male,Single,Doctorate
Ap625303,080-08-5215,Michelle Schmidt,2002-01-19,Female,Single,Bachelor's Degree
Ap161813,087-41-7266,Carl Harris,1981-09-04,Male,Single,Master's Degree
Ap127712,679-79-5606,Emily Castillo,2005-01-18,Other,Separated,Some College
Ap724785,406-18-9414,Linda Lopez,1987-03-25,Other,Single,Doctorate
Ap867214,013-84-8978,Jay Garcia,1972-03-15,Female,Married,Bachelor's Degree
Ap212816,842-23-9453,Dylan Willis,1994-04-24,Male,Single,High School Diploma
Ap228778,384-29-3847,Gordon Rogers,1962-02-27,Other,Separated,Master's Degree
Ap686580,325-52-6664,Nicole Kirk,2005-06-11,Male,Separated,Bachelor's Degree
Ap385977,006-02-4773,Vicki Stewart,1984-02-10,Other,Separated,Master's Degree
Ap235230,570-18-1610,Andrew Deleon,1957-10-08,Other,Separated,Associate's Degree
Ap818040,498-97-4064,Rodney Howard,1996-01-05,Male,Single,Some College
Ap906741,804-20-7790,Amy Richmond,1982-02-10,Female,Married,Associate's Degree
Ap369114,220-27-5245,Melissa Le,1995-01-05,Other,Widowed,Master's Degree
Ap434618,614-04-0717,Samantha Lambert,2007-02-10,Male,Divorced,High School Diploma
Ap932972,874-64-8859,Debra Burton,1990-04-17,Male,Widowed,Master's Degree
Ap251456,595-93-8455,Michael Weiss,1974-02-14,Other,Separated,Associate's Degree
Ap904449,516-72-3121,Matthew Richards,1995-02-21,Female,Widowed,Doctorate
Ap962312,412-80-0047,Jaclyn Montgomery,1993-04-28,Female,Divorced,Associate's Degree
Ap205570,194-99-8797,Michelle Nixon,2000-01-30,Female,Widowed,Master's Degree
Ap370846,217-78-8541,William Nunez,1997-10-30,Female,Married,Doctorate
Ap100404,524-27-2355,Richard Harvey,1958-02-10,Male,Separated,Some College
Ap803286,705-94-7837,Sabrina Goodwin,1966-12-04,Female,Widowed,High School Diploma
Ap374907,791-84-1306,Katelyn Taylor,2003-08-08,Other,Single,Master's Degree
Ap773744,648-44-0664,Jamie Johns,1991-09-05,Other,Widowed,Master's Degree
Ap815460,229-35-2044,Randy Scott,1994-02-06,Other,Single,Doctorate
Ap984574,166-99-9991,Michael Garcia,1999-10-22,Female,Single,Associate's Degree
Ap765220,170-69-3678,Jamie Bryant,1979-09-23,Female,Married,Master's Degree
Ap335365,458-89-4880,Steven Hartman,2000-03-25,Female,Married,Doctorate
Ap442786,060-51-5524,MELISSA MILLER,1981-02-10,Other,Divorced,Associate's Degree
Ap150612,849-27-8901,Lisa Serrano,1955-03-04,Male,Divorced,Master's Degree
Ap910006,227-28-3240,Judith Bennett,1955-06-17,Other,Divorced,Bachelor's Degree
Ap909956,036-38-8011,AMY DAVIS,1956-01-06,Female,Single,High School Diploma
Ap300244,863-92-1766,Christine Murray,1949-05-12,Male,Single,Master's Degree
Ap897348,377-69-7545,Nicole Gilbert,1962-06-17,Male,Divorced,High School Diploma
Ap104809,261-13-9584,Kirk Ferguson,1958-07-03,Male,Widowed,Associate's Degree
Ap263273,728-42-2408,Mary Davis,1983-08-18,Male,Separated,Doctorate
Ap808690,196-77-9902,Elizabeth Miller,1989-03-04,Female,Married,Master's Degree
Ap244528,379-88-5994,John Rivera,1955-07-10,Male,Widowed,Bachelor's Degree
Ap606964,028-85-9352,Andrew Richmond,1972-05-04,Male,Married,Master's Degree
Ap549613,850-75-0417,Paul Vasquez,1998-10-24,Female,Widowed,Master's Degree
Ap138765,726-11-8160,Kyle Barrera,1970-04-23,Female,Widowed,Bachelor's Degree
Ap931538,409-20-9400,Gregory Morales,1983-09-30,Female,Separated,High School Diploma
Ap416076,335-18-4040,Jacob Briggs,1999-01-08,Male,Separated,Master's Degree
Ap943523,646-96-2337,Mark Meyer,1959-04-21,Other,Widowed,Bachelor's Degree
Ap646237,291-07-5298,Susan Holmes,2006-05-03,Other,Single,Bachelor's Degree
Ap301152,639-46-3731,David Drake,1956-05-25,Male,Separated,Some College
Ap399888,355-51-0971,Daniel Gutierrez,1987-11-14,Other,Married,Associate's Degree
Ap800903,286-42-8215,Rachel Glover,1998-11-05,Male,Single,Doctorate
Ap994751,770-13-6750,Mrs. Tracy Case DVM,1964-01-10,Other,Separated,Master's Degree
Ap192193,215-66-2637,Justin Mejia,1960-11-12,Male,Separated,High School Diploma
Ap136187,781-11-7094,Brandy Richardson,2002-11-08,Other,Widowed,Master's Degree
Ap605950,314-70-4709,Ryan Cameron,2005-07-06,Male,Divorced,Doctorate
Ap238311,794-45-9133,Jonathan Kirk,1969-03-29,Other,Divorced,Associate's Degree
Ap900921,279-44-3400,Luis Shah,1990-12-27,Male,Divorced,Some College
Ap608153,155-05-2540,Francis Weaver,1955-10-14,Male,Widowed,Master's Degree
Ap289089,656-40-4097,Brian Riley,1953-08-05,Other,Single,Some College
Ap686165,107-52-4683,Jennifer Sanders,1955-03-13,Other,Married,Associate's Degree
Ap536341,122-79-7190,Daniel Leach,1986-04-26,Female,Divorced,Master's Degree
Ap412066,802-63-9564,Jodi Costa,2002-10-29,Male,Divorced,Some College
Ap718362,064-93-8151,Victor Lambert,1963-11-16,Other,Married,Some College
Ap787409,866-68-3641,Craig Barton,1952-03-30,Female,Divorced,Doctorate
Ap661419,210-15-1009,Mrs. Mary Page,1996-12-08,Other,Single,Doctorate
Ap740053,530-16-1320,Jennifer Davis,1981-08-10,Other,Divorced,Some College
Ap960395,424-71-3453,Eric Willis,1981-08-13,Other,Widowed,Associate's Degree
Ap731172,621-08-8166,Alex Mcguire,1952-04-17,Male,Separated,Some College
Ap225917,850-78-4846,Raymond Cruz,1953-06-20,Male,Widowed,Master's Degree
Ap910717,333-18-3200,Laura Byrd,1964-12-03,Female,Widowed,Some College
Ap399770,537-37-4102,Ralph Anderson,1980-06-04,Other,Separated,High School Diploma
Ap798168,837-56-9529,Tyler Moore,2004-06-19,Female,Married,Master's Degree
Ap581680,625-57-2024,James Herrera,1989-06-08,Other,Divorced,Some College
Ap381342,209-41-5132,John Davis,1990-09-17,Female,Married,Associate's Degree
Ap639542,153-13-2548,Daniel Guerrero,1985-02-19,Other,Married,Master's Degree
Ap144238,665-27-6837,Diane Orozco,1992-10-20,Other,Separated,Doctorate
Ap101252,689-63-6379,Heather Davis,1994-08-18,Female,Separated,Bachelor's Degree
Ap926196,663-35-8531,Russell Morales,1949-04-21,Other,Married,Doctorate
Ap964141,679-01-7491,John Hogan,1983-05-05,Other,Separated,High School Diploma
Ap585450,115-30-4972,Paul Turner,1958-08-01,Other,Single,Bachelor's Degree
Ap415826,104-84-0005,Daniel Chen,1979-04-13,Other,Single,Associate's Degree
Ap421638,239-78-1197,Dominic Francis,1988-07-18,Female,Widowed,Some College
Ap705605,633-93-3166,Michael Kelly,2004-02-06,Male,Single,Bachelor's Degree
Ap427359,350-83-1017,Elizabeth Hall,2002-12-18,Female,Single,Master's Degree
Ap702875,429-30-1129,Diana Gonzalez,1970-05-17,Other,Divorced,Bachelor's Degree
Ap106949,014-59-1964,Andrea Chambers,1983-08-27,Female,Widowed,Associate's Degree
Ap863185,290-24-0190,Carol Whitney,1978-02-07,Female,Widowed,Master's Degree
Ap417537,190-82-5194,Nancy Johnson,1951-05-10,Female,Separated,Associate's Degree
Ap828913,036-58-7134,David Porter,1982-03-03,Other,Widowed,Bachelor's Degree
Ap762301,897-93-1770,Michael Chambers,1952-11-14,Female,Separated,Some College
Ap650222,086-42-8745,Frederick Lee,1998-08-28,Other,Married,Bachelor's Degree
Ap880722,238-69-4440,Jacqueline Kirk,1997-03-20,Other,Divorced,Bachelor's Degree
Ap555102,653-45-5559,AMANDA MARTINEZ,1989-08-07,Other,Separated,Bachelor's Degree
Ap437889,133-88-0467,Elizabeth Rubio,1998-05-26,Female,Married,High School Diploma
Ap576467,856-70-7631,Anna Johnson,2003-08-17,Female,Separated,Doctorate
Ap456600,054-81-4272,Lauren Huffman,1980-04-25,Female,Widowed,Master's Degree
Ap415557,291-77-5616,Lindsey Duran,1996-01-18,Male,Divorced,High School Diploma
Ap983671,025-25-8892,Kelly Stevens,1967-04-13,Male,Widowed,Associate's Degree
Ap404462,638-60-8534,NATALIE BURKE,1951-02-03,Female,Single,Some College
Ap350875,004-14-3929,Michael Obrien,1952-02-21,Male,Single,High School Diploma
Ap563389,257-76-3546,Tammy Gordon,1996-04-07,Other,Single,Master's Degree
Ap170390,850-77-3220,Jeff Turner,2000-11-02,Other,Separated,Associate's Degree
Ap807689,088-88-9800,April Bell,1976-08-16,Other,Separated,Doctorate
Ap353490,300-96-4876,Thomas Sherman,1959-06-15,Male,Married,High School Diploma
Ap667376,594-41-1447,Heather Lucas,1995-01-30,Other,Separated,Bachelor's Degree
Ap347940,456-54-7902,Michael West,1955-08-27,Male,Single,Doctorate
Ap465340,421-16-7381,Michael Macdonald,1970-09-14,Male,Married,Some College
Ap533027,865-05-1498,Michael Miller,2004-12-09,Male,Separated,Some College
Ap608041,818-24-0121,Christopher Smith,1964-07-15,Female,Married,Doctorate
Ap417623,831-05-4193,Jeanette Alexander,1981-02-05,Female,Widowed,Associate's Degree
Ap316464,648-70-7140,Kelly Weaver,1988-04-09,Male,Married,Master's Degree
Ap842729,001-17-3241,Kevin Gross,2005-01-04,Female,Separated,High School Diploma
Ap610736,581-58-4757,April Robbins,1990-09-28,Other,Separated,Some College
Ap906395,373-60-2715,Fred Carr,1987-03-12,Other,Married,Master's Degree
Ap417267,286-52-5251,David Daugherty,1959-03-13,Other,Widowed,Some College
Ap750199,488-68-6706,Laura Morgan,1978-06-26,Female,Divorced,High School Diploma
Ap988900,692-85-0018,Crystal Lynch,1968-05-23,Female,Married,Master's Degree
Ap323777,046-49-2140,Julie Jones,1959-12-30,Other,Married,Bachelor's Degree
Ap959909,880-13-8657,Brian Adams,1970-12-27,Other,Separated,High School Diploma
Ap900820,056-78-2582,Joseph Bush,1982-05-19,Male,Married,Doctorate
Ap105569,859-09-5186,Sydney Romero,1972-04-28,Other,Widowed,Master's Degree
Ap694124,020-76-0937,Jacob Norris,1961-06-23,Female,Divorced,Some College
Ap728861,015-96-3332,Julie Spencer,1991-06-08,Male,Widowed,Some College
Ap529802,707-90-5658,Todd Yu,1997-04-20,Male,Separated,Master's Degree
Ap358090,870-54-1051,Thomas Owens,1963-09-10,Other,Divorced,Some College
Ap767375,361-12-2402,Robert Rice,1994-07-06,Female,Separated,Some College
Ap145002,523-48-4744,Donald Harrell,1975-04-18,Female,Married,Some College
Ap871954,590-23-9623,Madison Miller,1958-08-28,Male,Separated,Master's Degree
Ap761614,309-33-6305,Natalie Logan,1998-10-26,Other,Single,Associate's Degree
Ap779574,083-56-1825,Joel Steele,1959-07-06,Other,Separated,Bachelor's Degree
Ap598870,080-96-9669,Sarah Warner,1986-10-01,Male,Single,Some College
Ap311791,056-37-9826,Karen Riley,1972-05-08,Other,Widowed,Bachelor's Degree
Ap302846,309-46-1117,Christopher Thomas,1992-02-13,Male,Single,Some College
Ap761450,748-57-5988,Kara Golden,1973-08-31,Female,Widowed,Associate's Degree
Ap766997,815-96-5232,HEATHER SWEENEY,1971-05-27,Male,Separated,Some College
Ap777775,668-20-7528,Patrick Dawson,2006-08-15,Female,Widowed,Master's Degree
Ap124071,212-57-8010,Steven Douglas,1965-04-14,Female,Married,Master's Degree
Ap682531,640-78-7666,Melissa Carter DDS,1954-08-09,Female,Single,Bachelor's Degree
Ap994647,280-27-9943,Shane Davis,1985-05-11,Other,Divorced,Doctorate
Ap272312,509-34-2407,Jennifer Mcdonald,1998-09-27,Male,Widowed,Master's Degree
Ap357218,625-13-1868,James Miller,1959-08-23,Female,Widowed,Master's Degree
Ap314879,734-39-2111,Gwendolyn Carter,1955-08-08,Other,Widowed,Some College
Ap463714,398-62-4374,Christopher Smith,1975-12-08,Male,Divorced,Doctorate
Ap526650,099-26-4270,Denise Willis,1978-06-22,Male,Divorced,Associate's Degree
Ap431868,897-10-1352,Krystal Gonzales,2004-08-01,Male,Separated,Associate's Degree
Ap962129,139-30-7583,Ronald Moore,2004-10-25,Other,Single,Doctorate
Ap653020,114-13-6025,Taylor Mays,1968-01-04,Female,Divorced,Associate's Degree
Ap745753,365-78-3497,Jody Valentine,1987-11-19,Male,Married,Doctorate
Ap517170,788-10-8874,Mary Johnson,1964-08-03,Other,Separated,Bachelor's Degree
Ap157108,280-27-9569,Lisa Cruz,1966-08-11,Male,Divorced,Associate's Degree
Ap580721,553-18-1778,Michael Gill,1983-06-13,Female,Separated,Doctorate
Ap211195,216-44-2209,Karen West,1949-05-17,Male,Separated,Some College
Ap989513,226-94-8111,Paul Hunter,1986-03-15,Male,Divorced,Bachelor's Degree
Ap136668,158-53-8505,Wanda Perez,1953-04-28,Other,Divorced,Doctorate
Ap385205,145-33-0179,Carol Lang,1973-03-08,Female,Married,Some College
Ap441396,362-94-7941,Daniel Braun,1972-07-19,Female,Separated,Master's Degree
Ap664037,466-72-6418,John Williams,1954-04-28,Female,Separated,Master's Degree
Ap230560,298-83-8744,Nancy Henderson,1971-05-16,Other,Single,High School Diploma
Ap466824,091-72-4143,DAVID HOLT,2001-11-01,Other,Separated,Some College
Ap247979,517-88-7693,Ann Douglas,1964-10-11,Other,Single,Master's Degree
Ap249849,866-40-2223,Paul Wong,2001-03-24,Male,Single,Doctorate
Ap848589,236-21-7932,Joel Owens,1983-08-24,Other,Widowed,Some College
Ap151745,562-93-5171,Jennifer Douglas,1968-12-21,Female,Separated,Some College
Ap470608,386-44-7406,Matthew Wagner,1952-07-03,Female,Separated,Doctorate
Ap191865,321-87-9074,Chelsea Smith,1999-01-20,Female,Separated,Doctorate
Ap998860,171-76-1826,Michael Smith,1968-02-12,Other,Separated,Doctorate
Ap312890,423-99-8031,Jessica Velez,1965-07-20,Female,Separated,Doctorate
Ap123624,320-84-9842,Stephen Bennett,1999-09-15,Other,Married,Associate's Degree
Ap123321,325-71-4571,Christopher Morgan,1991-02-05,Other,Widowed,Some College
Ap503704,018-63-6252,Michael Reed,1992-12-18,Female,Married,Associate's Degree
Ap909006,002-69-6176,Desiree Moore,1972-06-07,Male,Single,Associate's Degree
Ap274293,280-88-4045,Jeffrey Mitchell,1957-06-27,Female,Widowed,High School Diploma
Ap883415,114-91-9792,Frank White,1986-02-19,Female,Single,Bachelor's Degree
Ap286717,285-21-3823,Marcia Singh,1998-11-13,Other,Married,Bachelor's Degree
Ap480975,474-88-5208,Kimberly Cummings,1969-12-18,Female,Divorced,Some College
Ap283868,561-16-9847,Blake Phillips,1963-07-15,Male,Divorced,Bachelor's Degree
Ap759792,140-63-6922,Paul Mann,1991-09-13,Female,Widowed,Doctorate
Ap195257,121-64-4156,Judy Myers,1973-02-26,Female,Separated,Associate's Degree
Ap688579,178-08-4763,Brandon Chen,1950-03-11,Female,Widowed,Some College
Ap310176,365-49-8428,JOSEPH KIM,1979-05-11,Other,Separated,Doctorate
Ap290471,037-02-2901,Bradley Underwood,1984-06-04,Female,Widowed,Doctorate
Ap572930,121-43-2189,David Fisher,1958-04-06,Female,Divorced,Some College
Ap936860,825-01-1218,Sarah Jones,1971-01-30,Female,Single,Some College
Ap843091,110-92-6380,Lisa Walker,1949-04-09,Male,Separated,High School Diploma
Ap618862,186-04-1379,Bryan Klein,1982-10-06,Female,Widowed,Bachelor's Degree
Ap575774,410-77-9830,Douglas Bush,1966-07-17,Other,Widowed,Doctorate
Ap735605,046-73-5353,Glenda Morgan,1988-05-29,Male,Separated,Some College
Ap239789,485-95-8577,John Moore,1967-09-10,Other,Separated,High School Diploma
Ap489593,024-57-0145,Kevin Golden,1974-02-07,Other,Single,Associate's Degree
Ap915131,551-03-9198,Anthony Hodges,1953-12-27,Other,Widowed,Some College
Ap173686,089-01-3862,Ashley Garcia,1979-09-06,Other,Widowed,Some College
Ap167661,608-89-8472,Ruben Smith,1971-02-19,Other,Separated,High School Diploma
Ap668535,531-94-2624,Lance Preston,1974-04-29,Male,Single,Master's Degree
Ap345121,155-53-3455,JESUS HUFF,1986-07-10,Female,Divorced,Associate's Degree
Ap772108,253-23-2029,Crystal Gould,1955-02-23,Other,Single,Some College
Ap467257,268-26-3309,Melinda Ray,1963-10-22,Other,Separated,Doctorate
Ap366765,233-58-6867,JACQUELINE HANCOCK,1976-09-26,Other,Widowed,Some College
Ap246106,804-26-7421,Joseph Wallace,1999-11-30,Female,Widowed,Some College
Ap358930,664-38-2983,Molly Holmes,1971-11-26,Male,Divorced,Associate's Degree
Ap760482,502-58-0885,Linda Tucker,1954-10-06,Female,Separated,Some College
Ap904462,598-04-0447,Robin Gonzalez,1989-03-18,Other,Separated,High School Diploma
Ap969270,323-18-1622,Tammy Acevedo,1955-11-15,Male,Married,Bachelor's Degree
Ap971149,681-68-1595,Michael Brown,1957-10-30,Female,Divorced,Some College
Ap548874,643-44-0574,Pamela Ramirez,1997-12-02,Other,Widowed,Master's Degree
Ap662926,410-09-5417,Robert Mclaughlin,1981-04-14,Other,Single,Doctorate
Ap953499,509-34-6241,Jeffery Price,2006-02-05,Other,Divorced,Master's Degree
Ap218033,317-40-4525,Christina Stewart,1954-03-30,Male,Widowed,Doctorate
Ap730265,350-74-6663,Michael Sandoval,2006-06-10,Other,Divorced,Master's Degree
Ap713157,321-67-0766,Ryan Walton,2001-12-20,Male,Widowed,High School Diploma
Ap729474,866-14-9934,Nicholas Brown,1970-01-30,Male,Widowed,Bachelor's Degree
Ap921106,581-73-2723,Duane Johnson,1990-01-30,Male,Divorced,High School Diploma
Ap266926,704-30-6928,Tara Nash,2006-04-13,Other,Married,Doctorate
Ap670559,554-03-4515,Hannah Schwartz,1981-12-07,Other,Separated,Associate's Degree
Ap960120,572-71-5096,Lauren Bowen,2005-04-30,Male,Divorced,Associate's Degree
Ap531734,420-39-9469,John Wells,1962-09-23,Other,Single,Associate's Degree
Ap473220,365-08-2431,Hannah Miller,1954-12-08,Female,Separated,High School Diploma
Ap765627,538-12-3529,Joseph Campbell,1975-03-23,Female,Separated,High School Diploma
Ap321897,104-45-8086,Sydney Kelly,1983-08-17,Female,Separated,Associate's Degree
Ap101062,866-36-4632,William Hill,1999-04-17,Other,Single,Some College
Ap347736,644-88-0897,David Walker,1970-01-07,Other,Widowed,Some College
Ap674736,013-80-3809,Linda Sanchez,1983-12-08,Male,Separated,Master's Degree
Ap195462,150-74-8275,Vickie Steele,1974-09-01,Other,Widowed,Some College
Ap499445,086-79-6995,Rachael Webb,1972-10-14,Other,Widowed,Associate's Degree
Ap550009,611-59-7446,Thomas Ramirez,1983-10-30,Female,Widowed,Doctorate
Ap870173,540-10-2511,Mrs. Tiffany Whitehead,1975-12-05,Female,Single,Associate's Degree
Ap672203,371-66-4803,James Gutierrez,1981-09-15,Female,Single,Doctorate
Ap366776,299-88-0785,Cameron Davis,1957-07-12,Other,Divorced,Some College
Ap728880,634-21-3302,Suzanne Stevens,1973-07-13,Male,Separated,Doctorate
Ap758956,722-72-3257,Robert Williams,1996-09-28,Female,Single,Some College
Ap471923,533-03-1962,Kristin Johnston,1968-08-02,Female,Divorced,Master's Degree
Ap499384,674-84-8119,Lawrence Pope,1995-12-13,Female,Widowed,Associate's Degree
Ap732387,672-20-9476,Marilyn Chen,1986-01-18,Other,Widowed,High School Diploma
Ap631849,543-40-1606,Melissa Benitez,1990-02-11,Other,Divorced,Some College
Ap567010,771-57-3335,Samantha Salazar,1982-02-23,Other,Separated,Some College
Ap706440,279-22-0111,Nicholas Morales,1974-02-26,Other,Divorced,Some College
Ap749324,488-01-1272,William Lewis,1977-01-29,Male,Single,Doctorate
Ap486193,330-23-5254,Andrew Velasquez,1967-02-02,Female,Separated,Bachelor's Degree
Ap126734,251-62-0535,Stephen Dodson,1964-05-23,Male,Widowed,Master's Degree
Ap126069,323-07-9971,Amy Kirby,1979-12-17,Male,Widowed,Doctorate
Ap835265,718-52-5161,Deanna Gonzales,1988-05-10,Other,Married,Some College
Ap637198,589-46-4707,Kevin Peterson,1962-02-03,Other,Single,Some College
Ap435623,626-82-3328,Anthony Martinez,1997-08-11,Female,Divorced,Associate's Degree
Ap570951,702-54-2566,Michael Nelson,1953-06-20,Female,Single,Some College
Ap181264,499-11-0710,Todd Nelson,1967-10-17,Male,Married,Doctorate
Ap123275,788-71-9822,Vanessa Walker DDS,1987-04-25,Female,Married,Associate's Degree
Ap696562,099-36-9669,Donald Avery,1996-03-26,Female,Married,Associate's Degree
Ap574665,387-24-9608,Michele Miller,1998-07-11,Other,Widowed,Master's Degree
Ap462920,250-15-4777,Jesse Barrett,1957-03-10,Other,Divorced,Bachelor's Degree
Ap291076,540-56-1926,Isaiah Marshall,1961-11-20,Female,Single,Some College
Ap294053,459-52-8012,Steven Bentley,1997-01-03,Female,Single,Some College
Ap809913,174-47-7852,Lisa Howell,1974-05-18,Other,Separated,Bachelor's Degree
Ap672735,541-89-8167,Crystal Ewing,1987-04-09,Male,Married,Bachelor's Degree
Ap699991,407-12-1718,STEPHANIE MARTINEZ,1964-10-19,Other,Divorced,Bachelor's Degree
Ap962522,340-91-7622,Rachael Nelson,2001-10-06,Female,Widowed,Some College
Ap903692,541-86-1130,Adam Eaton,2005-03-22,Female,Single,Some College
Ap212581,004-99-8051,Thomas Brown,1981-02-03,Female,Married,Bachelor's Degree
Ap365956,516-52-6709,Jacob Freeman,1968-08-24,Other,Married,Some College
Ap521240,383-48-5076,Robin Warren,1960-11-04,Male,Single,Associate's Degree
Ap814016,216-80-7298,Alicia Parker,1978-11-28,Female,Married,Doctorate
Ap216421,812-24-9407,Justin Palmer,1966-01-13,Male,Married,Master's Degree
Ap625893,633-03-3501,Donald Mitchell,1963-03-19,Female,Separated,Some College
Ap564374,868-12-2432,Jessica Brown,1982-05-25,Female,Divorced,High School Diploma
Ap172303,325-36-1496,Dylan Hobbs,2000-11-03,Other,Married,Doctorate
Ap258211,586-86-7730,John Barker,1987-01-01,Male,Widowed,Bachelor's Degree
Ap287210,321-83-9253,Amber Turner,1984-08-18,Other,Separated,Doctorate
Ap886237,392-78-9660,Mary Russell,1950-10-29,Female,Separated,High School Diploma
Ap962557,684-45-5149,Brenda Patrick,1987-02-01,Other,Single,Doctorate
Ap244990,631-43-9465,Nicole Moran,1958-11-03,Male,Separated,Some College
Ap258518,498-53-1866,David Kirk,1966-05-27,Female,Married,Doctorate
Ap224040,169-37-7970,AMY LOPEZ,1987-05-20,Male,Single,Some College
Ap768406,804-54-2494,Mark Farrell,1980-11-13,Male,Single,Some College
Ap623138,529-22-4929,Christian Nelson,1955-09-01,Other,Married,Some College
Ap518034,211-86-2707,Margaret Garcia PhD,1968-06-25,Female,Married,Master's Degree
Ap856254,128-85-8917,Gloria Walsh,1964-06-10,Other,Divorced,Some College
Ap890756,741-14-7253,Robert Barr,1951-01-29,Other,Separated,Associate's Degree
Ap962755,099-86-1328,Emily Case,1985-04-28,Female,Single,Doctorate
Ap895543,880-58-2632,Colin Smith,1978-09-18,Male,Separated,Some College
Ap640677,169-16-2454,Henry Ferguson,2003-02-19,Female,Divorced,Associate's Degree
Ap746465,238-10-9524,Luis Sanchez MD,1991-05-16,Male,Married,Associate's Degree
Ap403571,496-30-5813,Andrea Walker,1998-01-27,Female,Single,Master's Degree
Ap784106,184-38-9529,Edward Norman,1977-11-30,Female,Single,Doctorate
Ap222883,064-77-0283,Aaron Holmes,1998-05-30,Male,Widowed,Bachelor's Degree
Ap843246,487-35-7993,Nicole Stanley,1985-11-19,Female,Single,Some College
Ap862501,230-03-7090,Taylor Hardy,1976-04-07,Female,Widowed,Doctorate
Ap487952,797-16-8291,Erica Holden,1962-08-25,Other,Married,Associate's Degree
Ap212221,405-04-2284,Paul James,1987-08-08,Male,Married,Bachelor's Degree
Ap899666,370-94-4286,Nancy Watkins,1991-05-05,Male,Separated,Some College
Ap360669,456-96-8698,Allison Rice,2006-03-01,Male,Divorced,Some College
Ap859224,108-12-3101,Francisco Carter,1983-03-24,Male,Widowed,Associate's Degree
Ap939873,261-90-6365,Brittany Ramos,1989-04-16,Female,Widowed,High School Diploma
Ap625134,804-51-4531,Hannah Thompson MD,1988-04-21,Female,Separated,Some College
Ap635242,521-72-4361,Gregory Hughes,1969-01-25,Other,Married,Bachelor's Degree
Ap441383,097-81-8726,Gregg Stuart,1987-05-10,Female,Widowed,Doctorate
Ap344761,631-63-4538,Briana Carter,1984-07-22,Other,Married,Some College
Ap932946,875-76-9543,Ariana Gray,1974-09-25,Male,Widowed,Some College
Ap974668,227-34-8475,Eric Calhoun,1986-02-12,Male,Married,High School Diploma
Ap984011,504-44-8918,Jill Harris,1985-12-18,Male,Married,Some College
Ap237541,464-91-5098,Whitney Carney,1994-05-15,Male,Separated,Some College
Ap928533,800-87-6190,Tina Reed,1976-09-13,Male,Married,Associate's Degree
Ap164323,433-42-4224,John Woodward,1951-01-02,Female,Married,Associate's Degree
Ap716210,132-38-8788,Candice Livingston,2003-07-20,Male,Divorced,Some College
Ap289139,758-59-3094,Kimberly Nash,1992-02-21,Male,Separated,Some College
Ap280448,354-52-3505,Kyle Combs,1999-10-28,Other,Single,Master's Degree
Ap800947,767-89-3018,Erica Harper,1997-01-24,Female,Widowed,Some College
Ap335659,018-34-5582,Rachel Robinson,1983-07-10,Female,Married,Doctorate
Ap489678,688-45-7120,GARY BRADLEY,1983-03-13,Female,Widowed,Master's Degree
Ap954016,409-29-0315,Tonya White,2004-11-23,Other,Married,Master's Degree
Ap204537,129-50-5181,Emily Spencer,1969-02-03,Female,Divorced,Master's Degree
Ap964909,150-67-3557,Marissa Leblanc,1980-02-14,Male,Single,Bachelor's Degree
Ap341983,582-75-9426,Robert Smith,2001-09-28,Female,Widowed,High School Diploma
Ap666821,172-73-7513,Caroline Davis,1999-11-30,Female,Separated,Bachelor's Degree
Ap888260,759-27-3043,Daniel Simpson,1953-12-29,Male,Separated,Master's Degree
Ap101917,710-65-4353,ERIK COLLINS,1960-04-15,Other,Single,Bachelor's Degree
Ap382762,546-97-5090,Sherri Horn,1981-05-05,Male,Widowed,Some College
Ap656542,860-13-8253,Timothy Howard,1983-02-20,Other,Divorced,High School Diploma
Ap886275,262-83-1032,Jennifer Thomas,1959-04-16,Female,Divorced,Some College
Ap467436,336-43-2931,Peter Rodriguez DVM,1962-11-29,Male,Separated,Doctorate
Ap609930,436-43-7027,Vanessa Costa,1997-08-23,Female,Divorced,High School Diploma
Ap671650,330-79-4609,Vincent Thompson,1959-12-25,Other,Married,Master's Degree
Ap382272,830-30-0297,Patricia Garcia,1963-10-29,Female,Divorced,Bachelor's Degree
Ap485925,711-94-5518,Daniel Warner,2007-03-12,Other,Widowed,Some College
Ap866641,624-69-1011,Ashley Moore,1975-10-09,Female,Separated,Bachelor's Degree
Ap814743,715-89-3442,Jeremiah Adams,2004-07-05,Other,Separated,Associate's Degree
Ap689833,682-66-6315,Melissa Fletcher,1982-05-16,Male,Single,Some College
Ap182180,124-79-3977,Ariel Cox,1976-03-13,Other,Divorced,Some College
Ap712246,845-64-4660,Janice Hernandez,1998-11-27,Female,Single,Doctorate
Ap503081,181-36-1016,Gabrielle Hawkins,1990-10-30,Other,Single,Doctorate
Ap401953,453-12-8973,Natalie Nichols,1965-10-10,Other,Single,Master's Degree
Ap478892,005-50-1795,Jodi Crawford,1960-10-21,Male,Married,Master's Degree
Ap105287,288-82-5804,Jamie Moore,1962-12-20,Male,Married,Associate's Degree
Ap357665,019-06-5579,Colin Barton,1964-10-09,Female,Widowed,Associate's Degree
Ap108512,754-35-2730,WENDY WRIGHT,2005-05-12,Male,Separated,Bachelor's Degree
Ap756702,141-78-0933,Emily Porter,1959-04-13,Female,Divorced,Master's Degree
Ap556292,230-73-6304,Christopher Lucas,1958-09-26,Female,Widowed,Doctorate
Ap208872,418-70-7820,Nancy Roberts,1954-05-30,Male,Single,Associate's Degree
Ap872042,520-08-6739,Candace Lara,1998-08-26,Male,Single,Master's Degree
Ap193070,163-33-0819,Duane Lynch,1996-02-27,Other,Separated,High School Diploma
Ap704055,720-95-3399,Christian Reed MD,2000-01-03,Female,Married,Doctorate
Ap722117,191-37-2414,Angela Martinez,1957-09-06,Other,Married,Bachelor's Degree
Ap529474,323-63-1694,Vickie Sullivan,1971-12-31,Other,Single,Some College
Ap142078,395-50-6623,Robert Dominguez,2002-02-06,Female,Single,Bachelor's Degree
Ap468432,183-67-7782,Norma Hernandez,1965-07-10,Male,Widowed,High School Diploma
Ap707812,577-82-2877,Phillip Dixon,1952-05-28,Female,Widowed,Master's Degree
Ap327645,051-83-5446,Christopher Marquez,1982-02-10,Female,Widowed,Master's Degree
Ap636507,895-25-7706,Adam Cobb,1971-01-19,Female,Married,High School Diploma
Ap886667,257-09-1897,Charles Medina,1987-09-28,Other,Married,Associate's Degree
Ap405073,745-04-2486,Courtney Tanner,2002-05-03,Male,Widowed,Associate's Degree
Ap227309,287-15-6808,Emily Cherry,1949-07-26,Male,Divorced,Bachelor's Degree
Ap429588,845-55-9076,Kayla Williams,1991-06-29,Female,Widowed,Master's Degree
Ap763927,180-27-4851,Judith Christensen,1980-11-10,Female,Divorced,High School Diploma
Ap988266,849-78-8412,Christopher Moyer,2000-03-17,Female,Separated,Master's Degree
Ap564008,166-14-1385,Elizabeth Rhodes,1998-02-24,Other,Single,Doctorate
Ap820801,075-24-0778,Michelle Meyers,1951-10-07,Other,Divorced,Bachelor's Degree
Ap446699,542-18-7335,Candace Massey,2000-05-09,Female,Widowed,Associate's Degree
Ap435842,013-77-5703,Jocelyn Long,1964-04-06,Other,Divorced,Doctorate
Ap486594,778-36-3279,Lisa Hinton,1967-06-25,Male,Separated,Doctorate
Ap872608,285-34-2035,Sharon Sanchez,1972-07-22,Other,Widowed,High School Diploma
Ap760775,493-98-8841,Jack Allen,1989-01-22,Male,Divorced,Master's Degree
Ap791519,638-39-6700,Maria Davis,1974-06-23,Female,Divorced,Some College
Ap143925,277-73-1854,Cindy Hudson,1957-06-05,Male,Separated,Master's Degree
Ap237023,362-29-6860,Andrew Chaney,1979-04-01,Female,Single,Some College
Ap187388,822-59-0789,Brian King,1954-03-13,Male,Single,Doctorate
Ap632295,832-66-8891,Rebekah Lane,1950-02-18,Male,Married,Doctorate
Ap357802,090-83-5415,Alyssa Knapp MD,1991-09-28,Male,Divorced,Bachelor's Degree
Ap535048,079-94-6906,Megan Silva,1953-03-06,Male,Divorced,Master's Degree
Ap158596,337-74-6019,April Cortez,1963-02-18,Male,Separated,Doctorate
Ap451005,181-72-1546,Mrs. Monica Hudson,1953-10-11,Male,Separated,Bachelor's Degree
Ap879554,763-85-6993,Elizabeth Nguyen,1966-11-06,Female,Widowed,Some College
Ap973172,399-77-5805,Michael Contreras,1973-04-19,Female,Single,Doctorate
Ap639812,081-79-7522,Jill Jones,1957-01-17,Male,Married,Doctorate
Ap622244,470-80-1830,Brittany Sullivan,1973-06-30,Male,Divorced,Bachelor's Degree
Ap512498,679-16-7443,Stephen Vasquez,1958-11-10,Female,Separated,Bachelor's Degree
Ap779290,504-47-7850,Teresa Webb,1982-02-08,Male,Single,Some College
Ap599097,545-37-7657,Alexander Peters,1961-03-19,Female,Single,Bachelor's Degree
Ap749789,190-48-0105,Laura Dean,1955-07-07,Female,Widowed,High School Diploma
Ap907043,834-76-3898,Melissa Hull,1975-11-25,Female,Married,Some College
Ap248056,674-86-0222,Danielle Hancock,1988-02-17,Other,Divorced,Bachelor's Degree
Ap114060,762-96-9827,Sue Lane,1990-01-01,Female,Separated,Associate's Degree
Ap838345,310-39-2511,Christian Mayo,1949-05-03,Other,Single,Some College
Ap577272,322-48-6957,Annette Garcia,1966-06-20,Female,Separated,Associate's Degree
Ap618545,035-31-1695,Sara Williams,1987-07-19,Female,Widowed,Master's Degree
Ap929735,701-06-2682,Denise Reed,1993-11-02,Male,Divorced,High School Diploma
Ap290279,778-53-9702,Jason Sweeney,1968-08-19,Other,Single,High School Diploma
Ap830406,169-63-8141,Todd Green,1987-07-31,Male,Separated,Associate's Degree
Ap784647,119-58-4881,Jason Gray,1981-10-31,Other,Married,Some College
Ap139711,679-83-8582,Stephanie Jones,1970-12-14,Male,Separated,Some College
Ap243026,897-36-0107,Dillon Martinez,1984-03-03,Other,Single,High School Diploma
Ap435484,413-17-7806,Felicia Brewer,1977-01-29,Other,Divorced,Associate's Degree
Ap565317,815-62-2620,Mrs. Amy Roberts,1969-02-19,Other,Widowed,Doctorate
Ap318134,595-54-3556,Lacey Horton,2003-06-30,Other,Separated,Some College
Ap202974,323-83-2056,Tyler Johnson,1994-05-26,Other,Single,Doctorate
Ap249646,831-31-2590,Robin Cook,1970-07-03,Other,Separated,Bachelor's Degree
Ap502400,844-98-3102,Veronica Lynch,1977-02-23,Other,Separated,Some College
Ap250168,836-79-6611,Christina Gibbs,1952-03-06,Female,Widowed,Associate's Degree
Ap692016,769-30-8964,Crystal Gonzalez,1984-04-20,Female,Widowed,Bachelor's Degree
Ap789376,626-89-5790,Ryan Wade,1976-01-14,Male,Divorced,Some College
Ap635534,271-41-4871,Donna Johnson,1988-12-13,Female,Widowed,Some College
Ap538774,600-43-9646,Martha Lara,1971-06-30,Other,Single,Associate's Degree
Ap611937,804-47-7538,Cory Jones,1975-05-28,Female,Separated,Master's Degree
Ap511597,290-47-0078,Scott Mckinney,1982-12-09,Other,Widowed,Doctorate
Ap192263,312-57-9739,Dave Garcia,1967-10-31,Female,Married,Doctorate
Ap635590,093-56-1065,Margaret Byrd,1963-03-09,Male,Separated,Associate's Degree
Ap953938,019-11-2136,Miguel Mcdaniel,1956-11-20,Female,Widowed,Master's Degree
Ap665445,026-29-6105,Daniel Coleman,1991-01-07,Other,Separated,Associate's Degree
Ap679205,132-71-2406,Cindy Bradley,1977-08-09,Female,Widowed,High School Diploma
Ap323810,089-24-8552,Vincent Johnson,1985-09-28,Female,Married,Doctorate
Ap196646,592-20-3728,David Parker,1987-07-11,Female,Separated,Doctorate
Ap445266,171-47-4846,Jasmine Flores,1977-09-29,Female,Single,Doctorate
Ap910951,721-23-3364,Maria Rojas,1957-05-23,Other,Single,Master's Degree
Ap590025,763-98-2529,Michelle Zavala,1960-05-27,Female,Divorced,Associate's Degree
Ap580703,033-27-8005,Yvonne Wilson,1958-11-04,Female,Single,High School Diploma
Ap443054,359-33-2205,Dr. Dawn Price,1991-10-17,Male,Single,Master's Degree
Ap957756,783-36-6766,Kendra Bailey,1996-12-10,Male,Widowed,Associate's Degree
Ap367552,188-94-8919,Aaron Russo,2006-04-16,Male,Separated,High School Diploma
Ap159379,277-31-3890,Jennifer Clark,1995-11-10,Female,Divorced,Bachelor's Degree
Ap125053,004-17-5566,Jimmy Mitchell,1953-10-03,Male,Widowed,Some College
Ap502662,481-45-0773,Cassandra Moore DVM,1991-09-05,Other,Widowed,High School Diploma
Ap756282,616-89-7692,Martha Green,1978-08-10,Other,Separated,Some College
Ap198723,368-83-7703,Michelle Norris,1988-06-24,Male,Divorced,Bachelor's Degree
Ap675644,342-24-8956,Casey Crawford,1961-11-23,Male,Separated,Bachelor's Degree
Ap372933,330-50-2970,Robert West,1983-03-08,Other,Divorced,Associate's Degree
Ap984152,677-41-6767,Sarah Smith,1971-01-28,Female,Divorced,Bachelor's Degree
Ap953088,422-72-3364,Christopher Day,1959-12-14,Other,Divorced,High School Diploma
Ap930460,491-80-2105,George Jones,1987-01-10,Other,Married,High School Diploma
Ap950916,769-97-4002,David Morales MD,1987-03-17,Female,Separated,Bachelor's Degree
Ap132154,709-72-3764,William Hinton,1953-04-23,Other,Separated,High School Diploma
Ap313942,631-21-3229,Ariel Curtis,1993-11-09,Male,Separated,Doctorate
Ap364480,771-11-4697,Jessica Smith,1978-01-25,Other,Single,Associate's Degree
Ap465821,886-96-7856,Troy Rivera,1971-04-14,Male,Divorced,Some College
Ap954211,278-79-6504,Thomas Fitzgerald,1956-02-24,Female,Separated,Master's Degree
Ap381173,838-98-1286,Justin Robinson,1959-11-11,Male,Single,Associate's Degree
Ap945633,538-11-9704,Kathryn Weaver,1958-09-07,Female,Single,Associate's Degree
Ap132265,710-01-5866,Christopher Davis Jr.,2004-03-10,Male,Separated,Associate's Degree
Ap465060,894-22-1559,Christine Burke,1999-05-10,Other,Married,Master's Degree
Ap343322,847-21-8577,Heather Thompson,1983-01-01,Female,Married,Some College
Ap274944,464-53-0775,Megan Santiago,1958-02-04,Male,Widowed,Bachelor's Degree
Ap670485,005-19-3779,Mrs. Christina Grant,1989-10-07,Other,Separated,Associate's Degree
Ap548396,650-89-2654,Steve Hernandez,1989-06-06,Other,Separated,Associate's Degree
Ap254782,672-11-7797,Brian Porter,2006-07-05,Male,Divorced,High School Diploma
Ap784846,255-10-7467,David Potter,2006-06-06,Female,Widowed,Associate's Degree
Ap171907,270-20-9626,Timothy Good,1978-02-09,Male,Separated,Master's Degree
Ap302967,845-38-4333,Karen Stanley,1959-08-06,Other,Widowed,Master's Degree
Ap950867,056-69-5867,Stephanie Sanchez,1999-07-02,Other,Separated,Bachelor's Degree
Ap402775,590-21-0670,Elizabeth Garcia,1998-08-15,Female,Widowed,Doctorate
Ap491182,120-52-5061,George Mack,1976-11-29,Other,Widowed,Associate's Degree
Ap856892,064-05-4195,Joseph Richmond,1950-03-05,Other,Divorced,Bachelor's Degree
Ap382247,501-54-6223,Brandon Nguyen,1990-02-13,Male,Married,Associate's Degree
Ap164772,326-69-5710,Catherine Thompson,2006-01-04,Male,Widowed,Bachelor's Degree
Ap226108,128-69-4855,Sarah Guzman,1968-02-03,Male,Separated,Associate's Degree
Ap114382,691-51-3150,Christine Goodwin MD,1949-12-19,Female,Separated,Master's Degree
Ap184291,249-04-3047,James Lee,1963-12-26,Female,Single,Some College
Ap463339,776-77-7699,Faith Davis,1961-11-04,Female,Widowed,High School Diploma
Ap759116,875-37-0914,Kevin Hayes,1991-06-03,Female,Widowed,Bachelor's Degree
Ap382753,855-33-2251,Anthony Hernandez,1988-09-08,Female,Single,Doctorate
Ap247550,404-67-0524,Johnathan Rodriguez,1960-12-12,Female,Divorced,Associate's Degree
Ap332050,204-90-9505,Colton Thomas,1996-07-15,Female,Divorced,Bachelor's Degree
Ap532882,631-50-3854,Misty Johnson,1950-07-01,Female,Married,Doctorate
Ap437827,772-44-7069,Laura Smith,1999-06-12,Male,Separated,High School Diploma
Ap592313,249-34-4234,Jennifer Flores,1954-07-15,Other,Single,Master's Degree
Ap486858,390-06-5026,Ronald Anderson,1996-05-05,Female,Divorced,High School Diploma
Ap754618,429-41-5409,Joshua Franklin,1998-10-29,Male,Separated,Some College
Ap695603,553-03-2167,Kent Singh DDS,1988-09-16,Male,Single,Master's Degree
Ap964266,849-36-3596,Tyler Wood,1980-11-09,Other,Separated,Some College
Ap488349,524-65-1805,Joanna Allen,1965-10-01,Other,Married,Bachelor's Degree
Ap114153,749-19-7835,Michelle Hernandez,1994-01-07,Female,Divorced,Some College
Ap700613,432-91-9353,Samantha Anderson,1996-03-29,Male,Divorced,Doctorate
Ap340773,742-19-0827,Melissa Mitchell,1987-12-05,Other,Divorced,Bachelor's Degree
Ap155318,491-23-1559,Adam Cline,2004-11-29,Other,Separated,High School Diploma
Ap494030,321-46-9571,Anthony Newman,1962-08-22,Male,Widowed,Some College
Ap477177,605-13-0721,Christopher Cook,1951-09-14,Other,Separated,Master's Degree
Ap176077,066-79-9268,Tiffany Cline,1997-08-04,Male,Single,Associate's Degree
Ap976906,719-69-8280,Candace Ramos,1966-05-31,Male,Married,Doctorate
Ap233515,836-92-3630,Sandy Hall,1997-01-06,Other,Single,Associate's Degree
Ap306988,769-68-6931,Veronica Ramos,1974-11-13,Male,Single,Bachelor's Degree
Ap959751,885-93-8140,Paul Patel,1983-11-27,Male,Widowed,Associate's Degree
Ap225885,146-14-3394,Jeffrey Hayes,1985-04-05,Female,Divorced,High School Diploma
Ap996209,509-44-8007,Pamela Haley,1957-12-11,Other,Single,Doctorate
Ap641656,555-71-9383,Mrs. Stephanie Mitchell,1988-03-29,Female,Married,Bachelor's Degree
Ap770688,142-91-7139,Jennifer Ferrell,1977-07-31,Other,Separated,Bachelor's Degree
Ap288014,212-84-5026,Rachel Blake,1959-09-06,Male,Widowed,Doctorate
Ap191751,434-20-1480,Ryan Melton,1997-07-16,Female,Married,High School Diploma
Ap330203,320-86-9658,John Wilson,1950-02-27,Male,Separated,Master's Degree
Ap913738,506-89-5350,Beth Oconnell MD,1985-11-05,Male,Separated,Associate's Degree
Ap795275,890-01-3203,Nicole Newton,1998-01-11,Male,Divorced,Some College
Ap923651,234-05-5694,Mr. William Hughes DDS,1987-05-11,Other,Separated,Master's Degree
Ap311951,120-59-0053,Jeffery Brock,2001-09-08,Other,Single,High School Diploma
Ap605155,449-98-2063,Adrian Anderson,1958-01-16,Male,Divorced,Bachelor's Degree
Ap295716,062-72-6813,Travis Johnson,1978-04-16,Female,Separated,High School Diploma
Ap684567,163-07-3484,Jose Huffman,1953-09-13,Male,Married,Bachelor's Degree
Ap415172,542-52-0601,Paul Evans,1962-10-02,Male,Separated,Master's Degree
Ap990695,325-78-9927,Jason Walker,1954-04-22,Other,Married,Doctorate
Ap100126,215-29-7016,Steven Richardson,1950-06-22,Male,Widowed,Master's Degree
Ap938761,091-50-1924,Gwendolyn Andrade,2005-03-18,Female,Divorced,Bachelor's Degree
Ap127632,146-88-0725,Chad Robinson,1966-10-16,Male,Single,Some College
Ap600315,062-65-7591,Krista Rhodes,1964-06-11,Other,Separated,High School Diploma
Ap820670,248-89-9371,Carol Bruce,1949-07-24,Female,Widowed,Doctorate
Ap209945,427-42-1360,Catherine Arias,1975-02-08,Male,Married,Associate's Degree
Ap417320,437-94-6044,Amanda James,1956-11-16,Female,Widowed,Master's Degree
Ap350869,701-60-6845,Deborah Harding,1994-10-31,Other,Single,High School Diploma
Ap841426,642-43-8545,Ian Cox,1992-03-23,Male,Married,Master's Degree
Ap598716,479-20-0990,William Frazier,1957-06-30,Other,Widowed,Master's Degree
Ap275399,891-44-9346,Gregory Garrett,1950-03-17,Other,Separated,Doctorate
Ap562120,312-27-4744,Michael Holland,1994-10-10,Female,Single,High School Diploma
Ap234869,229-87-2262,Sherry Hoffman,1962-01-24,Female,Separated,Doctorate
Ap278954,364-44-2448,Gregory Adams,1957-12-19,Other,Divorced,Associate's Degree
Ap769078,563-49-6569,Angela Williams,1974-09-11,Other,Separated,Some College
Ap134560,021-49-2471,Thomas Jacobs,1979-07-23,Female,Divorced,Master's Degree
Ap963021,117-80-9547,Jacob Parker,1968-05-17,Other,Separated,Master's Degree
Ap384260,155-37-5288,Steven Barnes,1951-03-03,Other,Married,Associate's Degree
Ap232717,885-91-3792,Tanya Raymond,1980-07-15,Female,Married,Bachelor's Degree
Ap278595,784-13-0178,Charles Marshall,2002-12-28,Female,Single,Master's Degree
Ap748373,212-87-5388,Kimberly Sullivan,1976-03-16,Other,Divorced,Some College
Ap479862,369-31-7438,Jade Lynn,1994-07-29,Other,Widowed,Doctorate
Ap905688,122-15-6637,Frank Murphy,1977-05-05,Female,Single,Associate's Degree
Ap594592,542-48-6414,Courtney Castro,1982-10-09,Male,Single,Associate's Degree
Ap200158,530-74-4695,Carol Robinson,1985-12-07,Other,Separated,Master's Degree
Ap808533,396-30-0054,Susan Owens,1989-01-11,Other,Separated,Some College
Ap268502,822-45-1863,Harold Wilson,2007-03-05,Other,Married,High School Diploma
Ap532498,177-10-7024,Mary Bryant MD,1974-10-29,Female,Divorced,Bachelor's Degree
Ap430388,484-46-3892,Caroline Thomas,1965-01-29,Male,Married,Master's Degree
Ap767054,891-03-8054,Andre Aguilar,1957-11-05,Other,Single,Master's Degree
Ap418408,030-09-6327,Darrell Wilson,1966-06-26,Other,Widowed,Some College
Ap568276,182-08-8304,Chelsey Conner,1972-11-16,Other,Divorced,Bachelor's Degree
Ap157545,356-73-1475,Nina Moore,1985-10-23,Male,Married,Doctorate
Ap611411,426-89-2074,Richard Rodriguez,1950-01-04,Male,Widowed,High School Diploma
Ap925656,302-28-4820,Richard Garcia,1964-04-25,Male,Married,Some College
Ap984377,103-40-5764,Douglas Graham,1975-09-28,Other,Married,Associate's Degree
Ap113224,200-10-5506,Cynthia Villarreal,1967-09-22,Male,Divorced,Bachelor's Degree
Ap140738,090-78-0336,Brandy Martin,1994-04-23,Female,Widowed,Some College
Ap950163,246-05-7893,Danielle Tran,1999-05-11,Other,Divorced,High School Diploma
Ap280760,800-45-7959,Shannon Guzman,1963-05-02,Female,Single,Associate's Degree
Ap863978,237-08-3115,Kara Hall,1999-03-16,Female,Divorced,Bachelor's Degree
Ap566725,389-94-7806,Michael Fowler,1992-11-22,Other,Widowed,High School Diploma
Ap763937,316-40-5242,Scott Duncan MD,1957-03-10,Female,Single,Doctorate
Ap632358,434-10-4149,Lisa Burgess,1996-12-17,Other,Married,Bachelor's Degree
Ap226161,365-90-4410,Amber Woods,1994-04-26,Other,Single,Some College
Ap632954,862-50-1267,Shannon Hunt,2001-10-26,Male,Separated,Some College
Ap944193,593-07-5485,Richard Hodges,1990-09-12,Other,Married,Doctorate
Ap398512,313-24-5577,Jessica Davis,1963-01-09,Female,Divorced,High School Diploma
Ap762143,646-44-2671,Howard Smith,1966-10-22,Male,Widowed,Associate's Degree
Ap666202,786-25-5096,Olivia Peterson,1983-02-14,Other,Separated,Doctorate
Ap301579,725-11-8654,Casey Logan,1995-01-13,Female,Divorced,Some College
Ap752026,711-56-4754,Michael Wright,1965-02-10,Female,Widowed,High School Diploma
Ap871253,516-64-7248,Eric Brown,1966-05-07,Other,Single,Doctorate
Ap604471,239-93-0831,Anthony Morgan,1953-07-09,Male,Married,Doctorate
Ap429670,894-36-2758,Jacob Harris,1978-05-17,Other,Divorced,High School Diploma
Ap906388,004-14-3454,Hayley Prince,1981-08-25,Female,Separated,Bachelor's Degree
Ap318967,840-69-9128,Renee Smith,1984-04-30,Other,Married,High School Diploma
Ap932672,248-95-8353,Michael Smith,1968-10-14,Other,Separated,Doctorate
Ap483152,498-93-4411,Victoria Boyd,1985-09-18,Male,Separated,Bachelor's Degree
Ap194270,602-47-2077,Gregory Daniels,2003-07-29,Female,Single,High School Diploma
Ap891189,141-11-0635,Christopher Jones,1969-09-26,Female,Separated,Some College
Ap643385,183-23-1837,Jordan Hancock,1952-09-13,Other,Separated,Associate's Degree
Ap765755,275-87-1409,Andrea Parrish,1966-02-05,Male,Separated,High School Diploma
Ap247313,532-23-9053,Kevin Harvey,1972-11-20,Other,Widowed,Doctorate
Ap990324,521-10-5380,Jeffrey Hall,1957-07-09,Male,Widowed,Bachelor's Degree
Ap258768,071-87-4644,Peggy Hernandez,1998-12-15,Other,Widowed,High School Diploma
Ap346726,809-13-0216,Douglas Martin,2002-01-18,Male,Widowed,Some College
Ap956912,315-35-7151,Michelle White,1967-08-21,Female,Married,High School Diploma
Ap670451,087-33-7579,Chad Dunn,1952-11-22,Male,Divorced,Doctorate
Ap119816,320-08-4245,Paula Rivera,1954-10-15,Male,Married,Some College
Ap857907,291-77-0430,Melissa Taylor,1997-01-19,Male,Widowed,Master's Degree
Ap414997,104-81-9252,Susan Garcia,1966-04-11,Female,Married,High School Diploma
Ap255989,869-76-3120,Maria Graham,1954-05-27,Female,Single,Some College
Ap721019,219-27-8592,Matthew Nelson,2004-08-11,Other,Separated,Some College
Ap776926,134-33-1962,Eric Jensen,1980-05-12,Male,Single,Master's Degree
Ap306524,496-36-2056,Mary Rodriguez DDS,2005-02-25,Other,Separated,High School Diploma
Ap687111,650-85-9361,Justin Herrera,1982-07-21,Male,Married,Doctorate
Ap251878,651-62-1511,Jill Swanson,1955-06-01,Female,Separated,Associate's Degree
Ap830880,852-15-4133,Austin Luna,1997-01-16,Male,Single,Doctorate
Ap626047,375-77-5788,Brandon Hoffman,1951-09-01,Male,Single,Master's Degree
Ap881452,216-07-6567,Veronica Walker,1990-06-08,Female,Divorced,Master's Degree
Ap535165,350-52-1090,Cindy Dickerson,2001-04-09,Other,Divorced,Some College
Ap978806,223-11-5625,Jennifer Moore,2001-02-13,Female,Single,Master's Degree
Ap233554,445-38-2321,Daisy Barnes,1990-09-09,Other,Married,Bachelor's Degree
Ap910874,205-41-0629,William Stewart,1956-10-11,Female,Single,Associate's Degree
Ap551282,209-48-4734,Anthony Adams,1955-12-04,Other,Married,Bachelor's Degree
Ap193501,078-37-0043,Mark Carter,1949-07-06,Other,Divorced,Associate's Degree
Ap364223,363-76-5663,Laura Taylor,1973-11-19,Male,Widowed,High School Diploma
Ap159676,104-05-2592,Cindy Gutierrez,1964-12-23,Female,Married,Master's Degree
Ap841804,509-44-6040,Adrienne Oconnor,1992-09-12,Female,Widowed,Bachelor's Degree
Ap273532,817-67-9013,Devon Cunningham,1992-03-20,Male,Separated,Associate's Degree
Ap714685,325-54-1489,Karen Carroll,1977-12-23,Male,Widowed,High School Diploma
Ap697135,660-20-2107,Brian Jones,1984-05-11,Male,Single,Doctorate
Ap717895,052-73-7988,Jennifer King,1973-08-26,Other,Separated,Associate's Degree
Ap320178,821-72-9178,Kathy Tanner,1963-08-28,Male,Married,Master's Degree
Ap249521,486-88-7053,Jennifer Wang,1985-04-07,Male,Single,Doctorate
Ap526752,385-20-4624,Robert Le,1984-03-10,Male,Married,High School Diploma
Ap688365,255-11-3968,Amy Gardner,1955-07-29,Male,Separated,Master's Degree
Ap924690,095-95-8507,Julia Gonzalez,1972-07-17,Male,Divorced,Some College
Ap803662,467-01-8016,Valerie Brady,1965-03-31,Male,Widowed,Associate's Degree
Ap357009,501-30-7347,Jennifer Dean,1950-11-10,Other,Separated,Bachelor's Degree
Ap237717,197-23-7908,Kyle Jennings,1965-05-01,Female,Widowed,High School Diploma
Ap481915,842-34-7829,Danny Romero DVM,1987-08-08,Female,Single,High School Diploma
Ap662288,066-05-1617,Diamond Jackson,1974-05-24,Other,Widowed,Some College
Ap651025,025-64-9373,Ashley Smith,1956-03-19,Female,Single,Doctorate
Ap897917,697-95-8589,Brooke Mccarthy MD,2007-03-01,Male,Married,Doctorate
Ap400709,078-14-8034,Donna Gordon,2000-01-10,Other,Widowed,Some College
Ap951587,810-62-1295,Madeline Hicks,1994-07-23,Female,Widowed,Bachelor's Degree
Ap286240,677-59-8855,Sara Rogers MD,1986-10-26,Other,Separated,Master's Degree
Ap676775,814-97-6448,Matthew Mosley,1952-03-12,Other,Divorced,High School Diploma
Ap374486,610-06-9635,Mackenzie Martin,1960-04-28,Female,Separated,High School Diploma
Ap402950,004-64-8997,Angela Davis,2004-06-26,Female,Divorced,Associate's Degree
Ap410914,896-90-3937,Catherine Castillo,1970-06-13,Male,Separated,High School Diploma
Ap178623,335-62-7334,Charlotte Norman,1960-06-14,Female,Married,Master's Degree
Ap465321,338-34-5907,Christopher Black,1967-04-22,Male,Widowed,Doctorate
Ap962061,167-23-3148,Sherry Hernandez,1967-04-18,Other,Separated,Some College
Ap283675,163-06-3633,Kelsey Thomas,1973-11-02,Male,Married,Master's Degree
Ap837334,584-17-0025,Bonnie Brooks,1968-03-22,Other,Single,Bachelor's Degree
Ap730235,760-27-5181,Manuel Carey,1998-02-22,Female,Single,Doctorate
Ap912831,646-78-1514,Christopher Ruiz,1964-09-07,Other,Widowed,Some College
Ap752465,664-53-0826,Alexandra Villa,1957-12-18,Other,Separated,Bachelor's Degree
Ap316454,047-70-3645,Lori Harris,1977-08-30,Female,Divorced,Master's Degree
Ap209575,108-95-3823,Jason Morales,1952-07-21,Other,Separated,Bachelor's Degree
Ap997336,763-80-5476,Jesse Gomez,1993-02-28,Female,Married,Some College
Ap307606,571-69-3394,David Baker,1949-08-05,Other,Married,Bachelor's Degree
Ap605815,718-32-1475,Vanessa Reynolds,1955-06-21,Female,Divorced,Some College
Ap392822,380-34-1362,Kevin Robertson,1999-07-16,Female,Single,High School Diploma
Ap176218,481-09-9136,Diana Hanson,1967-12-05,Male,Divorced,Some College
Ap687518,104-91-4435,Wanda Donovan,1996-06-04,Female,Single,Master's Degree
Ap870044,682-93-6372,Connie Harris,1977-06-30,Male,Widowed,Associate's Degree
Ap436199,034-24-3485,Jennifer Gonzalez,1995-01-21,Female,Separated,Bachelor's Degree
Ap549589,280-51-3684,Mark Thompson,1980-12-06,Male,Separated,Master's Degree
Ap786840,088-49-4892,Jennifer Sandoval,1953-06-22,Other,Divorced,Doctorate
Ap578446,689-58-3031,James Lucas,1996-06-30,Male,Widowed,Some College
Ap562052,608-88-0049,Michael Robinson,1999-06-12,Female,Widowed,Some College
Ap434402,777-70-2610,PHILLIP GARCIA,1971-12-02,Female,Separated,Some College
Ap139986,630-17-9649,Deborah Lyons,1977-01-03,Male,Single,Doctorate
Ap779520,786-93-6686,Ashley Shields,1988-06-22,Male,Single,Bachelor's Degree
Ap447739,185-13-1856,Nathaniel Hill,2001-06-23,Other,Separated,Master's Degree
Ap725646,841-25-5903,Joshua Ramirez,1991-04-02,Female,Separated,High School Diploma
Ap572327,649-25-0562,Frank Ross,1984-09-12,Male,Separated,Some College
Ap427073,069-27-2504,Jonathan Avila,1950-05-03,Female,Married,Associate's Degree
Ap697794,521-85-7205,Katie Robertson,1959-04-30,Male,Single,High School Diploma
Ap134911,752-58-3672,Danielle May,1986-03-21,Other,Married,High School Diploma
Ap973559,117-39-5445,James Dunn,1968-11-22,Other,Single,Associate's Degree
Ap525037,417-92-3644,Joe Bradshaw,1984-08-04,Other,Divorced,High School Diploma
Ap830399,805-32-3320,Laurie Lowe,1952-12-21,Other,Single,Some College
Ap999885,664-27-7500,Garrett Thomas,1998-04-01,Female,Divorced,Master's Degree
Ap708746,361-76-3892,Sally Lloyd,1975-01-05,Female,Single,Some College
Ap112175,712-25-4153,James Cook,2004-11-27,Other,Widowed,Associate's Degree
Ap416915,006-18-1778,Richard Bean,1954-11-26,Male,Divorced,Bachelor's Degree
Ap599876,654-46-8694,Tonya Jordan,1960-07-18,Male,Married,Bachelor's Degree
Ap745588,770-59-2345,Jennifer Simpson,1985-11-18,Male,Single,High School Diploma
Ap711213,437-22-7942,Christy Vargas,1960-12-26,Male,Married,Bachelor's Degree
Ap868734,827-87-1538,Molly Chung,2006-03-29,Male,Single,Master's Degree
Ap166358,896-50-1752,Megan Caldwell,1965-06-24,Male,Widowed,Bachelor's Degree
Ap510543,119-34-7862,David Walter,1977-02-24,Other,Divorced,High School Diploma
Ap147057,389-88-5872,Jennifer Wright,2003-06-16,Other,Widowed,Bachelor's Degree
Ap368294,584-32-3526,Jessica Johnson,1976-09-06,Female,Separated,High School Diploma
Ap890857,768-33-7113,Jason Roberts,1995-08-28,Male,Separated,Doctorate
Ap354726,402-33-0321,Angelica Morales,1973-12-06,Male,Divorced,Associate's Degree
Ap378176,778-23-7413,Noah Zimmerman,1967-12-24,Female,Separated,Doctorate
Ap626486,647-16-9206,Zachary Smith,1976-12-18,Female,Widowed,Some College
Ap808754,886-54-1175,Lucas Hernandez,1981-04-27,Female,Widowed,High School Diploma
Ap267292,441-52-4249,Deborah Frost,1987-12-07,Male,Separated,High School Diploma
Ap244931,672-94-7035,Karl Roberson,1982-06-11,Other,Divorced,High School Diploma
Ap543676,470-62-6641,Denise Chan,1949-06-24,Other,Single,Master's Degree
Ap262491,609-44-4534,Michelle Arias,1959-05-03,Male,Single,Associate's Degree
Ap481009,433-22-1793,Courtney Blair,1963-02-01,Other,Single,Bachelor's Degree
Ap501921,661-57-1415,Carrie Smith,2001-11-27,Female,Divorced,High School Diploma
Ap360910,057-38-4074,Madison Stevenson,1970-05-18,Male,Separated,Some College
Ap123236,412-77-5942,Krystal Lara,1957-10-30,Other,Divorced,Bachelor's Degree
Ap187955,277-11-0612,Rachel Blackburn,1990-05-16,Other,Divorced,High School Diploma
Ap840874,778-41-3529,Kenneth Herrera,1951-10-26,Male,Single,High School Diploma
Ap727433,845-55-7137,Brian Woodward,1981-05-09,Other,Divorced,Some College
Ap770718,445-46-7043,Rachel Moore,2005-03-18,Other,Separated,Master's Degree
Ap330785,863-14-5075,Todd Williams DDS,1983-10-11,Other,Single,High School Diploma
Ap194914,342-99-8044,Bobby Edwards,1994-11-24,Other,Divorced,Doctorate
Ap989302,306-44-9625,Logan Collier,1971-08-08,Female,Married,Bachelor's Degree
Ap307990,281-04-5922,David Cole,1966-04-07,Other,Divorced,Some College
Ap478387,784-34-7322,Tara Moore,1971-10-22,Other,Separated,Doctorate
Ap638884,581-76-5226,Bobby Lewis,2000-02-04,Male,Widowed,Some College
Ap756639,533-73-5884,Lisa Shaffer,1955-07-25,Male,Widowed,Master's Degree
Ap294269,551-47-5533,Adrian Lopez,1991-07-28,Male,Married,High School Diploma
Ap997928,332-42-3582,Kimberly Montoya,1966-04-21,Male,Divorced,Associate's Degree
Ap492417,721-41-7230,Robert Little,1984-06-20,Female,Single,High School Diploma
Ap238155,513-81-6895,Mrs. Jennifer Cunningham DVM,1978-02-18,Male,Single,Some College
Ap220674,379-80-3117,Donna Ryan,1949-04-12,Male,Separated,Associate's Degree
Ap881817,221-89-3360,Brad Pitts,1994-04-19,Male,Separated,Bachelor's Degree
Ap864757,857-02-6407,Kyle Rodriguez,1978-04-02,Male,Single,Bachelor's Degree
Ap356713,302-60-9022,Karen Washington,1965-03-25,Male,Married,Associate's Degree
Ap541501,321-07-2138,Rhonda Johnson,1953-08-29,Other,Separated,Bachelor's Degree
Ap643351,502-69-3081,Corey Oliver,1982-08-14,Male,Single,Doctorate
Ap167642,682-73-4824,ERIC MILLER,1971-09-30,Male,Divorced,Bachelor's Degree
Ap190093,288-07-2483,Carlos Smith,2002-08-07,Male,Divorced,Master's Degree
Ap607606,578-97-7446,Jordan Welch,1990-02-23,Male,Single,Doctorate
Ap317215,367-77-7951,NATHANIEL TORRES,1973-12-25,Female,Separated,Master's Degree
Ap807280,759-66-5401,Amanda Solis,1983-05-23,Male,Separated,Bachelor's Degree
Ap783889,377-38-3904,Austin Wilson,1955-04-20,Other,Separated,Associate's Degree
Ap135954,389-87-8328,Jeffrey Ortega,1980-08-13,Female,Single,High School Diploma
Ap127856,159-71-4576,Erika Bradley,1999-12-31,Female,Divorced,Doctorate
Ap626861,725-23-4716,Lucas Noble,2000-06-13,Male,Single,Some College
Ap659655,379-43-2226,Michael Harris,1951-03-15,Female,Single,Doctorate
Ap595553,853-97-0996,Renee Hoover,2006-02-04,Male,Separated,Associate's Degree
Ap862092,172-67-5609,Sandra Wolf,1976-05-25,Male,Single,Associate's Degree
Ap986040,276-46-2620,Gene Murphy,2000-12-02,Female,Single,Associate's Degree
Ap422918,850-78-7489,Melvin Green,1964-03-11,Other,Divorced,High School Diploma
Ap123752,314-82-5301,Eric Gonzalez,1986-06-22,Female,Married,Some College
Ap941461,020-41-7099,John Hall,2000-07-11,Female,Separated,Master's Degree
Ap248757,216-50-8823,Raymond Kelly,1997-02-17,Female,Divorced,Associate's Degree
Ap413837,177-25-4355,David Clark,1990-01-17,Other,Married,Master's Degree
Ap216739,438-07-7405,Cynthia Booth,1982-07-29,Other,Married,Some College
Ap942393,280-16-3761,Christine Davis,2005-05-25,Other,Divorced,High School Diploma
Ap338009,248-27-7775,Kim Jones,1987-09-03,Female,Widowed,Master's Degree
Ap880316,656-43-0039,Ronald Cabrera,1959-08-14,Female,Separated,High School Diploma
Ap307980,501-06-8258,ANTHONY HARRISON,1979-11-06,Male,Married,Master's Degree
Ap356609,601-71-9670,Jacob Miller,1977-05-02,Male,Separated,High School Diploma
Ap488822,563-17-2502,Chad Flynn,1951-01-28,Other,Widowed,Bachelor's Degree
Ap436676,505-42-1715,Bryan Kane,1962-04-08,Female,Married,Doctorate
Ap444138,701-80-6695,Erica Perez,1963-01-04,Female,Separated,High School Diploma
Ap418277,238-07-3105,Manuel Long MD,1972-07-17,Other,Single,Bachelor's Degree
Ap618271,291-19-3741,Misty Price,1956-04-15,Other,Widowed,Bachelor's Degree
Ap423412,419-65-0771,Michelle Cohen,1965-04-25,Male,Separated,High School Diploma
Ap585417,616-20-3673,Reginald Wright,1999-08-03,Other,Married,High School Diploma
Ap531459,181-25-6735,Daniel Decker,2002-12-15,Other,Separated,High School Diploma
Ap288456,393-44-8897,Eric Powell,1981-12-10,Male,Single,Bachelor's Degree
Ap655941,359-71-3402,Thomas Mitchell,1977-10-07,Male,Single,Doctorate
Ap257729,427-53-9110,Erica Pace,1974-02-14,Female,Widowed,High School Diploma
Ap328504,676-67-9305,Stephanie Kelly,1979-09-24,Female,Married,Master's Degree
Ap746117,122-07-9405,Julie Moore,1981-05-10,Male,Married,Master's Degree
Ap752665,593-31-4675,Amanda Li,1967-07-18,Male,Married,Doctorate
Ap625910,535-92-0211,Katrina Williams,1978-09-02,Male,Divorced,Doctorate
Ap673044,284-07-5527,Dawn Calderon,1995-02-01,Other,Separated,Doctorate
Ap140809,532-53-0144,Paul Bautista,1972-07-02,Female,Widowed,Associate's Degree
Ap641013,341-76-1805,Nicole Hudson,1987-12-04,Female,Separated,Associate's Degree
Ap816756,384-35-3095,Justin Sanchez,1958-11-06,Other,Separated,Doctorate
Ap151226,407-22-0749,Katherine Cole,1970-09-03,Other,Widowed,Master's Degree
Ap599512,376-86-1185,Tyler Stewart,1963-09-29,Female,Divorced,High School Diploma
Ap705470,080-66-6554,Kathy Freeman,1976-03-18,Male,Separated,High School Diploma
Ap575781,768-38-8093,Kimberly Henderson,1989-05-05,Male,Married,Some College
Ap129402,046-39-9855,Thomas Buchanan,1988-10-19,Male,Separated,Bachelor's Degree
Ap104263,311-66-3815,Mr. Scott Warren Jr.,1993-07-23,Female,Single,Doctorate
Ap851883,205-12-4946,Debra Brown,1953-04-10,Other,Separated,Bachelor's Degree
Ap277900,544-30-8235,LAUREN STEVENS,1969-12-20,Female,Separated,Doctorate
Ap672212,849-67-9311,Angel Grimes,1996-01-04,Other,Married,Master's Degree
Ap436326,286-19-3607,Daniel Acosta,1979-08-27,Female,Divorced,Bachelor's Degree
Ap324137,326-71-3239,Denise Allen,2005-01-11,Other,Married,Master's Degree
Ap552268,610-77-4566,Johnny Morris,1997-08-20,Other,Single,High School Diploma
Ap397881,481-99-7118,Paul Hoffman,1996-03-15,Other,Married,Bachelor's Degree
Ap463476,032-30-5306,Jeremiah Lewis,1988-04-16,Female,Single,Bachelor's Degree
Ap451707,434-27-8510,Frederick Davis,1963-12-10,Male,Single,Bachelor's Degree
Ap784733,284-37-5543,Kelly Rice,1960-04-29,Male,Married,Bachelor's Degree
Ap610585,864-93-1518,Nicole Obrien,1971-05-16,Male,Divorced,High School Diploma
Ap791757,281-68-7944,Craig Guzman,1986-04-20,Other,Divorced,Doctorate
Ap490719,287-90-5388,Jennifer Smith,1949-11-01,Male,Married,High School Diploma
Ap579361,361-47-1109,Rhonda Hoffman,1996-06-08,Male,Separated,Bachelor's Degree
Ap201371,058-13-0700,Amber Ramirez,1965-08-13,Male,Separated,High School Diploma
Ap662997,308-32-0047,Harold Bruce,1971-09-26,Other,Divorced,Master's Degree
Ap292192,850-26-9428,Nathan Williams,1997-11-27,Female,Separated,Some College
Ap250322,058-24-1928,Phillip Sullivan,1993-02-04,Male,Divorced,Bachelor's Degree
Ap121172,454-15-4402,Drew Campbell,1975-11-05,Female,Married,Bachelor's Degree
Ap635843,245-55-1226,Mary James,1992-01-17,Other,Separated,Doctorate
Ap677564,114-94-6498,Holly Yoder,1958-03-16,Male,Separated,High School Diploma
Ap681780,253-44-1186,Susan Olson,1949-07-28,Female,Divorced,Some College
Ap808362,652-60-1006,James Noble,1973-08-08,Male,Single,Bachelor's Degree
Ap613319,059-61-4662,Kendra Johnson,1962-02-12,Other,Married,Master's Degree
Ap880298,800-23-9912,Rodney Ayala,1956-01-21,Female,Single,Bachelor's Degree
Ap976031,126-65-3523,Barbara Browning,1993-01-27,Male,Divorced,Doctorate
Ap322320,813-74-4601,Victor Williams,1973-05-06,Female,Widowed,Doctorate
Ap517978,189-67-8635,Andrew Butler,1994-12-13,Other,Married,Doctorate
Ap111046,659-78-0337,Molly Fuller,1998-09-04,Male,Widowed,Some College
Ap328071,428-35-5001,Jeffrey Campbell,1982-05-19,Other,Widowed,High School Diploma
Ap478165,026-57-3225,Craig Gomez,1984-08-12,Male,Divorced,High School Diploma
Ap808662,355-72-0332,Robert Andersen,2007-02-23,Female,Widowed,Doctorate
Ap516366,168-40-2011,Melissa Jacobs,1987-06-27,Female,Married,High School Diploma
Ap366997,431-60-7163,Rachel Rojas,1966-11-15,Male,Single,Doctorate
Ap745188,586-15-7845,Peter Smith,1997-08-08,Other,Single,High School Diploma
Ap582615,529-96-5111,Kelly Mendoza DDS,1949-04-25,Female,Divorced,Master's Degree
Ap515008,182-90-1777,Gary Burnett,1999-02-20,Female,Married,Associate's Degree
Ap683417,766-84-3140,Paul Miller,1966-05-07,Other,Married,Doctorate
Ap861379,077-04-7878,Amanda Solis,1984-02-14,Other,Married,Some College
Ap305550,689-89-2328,Nicole Parker,1971-08-23,Male,Divorced,Bachelor's Degree
Ap344883,558-83-5334,Cheryl Thomas,1953-12-03,Other,Married,Associate's Degree
Ap738418,212-59-7863,John Moss,1953-03-21,Other,Separated,Some College
Ap560514,779-30-1286,Gloria Johnson,1992-02-15,Female,Single,Bachelor's Degree
Ap771210,774-76-8387,William Sutton,1959-07-20,Other,Single,High School Diploma
Ap221789,144-32-5181,John Smith,1958-08-20,Female,Married,Master's Degree
Ap779418,464-72-8786,Arthur Bennett PhD,1992-01-15,Other,Divorced,Associate's Degree
Ap800780,822-01-6150,Dakota Scott,1956-06-27,Female,Married,Doctorate
Ap663178,657-27-2633,Kevin Rodriguez,1972-03-18,Other,Widowed,Associate's Degree
Ap166017,256-80-5748,Kristina Floyd,1969-11-17,Male,Divorced,Master's Degree
Ap278376,474-31-0456,Sarah Barton,1965-11-07,Other,Single,Bachelor's Degree
Ap788281,061-64-4509,Aimee Miller,1987-03-25,Other,Widowed,Associate's Degree
Ap599137,638-03-1114,Ellen Wilson,1952-11-08,Female,Single,Associate's Degree
Ap756884,630-04-0217,Kendra Evans,2006-03-01,Other,Widowed,Doctorate
Ap724712,281-55-1753,Elizabeth Gordon,1960-08-14,Male,Single,Associate's Degree
Ap901480,414-84-0891,Mark Taylor,1955-05-17,Male,Single,Doctorate
Ap793264,584-63-8299,Danielle Blake,1982-02-18,Other,Married,Some College
Ap941344,407-48-4660,Daniel Callahan,1972-08-06,Female,Widowed,Doctorate
Ap658296,884-14-6246,Phillip Williams,1971-07-23,Other,Separated,Master's Degree
Ap493276,114-72-6712,Kaylee Johnson,1976-12-28,Female,Separated,Some College
Ap830026,389-72-3441,Tyler Harris,1953-03-24,Other,Married,Bachelor's Degree
Ap707847,400-27-3460,Edward Todd,1956-01-30,Other,Divorced,Some College
Ap155337,419-58-1822,Mrs. Tonya Wallace,1981-03-30,Male,Separated,Associate's Degree
Ap997048,340-40-8344,LISA QUINN,2001-01-02,Other,Separated,Bachelor's Degree
Ap375494,139-43-4479,Devin Preston,1980-01-10,Other,Married,Associate's Degree
Ap124354,755-50-3389,Kimberly Mckenzie,1976-02-17,Female,Separated,Doctorate
Ap145186,047-84-4122,Robert Gonzales,1957-02-01,Female,Married,Some College
Ap652433,705-12-6272,Kelly Lopez,1982-06-25,Female,Divorced,Master's Degree
Ap527236,567-95-2532,ROGER COOLEY,2001-08-10,Other,Separated,Master's Degree
Ap710411,367-45-6040,Jason Richmond,1961-10-23,Male,Widowed,Master's Degree
Ap599883,336-90-0126,David Fernandez,2002-04-02,Other,Divorced,Some College
Ap830546,341-03-7282,Joseph Rocha,1991-01-09,Male,Married,Doctorate
Ap840829,265-41-4305,Mr. Ronald Fletcher,1997-11-02,Other,Single,High School Diploma
Ap644869,801-05-5164,Paige Bernard,1954-12-01,Female,Divorced,High School Diploma
Ap713217,702-21-0842,WILLIAM WHEELER DDS,1993-11-14,Female,Married,Doctorate
Ap385195,148-52-9013,Jodi Weiss,1989-08-06,Other,Single,Bachelor's Degree
Ap675762,585-58-9852,Samantha Harrison,1963-10-09,Male,Widowed,High School Diploma
Ap716036,692-32-8918,SOPHIA HICKS,1973-04-07,Female,Separated,Doctorate
Ap225995,056-29-0224,Madison Wright,1962-04-04,Male,Single,Bachelor's Degree
Ap345690,237-10-5175,MARK PAYNE,1960-05-24,Female,Widowed,Master's Degree
Ap431770,111-59-0634,Ian Anthony,1950-04-13,Male,Widowed,Associate's Degree
Ap893392,003-77-4877,Samantha White,1992-12-05,Other,Divorced,Some College
Ap528988,068-76-3985,Anthony Mcdonald,1949-04-26,Female,Married,Master's Degree
Ap280553,791-97-9929,Donald Parsons PhD,1994-08-29,Female,Divorced,Bachelor's Degree
Ap660696,104-53-4274,William Sanchez,1963-05-10,Female,Separated,Associate's Degree
Ap980438,862-85-0318,Victoria Ferguson,1978-12-15,Male,Widowed,Associate's Degree
Ap359568,587-05-7700,John White,1987-09-23,Male,Separated,Doctorate
Ap419278,658-88-9314,Margaret Martin,1967-07-20,Male,Single,Some College
Ap251563,312-14-9512,Marissa Watkins,1989-07-29,Female,Married,Some College
Ap756701,179-24-0258,Mr. Scott Martin,1988-09-14,Female,Married,Master's Degree
Ap799983,368-52-9624,Nicholas Davis,1984-06-01,Male,Single,Doctorate
Ap714615,454-20-5215,Robert Peterson,1999-01-06,Female,Married,High School Diploma
Ap493554,047-23-8192,Mark Barnes,1999-02-26,Male,Separated,Associate's Degree
Ap302503,190-78-3933,Larry Daugherty,1958-10-10,Other,Separated,High School Diploma
Ap243326,710-82-3675,David Lewis,1985-04-05,Other,Divorced,Master's Degree
Ap807220,452-66-2712,Cynthia Silva,1969-09-27,Male,Divorced,Associate's Degree
Ap111344,879-61-5781,Ronald Wood,1961-06-05,Other,Divorced,Bachelor's Degree
Ap494966,602-85-2752,Robert Daniels,1992-02-20,Other,Married,Bachelor's Degree
Ap692245,851-22-8382,George King,1986-01-06,Male,Divorced,High School Diploma
Ap205423,178-53-6162,Christine Smith,2002-08-15,Other,Divorced,Doctorate
Ap420197,152-21-2804,Jason Benson,1999-10-25,Other,Single,Associate's Degree
Ap564071,863-59-3358,Aaron Thomas,1966-02-05,Male,Married,Master's Degree
Ap771256,597-73-7421,Juan Sutton,1962-08-15,Other,Single,Master's Degree
Ap286833,770-20-3908,William Santiago DDS,2005-08-14,Male,Widowed,Master's Degree
Ap817912,389-58-1913,Julie Winters,1951-02-13,Female,Married,Doctorate
Ap875435,662-80-7448,Timothy Conrad,1974-06-27,Other,Separated,Bachelor's Degree
Ap177454,154-01-0670,Samantha Hart,1988-10-10,Other,Divorced,Some College
Ap357594,028-05-0968,Kristen Valenzuela,1965-02-19,Female,Divorced,Master's Degree
Ap611897,299-67-4475,Stacy Pacheco,1989-05-31,Male,Single,Doctorate
Ap452744,640-07-3888,JOSHUA MORRIS,1968-10-03,Male,Separated,Master's Degree
Ap616142,106-50-4572,Jessica Wagner,1976-08-05,Male,Married,Some College
Ap137641,152-83-1957,Jennifer Rich,2000-02-27,Male,Widowed,Master's Degree
Ap653999,846-05-4705,Richard Barnett,1997-12-01,Female,Separated,Some College
Ap956774,744-15-7583,Erica Franklin,1963-07-30,Other,Married,High School Diploma
Ap469040,783-88-4005,Jessica Larson,1955-07-09,Other,Divorced,Master's Degree
Ap767542,802-69-5069,Bradley Gilbert,1973-10-20,Male,Widowed,Master's Degree
Ap712121,719-39-0239,Monica Stein,2002-05-11,Male,Separated,Doctorate
Ap418420,568-60-5081,Kevin White MD,1997-03-26,Other,Divorced,Bachelor's Degree
Ap381685,833-07-9518,Gregory Sandoval,1987-10-23,Male,Married,Some College
Ap980889,852-32-9348,Alicia Lane,1952-03-04,Other,Divorced,High School Diploma
Ap575526,014-61-5297,Holly Fox,1998-02-16,Female,Widowed,Some College
Ap144813,637-37-7801,Joseph Thomas,1982-05-08,Female,Separated,Master's Degree
Ap792558,549-20-8166,Tiffany Jensen,1969-03-09,Male,Married,High School Diploma
Ap764180,430-39-8961,Suzanne Collins,2005-01-21,Female,Widowed,Some College
Ap386214,523-07-0053,Christine Farley,1952-07-08,Male,Married,Doctorate
Ap442703,254-08-8943,Bruce Harrell,1971-06-10,Other,Divorced,Bachelor's Degree
Ap304615,683-86-3311,Jonathan Phillips,1954-09-15,Female,Single,Doctorate
Ap576657,797-53-6489,Maria Stewart,1979-09-11,Male,Single,Associate's Degree
Ap666074,818-61-3231,Roger Hampton,1995-12-15,Female,Divorced,Associate's Degree
Ap850294,525-89-1538,Tracey Powell,1991-03-30,Female,Single,Bachelor's Degree
Ap855164,465-85-7947,Catherine Smith,1993-12-23,Male,Widowed,Bachelor's Degree
Ap499953,780-19-2521,Lisa Nguyen,1955-08-22,Female,Widowed,Bachelor's Degree
Ap922494,333-77-6528,Jennifer Barnes,1981-05-09,Other,Widowed,Master's Degree
Ap938003,182-67-5709,Isabella Williams,1967-01-28,Other,Single,Some College
Ap387654,398-11-9685,Christina Montgomery,1968-11-05,Female,Single,Associate's Degree
Ap381570,329-99-2549,Brendan Ramirez,1970-10-15,Other,Widowed,Some College
Ap137265,271-42-7960,Donna Norman,1958-09-13,Other,Single,Master's Degree
Ap349321,453-48-3379,Kerri Salinas,1982-02-15,Female,Single,Doctorate
Ap166150,208-09-8966,John Green,1983-07-23,Other,Separated,Master's Degree
Ap711600,759-95-1241,William Small,1975-07-12,Female,Married,Associate's Degree
Ap189613,792-91-4849,Mitchell Wood,1974-03-19,Female,Divorced,Bachelor's Degree
Ap437054,270-55-1439,Becky Jones,1981-08-12,Other,Married,Associate's Degree
Ap938807,380-63-8420,Tyler Martinez,1950-07-30,Other,Widowed,Associate's Degree
Ap221826,558-92-8205,Michael Cole,1984-05-26,Female,Divorced,Bachelor's Degree
Ap659723,373-81-1324,Aaron Ramirez,1982-08-13,Other,Widowed,Bachelor's Degree
Ap982875,126-34-8336,Deborah Lopez,1974-03-03,Other,Widowed,Master's Degree
Ap550348,421-85-8816,Ryan Adams,1950-06-25,Other,Single,Doctorate
Ap310017,837-68-8665,Victoria Coleman,1968-02-03,Other,Married,High School Diploma
Ap234055,423-09-8678,Gary Jones,1965-01-02,Male,Married,Doctorate
Ap590457,151-14-5787,Julie Thompson,1981-01-07,Other,Married,Master's Degree
Ap776022,435-92-8363,Jessica Jimenez,1952-11-08,Male,Separated,Master's Degree
Ap909942,749-43-7326,Jessica Jackson,1996-12-05,Female,Married,Master's Degree
Ap833547,720-19-7440,Andrew Callahan,1980-09-04,Other,Separated,High School Diploma
Ap796358,226-48-9687,Kathleen Smith,1973-11-25,Other,Divorced,Doctorate
Ap550062,120-13-1359,Kyle Long,1996-11-18,Other,Single,Doctorate
Ap194071,171-36-8526,Regina Wilcox,1989-01-02,Other,Separated,Associate's Degree
Ap893072,725-03-5954,Matthew West,1986-05-31,Male,Married,Some College
Ap406691,452-73-8418,Michael Marshall,1998-02-25,Female,Single,Associate's Degree
Ap941052,377-75-5596,Antonio Morgan,1987-01-23,Male,Single,Doctorate
Ap246389,601-29-7502,Sean Lee,1957-05-23,Male,Married,Some College
Ap739896,481-52-2401,Andrew Jones,2004-08-19,Male,Widowed,High School Diploma
Ap369708,472-30-7969,Valerie Watson,1997-02-07,Female,Married,Master's Degree
Ap782705,096-17-2328,Stephanie Graham,1994-02-20,Other,Widowed,High School Diploma
Ap738112,693-22-5071,Courtney Gibson,1968-07-16,Female,Divorced,High School Diploma
Ap354444,236-30-7094,Beth Hardy,1954-09-01,Other,Divorced,Doctorate
Ap703561,620-80-2312,Jimmy Jones,1995-12-04,Female,Single,High School Diploma
Ap961291,364-17-6691,Eric Torres,1966-06-08,Female,Married,Bachelor's Degree
Ap311837,387-71-6432,Thomas Martin,1987-08-11,Other,Single,Bachelor's Degree
Ap210017,022-94-5461,Brianna Fitzgerald,1958-06-29,Male,Single,Master's Degree
Ap223618,424-34-0746,Linda Hall,1999-11-28,Female,Single,Bachelor's Degree
Ap559297,070-03-7120,Sandra Phillips,1978-03-30,Male,Divorced,Master's Degree
Ap225341,506-93-7126,John Bradford,2003-09-29,Female,Single,High School Diploma
Ap915862,708-89-0767,Michael Sanchez,1979-07-22,Male,Separated,Master's Degree
Ap830892,511-33-4677,Andrew Rogers,1991-12-13,Male,Married,Master's Degree
Ap652076,387-48-7140,Cynthia Meza,1954-04-23,Male,Single,Associate's Degree
Ap850865,817-04-5870,David Powell,1996-09-03,Male,Married,Bachelor's Degree
Ap541759,486-32-2038,Michael Wallace,2001-04-19,Other,Married,Bachelor's Degree
Ap955778,027-79-6310,Mary Barry,1981-10-17,Male,Separated,High School Diploma
Ap982554,548-94-6932,Amanda Harvey,1991-03-13,Female,Single,Some College
Ap664262,564-79-2707,Melanie Chavez,1977-07-03,Male,Widowed,Some College
Ap993741,146-81-0088,Tiffany Williams,1964-02-14,Other,Separated,Bachelor's Degree
Ap640659,627-91-7727,Brent Reed,1967-05-07,Female,Widowed,Associate's Degree
Ap931516,619-31-3665,Caleb Olsen,1982-03-08,Male,Married,Bachelor's Degree
Ap522845,168-41-8722,April Reynolds,1976-09-12,Female,Married,Associate's Degree
Ap806544,739-11-0700,Andrew Lee,1980-08-17,Male,Married,Bachelor's Degree
Ap424060,730-47-9129,Sarah Graves,1994-07-12,Male,Divorced,High School Diploma
Ap698260,062-04-1100,Mr. Sean Knox,1996-11-15,Other,Separated,Associate's Degree
Ap293259,492-58-2054,Laura Mitchell,1955-07-01,Female,Widowed,Associate's Degree
Ap375128,816-25-5640,Ashley Williamson,1996-12-30,Other,Divorced,Bachelor's Degree
Ap919471,530-82-1150,Karen Farmer,1996-06-17,Other,Divorced,Associate's Degree
Ap709719,004-23-2626,Heather Bentley,1979-12-28,Male,Widowed,Some College
Ap970123,322-23-1924,Michael Gordon,1975-01-06,Male,Separated,Some College
Ap945038,544-56-0434,Scott Garrett,1993-07-11,Other,Single,Doctorate
Ap503832,823-94-7254,Laura Poole,1968-08-31,Female,Single,Associate's Degree
Ap989097,353-35-4125,Robert Larson,1993-07-14,Other,Separated,Some College
Ap729661,194-83-2850,Casey Carter,1997-11-13,Male,Separated,Associate's Degree
Ap281144,200-65-5431,Linda Campbell,1995-09-24,Other,Divorced,High School Diploma
Ap911006,493-73-9812,Krystal Brown,1953-05-20,Female,Married,Some College
Ap350195,689-62-1396,Mr. Shawn Higgins,1962-11-03,Other,Single,Bachelor's Degree
Ap243748,403-50-6012,Amber Ramos,2005-11-03,Female,Widowed,Some College
Ap504032,524-56-3918,Leonard Carter,1970-12-03,Other,Single,Some College
Ap132733,722-58-5463,Lawrence Kim,1999-04-12,Other,Married,Master's Degree
Ap841040,478-50-4961,Jennifer Johnson,1965-08-05,Female,Divorced,Bachelor's Degree
Ap626338,673-19-7555,Michael Thomas,1950-02-24,Other,Separated,Associate's Degree
Ap209996,537-21-8799,Kari Kline,1994-10-07,Other,Divorced,Bachelor's Degree
Ap658221,377-10-1989,Gregory Brewer,1976-11-21,Other,Widowed,High School Diploma
Ap649239,585-07-0846,Evan Monroe,1969-06-07,Male,Single,Bachelor's Degree
Ap656701,683-99-6800,Benjamin Randall,1959-01-02,Female,Divorced,Master's Degree
Ap265873,747-95-4616,Crystal Meadows,1966-05-29,Other,Divorced,Associate's Degree
Ap810979,826-93-5737,Keith Branch,1984-01-20,Other,Divorced,Associate's Degree
Ap999005,371-64-0736,Christopher Hunt,1997-12-16,Male,Separated,Doctorate
Ap533816,514-30-6639,Dan Williams,1998-01-26,Male,Married,Doctorate
Ap813135,686-40-5274,Daniel House,1958-12-12,Female,Married,High School Diploma
Ap321888,168-67-9369,Mario Smith,1955-10-29,Female,Single,Master's Degree
Ap885332,002-16-7930,Justin Golden,1956-07-05,Male,Widowed,Doctorate
Ap845453,560-32-0515,James Holloway,1989-03-02,Male,Separated,Bachelor's Degree
Ap867950,424-97-8552,Philip Crawford,1995-10-07,Male,Married,Associate's Degree
Ap266472,072-78-5756,Timothy Robinson,1991-08-12,Female,Separated,Associate's Degree
Ap497710,770-21-1561,Christina Rowland,1958-10-27,Male,Single,Associate's Degree
Ap311760,466-88-3131,Marc Morales,1971-04-13,Female,Separated,High School Diploma
Ap222744,027-10-9511,ERIC JENSEN,1983-12-23,Male,Separated,Doctorate
Ap975863,372-77-2489,Jonathan Mitchell,1963-01-21,Female,Single,High School Diploma
Ap830051,343-51-7018,Elizabeth Logan,1999-06-20,Female,Divorced,Doctorate
Ap601946,264-42-6930,Linda Hernandez,1955-06-13,Male,Married,High School Diploma
Ap143001,318-87-1558,Julie Davis,1976-10-28,Male,Separated,Doctorate
Ap691652,407-68-2120,Bruce West,1949-11-25,Female,Separated,Doctorate
Ap931460,519-22-5409,Monica Sullivan,2001-01-16,Male,Single,Associate's Degree
Ap338506,438-42-0089,Joseph Murphy,1964-01-16,Male,Divorced,Associate's Degree
Ap853019,691-99-7566,Michael Cruz,1977-01-22,Male,Widowed,High School Diploma
Ap530789,256-32-1286,Cassandra Chapman,1981-09-15,Female,Single,Master's Degree
Ap756166,310-09-1916,Juan Kennedy,1949-11-06,Other,Divorced,Some College
Ap811998,415-31-4642,Janet Browning,1974-08-18,Female,Single,High School Diploma
Ap752589,480-27-3473,Christopher Ritter,1989-01-05,Female,Single,Doctorate
Ap599722,193-53-9215,Eric Robinson,1988-05-25,Male,Single,Bachelor's Degree
Ap785117,245-01-6186,Matthew Payne,1999-05-09,Other,Divorced,Master's Degree
Ap658924,812-95-5597,Anna Shaffer,1956-03-02,Other,Widowed,Associate's Degree
Ap835457,857-01-0392,Joshua Bond,1985-08-29,Other,Single,Associate's Degree
Ap279352,538-79-8909,Lucas Evans,1999-08-28,Other,Divorced,High School Diploma
Ap910694,740-78-2863,Elizabeth Mendez,1984-07-11,Female,Widowed,High School Diploma
Ap966867,861-45-6825,Alex Mills MD,1987-10-19,Other,Widowed,High School Diploma
Ap293283,669-46-5819,Jessica Hopkins,1955-11-23,Male,Single,Doctorate
Ap550195,899-99-1930,Lisa Martinez,1958-05-05,Other,Single,Master's Degree
Ap869884,045-92-0681,Charles Nicholson,1984-12-21,Other,Separated,High School Diploma
Ap531413,179-80-5040,Heidi Phillips,2007-02-17,Other,Separated,Bachelor's Degree
Ap403988,333-41-9402,Ana Allen,1962-12-16,Female,Separated,Associate's Degree
Ap426898,596-91-8827,Jorge Walker,1978-06-04,Female,Widowed,Master's Degree
Ap963561,860-58-6415,Sherry Neal,1954-11-17,Female,Separated,Doctorate
Ap402186,875-86-9666,Jessica Gallegos,1989-04-30,Other,Separated,High School Diploma
Ap161665,150-02-3196,Casey Dixon,1979-12-11,Other,Single,Master's Degree
Ap346584,180-53-4277,Jamie Dyer,2000-03-14,Other,Married,Doctorate
Ap216953,681-90-3889,Larry Vaughn,1957-10-14,Male,Divorced,Bachelor's Degree
Ap576072,414-21-6306,Karen West,1985-08-25,Male,Widowed,Associate's Degree
Ap782736,231-90-0291,Luis King,1970-12-25,Male,Married,Bachelor's Degree
Ap286626,831-78-8317,Brian Williams,1995-01-06,Female,Married,High School Diploma
Ap245271,787-13-7899,Ronald Garrett,1970-09-03,Female,Separated,Bachelor's Degree
Ap218533,077-81-2908,Elizabeth Logan,1995-07-13,Other,Widowed,Some College
Ap698069,289-74-2970,Angela Wolfe,1975-06-09,Male,Single,High School Diploma
Ap565966,168-69-0765,John Hall,1955-12-06,Male,Married,Some College
Ap166262,796-56-2900,Andrea Moore,1995-03-07,Male,Divorced,Bachelor's Degree
Ap933032,408-56-0634,Bonnie Fox,1964-07-01,Other,Separated,Bachelor's Degree
Ap176898,403-56-6312,Michelle Snow,2005-01-29,Male,Separated,Associate's Degree
Ap555699,555-47-9465,Madison Jones,2002-11-25,Male,Single,Some College
Ap249369,674-13-3972,Nicholas Berry,1949-08-26,Female,Divorced,High School Diploma
Ap654736,849-45-9946,Cynthia Patrick,1984-09-15,Female,Married,Master's Degree
Ap388316,603-82-2177,David Berry,2000-11-18,Male,Single,Bachelor's Degree
Ap107657,216-38-8860,Jennifer Rodriguez,1982-06-29,Other,Separated,Doctorate
Ap577602,239-67-7138,Ashley Allen,1958-08-25,Other,Separated,Bachelor's Degree
Ap880977,604-44-5902,Sara Todd,1998-02-28,Other,Widowed,Doctorate
Ap474999,750-50-1230,Mrs. Diana Cordova,1949-05-10,Other,Married,Doctorate
Ap784191,657-70-1696,Brenda Casey,1969-05-16,Male,Widowed,High School Diploma
Ap107906,331-65-6144,Julia Adams,1973-12-22,Male,Married,High School Diploma
Ap423557,399-50-6332,Randy Johnson,1968-07-17,Female,Separated,High School Diploma
Ap678316,773-73-2413,Marc Henry,2006-06-11,Male,Separated,Bachelor's Degree
Ap893719,127-17-5433,Ricky Young,1988-07-12,Female,Married,Associate's Degree
Ap395804,296-84-3817,Jodi Smith,1979-10-04,Female,Widowed,Some College
Ap568974,378-28-0834,Samantha West,2000-12-01,Male,Separated,High School Diploma
Ap946936,341-89-6784,Mr. Ronald Morrison,1999-08-05,Other,Divorced,Associate's Degree
Ap815080,234-34-9375,Isaac Johnson,2005-11-04,Male,Separated,High School Diploma
Ap727267,790-41-4422,Brett Page,1973-07-26,Other,Widowed,Master's Degree
Ap134701,899-39-2916,Timothy Kennedy,1951-08-31,Male,Divorced,Some College
Ap183300,326-95-0596,Christine Diaz,1972-02-06,Other,Single,High School Diploma
Ap865537,131-95-8748,Lawrence Richards,1963-10-11,Other,Widowed,Master's Degree
Ap773034,506-27-3285,Benjamin Martinez,1993-03-18,Other,Widowed,Master's Degree
Ap183560,778-56-5393,Destiny Mullen,1982-03-15,Male,Divorced,Associate's Degree
Ap342615,250-60-2283,Lori Roberts,1958-04-12,Female,Widowed,Associate's Degree
Ap143642,315-30-0566,Mrs. Emily Anderson,1986-07-17,Female,Separated,Master's Degree
Ap617083,148-71-4554,Victoria Black,2003-12-21,Other,Divorced,Doctorate
Ap591036,438-74-4330,Timothy Torres,1954-06-16,Male,Single,Bachelor's Degree
Ap427304,117-61-0775,Tracy Stone,1951-09-27,Female,Single,Master's Degree
Ap904034,125-91-8974,Ray Diaz,2004-11-16,Male,Widowed,Associate's Degree
Ap465464,782-17-1788,Michele Oliver,1979-08-17,Female,Divorced,Doctorate
Ap713089,449-19-7819,Trevor Lang,2001-05-02,Female,Single,Associate's Degree
