contact_info_id,applicant_id,applicant_street_address,applicant_city,applicant_state,applicant_zip_code,applicant_phone_number,applicant_email_address
Ci221958,Ap221958,50689 Blackwell Path Suite 267,Kimberlyfurt,Arkansas,33674.0,001563265846974117,pwashington@calderon.com
Ci771155,Ap771155,569 Douglas Roads Apt. 305,Kingville,Michigan,62572.0,6578968421,rosskari@gmail.com
Ci231932,Ap231932,68607 Michelle Light Apt. 572,Port Martin,Arkansas,95461.0,001124908061495483,greg76@keith.net
Ci465838,Ap465838,836 Castillo Roads,South Devinberg,Texas,57049.0,13049014065,collinsisaac@smith-williams.biz
Ci359178,Ap359178,611 Linda Lights,Madisonchester,Oklahoma,88284.0,001148172337471056,spencermelissa@barnes.com
Ci744167,Ap744167,989 Cristina Cove,Adamland,Oregon,54323.0,1751528764,alexanderbarbara@parker.info
Ci210268,Ap210268,9142 Paige Curve Apt. 168,New David,North Carolina,43570.0,959399083788285,gordon79@gmail.com
Ci832180,Ap832180,1955 Hicks Manors Suite 892,North Darrenside,Texas,63731.0,587102987830446,ebrooks@bentley.com
Ci154886,Ap154886,0674 Byrd Brooks,East Ebonyport,Oklahoma,87965.0,870983355769318,elutz@quinn.com
Ci237337,Ap237337,845 Kelly Pike Suite 835,Millerborough,Oregon,89140.0,001094734652642769,tammy83@yahoo.com
Ci621430,Ap621430,289 Joshua Parkways,Jaclynfort,Arkansas,60603.0,001563367391173851,rmiller@hughes-thompson.com
Ci187498,Ap187498,3231 James Track,North Markfurt,Nevada,61695.0,89863039966595,markwinters@hotmail.com
Ci999159,Ap999159,7477 Barry Corners,Marcusshire,Alabama,59470.0,0014341669641312,thull@turner.net
Ci275203,Ap275203,97622 Kimberly Village,New Jeffery,Illinois,41828.0,00164334277243785,baldwinamanda@hotmail.com
Ci291335,Ap291335,918 Roberts Key Apt. 896,Lake Leahmouth,Alaska,86836.0,26062035758328,bryanmontoya@gmail.com
Ci378167,Ap378167,8894 Kara Street Suite 643,Thompsontown,South Dakota,84738.0,0019273555711488,yrobinson@ayers-thompson.info
Ci141090,Ap141090,2825 Santana Trafficway Apt. 794,New Ralph,Kansas,96013.0,8176512060,fgrimes@yahoo.com
Ci429365,Ap429365,4922 Teresa View,Heatherside,Connecticut,46700.0,4369148765397,eschneider@clayton.org
Ci164820,Ap164820,692 Scott Lake,Phillipsshire,Oklahoma,97342.0,3685533900646,wendy52@gmail.com
Ci887201,Ap887201,1714 Wayne Canyon Suite 193,Mcmahonburgh,Iowa,2069.0,0966979950564,cruzshannon@leblanc.com
Ci421879,Ap421879,32762 Justin Garden Suite 621,Prattbury,Rhode Island,68858.0,0049141911665,nicole43@hotmail.com
Ci818315,Ap818315,11980 John Green,Ramoschester,Nebraska,77095.0,3781484505,vthompson@wilkins.com
Ci427069,Ap427069,66996 Kathleen Summit Apt. 125,Younghaven,Connecticut,46073.0,1452401617,richard09@mcdaniel.com
Ci876997,Ap876997,16621 Stephens Forest,Lake Josephland,Nebraska,45015.0,12164894137998,amanda85@yahoo.com
Ci299041,Ap299041,3217 Ricardo Prairie Suite 807,Rodriguezland,Washington,87847.0,3946015094,ashley72@johnson-morales.org
Ci891743,Ap891743,884 Jerome Land,West David,Oklahoma,1442.0,3561570412,jessekirk@hotmail.com
Ci203355,Ap203355,5912 Jensen Knoll Suite 538,New Zacharyside,Iowa,28378.0,672041479860392,pthomas@burton.com
Ci335796,Ap335796,9779 Wilkerson View Apt. 280,Gibbsstad,Wisconsin,55641.0,9580083319075,elizabeth41@bell-oneal.com
Ci314176,Ap314176,6987 Michael Villages Suite 809,Vangborough,South Dakota,80294.0,064444265081995,josemartinez@barnett.com
Ci284779,Ap284779,21449 Carrie Via Suite 457,Greenport,North Carolina,20790.0,92344868947122,allisonsmith@yahoo.com
Ci447449,Ap447449,58609 Diaz Summit Apt. 020,Riosmouth,Michigan,82794.0,13666417108,davisjacqueline@watson-evans.com
Ci521909,Ap521909,360 Wells Ridges Apt. 558,East James,South Dakota,50958.0,0922559947,pnixon@weaver-rice.org
Ci358795,Ap358795,993 Matthew Circle,New Rebeccabury,Illinois,76999.0,162338634636872,kathleen09@yahoo.com
Ci586232,Ap586232,7571 Monica Valleys Apt. 237,Wongfurt,California,53002.0,8622963155097,gchan@yahoo.com
Ci600186,Ap600186,848 Brewer Squares,North Michaeltown,Michigan,87027.0,2498321304364,james82@hotmail.com
Ci256730,Ap256730,1849 Karen Shoal Suite 082,Bowenmouth,Oregon,32480.0,1482645449725340,jamesanderson@harrison.org
Ci970910,Ap970910,066 Peterson Cliffs,Evelynside,Wisconsin,47990.0,77631920487489,karenjones@hotmail.com
Ci484681,Ap484681,70151 Jamie Drive Suite 797,Sandraside,Alabama,10365.0,460004194003417,denisemoore@miller-castillo.com
Ci249503,Ap249503,5956 Wood Mission,Nancystad,Kansas,36006.0,7272340285213,vochoa@hotmail.com
Ci754811,Ap754811,92786 Christopher Creek,Port Sherryberg,South Carolina,57817.0,3103560664,david67@holder-savage.com
Ci627035,Ap627035,24275 Sean Manor,Port Stephanie,Illinois,585.0,1336006902,akim@hart-gilmore.org
Ci748143,Ap748143,7959 Jennifer River Suite 428,Norrischester,Wisconsin,62674.0,7384640554,ncarter@hotmail.com
Ci552366,Ap552366,95170 Justin Spur Apt. 819,Eugeneview,Rhode Island,4408.0,15417824234303,clarkcharles@larsen.com
Ci165725,Ap165725,41940 Solis Heights,Wendyhaven,South Dakota,35953.0,644623174272227,susangibbs@lee-bruce.com
Ci229981,Ap229981,381 Wallace Squares Apt. 760,New Sandrabury,Iowa,61413.0,6834175051,ericferguson@thomas-johnson.info
Ci184654,Ap184654,4334 Baker Expressway,South Amanda,Wisconsin,3707.0,0019082351767,smithrachel@hotmail.com
Ci691723,Ap691723,01628 Lori Village,Nicholasborough,Iowa,85937.0,11981359319251,heatherprice@yahoo.com
Ci419030,Ap419030,829 Jade Well Apt. 452,Tuckerberg,Florida,51814.0,1900825326956,pamelagriffin@hotmail.com
Ci428947,Ap428947,8229 Michelle Cape Suite 949,Mccoyton,Colorado,12474.0,5599520837,gmiller@garcia-johnson.com
Ci655839,Ap655839,39538 Brian Prairie,New Amber,Louisiana,73932.0,03623882667918,cristian00@nixon-kim.com
Ci373538,Ap373538,220 Patrick Island,Weeksborough,North Carolina,71729.0,00129281356076383,gleblanc@gmail.com
Ci431236,Ap431236,486 Buckley Shore,Nicholasmouth,North Carolina,63914.0,616944159497890,lesliemorgan@knapp.info
Ci628178,Ap628178,67625 Michael Inlet Apt. 416,Lake Kimberly,Ohio,1216.0,0639293062,christopherpratt@gmail.com
Ci665894,Ap665894,6086 Patel Route,Port Timothy,Virginia,13097.0,0019246387272483,deborah12@clarke-hutchinson.com
Ci589492,Ap589492,41308 Jonathan Rue Suite 701,North Raymondfort,Virginia,67626.0,0019053226762,jordankimberly@hotmail.com
Ci356840,Ap356840,855 Bush Villages,South Carmen,Illinois,92951.0,5369848775,ojohnson@walsh.com
Ci573254,Ap573254,154 Brandon Square,East Claudiaside,South Carolina,50194.0,9686111629,walshmark@carter.com
Ci449457,Ap449457,9227 Kathy Prairie Apt. 487,Port Rebecca,Michigan,79173.0,10897717997410,petersalazar@hotmail.com
Ci765987,Ap765987,060 Wolfe Lodge Suite 687,South Kaitlynstad,Oklahoma,47397.0,1438726947,aprilgarrison@cooper-ellis.com
Ci370936,Ap370936,1997 Morton Shore,West Erinview,Wisconsin,36264.0,083501304667885,kyle39@yahoo.com
Ci339931,Ap339931,242 Clark Forge,Port Susanburgh,Virginia,79802.0,5058432997229,heathervillegas@daniels.net
Ci339629,Ap339629,11354 Tara Street,Collinsmouth,Michigan,20540.0,9210302779,zmorrow@gmail.com
Ci305041,Ap305041,015 Elizabeth Rapids,Camachoshire,Florida,35120.0,5019451663344,stonetravis@henderson-khan.com
Ci798361,Ap798361,34543 Amber Gateway,Lake Michelle,Nebraska,63930.0,4932876819,hinesomar@hotmail.com
Ci831912,Ap831912,109 Dominique Plaza Suite 629,Port Aprilmouth,Hawaii,734.0,001980656060638494,williamnewman@yahoo.com
Ci517113,Ap517113,0647 Martinez Square,North Natalie,North Carolina,90552.0,8359519342441,kimcynthia@hotmail.com
Ci168148,Ap168148,618 Scott Loaf Suite 482,Kimberlyburgh,North Carolina,44973.0,799964332933064,brian79@yahoo.com
Ci877089,Ap877089,1305 Kenneth Fork,Rodneyburgh,North Carolina,83303.0,467249800311164,kterrell@yahoo.com
Ci748531,Ap748531,28789 Carter Pass,Kathyburgh,Oklahoma,67808.0,687319680124614,michelle69@yahoo.com
Ci351995,Ap351995,9340 Edward Garden,East Barry,Arkansas,82653.0,6300714181,nfrancis@yahoo.com
Ci778843,Ap778843,70984 Jason Hollow Apt. 572,North Julie,Nevada,33201.0,776555795887190,cynthiajohnson@gmail.com
Ci672843,Ap672843,93425 Don Creek Suite 542,Hartborough,Colorado,14313.0,0019681565495,dylancoleman@wilson.com
Ci356508,Ap356508,33842 Roach Stravenue Suite 154,New Valerietown,Arkansas,72381.0,11695024472347,hardintyler@gmail.com
Ci903591,Ap903591,0675 Amber Islands Suite 255,Leslieberg,Nebraska,8615.0,63337491199242,david97@yahoo.com
Ci996942,Ap996942,3589 Kristin Ways,Michelleport,Colorado,69218.0,57993034216010,travismendez@gmail.com
Ci206530,Ap206530,024 Bush Springs Apt. 811,Marthafort,Arkansas,53095.0,4554202531516,kwise@gmail.com
Ci704365,Ap704365,297 Katie Forge Apt. 169,Rushmouth,Wisconsin,21318.0,0220252508139,smithdeborah@smith.com
Ci922352,Ap922352,31004 Thomas Ferry Suite 720,East Marialand,Wisconsin,71775.0,9682386818,raymond32@gonzalez-morton.net
Ci560337,Ap560337,1154 Kelli Squares Apt. 111,North Kirk,Virginia,73683.0,1109365400,mpratt@gmail.com
Ci824839,Ap824839,790 Eric Courts Apt. 444,South Nicole,South Dakota,83864.0,0043093056,jessicagreen@ramirez-johnson.com
Ci905889,Ap905889,588 Hall Trafficway Suite 647,Langtown,Iowa,75870.0,115823393217599,nancy15@hotmail.com
Ci559773,Ap559773,00716 Tonya Camp Apt. 863,Rebeccafort,Oregon,16840.0,8261153265,omiller@rivers.com
Ci308261,Ap308261,96340 Paul Trafficway,Timothystad,Iowa,46415.0,8264580897,floresgeorge@hotmail.com
Ci864469,Ap864469,64152 Denise Inlet,Rebeccachester,Rhode Island,66578.0,0010390352045519,mossdominic@archer.com
Ci441097,Ap441097,419 Amanda Trace,Kaiserport,Connecticut,13360.0,18935785634706,tcardenas@knapp.com
Ci415139,Ap415139,1318 Carrie Light Suite 466,West Anita,West Virginia,68665.0,6452742614398,angie64@clay-jefferson.org
Ci271829,Ap271829,87921 Diane Bypass Suite 236,Jessicaberg,Ohio,11367.0,30551386871594,kdavis@dalton-peterson.com
Ci371836,Ap371836,73467 Travis Corners Suite 699,Larsonfort,Oregon,69910.0,72434722570953,pgolden@gmail.com
Ci538974,Ap538974,6039 Mary Lake,New Shane,New Mexico,5514.0,9672351907,cameron85@yahoo.com
Ci302283,Ap302283,94603 Justin Valleys,North Marymouth,Oregon,32728.0,0018043032795860,daniel15@thomas.net
Ci296769,Ap296769,4671 Stacy Landing,Williamborough,West Virginia,67844.0,4779602729,odavis@yahoo.com
Ci661353,Ap661353,63706 Roth Mountains Suite 168,Lewisland,Montana,26700.0,06898545837402,hahndanielle@yahoo.com
Ci323165,Ap323165,727 Casey Burg,Johntown,Wisconsin,83909.0,7058240693,gtaylor@yahoo.com
Ci723587,Ap723587,19019 Jason Gateway Suite 240,West Samanthaberg,California,48975.0,1743262731865,rmason@gmail.com
Ci635822,Ap635822,894 Lawrence Pike,Beckerport,West Virginia,39313.0,0014949205217512,scott63@yahoo.com
Ci587879,Ap587879,4121 Elizabeth Fork,Lake Yvonne,Washington,11877.0,7506531646,elliottsusan@gmail.com
Ci664685,Ap664685,50152 Amy Hill Apt. 800,Lake Megan,South Carolina,79363.0,28458937615740,dsnyder@anderson.com
Ci882038,Ap882038,86752 Garcia Loaf,Juanton,Montana,84503.0,9716072321,sarah87@wright.org
Ci453531,Ap453531,017 Emma Mount,East Kaitlinmouth,Washington,2880.0,92768269180037,loriwalker@hotmail.com
Ci363160,Ap363160,05654 Linda Street Suite 963,Port Linda,South Dakota,52791.0,5034342834860,stevensonmatthew@hotmail.com
Ci679879,Ap679879,71223 Hernandez Dale,Morrisport,Oklahoma,88198.0,47423843083763,amandadavis@gmail.com
Ci320884,Ap320884,508 Yang Orchard Apt. 685,Jennifershire,Nebraska,30136.0,7594853761688,john47@gmail.com
Ci123247,Ap123247,9218 Brian Ports,Lake Alexis,Ohio,56821.0,0342965649,qcooper@gmail.com
Ci124300,Ap124300,987 Jimenez Hills,Amychester,Arkansas,33936.0,93255847919208,cherrypatrick@hotmail.com
Ci567281,Ap567281,72516 Rita Plaza,East Colleen,Arkansas,63666.0,00147908808662952,oscarmorris@yahoo.com
Ci707086,Ap707086,459 Keith Greens Apt. 361,North Robin,Oregon,30436.0,9193621612,paulvasquez@yahoo.com
Ci633556,Ap633556,431 Ellis Crossroad,Hinesstad,Alabama,57357.0,8948600953,bellneil@gmail.com
Ci448951,Ap448951,77717 Patricia Valley Apt. 783,New Meganton,North Carolina,3701.0,0016085668382089,carrollnicholas@gmail.com
Ci374329,Ap374329,59889 Schroeder Brook Apt. 615,Fisherhaven,Ohio,95838.0,0646648193,robertsontony@yahoo.com
Ci819064,Ap819064,0982 Smith Islands Apt. 178,Schmidtfort,Illinois,43655.0,4211961637429,matthew71@baker.biz
Ci842139,Ap842139,79346 Emily Mission,Mullenstad,Nevada,21895.0,2404002453,mcmahontodd@gmail.com
Ci532315,Ap532315,58565 Smith Trail Apt. 559,Riceton,Iowa,13155.0,4996835221,smithmackenzie@bush.com
Ci616588,Ap616588,471 Marie Villages Suite 936,Joneston,Montana,44479.0,9198683003043,robert75@saunders.com
Ci336584,Ap336584,311 Matthew Fields Suite 458,Port Jessica,Alaska,3017.0,0580126539,angela30@yahoo.com
Ci662332,Ap662332,804 Chen Lake Suite 307,Lake Andrew,Nebraska,2720.0,71883112316702,gallaghermitchell@yahoo.com
Ci937646,Ap937646,38254 Lee Villages Apt. 180,South Pennyburgh,Iowa,10263.0,8236814561,othomas@gmail.com
Ci476896,Ap476896,0015 Bridges Lodge,South Jenniferville,Iowa,49293.0,4788973926975,joneslisa@gmail.com
Ci148984,Ap148984,380 Erika Plains Apt. 192,Alvaradochester,Oklahoma,7473.0,9820671842,smorton@gmail.com
Ci402918,Ap402918,6541 Bradley Landing Apt. 806,Lewisborough,California,24438.0,001302087477788927,wendy36@olson.com
Ci364712,Ap364712,35776 Meagan Bypass Apt. 784,Pricefort,South Dakota,37306.0,1116129327,hho@gmail.com
Ci220151,Ap220151,67541 Carol Drive,New Raymondton,Nevada,48331.0,16907265845767,cindy65@yahoo.com
Ci555808,Ap555808,257 Hernandez Path Apt. 265,Lake Theresaville,Nebraska,69524.0,8339316552,michael47@hotmail.com
Ci233767,Ap233767,88680 Thomas Freeway,Romanhaven,West Virginia,58192.0,29692159906505,williamsdean@moore-harding.com
Ci748663,Ap748663,51458 Brown Canyon Apt. 302,Oscarstad,Alaska,75377.0,7228377217,marcpotter@lopez.info
Ci803550,Ap803550,10029 Beverly River,New Taylorton,South Dakota,28992.0,001263112334238043,crystal07@gmail.com
Ci236330,Ap236330,8645 Moore Oval Apt. 856,North Erin,Texas,83701.0,85998423129109,austinfigueroa@jackson.net
Ci580754,Ap580754,952 April Bypass,North Alexandriaport,New Mexico,50454.0,9453142796,qmack@yahoo.com
Ci401648,Ap401648,92734 Taylor Inlet Apt. 370,Sandrachester,Iowa,15073.0,9686897015,rachaelmontgomery@gmail.com
Ci788519,Ap788519,228 Ralph Estates,East Aliciafurt,Nevada,51703.0,5950932249,bpearson@hotmail.com
Ci113986,Ap113986,50296 Mason Streets,Daniellemouth,Nebraska,87690.0,001550437057905781,oflynn@hernandez.info
Ci686146,Ap686146,8813 Mills Passage,West Amanda,Alabama,16877.0,1654232221033467,bruceharris@johnson.com
Ci229312,Ap229312,73001 Pratt Extensions,Port Amandaville,Wisconsin,51120.0,0827696739,browneric@hernandez.net
Ci112666,Ap112666,37641 Lawrence Center,Port Adrienne,Wisconsin,72857.0,7236535347,greenmichelle@wang-armstrong.com
Ci400804,Ap400804,11444 Rickey Gateway,Port Victorbury,Rhode Island,45634.0,7005894243912,tmeyer@woodward-anderson.info
Ci234633,Ap234633,242 Paul Alley Suite 819,New Brandonville,California,85696.0,8348784788,michaelroy@allen-stephens.com
Ci388998,Ap388998,4778 Myers Harbor Apt. 556,Port Elizabeth,Montana,97916.0,3445100208605,nicoletaylor@mendez.com
Ci950937,Ap950937,852 Sims Trail,West Markmouth,Oklahoma,92375.0,926173066173117,rodriguezsharon@smith-osborn.com
Ci728776,Ap728776,99424 Beard Hollow,Paulberg,West Virginia,59039.0,6679295641,hayescrystal@cole.org
Ci807611,Ap807611,31409 Karen Ways,North Miketon,Kansas,44578.0,7465269463814,elijah06@ibarra.net
Ci384806,Ap384806,181 Christina Springs,Mistyberg,Nevada,52605.0,8394439421,cbrooks@hotmail.com
Ci894824,Ap894824,181 Elizabeth Villages,Port Kenneth,North Carolina,82727.0,5588203446,nmiller@wright-valentine.com
Ci130535,Ap130535,4100 Samantha Mountains,New Mariahtown,Iowa,52478.0,160400262578068,fking@hotmail.com
Ci475713,Ap475713,3555 Mario Island,East Marktown,Rhode Island,51069.0,1342738128,virginiahill@reed.com
Ci938688,Ap938688,29992 Anna Mission Apt. 985,Lake Devinchester,South Dakota,18748.0,42818383841980,iferguson@reyes-gomez.com
Ci451279,Ap451279,4086 Corey Mount Apt. 785,Port Bryce,North Carolina,60564.0,8891418969,moonjulie@lewis-brown.biz
Ci921654,Ap921654,32064 Sherri Plains Apt. 782,New Jonathanview,Iowa,37977.0,7624088849,donnacoffey@gomez.com
Ci701661,Ap701661,92841 Leslie Field Apt. 085,Samanthatown,West Virginia,73672.0,4535318765,jasmine20@dunn.biz
Ci747972,Ap747972,0405 Morgan Drive Suite 204,Briannafort,Illinois,33043.0,0013973057333617,bowersmaria@bean.com
Ci589570,Ap589570,9594 Griffith Mill Suite 339,East Karenberg,Nebraska,74355.0,0016648876451397,silvasarah@hotmail.com
Ci556551,Ap556551,4351 Ray Mountain,Port Brianland,Hawaii,9356.0,93063837654553,david99@mckenzie-martinez.net
Ci373109,Ap373109,15211 Brown Wells,New Sean,Nevada,93331.0,6834750326,michellepetersen@moore.com
Ci124538,Ap124538,1261 Zimmerman Spurs Apt. 820,Davidfort,Texas,70608.0,4152571449282,thompsonkenneth@contreras-smith.com
Ci994498,Ap994498,440 Johnson Street,Marissahaven,California,90953.0,6333910484,robinlewis@bond.com
Ci301664,Ap301664,33309 Jeffrey Ports,Lake Andreatown,Nevada,68745.0,152232172469099,jennifer11@sanchez.com
Ci591234,Ap591234,043 Wilson Passage,Port Davidmouth,Illinois,89435.0,38920147784231,ubush@hotmail.com
Ci999684,Ap999684,04159 Ashley Ways Suite 696,Maldonadochester,South Dakota,41081.0,54205592666047,patricia51@hayes.org
Ci239182,Ap239182,9131 Garcia Alley,Smithville,West Virginia,40899.0,9017937662587,robertsonlaurie@hotmail.com
Ci572525,Ap572525,5814 Kathy Loaf,Selenaport,Texas,69177.0,5267391837,coryschultz@foster-fleming.com
Ci258338,Ap258338,255 Michael Forks Apt. 152,South Megan,Montana,94892.0,7467643051,stanleyjanet@yahoo.com
Ci284064,Ap284064,4363 Amber Crossing Apt. 814,Kelleyburgh,Wisconsin,5008.0,0017528871761792,mercadochristopher@hotmail.com
Ci314020,Ap314020,2519 Peterson Cliff,West Alicia,Illinois,63090.0,2551519872,scottrice@hotmail.com
Ci723094,Ap723094,209 Paul Prairie Suite 186,Reyeshaven,West Virginia,14306.0,0019448849500994,samuel77@woodward-drake.com
Ci997421,Ap997421,779 Stephen Hollow Suite 541,North Daltonchester,Oklahoma,53659.0,0204605714,garyrojas@johnson.com
Ci715270,Ap715270,919 Bell Ford,Port Raymondchester,Rhode Island,71569.0,7126112053,david61@hotmail.com
Ci745914,Ap745914,5039 Savannah Trail,Lake Gregorymouth,Connecticut,47544.0,2097022362,nathanhicks@gmail.com
Ci219176,Ap219176,29691 Strickland Rapid,West Alexandrabury,Iowa,81703.0,0014987962936402,raymond23@cortez.com
Ci318126,Ap318126,50464 Krystal Expressway Apt. 696,Tammychester,Iowa,67855.0,1954765559332843,bruce39@hotmail.com
Ci318969,Ap318969,05301 Sandra Mountain Apt. 550,West Johnland,Mississippi,75188.0,879753666669651,johnsonjames@vazquez-lewis.com
Ci222409,Ap222409,4748 Morales Village,Lake Gregorytown,Alaska,31175.0,14103965381,sheila29@hubbard.biz
Ci647707,Ap647707,30810 Tiffany Gateway Suite 259,Scottchester,North Carolina,15839.0,0945075239,landerson@rodriguez.com
Ci353618,Ap353618,1578 Holland Turnpike Apt. 543,North Alexisshire,Ohio,35713.0,155978886939335,riverastacy@gmail.com
Ci869598,Ap869598,29355 William Manor,Nicolehaven,Alaska,15897.0,7243530750,michael33@phillips.com
Ci150015,Ap150015,742 Hood Junction Suite 158,Christophermouth,Arkansas,6421.0,13629674235122,kennethmorris@blackwell-carter.com
Ci872838,Ap872838,778 Smith Burg Apt. 743,Martinshire,Oklahoma,32124.0,8148539544,davidpayne@williams.biz
Ci222096,Ap222096,21579 Lisa Estates Apt. 168,West Nicolemouth,Iowa,19949.0,273740808635965,ewagner@harper.net
Ci731347,Ap731347,914 Rodriguez Stravenue Suite 379,Penachester,Florida,5362.0,6212838688,lisawall@yahoo.com
Ci285340,Ap285340,20061 Lee Curve,South Jasonfort,Nebraska,547.0,5462945689,michael68@hotmail.com
Ci210687,Ap210687,8658 John Hills Suite 014,Traceymouth,Wisconsin,71924.0,9679526552,maxwellkatrina@ryan.com
Ci974371,Ap974371,14913 Johnson Track,Michelleport,Rhode Island,29727.0,7916641816,steven13@yahoo.com
Ci511357,Ap511357,5706 Austin Harbor,Sotoborough,Oklahoma,11328.0,747803895602745,roy03@watson-estrada.com
Ci835716,Ap835716,2090 Beverly Turnpike,South Brianna,Virginia,22598.0,62093476249609,hannah04@yahoo.com
Ci205878,Ap205878,5203 Zhang Knoll,Ashleystad,Alabama,9955.0,17726702742342,bowersjohn@lane.biz
Ci827270,Ap827270,11465 Walter Mall Suite 283,Ballardfort,Iowa,69708.0,3935289986,pamela09@gmail.com
Ci298286,Ap298286,346 Alejandro Villages,South Alejandroside,Wisconsin,89695.0,07353962830380,keith22@wilson.com
Ci873290,Ap873290,935 Phillips Forge,Lake Melissa,Wisconsin,75205.0,1684973008,davisjoel@yahoo.com
Ci874684,Ap874684,433 Thomas Club Suite 932,Ruthtown,California,88831.0,851795671763307,drodriguez@yahoo.com
Ci264899,Ap264899,286 Shannon Mountains,Stevensborough,Connecticut,83687.0,5682359767,zmason@gmail.com
Ci424767,Ap424767,867 Terri Park Suite 538,Lake Angelaton,Connecticut,22487.0,0016517785098425,leeangela@yahoo.com
Ci961882,Ap961882,254 Timothy Locks Suite 911,New Marcusburgh,Louisiana,58817.0,11669849338,lknapp@sanders.com
Ci979858,Ap979858,900 Campbell Parkway Apt. 217,Lake Joshuaberg,Nevada,10918.0,418388574558926,lquinn@snyder-walker.com
Ci479989,Ap479989,65264 Vasquez Park,Lake Joseside,Arkansas,79181.0,2505783574,bfarrell@ramirez-stark.com
Ci515515,Ap515515,9043 Nicholas Burg,South Thomas,Oklahoma,10920.0,9775833470,milesjonathan@mccoy-spears.com
Ci143585,Ap143585,2968 Deborah Via,Lake Ronald,Nebraska,38431.0,6806620948,cpatel@hotmail.com
Ci471369,Ap471369,03477 Rice Stream,Fosterburgh,Wisconsin,15046.0,5409419382690,rogersandrew@gmail.com
Ci164044,Ap164044,3000 Mary Spurs,West Philip,Wisconsin,3414.0,184997545901061,nguyencassandra@gmail.com
Ci542296,Ap542296,923 Victor Pine,Port Patriciaborough,Oregon,39295.0,0014207479669769,acunningham@hotmail.com
Ci209556,Ap209556,126 Shaffer Wells,South Alec,South Dakota,37236.0,154485041269134,iking@hotmail.com
Ci626981,Ap626981,45960 Kelly Street Suite 134,Sandrafurt,Montana,56100.0,137404503483394,mary13@nelson.org
Ci981691,Ap981691,551 Brandon Forks,East Robyn,Alaska,8271.0,12018893948,warneremily@gmail.com
Ci867595,Ap867595,791 Garcia Stream,New Kimberly,Oklahoma,80094.0,0018203936588538,webbsharon@gmail.com
Ci300235,Ap300235,3407 Vazquez Burgs Apt. 890,Benjaminside,Nebraska,49346.0,18396880128,bkerr@henderson.org
Ci125939,Ap125939,473 Lisa Manors,Annefurt,Illinois,27298.0,9585820158,lisa48@miller-white.com
Ci252906,Ap252906,18100 Nicole Shores,Jamieshire,Washington,37553.0,127331221326614,carlymorrison@neal.com
Ci642335,Ap642335,2995 Luna Shores Apt. 840,Schmidtmouth,Alabama,10378.0,4102450211848,taylorsophia@yahoo.com
Ci388249,Ap388249,5738 Autumn Shores,Jonesshire,Oklahoma,10039.0,1427222507669018,dmarks@yahoo.com
Ci175766,Ap175766,3058 Perry Freeway Suite 772,East Brandon,Rhode Island,64715.0,25070729073939,kylerice@jackson-jenkins.com
Ci508923,Ap508923,67813 Lucas Stream Apt. 446,Christineton,Colorado,30101.0,0897216040,jacksonjoshua@holt-miller.com
Ci515192,Ap515192,24991 Regina Harbors,Christensenburgh,Rhode Island,59876.0,3237906558,kylebridges@walker-edwards.com
Ci668550,Ap668550,35303 Heidi Dale Apt. 806,East Mariabury,Montana,56560.0,16038749379,michaelwoodard@yahoo.com
Ci487261,Ap487261,09268 Hinton Springs Suite 804,North Reneetown,Oregon,56443.0,8210096943,antoniokelly@hart.info
Ci910208,Ap910208,021 Parker Turnpike,Beanfort,Texas,69465.0,001383037640811837,martinandrew@gmail.com
Ci785440,Ap785440,6409 Zachary Expressway,West Michael,North Carolina,39113.0,371762717024239,bjames@robinson.org
Ci752664,Ap752664,563 Daryl Fork Apt. 668,Veronicaberg,West Virginia,38111.0,5536759419,fvelazquez@dominguez.org
Ci554589,Ap554589,1311 Owens Mountains,Port Annetteshire,Michigan,93924.0,9730933463,rthomas@gmail.com
Ci237848,Ap237848,0142 Mariah Parkway,West Molly,Oklahoma,39327.0,0732982367,yrobertson@yahoo.com
Ci717075,Ap717075,0566 Amanda Green Apt. 943,Thomasfort,Illinois,28957.0,6834181996,veronicasmith@martinez-smith.com
Ci227948,Ap227948,192 Christine Plains,Davidmouth,Rhode Island,61640.0,52627134712249,tthomas@yahoo.com
Ci679304,Ap679304,10783 Amanda Way Apt. 264,South Jennifer,Arkansas,55433.0,0011870267572,xjimenez@gmail.com
Ci502690,Ap502690,2139 Shaun Common,Shelleyhaven,Texas,64106.0,7451637691,crodriguez@gmail.com
Ci599046,Ap599046,46321 Kim Hills Suite 201,Nelsonshire,Nevada,10749.0,0387182052,benjaminmiller@gmail.com
Ci551269,Ap551269,1667 Anthony Hill Apt. 818,Hicksside,Iowa,35541.0,100332998188146,thomasbenjamin@smith.com
Ci121959,Ap121959,37850 Jeanne Stream,South Staceyburgh,Nebraska,34534.0,460738010001187,williamsjames@hotmail.com
Ci760890,Ap760890,21475 Amy Grove,New Jocelyn,Oklahoma,95027.0,0015252839575551,nhubbard@santos-holmes.info
Ci850216,Ap850216,2628 Hanna Courts,Russomouth,Arkansas,55346.0,1793636356844380,johnhughes@jordan.com
Ci890180,Ap890180,9780 Lauren Pike Apt. 283,Maryton,North Carolina,85518.0,0014292755879,christensenjohn@yahoo.com
Ci328576,Ap328576,769 Lara Burgs Suite 272,Owenview,Hawaii,39014.0,784127317633377,cunninghamchristian@yahoo.com
Ci637833,Ap637833,25356 Angela Stravenue Apt. 805,West Omar,Iowa,16633.0,6279862013,yriley@yahoo.com
Ci265838,Ap265838,9153 Denise Via Suite 773,Lake Amandaland,Oklahoma,12827.0,7684456311,johnsonsarah@jacobs.com
Ci435674,Ap435674,7601 Walsh Estate,Port Wesley,California,71013.0,2905423751,sheri79@pratt.biz
Ci979989,Ap979989,248 Cox Vista Suite 715,South Cindyfort,Oregon,57944.0,14818331055,zcarpenter@brown.org
Ci161087,Ap161087,078 Robinson Causeway Apt. 330,South Derekmouth,Hawaii,35812.0,176246824008014,mcgeejonathon@miller.info
Ci693128,Ap693128,6990 Frazier Spurs,Turnerburgh,Nevada,54995.0,9530807186836,ewilliams@yahoo.com
Ci218451,Ap218451,51162 Jacob Square,Smithborough,Arkansas,86600.0,041433885661886,gordonkatie@mcclain-perry.net
Ci547600,Ap547600,155 Lopez Square Apt. 181,Leeport,Wisconsin,13384.0,1977629744220200,jennifer41@gmail.com
Ci937437,Ap937437,91367 Tammy Hills Apt. 573,Erinmouth,Mississippi,11777.0,203977962583962,lisacarlson@miller-peterson.com
Ci539792,Ap539792,70012 James Prairie Apt. 941,Hollyfort,Connecticut,21001.0,5263591493,jamesramirez@brewer.com
Ci139353,Ap139353,63185 Edward Islands Suite 525,South Jaredton,Wisconsin,21393.0,15108082192,mchambers@gmail.com
Ci293075,Ap293075,80151 David Grove,Debraton,Nevada,70497.0,66651713080996,hartmatthew@yahoo.com
Ci314283,Ap314283,9118 Hernandez Court Apt. 197,New Aliciaside,Illinois,62503.0,00165815853847657,michaeladouglas@brown-king.net
Ci414877,Ap414877,9426 Mcdonald Route Apt. 027,Lake Haroldburgh,Vermont,94126.0,5142310647,robertscarmen@gmail.com
Ci165318,Ap165318,342 James Knolls Apt. 444,Brianhaven,South Carolina,35630.0,6117393981825,sgonzales@gmail.com
Ci865313,Ap865313,900 Martin Wells Suite 836,Burtonchester,Oregon,43318.0,7753180521,martinrandall@gmail.com
Ci582690,Ap582690,517 Richardson Isle,West Ryanton,Alabama,37478.0,171548172345944,julia75@yahoo.com
Ci516880,Ap516880,27161 Morgan Spur Apt. 059,East Christine,North Carolina,80429.0,4417176325,gholland@gmail.com
Ci691460,Ap691460,68489 Daniel Estate,Brianfurt,North Carolina,57835.0,20124522345309,gcarter@hamilton.org
Ci840976,Ap840976,0551 Zavala Ranch,Maryhaven,Oregon,73243.0,5867870725831,malonetammy@gmail.com
Ci881239,Ap881239,17111 Jennifer Overpass Suite 244,Edwardshaven,Arkansas,81027.0,87878675416436,kathleen02@yahoo.com
Ci193264,Ap193264,078 Thompson Wall Suite 626,Kimmouth,Florida,3717.0,1916317809408,eyoung@gmail.com
Ci870746,Ap870746,43945 Cynthia Oval Apt. 246,Allenside,Illinois,67273.0,953426766532582,bennettjeffery@hotmail.com
Ci913168,Ap913168,97913 Kidd Roads Suite 554,Owenport,Wisconsin,8177.0,193264691700055,nthomas@williams.net
Ci325281,Ap325281,9484 Moss Crossroad,West Patrickland,Oregon,9984.0,2969701225504,wendy60@garrison.com
Ci737147,Ap737147,0223 Conner Crest,Lake Frederickchester,North Carolina,34439.0,0064511901746,robertdavis@odonnell.com
Ci998613,Ap998613,94953 Corey Loaf,North Christopher,Illinois,12301.0,6233118901,jlewis@yahoo.com
Ci494070,Ap494070,0347 Hill Spring Apt. 266,Brandyshire,Vermont,63636.0,1346169378970,jim17@hotmail.com
Ci452228,Ap452228,83502 Brent Fort Apt. 204,Gregorytown,Nevada,85634.0,7448118291,cherylwalker@shepherd.com
Ci531839,Ap531839,0407 Guzman Parkways,East Conniefort,Illinois,29142.0,26092545171105,duranalicia@hotmail.com
Ci369536,Ap369536,01479 Blair Station Suite 690,Jamesberg,Colorado,54436.0,0013775264605593,willie14@mcbride.net
Ci417824,Ap417824,97957 Elizabeth Glen,Port Kristyfort,Louisiana,36766.0,12943760137,patricia72@smith-cunningham.com
Ci357426,Ap357426,536 Theresa Pines,Collinsshire,California,4914.0,001503727554437697,evansjoel@gmail.com
Ci277789,Ap277789,5274 Vazquez Keys Apt. 738,West Arthur,Iowa,57420.0,0014356085271,julialivingston@hotmail.com
Ci613153,Ap613153,017 Mitchell Springs,Murphytown,West Virginia,52944.0,8580472478,xlindsey@gmail.com
Ci842452,Ap842452,95082 Fox Freeway,New David,Florida,47079.0,8870701902,john27@yahoo.com
Ci937291,Ap937291,6144 Thompson Garden,West Benjamin,South Carolina,78483.0,19890167370671,atucker@hotmail.com
Ci225657,Ap225657,2075 Ortiz Ports,Jacksonville,West Virginia,49511.0,197893947029645,christianwilkins@hotmail.com
Ci335167,Ap335167,629 Zachary Estates Apt. 181,North Cassidyfurt,West Virginia,24929.0,0676695577118,gibbsronald@hotmail.com
Ci781669,Ap781669,1983 Elijah Drives,Heidiside,Nebraska,30921.0,6583226382,westandrew@harris.com
Ci580671,Ap580671,53368 Adam Ridge,East Melinda,Rhode Island,68405.0,0167578836,sandra83@yahoo.com
Ci819094,Ap819094,630 Garcia Keys,Jonathanport,South Dakota,26614.0,849892582422826,erin81@lewis.biz
Ci170467,Ap170467,6542 Justin View Apt. 644,Danielchester,Rhode Island,20502.0,07582754480727,hgonzalez@yahoo.com
Ci283734,Ap283734,22466 Singh Mall,Elizabethmouth,Alabama,67485.0,0014913982571549,ryanalvarez@chapman-romero.com
Ci722794,Ap722794,0599 Tamara Inlet Apt. 896,New Lauren,Oklahoma,84506.0,17831203541273,robertholmes@yahoo.com
Ci209751,Ap209751,603 Johnson Pass,Maryside,Mississippi,85121.0,8614672108,stevensnicholas@gmail.com
Ci481050,Ap481050,85781 Melanie Views Suite 005,Perezmouth,Wisconsin,69494.0,62573565678947,donna72@nolan.com
Ci911774,Ap911774,663 Taylor Plain Apt. 455,New Douglasburgh,Ohio,78932.0,0016367346834,davidfoley@hernandez-mckee.biz
Ci792517,Ap792517,9927 Villanueva Extensions Apt. 817,Port Erin,Oregon,62249.0,3249356097,avilawendy@yahoo.com
Ci561079,Ap561079,907 Frost View,West Shirley,Oregon,2551.0,8190532862,scox@hotmail.com
Ci468452,Ap468452,70655 Jeff Walks,South Jennifer,Arkansas,24324.0,983758790912508,batesjustin@bennett.org
Ci206081,Ap206081,14147 Nguyen Street Apt. 718,Whiteburgh,Illinois,5523.0,9541479337,teresa41@hotmail.com
Ci713333,Ap713333,896 Church Estates Suite 961,Myerschester,Kansas,71149.0,4686756835716,jay28@yahoo.com
Ci658986,Ap658986,6530 Day Crescent,Johnsonmouth,Florida,62310.0,4658073444,madisonpayne@yahoo.com
Ci210078,Ap210078,81662 Jason Ville,West Wesleyburgh,Colorado,67355.0,4310262407,petersentyler@cook.org
Ci967055,Ap967055,5823 Bentley Rapid,Port Tracey,West Virginia,3677.0,66558302707078,crawfordjeffrey@bruce-hughes.net
Ci122671,Ap122671,381 Ramirez Crossing Apt. 746,New Melissa,Wisconsin,10831.0,00182309839824195,christophermarquez@bowman.net
Ci518400,Ap518400,811 Sarah Hollow,Johnnyberg,Nebraska,76633.0,5260669386,sstanley@wallace.com
Ci455528,Ap455528,42845 Martinez Way,Lake Patrick,Rhode Island,91497.0,9794089279,cboone@weeks.net
Ci710490,Ap710490,39897 Thomas Shores,Jenniferborough,North Carolina,83197.0,4252688229,andersonmaria@wells-cole.info
Ci151663,Ap151663,998 Diaz Ways Suite 803,New Jasonshire,Illinois,7743.0,6102771078,summerslisa@gmail.com
Ci115708,Ap115708,7635 Trujillo Port Suite 935,Smithview,Washington,71122.0,9524861662,julie41@cooper.org
Ci978338,Ap978338,6803 Valerie Vista Suite 120,Lake Mark,Texas,46829.0,5816725209144,jeremiah79@yahoo.com
Ci411955,Ap411955,3684 Wise Lock,North Carolinefort,Arkansas,61768.0,1242537204511516,melanie64@golden.net
Ci233883,Ap233883,86135 George Terrace Apt. 964,South Davidside,Rhode Island,12935.0,8517340853,quinnsusan@hotmail.com
Ci418394,Ap418394,71774 Bennett Cliff,South Meagan,Alaska,11699.0,2054213207,charlesjones@pearson.com
Ci212547,Ap212547,89184 Richardson Center Suite 470,Lake Rachelhaven,Iowa,75067.0,90290889157701,laurensmith@velasquez-osborne.com
Ci659042,Ap659042,57739 Smith Mount Apt. 192,West Anthony,Virginia,79857.0,1020173226,matthewalvarez@hansen-lawrence.com
Ci851102,Ap851102,4016 Janet Squares Suite 609,South Kevin,Oregon,3288.0,23674886023474,richardpena@yahoo.com
Ci862002,Ap862002,397 Perry Highway Apt. 497,Sosaton,Hawaii,11058.0,59475625850809,qponce@santos.net
Ci242483,Ap242483,3064 Jones Summit Suite 486,Port Brendaberg,Connecticut,20883.0,0366250162,kimberlyhayes@morris-sparks.com
Ci758271,Ap758271,87380 Downs Drive Suite 328,Thorntonside,Nevada,23011.0,0882045037,gabriella79@gmail.com
Ci314835,Ap314835,40552 Erica Springs Suite 972,Mckenzieville,Montana,64911.0,53294550462071,fosterrichard@smith.com
Ci501896,Ap501896,40502 Singh Hills Suite 743,Stephanieside,Alaska,54998.0,80475744245804,zgriffith@davis.com
Ci184896,Ap184896,202 Lopez Hills Apt. 368,South Paulstad,Vermont,47187.0,1663971205,ieaton@higgins-foley.info
Ci577095,Ap577095,7737 Jennifer Orchard,Silvahaven,Illinois,11826.0,223560022465728,stricklanddustin@hotmail.com
Ci171295,Ap171295,3687 Clark Turnpike Apt. 236,Lake Stacey,Oklahoma,52905.0,13200873733,tylerramos@yahoo.com
Ci843974,Ap843974,221 Jessica Brook Suite 015,Lake Christopher,Wisconsin,23983.0,0706371446,sarah05@gmail.com
Ci987121,Ap987121,50462 Bartlett Manors Suite 623,Christopherport,Wisconsin,30485.0,544890491208295,lopezdaniel@martinez-petersen.net
Ci373255,Ap373255,68002 Jeffrey Summit,North Ronald,Oklahoma,63961.0,1655462289,krystalburke@gmail.com
Ci399648,Ap399648,793 Chad Hills Apt. 064,Lake Jacob,Hawaii,55201.0,0012614660123,hcampbell@yahoo.com
Ci757162,Ap757162,8694 Dustin Springs Suite 374,Doylechester,Wisconsin,86674.0,00156577642203451,chrisfritz@gmail.com
Ci108155,Ap108155,029 Bowman Wells,Randyside,Rhode Island,32225.0,8440712248,jhudson@villa.org
Ci566872,Ap566872,98772 Gregory Manor Apt. 587,West Jonathon,Washington,9164.0,0563755272,dennis16@wilcox.info
Ci925816,Ap925816,74606 Samantha Parkway Apt. 840,West Stacy,Vermont,93178.0,1338624282,gillrichard@day.com
Ci474705,Ap474705,51904 Hernandez Canyon,East Nathan,Colorado,55496.0,9564072295308,maldonadojeffrey@shannon-ford.com
Ci671542,Ap671542,109 Amber Mills Apt. 665,Lake Feliciabury,Nevada,40330.0,6359798154,trujillobrett@simpson.com
Ci908350,Ap908350,73344 John Place,Singletonville,Nebraska,87948.0,19194486809014,rgreen@gmail.com
Ci710269,Ap710269,9812 Horn Prairie Apt. 167,Romerotown,Vermont,19936.0,080361615217075,khernandez@hotmail.com
Ci654594,Ap654594,05254 Griffith Springs Apt. 157,Turnermouth,Ohio,71945.0,00184360812870852,destinycarpenter@gmail.com
Ci247718,Ap247718,6349 Kevin Land,Port Kyle,Nevada,42030.0,11614567908979,sheaclinton@flores.com
Ci408987,Ap408987,321 Mcguire Hills Apt. 121,West Scottview,West Virginia,20070.0,0013519271327475,smithjennifer@frazier.com
Ci745263,Ap745263,565 Heather Parkway,New Laurabury,Kansas,9170.0,00138292501283702,russelldavid@yahoo.com
Ci458745,Ap458745,492 Whitney Ways Apt. 921,Lake Joseph,Montana,18220.0,1604115542,davidjenkins@douglas.com
Ci207512,Ap207512,1299 Margaret Cliff,Lake Peter,Alaska,41404.0,625872775073947,phaynes@smith.com
Ci247443,Ap247443,43111 Fred Radial Suite 945,Lake Margaretbury,Texas,14132.0,110430007157209,ann70@yahoo.com
Ci570587,Ap570587,295 Adriana Locks,Ginaside,Alaska,24554.0,10273025091,ftaylor@walters.org
Ci473616,Ap473616,77741 Norton Fort Suite 620,East Elizabethberg,North Carolina,9711.0,84413820102104,crosbystacy@shields.com
Ci757409,Ap757409,988 Karen Greens,New Sarah,Mississippi,19973.0,3404513748,boonesarah@reese.info
Ci786976,Ap786976,4226 Tony Knolls Apt. 262,Jasonton,Colorado,93496.0,0745241160,aaron13@salazar.org
Ci465871,Ap465871,7496 Amanda Coves,Mooreport,Oklahoma,94972.0,1675769981,kara10@yahoo.com
Ci475037,Ap475037,4913 Jacqueline Dale,South Joseph,Rhode Island,73409.0,0018107723422,ramirezmarie@sullivan-meyer.com
Ci907364,Ap907364,2322 Heather Spring Apt. 095,South Katelyn,West Virginia,10952.0,4301392356605,jperez@gmail.com
Ci217796,Ap217796,653 Spencer Ramp Apt. 952,Riosview,Washington,44554.0,0122879799,jessicawilson@hotmail.com
Ci391999,Ap391999,68897 Diane Stravenue,Gloriamouth,New Mexico,25883.0,1441592362522928,davidfitzpatrick@yahoo.com
Ci292506,Ap292506,372 James Lakes,West Michaelmouth,North Carolina,96613.0,660551453112114,walkernicolas@gmail.com
Ci798376,Ap798376,061 Martin Parks Suite 216,West Sandramouth,Montana,84130.0,4388103905228,andrewbates@mccormick.net
Ci369544,Ap369544,74828 Shane Islands,Lake Crystal,Nebraska,49757.0,1719578429467,jenniferrobertson@schaefer.org
Ci480002,Ap480002,706 Martin Inlet Apt. 963,Heatherborough,Montana,26084.0,143892520820642,timrios@morales.biz
Ci798002,Ap798002,6719 Brown Light Suite 228,New Kristin,Wisconsin,70338.0,1940281571731,heathaustin@gmail.com
Ci639439,Ap639439,496 Cheryl Land Suite 227,Madisonview,Illinois,61274.0,5411233874,tmiller@hotmail.com
Ci690978,Ap690978,334 Isabella Lake Apt. 565,Charlesmouth,Oregon,21168.0,8861150202,thomas15@yahoo.com
Ci628787,Ap628787,3378 Garcia Meadow,Collinston,New Mexico,19996.0,6226990174576,david31@yahoo.com
Ci630583,Ap630583,3579 Hendrix Summit Suite 722,Berrymouth,West Virginia,70658.0,7168719027,xsimon@hotmail.com
Ci488215,Ap488215,759 Church Run Suite 110,South Eric,Nevada,63245.0,07221806155906,emcpherson@hotmail.com
Ci421184,Ap421184,357 Robinson Lakes,Kennedyville,Nebraska,69127.0,7594364326,holmesmichelle@carter.com
Ci898615,Ap898615,50542 James Cliff,Lyonsmouth,Wisconsin,37198.0,2278257060,vjackson@kemp.biz
Ci522515,Ap522515,60396 Zachary Motorway,Coxborough,South Carolina,58787.0,7987027854,schmidttheresa@fisher.net
Ci768234,Ap768234,797 Kenneth Greens,East Trevor,Washington,13716.0,195748579214985,james69@gmail.com
Ci478480,Ap478480,341 Larry Prairie,Port Kyle,Florida,95094.0,0174414738,onorris@gmail.com
Ci132711,Ap132711,16660 Dixon Village Apt. 753,Port Mary,Texas,40632.0,00190333351264591,jwhitehead@hotmail.com
Ci891971,Ap891971,6908 Cochran Road Apt. 243,North Ericbury,West Virginia,78941.0,117739434321775,gavin16@hotmail.com
Ci601157,Ap601157,96064 Jennifer Union Suite 860,Andreatown,Ohio,35845.0,2920379059,amanda67@ray-thomas.com
Ci284423,Ap284423,918 Kristina Highway Suite 255,Paulville,Florida,73724.0,2466306271,bpoole@moore.com
Ci616349,Ap616349,162 Christine Prairie,East Lisashire,Florida,70018.0,19382265826959,hendersondouglas@keller.info
Ci803714,Ap803714,35838 Mills Via,Lake Donna,Virginia,50989.0,0016642106786088,zalvarez@adams-moss.com
Ci757917,Ap757917,9541 Silva Walks,South John,Texas,72989.0,1049588241,joel26@yahoo.com
Ci924792,Ap924792,1577 Sharon Gardens Suite 643,Jeremyburgh,Nebraska,26759.0,18312620222488,barrettvalerie@gmail.com
Ci837378,Ap837378,920 James Spur,West Jose,Michigan,48528.0,00047064002326,davischad@hotmail.com
Ci233272,Ap233272,741 Sullivan Islands Apt. 855,Danaland,Wisconsin,943.0,3392678695,mcarpenter@peterson-park.biz
Ci867836,Ap867836,57803 Yvette Light,Port Barbaraville,West Virginia,48447.0,520497136746950,shawcharles@gmail.com
Ci802335,Ap802335,274 Tucker Crescent,Pamelaport,Wisconsin,27182.0,00193093713972205,dianegibson@hotmail.com
Ci907789,Ap907789,4611 Daniel Estates,Jayberg,Alabama,40393.0,158235021591483,lawsonjoshua@gmail.com
Ci743409,Ap743409,84252 Walker Turnpike Suite 246,Johnsonmouth,Colorado,96891.0,15849089935601,millsrose@hotmail.com
Ci177505,Ap177505,29266 David Highway Suite 269,Conwaymouth,Wisconsin,73366.0,820867569044903,austinryan@parks-elliott.com
Ci102869,Ap102869,848 Little Field,Smithfort,Kansas,48392.0,0019646370028,emilylucas@steele-johnson.com
Ci881474,Ap881474,26469 Russell Square,West Aaron,Texas,7855.0,5666346157,cknight@james.com
Ci554351,Ap554351,05998 Austin Neck,Gonzalezview,Wisconsin,94715.0,18864591739447,sara29@munoz.com
Ci412252,Ap412252,599 Kelley Mews,Timothymouth,Iowa,60147.0,10147472522447,lynnmclaughlin@craig.com
Ci736584,Ap736584,0014 Weber Light,Bennettview,Iowa,56311.0,843538340042469,cartermiranda@hotmail.com
Ci718467,Ap718467,96920 Martin Track,Flowersport,Iowa,13405.0,4094950743700,collinseric@hotmail.com
Ci190272,Ap190272,7358 Hall Islands,Troyhaven,Wisconsin,95458.0,00139838715545669,uwelch@gmail.com
Ci138467,Ap138467,226 Kelley Extension Suite 279,New Jameston,Iowa,60084.0,55353937801003,lhatfield@madden-cooke.com
Ci909760,Ap909760,225 Anita Drive Suite 262,Howardland,West Virginia,20739.0,1817194791,benjaminchavez@hotmail.com
Ci977844,Ap977844,82095 Amy Prairie,Geoffreyborough,South Dakota,25045.0,2752557144,patriciabrown@hotmail.com
Ci580047,Ap580047,8642 Ashley Dale,Port Gloriafort,Oklahoma,56889.0,133477260814911,cbanks@gmail.com
Ci759347,Ap759347,26160 Reyes Pine,Beverlytown,Virginia,79954.0,61806505510867,cluna@yahoo.com
Ci158871,Ap158871,196 Richardson Squares Apt. 619,South Richardport,South Dakota,79593.0,0933624412,emilyvega@norris-williams.info
Ci228391,Ap228391,6532 Cody Drives,Gutierrezshire,Nebraska,51464.0,735759697778441,amber81@gmail.com
Ci539430,Ap539430,43251 Garcia Village,New Lisastad,Oklahoma,90809.0,9452575338,jessicavasquez@jackson-mendoza.com
Ci710704,Ap710704,2647 Lee Gateway,South Jessica,Texas,22900.0,123105619873017,jacob53@yahoo.com
Ci956703,Ap956703,106 Joseph Curve Suite 126,Marissabury,West Virginia,3924.0,00137663016150446,pbell@fisher-edwards.com
Ci930496,Ap930496,60437 Kathleen Port Apt. 055,Danielbury,Nevada,13822.0,0012612475973500,jennifer72@wilcox.com
Ci356687,Ap356687,579 Catherine Wells Apt. 342,Mitchellhaven,Texas,56855.0,8007931299,zacharyjimenez@gmail.com
Ci825451,Ap825451,819 Jacob Centers,Williamsonland,Alaska,96944.0,0011763700516,eddie03@gmail.com
Ci207450,Ap207450,8765 Richard Lakes,Davidville,South Carolina,51096.0,3721337495,amy17@griffith.com
Ci271890,Ap271890,2733 Castillo Camp Apt. 817,North Jamesstad,Nevada,48480.0,47622183727252,heather81@burch-collins.org
Ci538741,Ap538741,2060 Boyd Divide Suite 941,Jakeberg,Oklahoma,87406.0,0017378857741,marioharper@lane.com
Ci381974,Ap381974,5907 Martinez Course Suite 261,Brycefort,Ohio,24954.0,3610406773,matthew97@yahoo.com
Ci500109,Ap500109,80635 Woods Centers Suite 448,Carolfurt,Wisconsin,86556.0,2342535025952,youngmary@hotmail.com
Ci216381,Ap216381,703 Jesus Loaf Apt. 127,Taylorberg,South Dakota,22098.0,149579988647832,kentjason@hotmail.com
Ci573125,Ap573125,85928 Walker Drives,Kevinfurt,Alaska,50537.0,5691395746,april90@austin.org
Ci671621,Ap671621,28177 Michael Islands,Edwardborough,South Dakota,58330.0,00126553976671035,qduncan@gmail.com
Ci234508,Ap234508,0586 Christina Way,Elizabethtown,Montana,26862.0,4378408197362,natalie86@gmail.com
Ci829650,Ap829650,844 Francisco Extensions,North Holly,Kansas,85386.0,5981412304447,johnsonmary@gmail.com
Ci962645,Ap962645,5679 Samantha Light Apt. 947,Khanborough,Vermont,52123.0,14179182400960,suzanneruiz@hoover.biz
Ci499111,Ap499111,834 Rodriguez Flat,East Stephenstad,Oklahoma,36953.0,1501424085262031,william40@everett-jackson.com
Ci250810,Ap250810,611 Daniel Ville,East Robertoberg,Arkansas,86293.0,6036376927940,angelabruce@yahoo.com
Ci392890,Ap392890,3732 Taylor Ports,East Colin,Iowa,94224.0,3979533266,deborah36@harrison-jackson.org
Ci673665,Ap673665,23995 Hannah Avenue,West Carolyn,North Carolina,43436.0,3034472162,riosdarryl@hotmail.com
Ci940477,Ap940477,782 Jessica Walk Apt. 205,Allenborough,North Carolina,77684.0,001452387417782463,richard27@yahoo.com
Ci460032,Ap460032,1034 Lawrence Prairie,East Sarahberg,Mississippi,17846.0,1669034417610,danielleburton@yahoo.com
Ci469599,Ap469599,80302 Stephanie Club,North Williamshire,Florida,19018.0,0014973720363912,destinyjordan@gmail.com
Ci760960,Ap760960,130 Mason Oval Apt. 367,New Christinaport,Connecticut,23350.0,474405251733315,lisa52@mccarty.org
Ci850020,Ap850020,4622 Lisa Drives,Dyerport,Mississippi,49178.0,16113123791,josephmartinez@gmail.com
Ci979611,Ap979611,858 Rodriguez Manor Apt. 367,New Dustin,Wisconsin,22079.0,958950975549060,mcclurechristopher@yahoo.com
Ci271836,Ap271836,08325 Jose Tunnel,Powellfurt,Iowa,58781.0,0016282617040542,phillipsjulie@gmail.com
Ci829903,Ap829903,8700 Brown Loop,Lawrenceside,Hawaii,69175.0,18425730354,ryanroberts@sanders.com
Ci145714,Ap145714,929 Joseph River Apt. 013,North Cameronfurt,Nebraska,78291.0,1829662074684,taylorcastillo@barnes-blankenship.com
Ci727234,Ap727234,44971 Mckay Walk,Port John,Texas,32882.0,0759501699,reyeselizabeth@gmail.com
Ci996048,Ap996048,8556 Moses Stravenue,Huntburgh,Rhode Island,35745.0,18864015181965,hardinchristopher@yahoo.com
Ci730271,Ap730271,1690 Debbie Mount,Craigport,Iowa,4324.0,897362401970511,thaas@moore.org
Ci566960,Ap566960,457 Brenda Mountains,New Justin,Wisconsin,84034.0,0946101824671,johnsondevin@soto.com
Ci811851,Ap811851,209 Brown Islands Apt. 356,West Annetteshire,West Virginia,95273.0,18137157943,brian68@gilmore.info
Ci224123,Ap224123,716 Patricia Forest,Lake Jacob,Oklahoma,25472.0,0016992315454909,francoshirley@hotmail.com
Ci405628,Ap405628,6460 Daniel Prairie Apt. 194,Montesmouth,Alaska,27879.0,11400492446365,zachary43@clayton-baker.org
Ci182989,Ap182989,374 Karen Extension,Jenkinsland,Florida,87026.0,0019402929237,allisonemily@yahoo.com
Ci398356,Ap398356,0926 Marie Summit Suite 800,Kennedymouth,Oklahoma,51768.0,00111570717303321,jgarcia@ruiz.com
Ci929957,Ap929957,733 Rodriguez Corner Suite 228,Careyburgh,Texas,53779.0,00114362339828932,nicholas14@quinn-harris.com
Ci278274,Ap278274,2247 Manuel Cliff Suite 213,East Kariburgh,Iowa,1403.0,74046344919336,jessica70@murphy-glover.info
Ci787995,Ap787995,2858 Knapp Run Apt. 972,Priceton,Wisconsin,88688.0,5445310429114,klewis@parker.net
Ci425352,Ap425352,668 Williams Gateway,Port Marymouth,South Dakota,61306.0,5564657728,wayne44@hansen.biz
Ci920260,Ap920260,103 Robyn Parkway Suite 181,New Kristinaside,Connecticut,59458.0,4354502425,cjones@gmail.com
Ci511927,Ap511927,01935 Harris Spurs,South Sheilaview,Iowa,46946.0,92380589438861,monica91@phillips.com
Ci889852,Ap889852,59659 Walls Estates Suite 697,Lake Ruth,Louisiana,1431.0,111735385442967,mark12@gmail.com
Ci983184,Ap983184,644 Joseph Cliffs Apt. 289,East Lauren,Arkansas,23193.0,84617361159535,codynewman@trevino.info
Ci231373,Ap231373,54828 Adriana Lock Suite 071,Thomaschester,Connecticut,96768.0,001004807391593111,shannon46@bell.biz
Ci538452,Ap538452,11258 Nelson Haven Suite 109,Yangmouth,Mississippi,12293.0,4381770799,tina89@osborn-whitney.com
Ci215294,Ap215294,847 Christian Estates Apt. 586,Port Chris,South Carolina,72015.0,00166123448664044,madison45@wolf-washington.com
Ci559451,Ap559451,661 Andrea Isle,Williamborough,Arkansas,49305.0,11607192158037,rachel51@hotmail.com
Ci748307,Ap748307,9219 Anna Parkways,Port Williambury,Alaska,23757.0,1609151668155679,johnsoncathy@mcdaniel.biz
Ci165726,Ap165726,555 Herrera Mountain Apt. 745,Coxton,Montana,14793.0,6727976940,stephen30@hotmail.com
Ci241564,Ap241564,521 Padilla Lights Apt. 228,Perezfort,Nebraska,59529.0,67076292541082,jensensabrina@yahoo.com
Ci477812,Ap477812,78210 Cochran Haven Apt. 749,Brittanyport,Virginia,89360.0,523898131087207,danielharvey@jimenez-clark.info
Ci368246,Ap368246,4579 Smith Track,Amystad,North Carolina,45603.0,2784094771,qhernandez@davis.com
Ci805696,Ap805696,45032 Kelli Forges,Annaborough,California,63011.0,15329531566,palvarado@mcclain.org
Ci218015,Ap218015,695 Brian Flat,South Pamelashire,Wisconsin,7379.0,0263462352503,lcook@hotmail.com
Ci840674,Ap840674,033 Edward Knoll,Salazarport,Nevada,11395.0,17716718314,anthony77@cobb.com
Ci354079,Ap354079,273 Deanna Ways Suite 680,Rachelfurt,Louisiana,17437.0,001810644545651855,luke87@weber-james.com
Ci650929,Ap650929,8780 Tate Drives,Welchbury,Michigan,37293.0,7546418042206,wmurillo@rodriguez.com
Ci789944,Ap789944,7433 Sheila Way Suite 746,Port Joyburgh,Arkansas,57280.0,1474719897492274,cynthia80@hotmail.com
Ci788105,Ap788105,36449 Virginia Manors,West Christianberg,Vermont,56405.0,17532511005155,frostrobert@yahoo.com
Ci613758,Ap613758,98778 Snow Gardens Suite 340,North Teresachester,Iowa,42854.0,3889524796,butlerjason@hotmail.com
Ci465890,Ap465890,729 Haynes Harbors,Bobton,Nevada,82835.0,9793100160,kathryn33@yahoo.com
Ci545101,Ap545101,7020 Wilcox Mall,West Marystad,Arkansas,72267.0,8106563745387,travisjohnson@gmail.com
Ci136631,Ap136631,19501 Peter Field,Shawnmouth,Washington,60175.0,9233215619,ashleyanthony@gmail.com
Ci866577,Ap866577,6098 Conner Skyway,Markmouth,Alabama,43078.0,17681632672,bjackson@howell.biz
Ci172991,Ap172991,0265 Mary Light,South Olivia,Iowa,79322.0,2758073548,vhaynes@hernandez.com
Ci104014,Ap104014,19680 Rodriguez Union Apt. 520,West Miguelberg,Nevada,25725.0,00112040636941035,jodychang@hotmail.com
Ci373237,Ap373237,764 Christina Courts Apt. 207,Lake Adamport,Colorado,78328.0,0486658532,griffindouglas@french-greene.com
Ci118070,Ap118070,326 Orr Locks Apt. 120,New Justinmouth,Oklahoma,93289.0,0015747042834021,perezangela@gmail.com
Ci922209,Ap922209,36411 Alison Glen Apt. 355,Jennifermouth,Louisiana,8836.0,9447783169781,lee58@gmail.com
Ci156958,Ap156958,17686 David Burgs Suite 500,North Douglasfurt,Mississippi,56864.0,7977582507,robin82@hotmail.com
Ci182074,Ap182074,17411 Jessica Bridge Suite 411,North Christinamouth,Arkansas,8642.0,197198894344021,jamesemily@yahoo.com
Ci635017,Ap635017,60957 Ryan Mountains,East Tracy,California,72511.0,3834436227,mtaylor@soto.net
Ci855073,Ap855073,063 William Tunnel,New Kevin,Alaska,61797.0,9940219376261,tcruz@gmail.com
Ci276089,Ap276089,9972 Higgins Corner Apt. 499,South Julieborough,Alabama,92777.0,5949279401,djimenez@moore.com
Ci297392,Ap297392,80912 Evans Meadow,Erinmouth,Alaska,65974.0,0930868090,timothyhiggins@gmail.com
Ci258823,Ap258823,959 Linda Track,West Rebecca,Wisconsin,62702.0,46933215889410,ryan57@yahoo.com
Ci730152,Ap730152,0659 Woods Spur Suite 919,Garybury,Mississippi,64844.0,0010102503438,mathewskenneth@gutierrez.com
Ci493002,Ap493002,6951 Rodriguez Rest Apt. 979,Charlesborough,North Carolina,28548.0,2659623702,kaylee04@gray.info
Ci833429,Ap833429,333 Williams Track Suite 938,New Karenborough,Alaska,7787.0,521002437466888,uprice@miles-shelton.com
Ci598863,Ap598863,67676 Stafford Gardens Apt. 575,Cliffordstad,Rhode Island,79485.0,89432854296735,colleensnyder@garcia.com
Ci467654,Ap467654,018 Tyler Parkway,North Stevenport,Iowa,32405.0,0010575126435,kimberly99@yahoo.com
Ci679036,Ap679036,8190 Baker Throughway,Noblebury,Vermont,60397.0,32955181953541,lauren13@hotmail.com
Ci630089,Ap630089,74815 Crystal Gardens,Andreview,Oklahoma,58447.0,404303777787000,kristinewilliams@parks-rodriguez.com
Ci250262,Ap250262,61011 Jason Tunnel,East David,Illinois,32833.0,00159884904771364,mario43@hotmail.com
Ci542905,Ap542905,91659 Conway Crest,Johnsonborough,Montana,15233.0,1878213637,deanelizabeth@whitney.com
Ci335362,Ap335362,285 Patrick Ways,Alicestad,Oklahoma,97551.0,17369275428802,brianna11@gmail.com
Ci544209,Ap544209,742 Erin Square Suite 425,Stephaniestad,New Mexico,77351.0,60921485282258,erin68@steele.com
Ci653880,Ap653880,87910 Christine Village Suite 791,West Eddieton,Iowa,55184.0,00123211591912732,parkermelissa@gould.com
Ci897079,Ap897079,199 Hines Freeway Suite 200,New Edwardberg,North Carolina,32350.0,10287075561,asmith@yahoo.com
Ci764076,Ap764076,3802 Mcdaniel Roads,Joshualand,Wisconsin,17859.0,991678140452340,bobbychang@nelson-williams.net
Ci319963,Ap319963,95586 Horton Drives Suite 985,Lake Ashleyfort,Illinois,55213.0,001349969837054059,hensonsteven@gmail.com
Ci580761,Ap580761,4426 Kim Orchard,Robertaport,Oklahoma,5416.0,358883278517076,bgreen@hotmail.com
Ci348710,Ap348710,95082 Reyes Coves Suite 275,Carolineside,Montana,43444.0,1164202785975160,abishop@bass.com
Ci320984,Ap320984,276 James Forge Apt. 810,Lake Timothymouth,Connecticut,21821.0,5306391762,brandonferguson@hotmail.com
Ci997059,Ap997059,854 Garcia Road Suite 415,Michaelfort,Vermont,79724.0,674080177453095,swolfe@gmail.com
Ci956748,Ap956748,29395 Reyes Groves Suite 105,North Laurashire,Iowa,62848.0,3503368024166,kevingonzalez@gmail.com
Ci882355,Ap882355,89428 Eric Valleys Suite 355,Courtneymouth,Colorado,40730.0,5433978427,zimmermanlisa@miller-beard.com
Ci364512,Ap364512,72242 Erika Port,Bradleychester,Michigan,19282.0,49942160318192,lisabowman@hotmail.com
Ci701863,Ap701863,2524 Lisa Turnpike Apt. 651,Brianshire,Mississippi,50433.0,3031080155902,brooksjames@sexton.com
Ci368799,Ap368799,6466 April Dam Suite 650,New Melissaville,West Virginia,78006.0,5104322696,reynoldsmitchell@carey.com
Ci337549,Ap337549,15814 Thomas Port Apt. 677,Kimberlyberg,West Virginia,53325.0,3551904390,otrujillo@nichols.com
Ci694319,Ap694319,5186 Michael Shores Suite 247,Christinaside,Arkansas,19749.0,2363950809,marcus90@gmail.com
Ci584299,Ap584299,8908 Edward Ports Apt. 927,Walkerborough,California,79939.0,8051238707962,tcastro@wells.net
Ci712210,Ap712210,76422 Joseph Meadows Suite 083,Virginiatown,Illinois,38035.0,64971637042550,jodirivera@klein-rios.com
Ci548982,Ap548982,2513 Baker Row Apt. 167,Jillhaven,Rhode Island,66603.0,00178933328507886,danielleerickson@mullen.com
Ci224046,Ap224046,57914 Alexander Ranch Suite 240,Claudiachester,Alaska,42563.0,9315699074,cathylopez@rowe.net
Ci506619,Ap506619,08852 Brown Stravenue,Lake Kenneth,Ohio,40589.0,8167142270,jonesbonnie@yahoo.com
Ci132097,Ap132097,36162 Jennifer Roads Suite 778,Steeletown,Nevada,36876.0,89466200000682,brianmarsh@hotmail.com
Ci766326,Ap766326,86932 Jamie Well Suite 517,West Sherishire,Oregon,93263.0,1932684040987154,derekmartin@yahoo.com
Ci749150,Ap749150,6601 Kelly Corner Suite 007,Allisonhaven,Alabama,9767.0,48896890411972,ffoley@howard-murphy.com
Ci330229,Ap330229,228 Travis Gardens Suite 905,Howellmouth,Iowa,73538.0,4235821573273,lorihill@lopez.com
Ci218834,Ap218834,03954 John Vista Apt. 885,Tranberg,Iowa,64545.0,15685129000953,alejandra73@yahoo.com
Ci193848,Ap193848,81642 Bennett Locks,West Dennis,Mississippi,79542.0,9097502797,davissteven@sanders.com
Ci152921,Ap152921,399 Moore Mount Apt. 237,West Scotthaven,Michigan,98059.0,540374277205716,robert17@yahoo.com
Ci805086,Ap805086,6162 Daniel River Apt. 263,Charlestown,Wisconsin,16327.0,1129012174966920,vincentscott@gmail.com
Ci750429,Ap750429,021 Brian Mountains,Port Nancy,Rhode Island,13591.0,8208756375397,sryan@gmail.com
Ci805660,Ap805660,1232 Hernandez Center Apt. 299,Barkerstad,West Virginia,7539.0,7441743738045,michael90@moore-perez.info
Ci384821,Ap384821,40762 Payne Stream Apt. 247,Carmenbury,Arkansas,57433.0,212086071201569,lisa03@gmail.com
Ci155609,Ap155609,800 Bryan Villages,Josephburgh,Wisconsin,72198.0,0012116903397278,cayala@hotmail.com
Ci327897,Ap327897,9452 Monica Ridges Apt. 236,Bonniechester,Iowa,82140.0,11504741258778,johnsontroy@hotmail.com
Ci131024,Ap131024,17113 Johnson Rapid,South Katherinemouth,Oklahoma,15999.0,1963633087045934,sanchezseth@arias-cunningham.net
Ci170313,Ap170313,3666 Brittany Row Apt. 621,Lake Larry,Montana,10319.0,001425194395816666,jmitchell@roberts-humphrey.com
Ci489957,Ap489957,951 Randy Avenue Apt. 547,Jeffreybury,West Virginia,10082.0,129542078977948,erika40@gmail.com
Ci284078,Ap284078,216 Davis Ports,Phillipsberg,West Virginia,96418.0,8339707798,lindarogers@simpson.info
Ci457429,Ap457429,34708 Wade Forest Suite 714,North Matthew,Wisconsin,55054.0,9853611303,richardbrown@hotmail.com
Ci561243,Ap561243,807 Brooks Islands,North Dianaside,Oklahoma,53588.0,1187880267264141,robert42@gmail.com
Ci213632,Ap213632,6251 Joe Walk Suite 765,New Aarontown,Hawaii,48972.0,0678579079,travis10@gamble.info
Ci351451,Ap351451,978 Hawkins Hollow Apt. 978,East Melissa,North Carolina,15975.0,54308053996911,ashley55@hotmail.com
Ci103051,Ap103051,03464 Jonathan Pass Suite 316,Forbesshire,Oklahoma,11911.0,6416264395,jmorris@hotmail.com
Ci804107,Ap804107,4841 Spencer Union,Arnoldport,Alabama,85563.0,11405690103975,harrismelissa@hotmail.com
Ci476836,Ap476836,192 Nichols Plains Apt. 799,Melindaville,Louisiana,45937.0,5998148502920,stevenwiley@jones.com
Ci711523,Ap711523,67700 Shepard Loop Apt. 000,Lake Samantha,Rhode Island,25995.0,134706545478889,barbara45@gmail.com
Ci821772,Ap821772,38733 Kristen Cliff,Lake Michaelstad,Oklahoma,36788.0,2218455908,mcbridemichelle@fisher.net
Ci289407,Ap289407,455 Ruiz Village Suite 537,North Johnview,South Dakota,59430.0,0015044314981468,oliviafowler@gmail.com
Ci549395,Ap549395,897 Bird Corners,West Shawn,Washington,46349.0,6784350032071,heathersandoval@moore-allen.com
Ci562894,Ap562894,080 Anne Extension Apt. 089,Bradmouth,Wisconsin,4203.0,0732532845,bob78@yahoo.com
Ci311810,Ap311810,044 Meadows Crossroad Apt. 313,Dannybury,Kansas,38489.0,0018534847047365,josephwong@leonard.com
Ci827975,Ap827975,51053 Dunn Neck Apt. 567,North Diane,South Carolina,83640.0,393580644749344,hbaker@hays.org
Ci173523,Ap173523,1618 Jessica Trail Suite 378,Cardenasville,Alaska,90958.0,7049772918,johnroberts@hotmail.com
Ci860463,Ap860463,74269 Stein Shore Apt. 393,Petersonview,Ohio,46993.0,99511245838573,kelliott@gmail.com
Ci194476,Ap194476,74066 Mark Crescent,South Dalebury,Vermont,33040.0,0010946819692244,kristinkemp@mathews-suarez.info
Ci333841,Ap333841,090 Kelly Circles,Rachelmouth,Texas,34973.0,8051778336,mariajennings@palmer-zavala.com
Ci903451,Ap903451,290 Brian Streets,South Brittanyport,California,15644.0,17760697775,thompsoncourtney@gmail.com
Ci970045,Ap970045,49475 Maria Parkways Apt. 252,Port Amanda,Iowa,7498.0,00117277656482762,cynthiarobertson@holland-morris.com
Ci322866,Ap322866,5387 Duarte River,North Curtisbury,South Carolina,96638.0,1872292364,jason74@frank.com
Ci186672,Ap186672,50281 Michael Landing Suite 002,North Luke,Wisconsin,98241.0,6762712429,jnewman@scott.com
Ci698135,Ap698135,5420 Gary View,North Amy,Kansas,55672.0,26176225145812,ashleycohen@green.info
Ci444894,Ap444894,741 King Drive Apt. 546,Williamsonside,Michigan,80537.0,17794883988009,cjackson@yahoo.com
Ci834994,Ap834994,317 Julia Ways,North Leslieborough,Illinois,93861.0,106897566282234,erin85@wu.com
Ci128251,Ap128251,00855 Pedro Plains Apt. 088,Carlosmouth,South Dakota,53052.0,666432879046984,carrtodd@yahoo.com
Ci727769,Ap727769,492 Kristina Stravenue Suite 816,West Laura,Alabama,55019.0,17481899182243,patricia19@harmon-cook.info
Ci474710,Ap474710,8678 Miller Divide,North Brittanyberg,Iowa,81659.0,00113355323877348,michelle84@payne.com
Ci650233,Ap650233,81080 Vickie Mall Apt. 372,Calderonhaven,Wisconsin,80872.0,66959192260386,tracy89@brown-perez.com
Ci977284,Ap977284,7649 Beltran Cliffs,Sydneyside,Texas,44136.0,5274212719,rodneywatts@gmail.com
Ci132217,Ap132217,310 Corey Mountain Suite 670,Lake Lisa,Kansas,36315.0,8389672739,andrewhammond@yahoo.com
Ci108308,Ap108308,3207 Justin Ranch,South Allison,Oklahoma,40962.0,00137504348404654,kfoster@ponce.com
Ci368093,Ap368093,863 Lloyd Shore Apt. 263,New Katie,North Carolina,44404.0,15873678850613,joshua84@gmail.com
Ci283062,Ap283062,0739 Barrett Shoals,Hochester,Louisiana,50320.0,4939172808330,jeanettedelgado@hotmail.com
Ci494366,Ap494366,6964 Brandon Island Apt. 239,South Eric,Oklahoma,17947.0,001277686755750341,tmahoney@chang.net
Ci844840,Ap844840,70831 Kevin Rue,Wilsonmouth,Florida,41126.0,0061288347,douglas86@ford.net
Ci200235,Ap200235,181 Richard Fords,Sullivanfurt,Illinois,86412.0,797072413956115,davidaustin@pierce.com
Ci174740,Ap174740,074 Lane Crest Apt. 824,Lake Danielchester,Iowa,87159.0,0013387708043,wongalejandra@gmail.com
Ci478496,Ap478496,58802 Scott Meadows Apt. 995,Lake Karenshire,West Virginia,29131.0,7200597678,amy42@hall.com
Ci953049,Ap953049,57743 Rodriguez Row,Trevorview,Oklahoma,79916.0,581532725819314,ortegamelissa@yahoo.com
Ci850201,Ap850201,75572 Marsh Islands,East Nicholasfurt,Iowa,76055.0,8586953747967,johnsonrobert@gmail.com
Ci903328,Ap903328,401 Regina Burg,Jeremyberg,Hawaii,13608.0,9722597547,martinezbrian@pace.com
Ci277247,Ap277247,35522 Zimmerman Pines Apt. 198,South Jamietown,Rhode Island,20305.0,1144285348,awilliams@hotmail.com
Ci763165,Ap763165,63033 William Mountain,Blackwellland,South Dakota,1613.0,6403248791464,danaramirez@yahoo.com
Ci629525,Ap629525,6498 Hannah Hill Suite 901,South Petershire,Washington,85107.0,066710638143826,robert60@gmail.com
Ci120056,Ap120056,788 Adkins Parks Apt. 956,Kathrynland,North Carolina,38167.0,00103942700568337,larsonbrett@yahoo.com
Ci276615,Ap276615,79598 Forbes Loop Suite 753,Woodland,Washington,34277.0,62201201647152,heather63@gmail.com
Ci287628,Ap287628,369 Gonzalez Loop,South Kathryn,Wisconsin,15114.0,00118292518524209,william84@white-williams.com
Ci738836,Ap738836,288 Jackson Estate,Turnerbury,Wisconsin,28310.0,8905614451,crobbins@hotmail.com
Ci473632,Ap473632,8566 Stacey Prairie,Lake Jeromechester,Arkansas,15595.0,649402509255283,rita81@lopez.com
Ci234415,Ap234415,550 Ashley Vista Suite 933,Wagnerfurt,Illinois,50241.0,1513425704,thompsoncolleen@yahoo.com
Ci506716,Ap506716,05257 Angela Meadows Apt. 758,Deborahfurt,Wisconsin,86213.0,5673150503,josephsalinas@johnson.biz
Ci546438,Ap546438,076 Vanessa Extension Apt. 243,Port Kathleenshire,Oklahoma,99646.0,17050073628500,isaacmeyer@yahoo.com
Ci653663,Ap653663,20960 Stewart Station,Lake Victoria,West Virginia,43644.0,11371926187118,stephaniewalsh@gmail.com
Ci765022,Ap765022,37147 Chase Place,South Matthew,Wisconsin,68804.0,1034982178,zjackson@rogers-marquez.info
Ci641252,Ap641252,8505 Jason Keys Suite 511,East Travisfurt,Oregon,46733.0,520775894220024,chasevictor@yahoo.com
Ci737717,Ap737717,817 Lauren Causeway,Perezmouth,Nebraska,61431.0,138127883735853,jason02@yahoo.com
Ci352764,Ap352764,675 Jennifer Centers Apt. 939,Josephville,Rhode Island,47991.0,1647571646,lindsey87@guzman.org
Ci814998,Ap814998,052 Karen Highway Suite 261,Lake Brianview,South Dakota,68760.0,0012021063824,crawfordjanet@lee.org
Ci566882,Ap566882,450 Jordan Summit Apt. 847,South Beverlyport,Hawaii,50159.0,91928207968085,cbrown@hotmail.com
Ci840427,Ap840427,6451 Nicholas River Suite 701,South Sarahshire,West Virginia,24363.0,7286093316,vkelly@gmail.com
Ci612153,Ap612153,70420 Munoz Club Suite 604,West Stephanie,North Carolina,88707.0,18270445984,noahgonzalez@hotmail.com
Ci167215,Ap167215,83361 Kelsey Well Apt. 624,South Ronnie,South Dakota,3554.0,94411920134561,zachary96@gmail.com
Ci955474,Ap955474,848 Mitchell Views,South Ashleyville,Nebraska,16776.0,8066946805168,lisaobrien@yahoo.com
Ci244356,Ap244356,2096 Curtis Crest Suite 683,New Nicolefort,Alabama,72797.0,2368163332,annetterobertson@rice.com
Ci303861,Ap303861,0719 Alexander Groves Apt. 518,North Bobby,Washington,6148.0,7333774994593,ronaldcarey@hotmail.com
Ci455612,Ap455612,0851 Reed Common,South Jasonfort,Alabama,73085.0,359655479928827,shannon11@bonilla.com
Ci554605,Ap554605,115 Peterson Brook Suite 627,East James,South Dakota,41540.0,160371095867609,nreid@yahoo.com
Ci109435,Ap109435,4932 Wallace Route Apt. 132,Lake Sarah,Ohio,52387.0,0858520626264,mary92@hubbard.com
Ci547556,Ap547556,11980 Thompson Centers,East Anthonyhaven,West Virginia,57194.0,0901016654,snowrachel@gmail.com
Ci799438,Ap799438,14798 Stevenson Burg Suite 093,Port Bradley,Mississippi,99392.0,664682714005298,aaron80@hotmail.com
Ci965264,Ap965264,80273 Ramirez Via Suite 265,Hurstville,Alaska,87453.0,8027464244,kathleencollins@ramirez.com
Ci675581,Ap675581,586 Joshua Knolls,Matafort,North Carolina,57112.0,4252876079,craig50@yahoo.com
Ci178781,Ap178781,9655 Jim Street,Amyberg,Wisconsin,76233.0,2405575451120,hayley25@yahoo.com
Ci291475,Ap291475,2280 Stein Oval,South Emily,Nebraska,82973.0,68415741162081,vlloyd@freeman.com
Ci260196,Ap260196,033 White Valley,East Kathryntown,Texas,35996.0,0012177584921,douglasmccormick@yahoo.com
Ci326507,Ap326507,290 Gomez Dam,Matthewview,Oregon,8355.0,15460364703,cobbjacqueline@rodriguez.org
Ci406063,Ap406063,16251 Allen Brook Suite 920,East Williammouth,North Carolina,55625.0,07671352831421,jowens@jackson.com
Ci864121,Ap864121,236 Hall Road,New Rebecca,Rhode Island,77350.0,97659515877404,emartin@hotmail.com
Ci876665,Ap876665,34685 Maria Wells Suite 074,Edwardston,Arkansas,50669.0,9557089010,riveraronald@davis.com
Ci790607,Ap790607,2732 Harris Plains,South Kathleenfurt,California,80741.0,53611790070046,khanmatthew@gmail.com
Ci221172,Ap221172,0248 Joseph Bridge Apt. 106,New Kennethmouth,Colorado,55947.0,1113092413,johnsondaniel@kane.net
Ci456902,Ap456902,44073 Leonard Forest,Coleland,Louisiana,87651.0,916985600015402,meadowskeith@williams.com
Ci584963,Ap584963,57014 Vaughn Drives Apt. 835,Markmouth,Michigan,93058.0,3123458570,dtaylor@hotmail.com
Ci555968,Ap555968,0180 Stephanie Union,Christianland,Rhode Island,92733.0,2770897271876,wardjennifer@gmail.com
Ci418717,Ap418717,01094 Olivia Mountain,Harrisonburgh,Vermont,9465.0,15948949929,elaine29@allen.com
Ci159101,Ap159101,122 Gould Green,Port Steven,Oklahoma,68457.0,505542972434424,mendozaalexandria@yahoo.com
Ci595972,Ap595972,600 Lewis Course,Tiffanyside,Hawaii,83998.0,97253273435256,scottperez@gmail.com
Ci388790,Ap388790,28213 Richard Junction,Kiddshire,Iowa,81904.0,242927276727198,jamesstrickland@hotmail.com
Ci990617,Ap990617,93747 Johnson Fort Apt. 434,Riggsville,Oregon,78975.0,0586935512,garyrios@garcia.com
Ci647337,Ap647337,101 Moody Stravenue,Lake Kimton,Alaska,10863.0,244537371713781,matthew57@hotmail.com
Ci834965,Ap834965,43167 Gina Flats,Jerrymouth,Kansas,9448.0,72869034732803,lauren35@hardy-james.biz
Ci460260,Ap460260,233 Stewart Prairie Apt. 624,North Stephenton,Nebraska,20109.0,001300290819608814,wendy60@gmail.com
Ci983811,Ap983811,539 Gordon Greens,West James,New Mexico,51266.0,0011348431232,josecurtis@hotmail.com
Ci692673,Ap692673,117 Williams Island Apt. 636,South Kathryn,Wisconsin,24406.0,102461007380874,elizabeth58@holden-hunter.com
Ci750419,Ap750419,06008 Velazquez Gardens,Lake Elizabeth,New Mexico,36900.0,66715032480548,kennedydavid@meadows.com
Ci533374,Ap533374,468 Hayes Plaza Suite 905,Johnstad,South Dakota,76716.0,45585405424952,troygarcia@gmail.com
Ci820777,Ap820777,09043 Key Valley Suite 320,New Anthonymouth,Virginia,9221.0,3459685241723,pmontgomery@gmail.com
Ci647577,Ap647577,158 Jose Streets Apt. 205,Barronchester,Rhode Island,80005.0,51209833469414,lmoore@farrell-logan.info
Ci472370,Ap472370,271 Emily Mount,Erinside,West Virginia,49095.0,87677504156636,laura63@gmail.com
Ci987225,Ap987225,712 Emily Mews Suite 066,Ashleyville,South Dakota,49901.0,42638471721809,johnsontracey@hernandez.com
Ci371967,Ap371967,026 Christopher Roads,West Jeffreybury,Florida,80658.0,1021355165,philipjohnson@yahoo.com
Ci291232,Ap291232,32155 Joshua Roads Apt. 172,Rivasbury,Arkansas,83417.0,11598566202832,jameswilson@moore.com
Ci404119,Ap404119,8849 Johnson Forks,New Lindseymouth,Alabama,5408.0,3785274783,wyattjames@malone-davis.com
Ci109540,Ap109540,122 Smith Park Suite 630,Josephfort,Oregon,42826.0,001324785860645012,barnettjennifer@gmail.com
Ci640652,Ap640652,85842 David Rest,Teresafurt,Kansas,28657.0,8781011089119,markjones@yahoo.com
Ci497827,Ap497827,7293 Raymond Crossroad Apt. 997,East Jeffrey,West Virginia,81177.0,128962782167465,nguyencarly@yahoo.com
Ci651951,Ap651951,048 Carly Brook,Douglasstad,Wisconsin,94987.0,15186662119,mejiajeffrey@dyer-strickland.com
Ci151991,Ap151991,45453 Ramos Street Suite 027,Madisonfurt,California,69924.0,0011577410017,meganjohns@yahoo.com
Ci288751,Ap288751,536 Morrow Run Apt. 817,East Jenniferland,West Virginia,73318.0,836936559041831,bwright@silva-dickerson.com
Ci466326,Ap466326,756 Cook Stravenue,Brownberg,Nebraska,21217.0,90249011945295,jasonrowe@lewis-davenport.net
Ci786337,Ap786337,4497 Meghan Roads Apt. 552,Nunezview,Virginia,91557.0,8668067007,nmoore@gmail.com
Ci718992,Ap718992,22065 Holt Mountain,North Crystalmouth,Texas,17011.0,18143653059,renee64@yahoo.com
Ci149115,Ap149115,896 Mark Branch Apt. 402,Maryville,South Dakota,15039.0,9583267087474,johnmills@yahoo.com
Ci453151,Ap453151,0112 Walker Cape Apt. 110,Morganmouth,Vermont,9204.0,2324766730,stephensfelicia@yahoo.com
Ci843583,Ap843583,5055 Kramer Turnpike,Port Johnfurt,Nebraska,21573.0,1343271998693533,gregorywatkins@yahoo.com
Ci291962,Ap291962,31090 Fritz Islands Apt. 566,Port Paulville,Ohio,20458.0,4182731672251,melendezglenn@yahoo.com
Ci821747,Ap821747,78729 Tammy Cliffs,Lake Samanthafort,Wisconsin,28374.0,00112888744730051,sandra45@hotmail.com
Ci249143,Ap249143,862 Hector Landing,Port Davidville,Kansas,59183.0,987578797153584,omorgan@yahoo.com
Ci814635,Ap814635,707 Garner Keys,Thomasburgh,Arkansas,12086.0,9042260766359,aaron11@yahoo.com
Ci636226,Ap636226,8604 Walters Trace,South William,Virginia,9898.0,9108991507712,victor75@yahoo.com
Ci453824,Ap453824,59473 Patrick Station,Dickersonborough,Wisconsin,42308.0,3863529391,rowerichard@hotmail.com
Ci104000,Ap104000,77998 Young Parkways,Justintown,Alaska,49742.0,228292303384955,michaelhuynh@hotmail.com
Ci825948,Ap825948,8675 Maria Turnpike,North Nathan,Alaska,71988.0,04043314543139,kristineweaver@gmail.com
Ci987474,Ap987474,172 Sergio Rapids Apt. 809,New Alexis,Hawaii,37815.0,9333973488,deborah94@martin-mitchell.com
Ci455754,Ap455754,67804 Mccarthy Green,Gilbertburgh,Virginia,12549.0,92522308370626,susan28@jackson.biz
Ci351492,Ap351492,38253 Renee Isle,Lake Christopher,Nebraska,65203.0,8372078564,michael09@yahoo.com
Ci990123,Ap990123,949 Jensen Viaduct Apt. 709,Grossmouth,Rhode Island,61272.0,14251997093121,amandaavila@yahoo.com
Ci599522,Ap599522,746 Loretta Ports Apt. 494,Butlerstad,Arkansas,63465.0,1518912415,fisherscott@crosby.com
Ci591072,Ap591072,6989 King Keys Suite 994,Port Adrian,Nebraska,30041.0,5262583476352,hughesseth@hernandez.com
Ci138304,Ap138304,152 Katherine Mountain Apt. 250,New Meganstad,California,43111.0,109055554186360,hburns@hotmail.com
Ci604999,Ap604999,1316 Michael Wall Suite 499,Samanthamouth,Wisconsin,21832.0,1097001011,oholt@yahoo.com
Ci431593,Ap431593,477 Briana Meadows Suite 309,Reginaville,Wisconsin,8873.0,128207138477706,stephaniebrooks@hotmail.com
Ci707274,Ap707274,8634 Tamara Glens Suite 807,East Patrickland,Alabama,44421.0,071832714360462,valerie42@yahoo.com
Ci251836,Ap251836,126 Tony Station Apt. 779,Nancyburgh,South Dakota,39416.0,9534811533906,gabriel45@hotmail.com
Ci208940,Ap208940,271 Evans Mountain,Ellisonview,Texas,58066.0,8289775601,steelepatricia@hotmail.com
Ci924926,Ap924926,8673 Samuel Mission Apt. 230,Port Elaine,Nebraska,33717.0,1689194912,xscott@yahoo.com
Ci365517,Ap365517,49790 Daniels Key,Lake Mary,Alabama,64514.0,7896286618,hmurphy@yahoo.com
Ci767521,Ap767521,7559 Michelle Garden Apt. 577,Joseview,South Carolina,53603.0,596111563410222,jmorales@lewis.com
Ci721820,Ap721820,3359 Holmes Bridge Suite 988,Lake Robertside,West Virginia,94732.0,144264527339518,frenchnicole@thomas.com
Ci979090,Ap979090,5496 Christina Terrace Apt. 098,Harrisville,New Mexico,46084.0,2536581821,paulmonroe@gutierrez.com
Ci485777,Ap485777,801 Rangel Prairie Suite 908,Port Eric,Vermont,70402.0,1113778393,mboyer@sawyer.com
Ci724674,Ap724674,6233 Patricia Hill,Makaylatown,Alaska,28338.0,4983366978,brandy43@parker.com
Ci651638,Ap651638,38381 Glenn Oval Apt. 094,South Patricia,Arkansas,63736.0,1907883962,pauljimenez@hotmail.com
Ci717296,Ap717296,4970 John Drives Suite 708,Lake Dawnmouth,South Carolina,17841.0,570823370945748,wfarmer@howell.info
Ci980729,Ap980729,7807 Townsend Village,South Justinchester,Iowa,97960.0,3229611568551,autumn50@stevens-roberts.com
Ci649639,Ap649639,4266 Gillespie Greens,Adrianshire,California,36389.0,0026076871,jessica76@byrd-cook.com
Ci712956,Ap712956,98454 Taylor Road Suite 470,New Timothystad,Oklahoma,97403.0,965708455118328,reedtheresa@gmail.com
Ci738873,Ap738873,10628 Tate Crossing,Williamberg,Iowa,58975.0,1739597095495,cynthiabeck@hotmail.com
Ci437497,Ap437497,501 Anne Mews,North Davidmouth,Iowa,25207.0,984467990365968,fmartinez@gmail.com
Ci307869,Ap307869,956 Tammie Vista,Hubbardmouth,West Virginia,77135.0,797910289713839,angelicawilkerson@gmail.com
Ci165953,Ap165953,211 Christian Union Apt. 877,Doyleview,Wisconsin,37402.0,16248667624,williamssherri@gmail.com
Ci943890,Ap943890,844 Castro Court Apt. 353,East Rhondamouth,South Carolina,47325.0,5762642727,jessicalarsen@hotmail.com
Ci600328,Ap600328,99590 Taylor Land Suite 665,Jenniferville,Hawaii,55298.0,0014248845706176,rachel29@yahoo.com
Ci906790,Ap906790,6664 Lisa Streets Apt. 461,East Hannah,Alaska,25473.0,00162576654308061,john13@hotmail.com
Ci103267,Ap103267,2540 Gonzalez Plain,Kevinmouth,Arkansas,90883.0,0010013580242735,myersjoel@hotmail.com
Ci182745,Ap182745,029 Long Streets,West Emilyfort,South Dakota,51958.0,7803365209,matthewfrederick@yahoo.com
Ci976020,Ap976020,823 Lindsey Glens Suite 151,Delgadoville,Nevada,58379.0,00157346192888183,lcarter@jimenez.com
Ci924945,Ap924945,232 Riley Course Apt. 614,Kristinamouth,Oregon,57031.0,8431162366,mason31@gmail.com
Ci257164,Ap257164,894 Kristin Islands Suite 932,Briannastad,Alaska,57512.0,1318254333808646,kylemoses@gmail.com
Ci635626,Ap635626,8927 Sampson Glens Suite 298,North Kellybury,Rhode Island,1372.0,42028330850492,proberts@young.com
Ci231484,Ap231484,596 Watts Highway,South Miguelfurt,Texas,59327.0,0017940053433,robert97@jones-stevenson.com
Ci631831,Ap631831,0929 Beasley Meadows Suite 948,West Jonathan,Oregon,56703.0,62784201717771,racheltorres@hotmail.com
Ci992323,Ap992323,88474 Caldwell Road,West Jamesbury,West Virginia,29572.0,9028455956266,lowedana@howell.biz
Ci160692,Ap160692,97532 Boyd Branch,Laurenland,Oregon,45262.0,001672939499445394,daniel66@yahoo.com
Ci320156,Ap320156,3031 Hood Lane,Maldonadotown,Arkansas,45128.0,0019367336990384,renee54@smith.com
Ci323992,Ap323992,238 Joseph Overpass,Annefort,North Carolina,59688.0,9335665991,sean54@hotmail.com
Ci616771,Ap616771,144 Simpson Unions Apt. 871,East Nicholas,West Virginia,67513.0,001051287698282655,christy70@hotmail.com
Ci930857,Ap930857,9083 Elizabeth Stravenue,Tarabury,Texas,59025.0,0010067467,parker14@yahoo.com
Ci663044,Ap663044,749 Smith Estates,North Georgeburgh,South Dakota,83139.0,289986708223967,ehoward@berg.biz
Ci643176,Ap643176,87688 Keller Cove,North Daleshire,Alaska,83286.0,2483829662,wwallace@watson.com
Ci791095,Ap791095,565 Lewis Crest Apt. 531,Lake Robertstad,Oregon,18204.0,12656856570,romerolisa@hotmail.com
Ci933727,Ap933727,0445 Vickie Inlet,West Adam,Montana,80658.0,57904402147434,aguerrero@weiss.com
Ci214352,Ap214352,72687 Stevens Circle Apt. 039,Brandonstad,Nevada,95718.0,6592915223,marvin69@hotmail.com
Ci969474,Ap969474,52821 Holly Fork,Batesview,California,31460.0,0013833424843146,cnorris@anderson.biz
Ci185999,Ap185999,7353 Moran Crescent,Hensonbury,Texas,44280.0,730794709286261,flopez@yahoo.com
Ci117955,Ap117955,2579 Tate Ports Apt. 859,North Elizabeth,Alabama,5538.0,10769528341616,jhicks@contreras-oliver.com
Ci924273,Ap924273,01919 Amy Crest,Loganburgh,Arkansas,98535.0,1125512931636090,ezavala@powers-may.com
Ci170640,Ap170640,9764 Nicholas Shore,East Jason,South Dakota,44100.0,00194695548066584,cartertimothy@harrison.com
Ci296582,Ap296582,15686 Williams Extensions Apt. 271,West Rose,California,74390.0,95594458028121,pdavis@wilson-rowland.com
Ci844086,Ap844086,8631 Hannah Tunnel Apt. 048,Jamesmouth,Iowa,6429.0,105459318901805,zchristensen@rich-irwin.com
Ci500573,Ap500573,49484 Stephen Shoal Apt. 114,North Staceyton,Wisconsin,37623.0,5999404590,wtaylor@kim.com
Ci525695,Ap525695,7772 Thornton Hollow Suite 606,New Jamesberg,Montana,59743.0,10513702835002,austinnicholas@hill.com
Ci161476,Ap161476,453 Fritz Meadows,New Kelly,Connecticut,4262.0,0014900270924,salaskevin@moss.com
Ci406955,Ap406955,7813 Richard Plaza Apt. 798,Katherinemouth,Hawaii,66740.0,435240803198945,thomasbrandon@hotmail.com
Ci267280,Ap267280,27895 Christine Inlet Suite 111,Lake Robertshire,Nebraska,28907.0,0013170149571901,brianbenitez@hotmail.com
Ci775510,Ap775510,66013 Darrell Rapids,Lake Markborough,Washington,39661.0,0016871087630159,howardbradley@yahoo.com
Ci695468,Ap695468,3049 Kristin Estate Apt. 525,Justinland,Montana,14955.0,9821670585,matthewparrish@carter-lucas.com
Ci798646,Ap798646,5059 Gregg Falls Suite 086,North Cynthialand,Wisconsin,73692.0,3339981930,baldwinashley@golden-chavez.net
Ci737144,Ap737144,05733 Wesley Route Apt. 194,North Edwardborough,Texas,89815.0,64028850221188,jimmy54@hotmail.com
Ci954882,Ap954882,27452 Mcmahon Rue,New Amanda,Oregon,43973.0,0673747419,sarah88@carpenter.com
Ci514568,Ap514568,636 Anne Grove Apt. 778,Jesseshire,South Dakota,99685.0,10774486183,marissalawson@clark.biz
Ci286141,Ap286141,0856 Tonya Extensions Apt. 215,Veronicaborough,Hawaii,67268.0,001763767100874925,leemary@adams-freeman.com
Ci998320,Ap998320,00028 Christina Mission Apt. 745,Greenhaven,Hawaii,19573.0,85010087210239,cwall@washington.com
Ci734736,Ap734736,440 Taylor Corner,Lisaland,West Virginia,94656.0,210840489056769,michelle47@hotmail.com
Ci638685,Ap638685,008 John Shoal Apt. 754,New Ryanbury,Vermont,85061.0,6273531965801,ravenhoward@hernandez.com
Ci278031,Ap278031,55114 Young Passage Suite 443,Harringtonside,West Virginia,60868.0,6626415913,usteele@gmail.com
Ci219180,Ap219180,6562 Melissa Springs Apt. 396,South Eric,Alaska,48458.0,0011597058126,michael85@yahoo.com
Ci166234,Ap166234,22482 Alexis Tunnel,Lake Frederick,California,68724.0,16387457109,bjordan@hernandez.com
Ci664242,Ap664242,931 Molly Spur,South Kimberlybury,South Dakota,10924.0,747536359486549,hardingrebecca@hotmail.com
Ci278352,Ap278352,87492 Coffey Springs,Lyonsmouth,Wisconsin,40180.0,0011755068111,ngordon@merritt.com
Ci179459,Ap179459,3297 Joshua Junction,South Ryanbury,North Carolina,64448.0,6218922514,thughes@davis-foster.org
Ci509995,Ap509995,137 Jennifer Knolls Suite 647,Monicamouth,South Dakota,80072.0,0018974663615037,pwilson@gmail.com
Ci295004,Ap295004,15251 Jasmine Mountain,West Joanna,Wisconsin,96055.0,3947629856,matthew97@hoover.biz
Ci566152,Ap566152,3697 Harris Avenue Suite 072,South Robertchester,Wisconsin,99308.0,9318294465401,jeffreyleach@hunt-knight.org
Ci825256,Ap825256,8940 William Cliffs,Lyonsburgh,Montana,2108.0,095346295700253,leecourtney@knight-mcintyre.info
Ci159163,Ap159163,93049 Mercado Plains Suite 729,New Miafurt,Alabama,67219.0,4669165763,paul43@yahoo.com
Ci575853,Ap575853,43232 Alfred Burg Apt. 106,Maryburgh,Oklahoma,72495.0,2251629218,david08@hotmail.com
Ci151934,Ap151934,578 Miller Summit Apt. 756,New Betty,Louisiana,27479.0,0176098590,danieljohnson@taylor-carney.com
Ci820255,Ap820255,13643 Loretta Courts Suite 553,Brianborough,Nevada,11039.0,527294533464616,michael85@hotmail.com
Ci525523,Ap525523,72371 Anderson Shores Apt. 483,Stephenfort,Oregon,14328.0,4096413335,alexander83@hotmail.com
Ci940530,Ap940530,55539 Perez Shore Apt. 465,New Vanessa,Iowa,77148.0,5372845638,jesparza@yahoo.com
Ci554137,Ap554137,5062 Jonathan Knolls Suite 250,West Ashley,Kansas,30903.0,6109972855,angelafisher@hess.net
Ci105486,Ap105486,545 Beasley Underpass Suite 475,Johnstonburgh,Oklahoma,39266.0,7204028549,welchvanessa@bradford.org
Ci239407,Ap239407,9711 Galvan Street,Ryanbury,Illinois,41230.0,1495556670,taylordavid@clark.com
Ci973332,Ap973332,3721 Catherine Via Suite 596,North Scott,Oklahoma,35549.0,841322547654127,jessica50@shah.com
Ci750308,Ap750308,791 Hancock Square Suite 565,West Markshire,Montana,10526.0,12658274593744,paulavila@young-jordan.info
Ci727083,Ap727083,4557 Crystal Union Apt. 847,New Jacob,Nebraska,57260.0,001410140374485394,robin32@yahoo.com
Ci320184,Ap320184,6791 Ortiz Mountain,Lake Susanville,Arkansas,90072.0,2595441962,patriciajohnston@hotmail.com
Ci766490,Ap766490,044 Harris Spur,Hodgeland,West Virginia,52184.0,580036351850168,rwebb@yahoo.com
Ci449652,Ap449652,6067 Matthew Ports,Brewermouth,South Carolina,35430.0,1479937324,johnzuniga@hotmail.com
Ci861315,Ap861315,47684 Lee Avenue,New Lisa,Alaska,4727.0,0980477190,gwalker@castaneda.biz
Ci742612,Ap742612,60058 Robinson Wall,Lake Anna,Iowa,38415.0,1244669302752733,draketyler@campbell.com
Ci422710,Ap422710,3546 Matthew Plains Apt. 613,South Nathanbury,Oklahoma,99547.0,9120014604025,johntorres@griffin.com
Ci297775,Ap297775,687 Miles Pass Suite 520,Tammymouth,Oregon,56697.0,8639345755,hernandezjessica@stevens.com
Ci389336,Ap389336,2015 Elizabeth Hill Suite 597,West Jonathan,Virginia,89103.0,11864367470,emma48@nunez-strickland.com
Ci887494,Ap887494,56623 Mark Avenue,West Jonathantown,Michigan,89943.0,938363966572492,danielmiller@yahoo.com
Ci708364,Ap708364,02764 Dawson Vista Suite 762,Gibbsland,Florida,83205.0,5685645912275,kristimatthews@yahoo.com
Ci189780,Ap189780,89201 Ali Neck Apt. 459,East Marcusville,Wisconsin,37201.0,18815204283883,stephen14@fry-jackson.info
Ci252617,Ap252617,79300 Russo Spurs Apt. 816,Danafurt,Iowa,39939.0,7734889933,oparker@wiley.org
Ci645977,Ap645977,050 Edgar Streets Apt. 253,South Robert,North Carolina,29070.0,6603835192,jeremyjackson@jones.com
Ci897606,Ap897606,587 Sheri Inlet,Leestad,Oklahoma,21346.0,00194145397803689,alexandercooper@dillon.net
Ci450605,Ap450605,754 Emily Ridges Suite 372,East Pedro,Wisconsin,77793.0,64124153945488,justin80@gmail.com
Ci989465,Ap989465,400 Crosby Row,Lewisbury,Wisconsin,79117.0,8827966802526,jennifer58@hunter.com
Ci633636,Ap633636,556 Joshua Bridge,North Kristinaborough,Vermont,93596.0,9924080216,smithjacqueline@higgins.info
Ci138102,Ap138102,774 Alvarado Crossing Apt. 435,Port Amandachester,New Mexico,72789.0,1407831895,cstark@gmail.com
Ci174460,Ap174460,40146 Vanessa Street Suite 341,Millerfurt,Washington,43566.0,89251701328663,jessica52@hotmail.com
Ci464778,Ap464778,7919 Jones Villages Apt. 840,Clarkborough,Rhode Island,4196.0,5752477671,bonnie95@christensen-walters.com
Ci189930,Ap189930,962 Nathan Ranch Apt. 225,Smithborough,Nevada,31488.0,1482272356034373,santiagopatrick@gmail.com
Ci631089,Ap631089,4078 Cindy Drive,East Michael,Iowa,29050.0,336374320313273,catherineramos@yahoo.com
Ci727438,Ap727438,4756 Olivia Haven Suite 712,West Williamchester,Nebraska,69648.0,9619935116118,rogerflores@vincent.com
Ci827627,Ap827627,394 Adkins St,Michelleville,Virginia,78056.0,3024920955,nathanlittle@hotmail.com
Ci279208,Ap279208,8734 Justin Walks Suite 571,East Kevin,Vermont,16223.0,00120674606144299,leonjoseph@franco-montgomery.com
Ci254697,Ap254697,82584 Alexander Mountain Apt. 535,North Brenda,Vermont,8412.0,4710639804744,robert70@russell-weiss.info
Ci313945,Ap313945,22165 Dale Row Suite 740,Thomasville,Nebraska,86859.0,936030066821571,qalvarez@hotmail.com
Ci331915,Ap331915,70454 Robert Mill,Jamesbury,Colorado,94963.0,0159821470,cynthia77@yahoo.com
Ci827952,Ap827952,83453 Austin Wells Suite 898,North Kimborough,Iowa,37682.0,15489150781515,scottmeagan@bailey.biz
Ci308124,Ap308124,36684 Mooney Ridge,Greerville,West Virginia,17964.0,3384700253,robertmccarthy@barnett.org
Ci537477,Ap537477,99905 Donovan Meadow,Gonzalesbury,Kansas,62853.0,1655095865265,lhenry@mcdowell.info
Ci625830,Ap625830,38789 Parrish Street,East Lisa,California,63618.0,6719894922681,karen73@rice.biz
Ci383821,Ap383821,03297 Kennedy Parkway,Jenniferhaven,Texas,6420.0,8818219528526,colenicole@cortez-williams.com
Ci277804,Ap277804,0254 Paula Circles Apt. 516,Lake Vernon,North Carolina,90482.0,4259751278,danieljohnson@gmail.com
Ci805703,Ap805703,61145 Kristopher Summit,Nguyenland,Kansas,16464.0,149905767289519,terrymartinez@hubbard.info
Ci139081,Ap139081,71275 Derek Garden,East Brandonberg,New Mexico,25349.0,169734783159634,bstrickland@yahoo.com
Ci818216,Ap818216,8286 Robertson Spur Suite 029,North Josephfurt,West Virginia,85288.0,1869246746,kenneth31@yahoo.com
Ci455249,Ap455249,4647 Samuel Manors Apt. 162,Lisastad,West Virginia,71950.0,334731140984968,kimberly36@yahoo.com
Ci319930,Ap319930,77521 William Knoll Suite 322,New Lisaland,Wisconsin,90384.0,17508833610048,victoriasavage@yahoo.com
Ci905497,Ap905497,84407 Jackson Courts Apt. 909,Collierville,California,28495.0,945837394182974,asmith@gmail.com
Ci617313,Ap617313,7060 Todd Street,Meganmouth,Iowa,11642.0,174868173622832,belinda27@knapp.com
Ci314532,Ap314532,2211 John Stream Suite 755,Debrahaven,Texas,77259.0,347453003411223,johnsonjonathan@gmail.com
Ci712380,Ap712380,1195 Bush Fall Suite 767,New Bethtown,Florida,85190.0,86348151546158,melanie66@bradshaw-stewart.com
Ci619332,Ap619332,35399 King Mountains Apt. 202,Petersland,New Mexico,56108.0,2419177251,valerie76@yahoo.com
Ci416837,Ap416837,796 Martin Manors Apt. 370,Suttonside,New Mexico,91990.0,5401260477497,mark74@valdez-daniel.com
Ci389106,Ap389106,16008 Payne Wall,Perezland,Iowa,56815.0,4276178291,andrew53@yahoo.com
Ci128295,Ap128295,6984 Jonathon Alley Apt. 499,Perezview,Ohio,43449.0,9907288214,juliejohnson@hotmail.com
Ci113807,Ap113807,48797 Tracey Stream Apt. 250,New Julie,Nevada,52463.0,8444416932,wadebradley@perry.com
Ci535564,Ap535564,47221 Page Lakes Apt. 529,Bruceside,Rhode Island,26044.0,430952259307966,meghanbowers@gmail.com
Ci257504,Ap257504,719 Sierra Ramp,Maxwellmouth,Colorado,51873.0,0410296410,lewischristopher@chen.com
Ci338067,Ap338067,848 Evans Isle Suite 251,South Joyburgh,Nevada,46485.0,9248741127,julia10@yahoo.com
Ci585008,Ap585008,846 Torres Loaf Apt. 588,East Carolyntown,Hawaii,17242.0,001875210996225162,dillon63@taylor.com
Ci792440,Ap792440,037 Chris Groves Suite 612,Samuelshire,North Carolina,76649.0,7248285531121,kmay@zhang.com
Ci494540,Ap494540,89661 Daisy Canyon,East Wesleyland,Rhode Island,14556.0,4615248596,vargasashley@mitchell.com
Ci977699,Ap977699,65590 Linda Parkway Suite 157,Brendatown,South Dakota,95394.0,3602166952,susan57@yahoo.com
Ci617923,Ap617923,72661 Scott Inlet,Jessicabury,South Dakota,32505.0,0152753050,garrettnina@yahoo.com
Ci266981,Ap266981,1684 Jeffery Hill Suite 207,Alexberg,Nevada,6800.0,3777751953,warnold@herman.org
Ci844699,Ap844699,2067 Brown Drive Apt. 506,Fisherburgh,Michigan,23377.0,001738291558956746,erica75@yahoo.com
Ci119870,Ap119870,5187 Jones Vista,Danielside,Wisconsin,12595.0,7176308779,andreadoyle@gmail.com
Ci303196,Ap303196,3545 Rebecca Ramp,Jocelynton,Iowa,18268.0,975381458838025,michellewashington@gmail.com
Ci348683,Ap348683,756 Diana Trace Suite 343,Latoyastad,Florida,88865.0,0048452421948,raymond22@gmail.com
Ci334677,Ap334677,8366 Ruth Lake Suite 860,North Cristianshire,Arkansas,90161.0,5005178335,schultzjesse@hotmail.com
Ci126790,Ap126790,8438 Cynthia Path Apt. 972,Lindafort,North Carolina,2597.0,1023868155152367,anthonymorris@miller.com
Ci743162,Ap743162,6896 Sean Burgs,North Bryanborough,Iowa,62438.0,0973134902,austinhall@barron-hall.com
Ci911721,Ap911721,549 Tara Brooks Apt. 633,New Amandafurt,Ohio,1284.0,767344057780098,mooreveronica@yahoo.com
Ci548345,Ap548345,57375 Amber Parkway Apt. 590,South Marthachester,Iowa,78787.0,53643635664832,florespenny@cole.com
Ci849074,Ap849074,286 Hall Greens,Shannonland,Michigan,28825.0,83684625484443,durhamjohn@hotmail.com
Ci587462,Ap587462,4773 Victoria Track Suite 368,North Katelyn,Washington,74930.0,3988919316,zthomas@hotmail.com
Ci639773,Ap639773,058 Ashley Glen Apt. 530,Port Samantha,Oregon,98532.0,1897234019164532,sarasolis@gmail.com
Ci930914,Ap930914,4675 Christine Ranch Suite 336,East Erica,Nevada,47144.0,605603725062344,nelsonamanda@yahoo.com
Ci186188,Ap186188,90016 Kelly Street,Andersonmouth,Nebraska,20250.0,5526879544,jessewells@arnold.biz
Ci629036,Ap629036,72762 Johnson Extension Suite 075,Port Jeffreychester,Arkansas,62005.0,126978127851545,jbrown@young.biz
Ci842129,Ap842129,243 Sandra Drive Apt. 691,West Xavier,Nebraska,97404.0,6523390559,lcardenas@yahoo.com
Ci764795,Ap764795,6647 Sherry Locks Suite 061,Josephton,Kansas,35232.0,1157368533542635,melissabrown@gmail.com
Ci890141,Ap890141,83630 James Center Apt. 202,Josephland,Washington,18601.0,0233378512,brewermaria@yahoo.com
Ci748249,Ap748249,5129 Samantha Mount,Simpsonhaven,Oklahoma,67408.0,00111476711248783,johnsonchristy@rogers-bell.com
Ci130355,Ap130355,4573 Kathryn Drives Apt. 915,Kimport,California,46641.0,9399683825486,esmith@hotmail.com
Ci811131,Ap811131,6529 Ellis Ramp Suite 957,Port Danielle,Nevada,71158.0,2329301582,elizabeth75@watson.com
Ci551015,Ap551015,40468 Cole Isle,Matthewborough,Oklahoma,14537.0,9946066324,robert48@hotmail.com
Ci506332,Ap506332,2219 Phillips Garden Apt. 555,East Gregory,Rhode Island,54998.0,570060245045115,lcarter@gmail.com
Ci256542,Ap256542,012 Johnson Mission,South Olivia,Nevada,99051.0,165785450157320,holmeslaura@garcia-wilson.net
Ci273416,Ap273416,722 Callahan Locks Apt. 903,Larrymouth,Michigan,60241.0,4249757628,zhernandez@thomas-key.com
Ci405062,Ap405062,0116 Kelsey Crest,West Lauraburgh,Iowa,4588.0,00168895346637820,xturner@lozano.info
Ci938656,Ap938656,6066 Wallace Village Apt. 372,West Steven,Louisiana,81315.0,1190340000,bowmanandrew@yahoo.com
Ci663586,Ap663586,470 Gould Locks Apt. 393,Lake Eddie,Oklahoma,78359.0,19664999958267,celliott@wallace-allen.com
Ci601708,Ap601708,811 Troy Prairie Apt. 067,Mitchellberg,Alaska,53824.0,0013427442370,nataliegilbert@moore.info
Ci966651,Ap966651,2315 Zimmerman Mount Apt. 503,Bensonberg,Iowa,54397.0,8864786495,mckaycolleen@mann.net
Ci161629,Ap161629,75782 Rose Falls Suite 242,New Alex,Alabama,38573.0,5801280023,joelhunt@gmail.com
Ci428184,Ap428184,00029 Gwendolyn Unions,Deborahshire,South Dakota,92488.0,59526094129274,qgriffin@neal.org
Ci592734,Ap592734,460 Newton Wells,Katrinaport,Nevada,93644.0,00105855778163948,sonya21@hotmail.com
Ci855195,Ap855195,80838 Nichols Skyway Apt. 622,Port Traceyport,West Virginia,70830.0,11624957229,anthony16@brown-richmond.com
Ci390160,Ap390160,59542 Davis Plains Apt. 169,Brownside,Oklahoma,26013.0,7073372026870,nmatthews@espinoza-steele.com
Ci648248,Ap648248,42613 Downs Burg Suite 605,Greenberg,Hawaii,64556.0,588070542531317,david18@decker.com
Ci920023,Ap920023,00649 Morrison Knoll,East Angelaport,Rhode Island,90932.0,4924628630,william11@gmail.com
Ci313920,Ap313920,4581 Dustin Stream,Alexandermouth,Washington,41085.0,1339523062726254,wheelerrobert@reynolds-griffin.com
Ci989765,Ap989765,200 Davis Locks Suite 661,Deannachester,Wisconsin,12792.0,00175960424728011,molson@davis-wang.com
Ci342804,Ap342804,64336 Dunlap Isle,South Amber,Iowa,15788.0,2108058807,tayloramy@gmail.com
Ci476965,Ap476965,0779 Daniels Island Apt. 543,Newmanborough,Wisconsin,13940.0,1387995657,michaelbautista@reyes-hernandez.com
Ci560857,Ap560857,490 Phillips Lodge Suite 861,New Garymouth,Washington,24512.0,6311264012643,robinsonkarla@kelley-gill.biz
Ci922827,Ap922827,9526 Jones Knolls Suite 616,Stephenberg,Kansas,97841.0,9810308446,goodwinjennifer@guerrero.info
Ci604492,Ap604492,3404 Ellen Inlet,Jermaineshire,Vermont,18124.0,1542582546711453,douglas79@yahoo.com
Ci753983,Ap753983,002 Tracey Squares,Briannaport,Illinois,81879.0,9868351965866,amiller@hotmail.com
Ci515916,Ap515916,5817 Morris Forks,South Samanthabury,Montana,40672.0,2219289947,browndeborah@holden-porter.net
Ci921052,Ap921052,9287 Brittany Burgs Suite 122,Jasontown,Washington,74286.0,0014337018136,josephlopez@david.com
Ci858574,Ap858574,2466 John River Apt. 894,Collinsland,Wisconsin,73190.0,00181290476293032,christopher11@jenkins.com
Ci228148,Ap228148,6795 Newman Fork Suite 263,East Samantha,North Carolina,92086.0,2000679538,lisarogers@bishop.com
Ci906991,Ap906991,08416 Miller Bridge Apt. 129,Jamesview,West Virginia,36781.0,5353149222813,hrodriguez@gmail.com
Ci586261,Ap586261,283 Lindsay Forest,South Ritahaven,Oklahoma,6479.0,0018761868715714,carterdaniel@gmail.com
Ci455540,Ap455540,47028 Justin Prairie,Port Nichole,Colorado,51431.0,1954045775953532,sgreen@hotmail.com
Ci292714,Ap292714,323 Simmons Mews Apt. 589,Williamhaven,Alaska,3517.0,0263843778,williamsjason@marshall-robinson.org
Ci831899,Ap831899,84646 Brady Harbors,New Danielmouth,Mississippi,51836.0,4340421024214,cynthiavaldez@yahoo.com
Ci383876,Ap383876,738 Connie Land Apt. 712,Beverlyborough,South Carolina,54086.0,4857088265348,amanda35@gmail.com
Ci359747,Ap359747,834 Cervantes Isle Apt. 230,New Jacquelineland,Wisconsin,38009.0,0372563280,anthonyturner@santos-miller.net
Ci715650,Ap715650,7249 Latoya Shore Apt. 600,Phillipshire,Alaska,6083.0,9853909967,lauraobrien@avery.com
Ci523570,Ap523570,8325 Douglas Walk Suite 379,Ashleyview,Nebraska,69290.0,8444123686,anna53@newman.com
Ci375987,Ap375987,00373 Page Valley Apt. 916,Royborough,Alaska,5209.0,6482191321,jonathanjackson@gmail.com
Ci738353,Ap738353,6698 Jason Summit Apt. 764,Aliciaport,New Mexico,62613.0,980754278265312,zgonzalez@gmail.com
Ci958158,Ap958158,81806 Michael Plaza Suite 559,Port Zachary,Wisconsin,95130.0,6732399475,prestoncynthia@grimes-walters.com
Ci117640,Ap117640,15302 Candace Circle,Deannashire,Alabama,49968.0,4896569685,fwilson@gmail.com
Ci152528,Ap152528,97961 Flores Road,Adamton,Nebraska,89776.0,328874468564476,elizabeth65@martin-torres.biz
Ci924845,Ap924845,211 Carey Shores,Port Maria,Oklahoma,13289.0,4408054719,blakekristin@newton.com
Ci359214,Ap359214,1204 Kevin Branch Apt. 441,Lake Christopher,West Virginia,95311.0,2179194448,bgonzalez@hansen-dillon.com
Ci939070,Ap939070,950 Ingram Underpass,South Nicholas,Alaska,17494.0,437455981345483,stokeschristine@gmail.com
Ci601108,Ap601108,183 Medina Mall Suite 364,Bowersview,Alaska,7399.0,00157480893890651,natalie47@gmail.com
Ci734421,Ap734421,62002 Hess Island Apt. 675,Lake Edward,Wisconsin,20976.0,9568371668074,prios@gmail.com
Ci468501,Ap468501,966 Duncan Valleys,South Allison,Hawaii,28973.0,290131043789601,gonzalestony@hall-conrad.com
Ci824226,Ap824226,899 Jennings Heights Suite 076,Bookerside,Nebraska,7373.0,4695195848,hollystewart@gmail.com
Ci250159,Ap250159,4678 Jennifer Freeway,Wigginsbury,Ohio,48721.0,15293841864011,stevenkennedy@weaver-powell.org
Ci272502,Ap272502,506 Sanchez Overpass Suite 600,Lake Jessicafort,Iowa,71421.0,001797560670474637,garciajeremy@christensen.com
Ci255576,Ap255576,74742 Timothy Avenue,Wellsshire,North Carolina,54412.0,10582321615767,martinchristian@yahoo.com
Ci965291,Ap965291,9847 Cook Ports Apt. 585,New Kristina,Alaska,76306.0,9510760008,benderrobert@gmail.com
Ci986089,Ap986089,49934 Omar Prairie,Port Ericview,Iowa,37717.0,2304246582,fking@gmail.com
Ci111023,Ap111023,9733 Linda Canyon Apt. 488,Austinfort,Mississippi,2437.0,2536273294,lynnharris@harper.com
Ci645735,Ap645735,31684 Williams Ville,Port Amber,Alabama,20088.0,1338160361154043,veronica36@bridges-cochran.com
Ci488043,Ap488043,832 Hood Junctions,Cherylborough,Iowa,37133.0,1691773492343654,andrew66@jimenez.com
Ci386103,Ap386103,281 Lisa Vista,Browntown,Louisiana,23028.0,19386671894773,wrightshannon@coleman-miller.com
Ci166203,Ap166203,29689 Brandon Road,South Isaiah,Wisconsin,80441.0,13067391914947,kelly77@king.com
Ci260775,Ap260775,76541 Allen Port,Lake Wendybury,Illinois,80073.0,89836700047411,gainesbrianna@gmail.com
Ci109337,Ap109337,43811 Adam Rue,Gibsonview,Hawaii,34302.0,0019555687194,michael02@hotmail.com
Ci670715,Ap670715,165 Jones Hollow,Port Jamie,Mississippi,60793.0,8333851741467,floydteresa@gmail.com
Ci614723,Ap614723,370 Jamie Pass Apt. 902,South Megan,Louisiana,83872.0,00143337190265592,matthewcastaneda@hotmail.com
Ci423673,Ap423673,9648 Michael Manors,Lake Alan,Rhode Island,56738.0,3781943810,wstewart@hunt.com
Ci464167,Ap464167,3073 Kimberly Village Apt. 348,Adkinsshire,Iowa,57004.0,73354757315427,thompsondaisy@yahoo.com
Ci446809,Ap446809,01210 Tiffany Skyway Apt. 959,Taylortown,Illinois,48661.0,1978386997468571,allison96@johnson.com
Ci730075,Ap730075,882 Timothy Cliff Suite 144,Williamsonstad,Alaska,60170.0,8696957550,derickson@henry.com
Ci787281,Ap787281,67177 Wilson Cliff Suite 827,Lake Adam,Iowa,72138.0,594620096692307,pmason@gmail.com
Ci395451,Ap395451,189 Daniel Lodge Apt. 227,New Jasonbury,Florida,23164.0,0012957134813294,cynthiasmith@gomez.biz
Ci520571,Ap520571,004 Clark Garden,Jenniferfort,Illinois,3393.0,3497018872,howelljane@lopez-oconnor.info
Ci227016,Ap227016,4226 Jacob Parkway,Michelechester,Kansas,65985.0,8767229642,robert68@jacobs-carroll.org
Ci891267,Ap891267,8973 Oneill Stravenue,Barbaraburgh,Wisconsin,42628.0,2686979687,ulee@gmail.com
Ci644447,Ap644447,259 Sharon Squares,East Daltonburgh,Vermont,88149.0,00148801734419423,loconnell@gmail.com
Ci597562,Ap597562,36127 Jennifer Tunnel,Port Stevenburgh,West Virginia,54863.0,4395002194,andreamiller@taylor.com
Ci802965,Ap802965,0196 Katrina Corners,East Briannastad,Vermont,99022.0,4803143000398,woodjacob@hotmail.com
Ci483934,Ap483934,5221 Richard Coves Apt. 556,Jasonberg,South Dakota,4348.0,8114007912,karcher@gmail.com
Ci992048,Ap992048,77243 Weaver Square Suite 575,Bentonborough,West Virginia,34225.0,9777938310,eddieprice@yahoo.com
Ci965184,Ap965184,987 Johnny Oval Apt. 782,Thomasfort,Oklahoma,52336.0,0369477250010,fdelacruz@keller.org
Ci417428,Ap417428,929 Richard Forks,Turnerborough,Nevada,68703.0,196748517297877,hlowery@hill.com
Ci419187,Ap419187,261 Young Point Suite 946,South Emilyborough,South Dakota,42769.0,15024270077,stacy13@johnson-velasquez.com
Ci790907,Ap790907,410 Julia Wells,Brianaview,Iowa,27498.0,2632987307982,chanchristopher@yahoo.com
Ci983439,Ap983439,9069 Simpson Avenue,Port Paul,Vermont,82404.0,0012491470719786,rodriguezdaniel@hotmail.com
Ci182844,Ap182844,641 Kelly Cove Apt. 977,Rhondashire,Connecticut,66126.0,16868900761455,stuartsanchez@coleman.net
Ci651820,Ap651820,858 Haynes Station,Thomasfort,Vermont,77827.0,071184406788741,hendersonjessica@gonzalez.info
Ci265421,Ap265421,15232 Wells Ramp,Joseland,Louisiana,28122.0,16674674297809,rickydixon@yahoo.com
Ci222402,Ap222402,9443 Torres Roads Apt. 529,Markborough,Alabama,65937.0,25135260695698,xperry@hunt-payne.com
Ci218012,Ap218012,344 Mark Forges,North Erinbury,Wisconsin,91350.0,2881464366,qklein@cuevas-bray.com
Ci538661,Ap538661,332 Donna Trafficway Suite 704,Lucasville,Nebraska,81041.0,0782904795032,kellybarnes@rodriguez.com
Ci498929,Ap498929,6189 Juan Parkway,West Alec,Nebraska,43880.0,001352493111759881,jcaldwell@gmail.com
Ci680466,Ap680466,82316 Mora Valleys Apt. 029,South Krystal,Arkansas,18230.0,5015205159,leematthew@hotmail.com
Ci673695,Ap673695,656 Peters Drives Suite 889,Amandastad,Iowa,46225.0,2744135396,daniel71@gmail.com
Ci563556,Ap563556,522 Lance Mill,Debrachester,Hawaii,78702.0,3215851189,riveratracy@jackson.org
Ci675278,Ap675278,73230 Savage Mission Suite 088,New Richardberg,Vermont,78754.0,001795727956774120,rebeccacampbell@bates.org
Ci229473,Ap229473,365 Ward Skyway Suite 013,South Natalie,North Carolina,41286.0,61633561898709,fryebrian@yahoo.com
Ci578007,Ap578007,2414 Donna Trail Suite 330,North Lauraside,Arkansas,49661.0,6450546158,rebecca50@gmail.com
Ci944573,Ap944573,3989 Pamela Center Apt. 071,Watsonport,Illinois,99150.0,0011860216366,bwatson@hotmail.com
Ci517009,Ap517009,2171 Colton Island,Mitchellbury,Vermont,12375.0,0012952518987388,tylerobrien@hotmail.com
Ci418714,Ap418714,24164 Taylor Overpass,Bryantstad,Oklahoma,53652.0,11596906345,mhall@gmail.com
Ci326156,Ap326156,35479 Travis Walk Suite 580,Lake Davidton,Washington,13624.0,9191591598390,vtorres@wyatt.com
Ci268964,Ap268964,8803 Allen Pass,Ericside,Virginia,29164.0,3277506035,carla41@yahoo.com
Ci625303,Ap625303,65438 Richard Shoals,North Michellefurt,California,78097.0,3586068091,dheath@gordon.com
Ci161813,Ap161813,116 Daniel Bypass,Port Seanmouth,Connecticut,74076.0,9790797385,twagner@hotmail.com
Ci127712,Ap127712,721 Stacy Motorway Suite 564,Gonzalezfurt,Rhode Island,72786.0,4467240205,oward@hotmail.com
Ci724785,Ap724785,75579 Fernandez Ridge,Justinview,Illinois,11667.0,185625432167253,xnash@anderson.com
Ci867214,Ap867214,8582 Kim Branch,Evansport,Ohio,5755.0,054492118834498,david98@hotmail.com
Ci212816,Ap212816,11614 Nicholas Rest,Smallmouth,Oklahoma,92111.0,1204916541,ksnyder@chang-clark.com
Ci228778,Ap228778,428 Maria Green Apt. 808,Danaberg,Oklahoma,88532.0,001298198264450289,eyates@hernandez.biz
Ci686580,Ap686580,611 Sanders Estates,New Heidimouth,Vermont,1929.0,0876704033,esparzaalisha@yahoo.com
Ci385977,Ap385977,2434 Erin Pike,Howardview,Vermont,7920.0,001603561375999078,christopherfreeman@hansen-dawson.com
Ci235230,Ap235230,3413 Green Forge,Serranotown,Iowa,7180.0,147240864891728,carlchase@lewis-smith.org
Ci818040,Ap818040,15861 Shelton Forge,West Thomaston,Michigan,39638.0,0015769435,sharpvictoria@gmail.com
Ci906741,Ap906741,932 Gomez Mews,Taylorberg,Oklahoma,13103.0,8476473274,haneybarbara@gmail.com
Ci369114,Ap369114,5501 William Mountain,Rachelville,Iowa,54646.0,625174586574666,gibarra@gmail.com
Ci434618,Ap434618,571 Kelly Keys Apt. 458,North Thomas,Iowa,90680.0,6670136754,kevin47@blair.com
Ci932972,Ap932972,80325 Dylan Ports,Roweville,South Carolina,3882.0,0013535225709,joshuahardy@taylor.com
Ci251456,Ap251456,875 Gomez Mission,East Sarah,Oklahoma,1824.0,139297663905860,icook@yahoo.com
Ci904449,Ap904449,17327 Johns Hollow Suite 101,Richmondshire,Alaska,75169.0,13656907501,vcarter@yahoo.com
Ci962312,Ap962312,300 Cohen Inlet,Lake Kenneth,Iowa,71838.0,0012689748104785,cstrickland@yahoo.com
Ci205570,Ap205570,8961 Jackson Cliffs Apt. 155,Mcfarlandshire,Alabama,1197.0,99565139371541,xhart@yahoo.com
Ci370846,Ap370846,3729 Wayne Street Suite 464,East Rebecca,Iowa,43724.0,17309192115699,mcintyrejacob@gmail.com
Ci100404,Ap100404,2704 Wheeler Village Apt. 838,West Jesus,Virginia,44057.0,83628847831118,maria50@hotmail.com
Ci803286,Ap803286,6811 Browning Gardens,North Eduardo,Florida,64463.0,1464179070,marvin27@gmail.com
Ci374907,Ap374907,881 Brown Lake Suite 142,Lake Jonathan,Virginia,70911.0,68344883978409,carlos46@bass.com
Ci773744,Ap773744,8680 Melissa Street,Daniellefurt,California,40456.0,5453691025,ubennett@hays.biz
Ci815460,Ap815460,65095 Steven Course Suite 489,Port Jamesmouth,Nevada,44114.0,13095454883712,erin40@green.com
Ci984574,Ap984574,750 Lawrence Square,North Brian,Colorado,74077.0,1252205047942,jonathonthompson@woods.com
Ci765220,Ap765220,4424 Lewis Flats Suite 632,Johnbury,New Mexico,64686.0,98776764431642,linda00@may.com
Ci335365,Ap335365,8423 Parker Wall,Jessicatown,Arkansas,60354.0,25050402356149,anthony69@cox-lewis.com
Ci442786,Ap442786,900 Lisa Pines Suite 684,Loweryview,West Virginia,49125.0,00145003620965055,phillipsaaron@gmail.com
Ci150612,Ap150612,42248 Rachel Stravenue,Garciaport,Oklahoma,11965.0,3402856155,robin50@wilson.com
Ci910006,Ap910006,64980 Vasquez Passage,Brianstad,Florida,8522.0,79980194902560,rrussell@fisher.com
Ci909956,Ap909956,455 Cook Shoal,Lake Conniemouth,South Dakota,3511.0,18292331009643,markjones@williams-gibson.org
Ci300244,Ap300244,086 Solis Brooks Suite 608,Stephanieberg,Wisconsin,83510.0,1079445084,goldenjose@price.com
Ci897348,Ap897348,89560 Watkins Unions Suite 778,Lake Sharontown,Washington,96768.0,3342799829,nicole82@yahoo.com
Ci104809,Ap104809,4535 Gregory Highway Suite 134,North Hannah,Alabama,44355.0,4641849882206,lance80@yahoo.com
Ci263273,Ap263273,2840 Paul Junctions Suite 774,South Jamesmouth,Mississippi,24507.0,8056885262,perrynina@bridges.com
Ci808690,Ap808690,35134 Robert Flats Apt. 553,Markfort,Iowa,23817.0,4885180956,summersjoanna@evans-white.com
Ci244528,Ap244528,178 Long Throughway Suite 343,Leemouth,Nevada,92947.0,7386005545,mwilliamson@gmail.com
Ci606964,Ap606964,9256 Dylan Greens,Thomasshire,Texas,56078.0,17316772771054,albertmoore@cooper.biz
Ci549613,Ap549613,16058 Wright Crossroad Apt. 337,Williamfort,South Dakota,13278.0,909261933580768,fellis@sharp.net
Ci138765,Ap138765,5485 Smith Junctions,Leeton,Washington,50342.0,596517933668804,kellyellis@yahoo.com
Ci931538,Ap931538,302 Johnson Common,Beckport,Oklahoma,26680.0,656396698804421,holmessherry@hotmail.com
Ci416076,Ap416076,576 Diana Divide,Marshland,South Dakota,54335.0,5458748394,serranomichael@turner.info
Ci943523,Ap943523,1093 Jennifer Trafficway Apt. 892,South Lynn,Oklahoma,39856.0,18159491374,raymondwilliams@yahoo.com
Ci646237,Ap646237,711 Timothy Ranch,Adamville,South Dakota,10282.0,00115947378443390,kathryncunningham@hotmail.com
Ci301152,Ap301152,46851 Brock Common,Port Ericport,Rhode Island,67162.0,1909698695,kristipetty@powell-miller.com
Ci399888,Ap399888,6515 Larson Field Suite 935,Reyesborough,Connecticut,18376.0,1921288038195353,nortonjean@gmail.com
Ci800903,Ap800903,501 Kimberly Prairie,East Justin,South Dakota,5854.0,100096563470705,jennifer05@jones.com
Ci994751,Ap994751,61795 Kelly Streets Apt. 816,North Carrie,Ohio,71376.0,37620593422920,ortizjulie@gmail.com
Ci192193,Ap192193,9431 Curry Extensions,Timothychester,Wisconsin,63536.0,0013854726245231,alexandra40@hill-powell.com
Ci136187,Ap136187,484 Alvarado Ville,East Meganstad,California,53725.0,1880787359175706,vmosley@thomas.org
Ci605950,Ap605950,49278 Lowe Vista,Faulknerport,Oregon,8430.0,7472769496,anneparks@raymond.org
Ci238311,Ap238311,54143 Woods Junctions Apt. 073,Castroport,West Virginia,57866.0,0099165088794,anna09@wells-rodriguez.com
Ci900921,Ap900921,130 Justin Spur Suite 488,West Karenmouth,Hawaii,43816.0,00152435109262072,chrisallen@hernandez-johnson.com
Ci608153,Ap608153,21340 Wiggins Orchard,North Deniseborough,Rhode Island,65185.0,601119857909280,dodsonveronica@gmail.com
Ci289089,Ap289089,6092 Ruiz Islands Apt. 931,East Judith,Vermont,4529.0,0616420286,hblack@yahoo.com
Ci686165,Ap686165,524 Schwartz Road Apt. 867,North Hannahland,Arkansas,47245.0,37941943883149,sullivanlisa@hotmail.com
Ci536341,Ap536341,3507 Abigail Squares Suite 764,New Julie,New Mexico,73395.0,0017111184140183,nancybonilla@reyes-smith.com
Ci412066,Ap412066,23082 Boyd Plaza,Theresamouth,Alaska,5626.0,0012957574983,aholt@turner.com
Ci718362,Ap718362,9534 Richards Road Apt. 133,New Danielle,South Dakota,93799.0,11345526292,hailey67@warner.com
Ci787409,Ap787409,16287 Moore Plains Suite 297,North Michelle,Oregon,76903.0,2380380476,millerdaniel@yahoo.com
Ci661419,Ap661419,30281 Gill Ways,Lake Tracy,Connecticut,4553.0,7128250223,jaredfisher@yahoo.com
Ci740053,Ap740053,020 Powell Run,New Benjamin,Rhode Island,36916.0,5520253292,davidpowers@yahoo.com
Ci960395,Ap960395,8426 Waters Divide,Port Mariefurt,Nevada,70164.0,9495066396,jordanmichael@alvarez.com
Ci731172,Ap731172,17662 Brennan Well,New Alexisfurt,Wisconsin,34929.0,9816549660,kelly59@hotmail.com
Ci225917,Ap225917,27927 Richardson Mountain,Lake Kimberly,Vermont,46588.0,617649729119844,twilliams@kim-quinn.biz
Ci910717,Ap910717,86896 Ashley Islands,Port Anastad,Nevada,27919.0,942930899230617,wyoung@yahoo.com
Ci399770,Ap399770,25467 Martin Crossroad,Amberland,Hawaii,21427.0,1461835373,djackson@brown.com
Ci798168,Ap798168,936 Wu Island Apt. 480,North Jessicahaven,Vermont,65667.0,0018251840982,amberdavis@gmail.com
Ci581680,Ap581680,723 Mercedes Square Suite 583,East Shariport,Texas,40380.0,157702823691183,hermanalexis@yahoo.com
Ci381342,Ap381342,9996 Kenneth Rest,Lake Kathleenbury,Texas,40492.0,0010301575207082,thomassullivan@fernandez-soto.com
Ci639542,Ap639542,09378 Herman Tunnel,Hernandezland,Oklahoma,14759.0,3097055803,jeff39@yahoo.com
Ci144238,Ap144238,4881 Diaz Isle,Mckinneyburgh,Nebraska,30512.0,0411111765,phillip85@moore.com
Ci101252,Ap101252,97023 Elizabeth Route,South Jenniferville,Kansas,44010.0,73443712467295,murraysierra@hotmail.com
Ci926196,Ap926196,06085 Brandon Land Apt. 483,Jenniferville,Oregon,36581.0,9179381081,flowersmolly@perry-roberts.com
Ci964141,Ap964141,92941 Willis Unions,Port Jessica,Nevada,1565.0,704596543580886,carrieray@yahoo.com
Ci585450,Ap585450,00763 Kimberly Vista,East Jenniferview,Florida,93299.0,001548609195217490,lynchjonathan@walters.biz
Ci415826,Ap415826,441 Joshua Meadows Suite 140,New Justinstad,South Dakota,29003.0,5991214367249,wparker@gmail.com
Ci421638,Ap421638,738 Barnes Greens Apt. 958,Brownfort,Kansas,30116.0,2315077304488,lsmith@johnson-orozco.com
Ci705605,Ap705605,198 Barry Rapid,Dennisbury,Texas,29325.0,671704045246204,jmitchell@lee-fitzgerald.com
Ci427359,Ap427359,9974 Kathleen Viaduct,East Troy,Virginia,64336.0,23152718358823,ejohnston@mullins.biz
Ci702875,Ap702875,76401 Hart Crossroad Suite 935,Paulastad,Montana,15905.0,1999561552267601,claypamela@sharp.com
Ci106949,Ap106949,593 Juan Shore Suite 622,East Christopherhaven,North Carolina,62777.0,8989200675,stephanie32@hotmail.com
Ci863185,Ap863185,42138 Goodwin Mountain Apt. 511,Franklinbury,Alaska,2285.0,001514385001196797,odiaz@hotmail.com
Ci417537,Ap417537,8367 Carrie Forges,Diazstad,North Carolina,75029.0,201060634937718,jonesdanielle@ortiz.info
Ci828913,Ap828913,576 Johnson Crest Suite 081,South Matthew,Texas,90114.0,072774809452680,meredithgreen@gmail.com
Ci762301,Ap762301,1763 Kenneth Row Apt. 815,Hawkinsmouth,Florida,14444.0,19439685500119,brandi32@nelson.com
Ci650222,Ap650222,14172 Potter Cape,Sarahstad,Alaska,98854.0,15073699040,rlandry@shah.com
Ci880722,Ap880722,07279 Kenneth Street,Tuckerbury,West Virginia,31403.0,1332221671540838,ajordan@hotmail.com
Ci555102,Ap555102,38253 Dana View,Audreychester,South Dakota,1906.0,0357832988727,christina50@chapman-gomez.com
Ci437889,Ap437889,38435 Ruiz Burg,South Stephen,Washington,74161.0,173155384624984,tmiranda@sharp-mcintosh.com
Ci576467,Ap576467,35419 Turner Valleys Apt. 562,Lake Kristine,North Carolina,33478.0,0015879630267753,rachel26@hotmail.com
Ci456600,Ap456600,357 Young Parks Apt. 712,South Aaronchester,West Virginia,61797.0,2323324799,usummers@hotmail.com
Ci415557,Ap415557,84577 Fisher Port Suite 084,Craneside,Nevada,23239.0,2765288446,cjones@yahoo.com
Ci983671,Ap983671,11705 Meyer Fork Apt. 720,Lake Lisa,Hawaii,63166.0,148794378564067,gturner@mccullough-mccarthy.com
Ci404462,Ap404462,44465 Dawn Island,Wardport,Oklahoma,7882.0,00165716103731855,smithallison@harper.com
Ci350875,Ap350875,5786 Steele Flats,New Laurietown,Rhode Island,9219.0,333023546673438,brianna78@gmail.com
Ci563389,Ap563389,712 Sarah Inlet,Colleenport,Wisconsin,65583.0,0944923930126,ryanperry@smith-estrada.com
Ci170390,Ap170390,799 Daniel Vista,Silvaville,Ohio,29250.0,1759856277,ljohnson@gmail.com
Ci807689,Ap807689,241 Nicole Ridges,North Theresa,New Mexico,72204.0,1710186097932714,vanessa02@hotmail.com
Ci353490,Ap353490,3951 Tucker Island Apt. 821,New Samuelmouth,Wisconsin,4207.0,00104795346064627,carteralexandra@smith-reilly.com
Ci667376,Ap667376,7336 Mary Station Apt. 799,Samanthashire,California,86331.0,903123257829320,waynerice@carter-robinson.com
Ci347940,Ap347940,0050 Tyler Shoal,New Margaret,Wisconsin,74089.0,627738427484534,stephaniewilliams@ramos.net
Ci465340,Ap465340,8537 Rodney Track,Cooperview,North Carolina,86590.0,0012235842231,danielle28@hotmail.com
Ci533027,Ap533027,8428 Brett Meadow,Johnfurt,Oklahoma,36652.0,00104354662681589,velasquezjohn@jones.com
Ci608041,Ap608041,26754 Justin Forges,Jenniferhaven,Illinois,76372.0,2690291282,shannon51@yahoo.com
Ci417623,Ap417623,037 Melanie Meadows,Goodmanmouth,West Virginia,72211.0,9672114276,williamfitzgerald@long-diaz.info
Ci316464,Ap316464,440 Summer Field Apt. 887,Shahview,West Virginia,48642.0,24801633599585,lnguyen@harris-acevedo.info
Ci842729,Ap842729,743 Marissa Trace Suite 273,Thomasland,Alabama,75543.0,084692068534061,plove@smith-jackson.com
Ci610736,Ap610736,6822 Wong Common Apt. 627,Acostaberg,New Mexico,37096.0,198149719753524,ajohnson@gmail.com
Ci906395,Ap906395,58027 Holt Circles Suite 376,East Jonathanmouth,Montana,42103.0,1117401773485744,lindapalmer@gmail.com
Ci417267,Ap417267,621 Frazier Forest,Nataliemouth,Connecticut,3778.0,9256358380,zrodriguez@leblanc.com
Ci750199,Ap750199,27280 Hawkins Via Apt. 917,Alexandermouth,New Mexico,70819.0,367635103403535,fguzman@hotmail.com
Ci988900,Ap988900,6964 Curtis Wells,Floreston,Colorado,35833.0,143314421657104,websterlauren@williams-perez.org
Ci323777,Ap323777,21898 Curtis Burgs Apt. 499,Cookehaven,Arkansas,26998.0,00119820428450361,gsawyer@mitchell.com
Ci959909,Ap959909,7454 Collins Forge Suite 319,North Laura,Alabama,42192.0,6084885072,jessicalewis@werner.com
Ci900820,Ap900820,1683 David Stravenue,South Steve,Oregon,43446.0,2595347358,amber36@hernandez.com
Ci105569,Ap105569,918 Burnett Course Suite 154,Lake David,Iowa,53888.0,919211211155898,tsummers@martin.org
Ci694124,Ap694124,4108 Higgins Skyway,New Brian,Alaska,19776.0,8610882260,hebertmallory@hayden-powell.com
Ci728861,Ap728861,08779 Morris Orchard,West Sarahhaven,South Dakota,12736.0,4863583668,steventaylor@hotmail.com
Ci529802,Ap529802,84782 Garrett River Suite 137,Ryanchester,West Virginia,58546.0,1328997479862324,caitlincisneros@gilbert.com
Ci358090,Ap358090,80432 Mary Row,Josemouth,Wisconsin,29771.0,2357602834,mitchellcorey@brown-warner.net
Ci767375,Ap767375,82533 Jones Via,Lake Diane,Oregon,53115.0,55060833299810,suzanne95@smith-peterson.com
Ci145002,Ap145002,632 Edwards Route,South James,Illinois,62571.0,8527633411,hicksbethany@schwartz.biz
Ci871954,Ap871954,2560 Theresa Mount,Catherineport,Michigan,43744.0,0375405043,monroealicia@yahoo.com
Ci761614,Ap761614,97940 Mary Islands,West Petermouth,Florida,59746.0,38832669804833,cherylanderson@gmail.com
Ci779574,Ap779574,1858 Bray Views,Cameronborough,Louisiana,47615.0,8290489596,danielhall@yahoo.com
Ci598870,Ap598870,85909 Taylor Avenue,New Mary,Wisconsin,8123.0,0017152860182224,dustin67@lee.info
Ci311791,Ap311791,859 Daniel Courts Suite 069,Lake Garyburgh,Arkansas,33158.0,7773603356,ojensen@jennings.com
Ci302846,Ap302846,1018 Tyler Terrace Apt. 680,Madisonstad,Michigan,97743.0,1602015119551,justinclark@chambers-smith.com
Ci761450,Ap761450,6323 Farmer Center Suite 388,Jodiport,North Carolina,2566.0,2207244470,rachel13@hotmail.com
Ci766997,Ap766997,7905 Underwood Well,Andersonburgh,North Carolina,45994.0,5185432562,gabriella41@martinez.biz
Ci777775,Ap777775,537 Gordon Rest,Davisfort,South Dakota,71941.0,628126825041171,christopher13@hayden-gillespie.com
Ci124071,Ap124071,893 Mary Rue,Fosterland,Virginia,67304.0,2027296475,kramerhenry@dillon.com
Ci682531,Ap682531,1998 Nelson Circles Suite 995,New Melissa,Illinois,11163.0,10839622337741,davidjefferson@yahoo.com
Ci994647,Ap994647,815 Christina Parkway Apt. 540,Christineland,Connecticut,27201.0,4876093180,alexis31@gmail.com
Ci272312,Ap272312,202 Weaver Locks Apt. 147,West Brianport,Oklahoma,47200.0,9925092505,ibutler@king-davis.net
Ci357218,Ap357218,8425 Burton Grove,Samanthafort,Oklahoma,72990.0,0017807647548669,johnsoneric@riley.org
Ci314879,Ap314879,416 Schneider Circle,South Katherinestad,Texas,25400.0,1117962376888983,stanleythomas@palmer-cook.com
Ci463714,Ap463714,79775 Hatfield Points Suite 349,Richardview,Illinois,30311.0,001372368738024746,klove@gmail.com
Ci526650,Ap526650,9426 Stevens Unions Apt. 555,Lake Rogerhaven,Iowa,53550.0,001808358523611035,adamsscott@matthews.biz
Ci431868,Ap431868,568 Steven Overpass Apt. 560,Barbaraside,South Carolina,62169.0,9302347854,lrichardson@lang.com
Ci962129,Ap962129,695 Darren Orchard Apt. 107,Sherrychester,Nevada,39923.0,1839584941157740,jamesballard@hotmail.com
Ci653020,Ap653020,068 Martinez Mews Apt. 726,Nicolefort,Colorado,45687.0,0987112981,torreslisa@gmail.com
Ci745753,Ap745753,75965 Emily Camp Suite 488,Lake Evan,Kansas,21702.0,16831705412136,gonzaleztimothy@ingram.com
Ci517170,Ap517170,31676 Amanda Trail Suite 935,Gutierrezberg,Michigan,54553.0,88625507252104,hillkrista@brown.com
Ci157108,Ap157108,0536 Ian Heights,Donaldfort,Connecticut,7790.0,6605275283793,fgutierrez@morgan.com
Ci580721,Ap580721,7358 Jeanne Wall Suite 912,Lake Aliciaville,Rhode Island,26669.0,385996371935683,devans@hotmail.com
Ci211195,Ap211195,314 Ruben Glen,Johnsonton,Wisconsin,7745.0,13549970002,jamesking@yahoo.com
Ci989513,Ap989513,60436 Brenda Harbors,Seanmouth,North Carolina,87465.0,844140256874498,meverett@yahoo.com
Ci136668,Ap136668,59035 Chavez Port,Douglastown,Alabama,29785.0,16250981995545,taylorerin@lane.info
Ci385205,Ap385205,137 William Ville,Jonesview,Oklahoma,42661.0,8044719430,amandamurphy@yahoo.com
Ci441396,Ap441396,52299 Miller Road,Mckenzieborough,Arkansas,30754.0,34240432975251,smallderek@gmail.com
Ci664037,Ap664037,8285 Rodriguez Loaf,Williamsonshire,Florida,14619.0,1522592454200424,samanthacombs@lopez.com
Ci230560,Ap230560,045 Thompson Harbors Apt. 723,East Lauramouth,Arkansas,64930.0,6660470077,brandybarnett@yahoo.com
Ci466824,Ap466824,7380 Michelle Plains,East Williamland,Kansas,67936.0,560904078701836,mckenzie85@ramirez.com
Ci247979,Ap247979,80183 Holt Oval Apt. 307,Morrisland,Kansas,2308.0,8444181771,aaron02@hotmail.com
Ci249849,Ap249849,48633 Gary Way Suite 773,East Dianemouth,Washington,67462.0,1977399344705883,michelle43@mcdonald-clark.net
Ci848589,Ap848589,2875 Patricia Viaduct Suite 317,Nicolestad,Ohio,27531.0,8207880952074,thompsonbrian@myers.com
Ci151745,Ap151745,28851 Martinez Park,Humphreyfurt,Nevada,36596.0,0548137160,zmiller@collins.com
Ci470608,Ap470608,7590 Amy Lights,East Destinymouth,Hawaii,49844.0,6453750128,andre50@hobbs.com
Ci191865,Ap191865,9368 John Highway,Nicolehaven,Michigan,72611.0,6746509873,janet61@hotmail.com
Ci998860,Ap998860,10852 Robert Square Suite 765,South Willieport,Oregon,42301.0,0139542850820,tnorman@yahoo.com
Ci312890,Ap312890,088 Diane Shore Suite 039,Lake Amber,Wisconsin,78109.0,0345139542,emilymorales@gmail.com
Ci123624,Ap123624,822 Alexis Road,Jessicashire,Alabama,32530.0,08847162950922,robertsjonathan@barry.org
Ci123321,Ap123321,39290 Meyer Square Suite 719,Hoganstad,Nevada,44519.0,7686570045400,buckleymichele@young-liu.org
Ci503704,Ap503704,8882 James Mission Suite 897,Lake Robert,Hawaii,93643.0,0170207650,jameshunter@hotmail.com
Ci909006,Ap909006,10537 Tapia Crossroad,Eugeneside,Arkansas,39406.0,5585667407793,thomasmelissa@carter-fernandez.biz
Ci274293,Ap274293,60267 Garcia Walk,Madisonfort,Rhode Island,72256.0,8284201292062,victoriabarnes@allen-gardner.net
Ci883415,Ap883415,4712 Eddie Courts Apt. 044,Jonathanfurt,West Virginia,27377.0,00129714199247527,john48@potter.biz
Ci286717,Ap286717,570 Patrick Centers Suite 539,Angelaberg,Texas,77526.0,97486528737749,lisa62@gmail.com
Ci480975,Ap480975,00136 Kara Shoal Suite 915,South John,Iowa,97363.0,5758052448,swalls@yahoo.com
Ci283868,Ap283868,516 Alan Lane Apt. 013,Christopherton,Wisconsin,38700.0,03514126831961,robert42@morrison.com
Ci759792,Ap759792,1321 Carrie Extension Suite 335,Parksshire,Washington,30306.0,7544218009,luis84@yahoo.com
Ci195257,Ap195257,6153 Chan Station Suite 891,South Robinport,Texas,77091.0,001864374993713286,fosterwesley@hotmail.com
Ci688579,Ap688579,014 Jonathan Loaf Apt. 335,Fergusonview,Virginia,59000.0,51050610635685,dianejohnson@gmail.com
Ci310176,Ap310176,993 Aaron Plaza,Brettfort,Michigan,90685.0,42982191132853,cdixon@brooks-white.com
Ci290471,Ap290471,5068 Lloyd Flat,Cummingsborough,Nevada,17860.0,7150311045,robertsonmichael@yahoo.com
Ci572930,Ap572930,41452 Escobar Roads,Anthonybury,West Virginia,4210.0,00106213191459508,bgonzalez@sawyer.com
Ci936860,Ap936860,4662 Nicholas Underpass,Phillipshire,Oklahoma,64118.0,1992096351720,denisepowers@miller.com
Ci843091,Ap843091,72772 Gordon Glen Apt. 466,Laurieport,Nebraska,99685.0,5236717304,zlewis@smith.org
Ci618862,Ap618862,70033 Ruben Ridges,North Katherinestad,Oklahoma,27856.0,3176736592850,hendrixfrank@medina-perez.com
Ci575774,Ap575774,34772 Mary Burgs Suite 823,Davidhaven,West Virginia,84086.0,4539610188,amy23@snyder.com
Ci735605,Ap735605,823 Doyle Mission,West Paul,Iowa,68222.0,3314967318411,joseph87@johnson.net
Ci239789,Ap239789,412 Jon Freeway,New Jasonview,Alaska,53434.0,178888229464545,codycook@scott.biz
Ci489593,Ap489593,1832 Ellis Avenue,Christensenview,Washington,69729.0,0010436377672,elliottharry@johnson-oconnor.org
Ci915131,Ap915131,2240 Green Islands Suite 289,Hendersontown,Nevada,9440.0,001149104215469395,sarah03@reid.com
Ci173686,Ap173686,2991 Brian Spurs,Christopherstad,Ohio,1974.0,2672417713584,laurenjones@gmail.com
Ci167661,Ap167661,36068 Joshua Park,Pamelamouth,Ohio,95204.0,34784130624597,brittanygonzalez@yahoo.com
Ci668535,Ap668535,08879 Garza Summit Suite 868,East Sharonborough,Florida,9272.0,9510418829102,christopherhuff@hotmail.com
Ci345121,Ap345121,1119 Andersen Station Suite 306,Lake Antonio,Florida,2646.0,0017753047345522,charles89@maxwell-lucas.com
Ci772108,Ap772108,69482 Marc Spur Apt. 469,Jameston,South Dakota,99571.0,80257075249553,kimberly11@higgins.org
Ci467257,Ap467257,23015 Brandon Drives,New Blakeport,Oklahoma,83108.0,9559386684903,michaelbooth@hotmail.com
Ci366765,Ap366765,4401 Joseph Port Apt. 340,New Matthewshire,New Mexico,64396.0,628042714282792,vargasbrenda@smith.org
Ci246106,Ap246106,4581 Christine Lock,Rodriguezmouth,South Carolina,30971.0,5791618156290,warnermegan@kramer.com
Ci358930,Ap358930,503 Marc Unions,West Felicia,Nevada,24321.0,1420318685053757,pstanley@gmail.com
Ci760482,Ap760482,812 Peck Coves,Port Elizabethborough,Arkansas,98190.0,0016593169166,ymeza@martin-williams.com
Ci904462,Ap904462,6287 Bennett Branch Suite 325,West Ashley,Illinois,78074.0,4147177993,stephenmorales@gmail.com
Ci969270,Ap969270,175 Smith Summit Suite 375,West Luke,Oregon,21699.0,240116537631738,christina87@hotmail.com
Ci971149,Ap971149,530 Jessica Ford Suite 063,Lake Seantown,New Mexico,19445.0,2834515428,emartinez@murphy.net
Ci548874,Ap548874,3590 Debra Curve,Alyssamouth,Washington,94935.0,0010120447762579,kimberlymoore@wise.biz
Ci662926,Ap662926,6164 Courtney Ramp,Salazarbury,Wisconsin,13409.0,035625632801609,kevin15@kim-williams.com
Ci953499,Ap953499,9175 Brewer Park Suite 791,New Lindastad,Wisconsin,36826.0,0019278765013801,lsuarez@shannon.info
Ci218033,Ap218033,9133 Stewart Junctions Suite 848,Julieview,Illinois,79438.0,4839612205,marywilliams@anderson-rice.com
Ci730265,Ap730265,7980 Love Lodge Apt. 860,Sydneystad,Nevada,85409.0,9412094454223,fdavis@patterson.biz
Ci713157,Ap713157,8924 Terri Drive Suite 087,Liton,Kansas,15232.0,40741467260168,william78@hotmail.com
Ci729474,Ap729474,306 Paula Passage,New Matthewstad,Texas,98038.0,108600679412675,brandonrojas@barrera.com
Ci921106,Ap921106,4810 James Expressway Apt. 341,Mooreport,Oregon,40062.0,431414507063304,vryan@black-phillips.net
Ci266926,Ap266926,3692 Christine Pines Suite 371,New Larrybury,Wisconsin,39491.0,00112251289378147,lorraine19@gmail.com
Ci670559,Ap670559,5322 Keith Land Suite 543,Davidburgh,Nevada,62511.0,50934256585775,christopher34@carrillo.net
Ci960120,Ap960120,694 Sierra Green Suite 079,North Timothyville,Illinois,83676.0,0015958351059,coltonlandry@collins-anderson.info
Ci531734,Ap531734,400 Willie Ridges Suite 242,Haleymouth,Wisconsin,26844.0,64943930206900,george76@yahoo.com
Ci473220,Ap473220,6328 Anthony Gateway Apt. 146,Port Brittany,Texas,60957.0,001291761865422636,ann30@hotmail.com
Ci765627,Ap765627,4928 Mitchell Plains,Stephanieport,Iowa,86376.0,14192239802,jmoran@yahoo.com
Ci321897,Ap321897,0045 Shelby Squares,Tuckerton,Hawaii,59745.0,1919449047,frylaura@hotmail.com
Ci101062,Ap101062,45306 Dawson Junction Apt. 311,South Doris,Wisconsin,81093.0,1277391272388640,matthewmoses@alexander.biz
Ci347736,Ap347736,0850 Hines Run,Lake Vanessa,Wisconsin,87227.0,3103506369047,vramos@palmer.net
Ci674736,Ap674736,6288 Stone Island,South Daniel,California,71842.0,0019347554103349,riverajohn@moore-kennedy.net
Ci195462,Ap195462,1185 Anna Loop,Thompsonbury,Oklahoma,54642.0,1338967966,juliejimenez@mcbride.com
Ci499445,Ap499445,72627 Patrick Expressway Apt. 603,South Sherri,Illinois,81583.0,9902324747108,adambernard@gmail.com
Ci550009,Ap550009,3573 Bennett Islands Apt. 119,Port Brandonfurt,Michigan,26308.0,6464995379,iboyer@cardenas.org
Ci870173,Ap870173,0394 Angela Creek,East Barbaraborough,Iowa,12166.0,9434573869277,anthony72@carter.net
Ci672203,Ap672203,9517 Tyrone Field Apt. 093,Howardtown,South Carolina,34224.0,6125249998485,mariah94@yahoo.com
Ci366776,Ap366776,688 Karen Drive,Reynoldsmouth,Ohio,27133.0,0014705602124500,randall41@palmer.net
Ci728880,Ap728880,12204 Carolyn Springs Suite 824,New Lauren,Ohio,72100.0,1420624067,frank43@becker-butler.com
Ci758956,Ap758956,53140 Hughes Loop,Brownmouth,Connecticut,92130.0,10593980621333,charlesespinoza@yahoo.com
Ci471923,Ap471923,3614 Berry Hollow Apt. 443,Wolfechester,Nevada,88112.0,00155266770467109,deborahbenton@gmail.com
Ci499384,Ap499384,8903 Williams Garden Apt. 499,South Vickie,Alaska,89385.0,2472565191,vhenry@hotmail.com
Ci732387,Ap732387,321 Warren Forges Apt. 941,East Jennifer,New Mexico,14707.0,129309379632155,thomas38@yahoo.com
Ci631849,Ap631849,4151 Cline Ford,New Erica,Connecticut,88614.0,0011843142766430,mariahanson@lynn.com
Ci567010,Ap567010,3332 Carl Motorway Suite 028,Heathershire,Kansas,39971.0,65809938099098,fredericksteven@jones-snyder.com
Ci706440,Ap706440,4055 Lindsay Passage,South Williamchester,West Virginia,37434.0,3982747509,rebeccarose@gmail.com
Ci749324,Ap749324,97001 Ashley Meadow Suite 421,Whiteborough,Arkansas,16195.0,918307966522233,bethany45@phillips.info
Ci486193,Ap486193,07697 Annette Parkways,Nicolehaven,Oregon,62780.0,5564862246,howardkeith@lee-perez.com
Ci126734,Ap126734,5944 Thompson Tunnel Suite 975,Stephanieburgh,Texas,14735.0,0068104080729,paulabrooks@hotmail.com
Ci126069,Ap126069,49392 Jonathan Freeway Suite 078,Pamelachester,Vermont,10117.0,95629170516509,douglas55@greer.com
Ci835265,Ap835265,871 Russell Drive,Jamesstad,Texas,36207.0,64747227975165,obolton@luna.com
Ci637198,Ap637198,3736 Allen Isle Apt. 322,Nataliefurt,Wisconsin,64084.0,6234982802852,michaelolson@smith.biz
Ci435623,Ap435623,330 Susan Inlet Suite 723,South Jasonmouth,Rhode Island,1718.0,113479739841340,jesseclark@myers.com
Ci570951,Ap570951,347 Benjamin Hollow Suite 130,New Dominique,Colorado,1302.0,00155409625439841,ryan30@humphrey.net
Ci181264,Ap181264,9232 Connie Fort,Riverachester,Alaska,99406.0,29667007350794,imedina@yahoo.com
Ci123275,Ap123275,61518 Luis Road Apt. 994,Davidside,West Virginia,67621.0,7412631569,taylor47@yahoo.com
Ci696562,Ap696562,64018 Jackson Fields Apt. 591,Lake Leslie,North Carolina,81150.0,5867054263257,larrygonzales@hotmail.com
Ci574665,Ap574665,33374 Lisa Knolls,South Anthony,Louisiana,68958.0,3166220536204,sherry93@gmail.com
Ci462920,Ap462920,5198 Williams Mill Suite 520,Martinezport,Mississippi,62315.0,12220862971743,jonbernard@webster-anderson.com
Ci291076,Ap291076,354 Michael Skyway,Timothyberg,Rhode Island,37655.0,8281734558,pricerobert@bowen.com
Ci294053,Ap294053,3276 John Port,Johnsonview,Wisconsin,22328.0,0736848143,schneiderdavid@hill.com
Ci809913,Ap809913,8830 Hunter Islands Suite 881,Floresview,Wisconsin,7553.0,70159100395697,ihernandez@day-brown.com
Ci672735,Ap672735,3770 Blankenship Parkways Suite 141,North Meganberg,Hawaii,97576.0,6069824675,emily60@hotmail.com
Ci699991,Ap699991,407 Hoover Forest Apt. 441,Bondberg,Rhode Island,11656.0,6359567713,lcarlson@campos.com
Ci962522,Ap962522,92958 Steven Lodge Apt. 448,South Stephen,South Dakota,47863.0,18219769706578,jonesalexander@wilson-herring.org
Ci903692,Ap903692,5830 Sonya Dale,Susanville,Iowa,74590.0,00104689230648635,reedjudy@petty.com
Ci212581,Ap212581,4010 Tammy Corner,Bryantville,Michigan,61154.0,149398823463013,franklinmike@davis.biz
Ci365956,Ap365956,108 Guzman Mews Apt. 897,Christineland,Nebraska,66991.0,727731153044714,parkernatalie@reed.com
Ci521240,Ap521240,9023 Jessica Grove,Joelside,Virginia,39628.0,2164282660850,bergbradley@hotmail.com
Ci814016,Ap814016,516 Craig Walks,Sarahside,Rhode Island,51762.0,126358021831305,rhondameyer@yahoo.com
Ci216421,Ap216421,99869 Matthew Lodge Suite 098,Williamsport,Louisiana,28699.0,2416827226326,rogersjason@mcclure.com
Ci625893,Ap625893,759 Johnson Viaduct Suite 388,Morganfurt,South Dakota,88702.0,19629208987,colemanjeffrey@dominguez-white.info
Ci564374,Ap564374,3588 Jeffrey Curve,Brandichester,Mississippi,45374.0,14908366019232,justin52@hotmail.com
Ci172303,Ap172303,9232 Nathan Coves Apt. 164,Aliland,Oklahoma,24943.0,03329519528959,ashleyrose@gmail.com
Ci258211,Ap258211,706 Norman Manors,North Rachel,Illinois,59123.0,4806122576,leslie22@gmail.com
Ci287210,Ap287210,7763 Kyle Junction,Heatherfort,Alabama,85650.0,4201725794754,joshuawatson@martin-watson.com
Ci886237,Ap886237,08808 Sarah Cape Apt. 200,Parksfurt,Nevada,92848.0,3910227745,davisandrew@bailey.org
Ci962557,Ap962557,34335 Rachel Creek Apt. 025,Hurleyside,Virginia,92903.0,037937662993128,rwest@gmail.com
Ci244990,Ap244990,98234 Paula Mountains,North Brian,Nebraska,62121.0,26561482879577,manuelmorgan@hays.com
Ci258518,Ap258518,584 Davis Squares Apt. 602,Sierramouth,Oklahoma,71366.0,6722834627,mitchellstephen@aguirre.com
Ci224040,Ap224040,354 Teresa Rapids,Herreramouth,Iowa,2009.0,3110873574725,debbie44@wright-rose.com
Ci768406,Ap768406,51897 Guerrero Trail Apt. 772,Jessicabury,Vermont,46881.0,0014693606889,prestonrobert@robinson.com
Ci623138,Ap623138,460 Peterson Estate,Reneeshire,West Virginia,36611.0,1023751134224567,ctaylor@jenkins.org
Ci518034,Ap518034,674 Goodman Harbor,Mooreburgh,Oklahoma,96960.0,164682105996647,timothyhowell@yahoo.com
Ci856254,Ap856254,2279 Gabriel Crest,South Brian,Nebraska,86292.0,5450290992,griffinsierra@edwards.com
Ci890756,Ap890756,3512 Julia Forge,East Christopher,Iowa,78699.0,0015668560746,jamesvaughn@white-holland.com
Ci962755,Ap962755,59027 Rivera Parkway,Lake Danielle,Nevada,67700.0,1878560176,mtodd@reid.info
Ci895543,Ap895543,15210 Steele Road,Lake Geoffrey,Nevada,62233.0,1335540332730600,thomasmata@gmail.com
Ci640677,Ap640677,87729 Hayes Coves,Richardburgh,North Carolina,97029.0,061958780883421,jennifer91@yahoo.com
Ci746465,Ap746465,709 Dana Shore Suite 572,Kimberlyfort,Mississippi,46387.0,960941122614709,millerallison@bennett-fischer.com
Ci403571,Ap403571,19674 Gregory Village,Sabrinafurt,Montana,71354.0,6183126991,carrannette@mcgrath-larson.biz
Ci784106,Ap784106,46697 Brandy Street Suite 080,New David,Nebraska,46847.0,591313638918333,andrew00@ferguson.com
Ci222883,Ap222883,908 Cannon Course,Lake Amandaport,Wisconsin,88804.0,9884743602163,adamstina@hotmail.com
Ci843246,Ap843246,5791 Martin Locks Apt. 712,East Robertview,West Virginia,76244.0,9783016888227,nicolesalazar@yahoo.com
Ci862501,Ap862501,3357 Cheyenne Land Apt. 599,West Jeremymouth,Connecticut,21075.0,12484874019388,perryjeffrey@foster.biz
Ci487952,Ap487952,4304 Sean Shore,East Josephport,Nebraska,92450.0,809585434760012,heather33@yahoo.com
Ci212221,Ap212221,10823 Jessica Burg Suite 611,Aaronmouth,Connecticut,23260.0,1881275729,lawsonanthony@hotmail.com
Ci899666,Ap899666,479 Clinton Causeway,Christopherville,Nebraska,44016.0,0015449401267,nancymitchell@moore.com
Ci360669,Ap360669,07505 Blake Parkway Apt. 258,Ryanbury,Nebraska,55800.0,9077089994061,bmontgomery@chen.com
Ci859224,Ap859224,42739 Melanie Crest,Henryshire,Wisconsin,12231.0,6173008834568,coxtyler@gmail.com
Ci939873,Ap939873,3532 Wilson Motorway,Lake Justin,Iowa,44383.0,71999933196745,vazquezmary@reeves.com
Ci625134,Ap625134,396 Garza Plains Suite 905,Swansonburgh,West Virginia,58603.0,8170307789,juan24@hotmail.com
Ci635242,Ap635242,79091 Gould Grove,South Robert,Arkansas,22088.0,21311758613707,james76@reyes-crosby.org
Ci441383,Ap441383,33209 Wyatt Drives,Port Ryan,South Carolina,78607.0,311384453389087,joseph65@gmail.com
Ci344761,Ap344761,13886 Lauren Field Suite 345,South Davidmouth,Nebraska,88909.0,8483791763099,james93@gmail.com
Ci932946,Ap932946,7210 Rodgers Radial,East Logan,North Carolina,34225.0,438106432525293,carla21@yahoo.com
Ci974668,Ap974668,958 Nicholas Stream Suite 440,Erichaven,Alaska,63735.0,10781439902,smithadrian@brown-woods.com
Ci984011,Ap984011,0648 Virginia Circles Suite 405,Port Jessica,Alaska,1833.0,11193569822784,carrollpatrick@yahoo.com
Ci237541,Ap237541,93543 Jason Curve Apt. 280,Brownville,Connecticut,61898.0,8369101004,pricemolly@edwards-trujillo.com
Ci928533,Ap928533,971 Denise Tunnel Suite 881,Hansenfurt,California,74357.0,069574913064612,phillipscharles@yahoo.com
Ci164323,Ap164323,68935 Love Falls Apt. 130,East Deborahbury,South Dakota,8389.0,627156587553793,kellymitchell@stout.biz
Ci716210,Ap716210,0347 Robert Points,Port Christy,Mississippi,50143.0,671735970077410,carolinerichards@hotmail.com
Ci289139,Ap289139,960 Christina Mills Apt. 327,West Melissa,Kansas,92996.0,00180187117484179,greeneamanda@gmail.com
Ci280448,Ap280448,72881 Jones Burg Apt. 954,Oneillberg,West Virginia,55601.0,51093361866930,clayjoseph@yahoo.com
Ci800947,Ap800947,49694 Matthew Groves,Port Keith,South Dakota,70489.0,329896610082687,jose99@hunter.net
Ci335659,Ap335659,955 Brown Creek Suite 027,Mejiamouth,Ohio,17934.0,3677373502,zvillanueva@kaiser-gibson.com
Ci489678,Ap489678,341 Ashley Stravenue,Ashleyton,Oregon,34821.0,4741481778,jeffrey26@gmail.com
Ci954016,Ap954016,5347 Bell Mill,Douglasbury,Kansas,27844.0,8270373413406,patrick82@rogers.info
Ci204537,Ap204537,6846 Jonathan Track,Nicolebury,Arkansas,92931.0,22010157262764,tonya59@reed.biz
Ci964909,Ap964909,6058 Charles Landing Suite 587,Michelleside,Vermont,67951.0,12951422260976,xgarcia@rodriguez.org
Ci341983,Ap341983,2082 Patrick Divide,Port Josephshire,Nevada,39138.0,0665369815,adam73@yahoo.com
Ci666821,Ap666821,94548 Jackson Drive Suite 940,Davisport,Illinois,68650.0,2137012352,hmartinez@moore.com
Ci888260,Ap888260,141 Jeffery Centers,New Gregoryside,Louisiana,81508.0,2916699498,charrell@gmail.com
Ci101917,Ap101917,928 Jared Harbor Apt. 988,Rachelview,Connecticut,9071.0,15958549082,rguzman@ross.com
Ci382762,Ap382762,239 Richard Place,Liuville,Colorado,96113.0,678854622502806,caitlyn34@yahoo.com
Ci656542,Ap656542,555 Mccoy Place,West Katherine,Nevada,66180.0,8459678393,mjackson@thompson.biz
Ci886275,Ap886275,679 Johnson Islands,South Jenniferfurt,Illinois,59462.0,143344095561775,jennifer01@bauer.com
Ci467436,Ap467436,4672 Lisa Gateway,Leeburgh,Nebraska,48040.0,16313665579994,brianperez@yahoo.com
Ci609930,Ap609930,53968 Greene Ford Suite 439,Charleshaven,Arkansas,75444.0,0593530136849,pamelahawkins@gmail.com
Ci671650,Ap671650,493 Melissa Passage,Caitlinshire,Arkansas,54677.0,187710089566521,holtbrenda@graham-harrison.info
Ci382272,Ap382272,1269 Lee Lake,Andersonhaven,Rhode Island,57216.0,4168873525,wadesteven@dickerson.net
Ci485925,Ap485925,5334 Swanson Lock,Port Jennifer,Alaska,64699.0,001881598376600093,nicole62@gmail.com
Ci866641,Ap866641,762 Cole Glen,Port Stephenstad,South Carolina,37689.0,1836892655,twood@yahoo.com
Ci814743,Ap814743,84320 Matthew Heights,Port Markmouth,Montana,9196.0,4756364901,williamscharles@davis-brewer.com
Ci689833,Ap689833,0184 Sabrina Skyway,Lake Hannah,California,84678.0,1963335525977614,jasonwilliams@gmail.com
Ci182180,Ap182180,16094 Brown Plains,North Karen,North Carolina,82850.0,46379150102638,diazjoshua@yahoo.com
Ci712246,Ap712246,61512 Willie Isle Suite 899,Andersenshire,North Carolina,54491.0,080652499027527,christian59@woods.org
Ci503081,Ap503081,803 Jeffrey Junctions,West Paige,Arkansas,77038.0,12023200882,hilldouglas@taylor.info
Ci401953,Ap401953,71664 James Rue,Lake Alexischester,California,59477.0,13096606313,qjones@yahoo.com
Ci478892,Ap478892,0187 Brittany Ridge Suite 001,East Sharonland,Alabama,90249.0,133984793763042,andreamartin@gmail.com
Ci105287,Ap105287,1483 Wells Springs,New Deborahland,California,21554.0,1024396934610434,lawrencelori@hotmail.com
Ci357665,Ap357665,922 Lauren Walk Suite 315,New Lisaburgh,Texas,48814.0,8294155595,david84@yahoo.com
Ci108512,Ap108512,447 James Neck Apt. 646,East Joshua,Montana,94896.0,8186946693,wandawilson@yahoo.com
Ci756702,Ap756702,329 Blair Point,New Kimberlyport,Nebraska,43911.0,11420062583477,cynthia11@yahoo.com
Ci556292,Ap556292,574 Larson Stream Suite 295,Julianchester,Wisconsin,93145.0,0015026028169086,davidstevens@hotmail.com
Ci208872,Ap208872,3067 Jackson Ports Suite 229,Port Jodihaven,Rhode Island,12731.0,16326636712,christopherbrown@blake-johnson.net
Ci872042,Ap872042,8169 Mark Stream,South Nathanmouth,Illinois,11986.0,29444776545162,johnsondavid@hotmail.com
Ci193070,Ap193070,1510 Collins Glen,Wesleychester,Alabama,87268.0,1059943841707909,josephmoore@hotmail.com
Ci704055,Ap704055,4860 Allison Course Apt. 233,Lake Jeffrey,Oklahoma,63719.0,9765022042,anthony19@hotmail.com
Ci722117,Ap722117,35629 Robert Oval,New Jonathan,Florida,1954.0,6961518826787,brian37@hawkins-wilkins.com
Ci529474,Ap529474,1061 Lori Island Suite 188,South Steven,Michigan,25407.0,040965415015005,patriciadavis@young.org
Ci142078,Ap142078,0487 Brooke Manors,South Julieton,Oklahoma,82177.0,0193630582,lozanoandrew@calderon-davidson.org
Ci468432,Ap468432,0924 Tiffany Ways Suite 732,West Janiceside,Oklahoma,4338.0,00145820931892171,ftrujillo@marquez.org
Ci707812,Ap707812,28100 Wright Manors Suite 207,Billland,Wisconsin,44340.0,001469000899609107,parsonstodd@lewis-cordova.com
Ci327645,Ap327645,050 Clark Valleys,Michaelport,Oklahoma,96575.0,00139348186869821,awalker@morris.com
Ci636507,Ap636507,81221 Betty Plaza,East Rachelside,Illinois,70512.0,1443086550697907,amycooper@green.com
Ci886667,Ap886667,99180 Hunter Parkway Suite 742,North Donnastad,Iowa,79117.0,1068434198690,feliciacollins@cooper.biz
Ci405073,Ap405073,6767 Cantrell Circle Suite 848,Wilsonhaven,Nevada,3911.0,9272728140273,flewis@adams-moon.com
Ci227309,Ap227309,147 Lisa Lights,New Michaelhaven,Wisconsin,17157.0,885418922687945,hannah35@hotmail.com
Ci429588,Ap429588,5014 Stephanie Causeway Suite 742,Aliport,Iowa,36145.0,12854646470402,alewis@yahoo.com
Ci763927,Ap763927,905 Jeffrey Pike,Cunninghambury,Wisconsin,11412.0,0911222206,molinalori@hotmail.com
Ci988266,Ap988266,20874 Fox Creek Suite 579,Tiffanystad,Illinois,28866.0,9832877435,collinslawrence@alvarado.com
Ci564008,Ap564008,510 Oneal Dam Suite 560,East Walter,Kansas,94890.0,001722876284023941,loriholloway@yahoo.com
Ci820801,Ap820801,608 Clarke Mountain,Frankborough,Virginia,83059.0,9949393089951,cdunn@gmail.com
Ci446699,Ap446699,91335 Brittany Vista Suite 013,Shawntown,Colorado,15741.0,0011104609023428,lhenderson@yahoo.com
Ci435842,Ap435842,097 Adams Freeway Suite 604,Rogersmouth,West Virginia,97947.0,18411246477351,nsellers@james.info
Ci486594,Ap486594,6920 Amy Inlet,Kevinmouth,Connecticut,5521.0,001738364919736910,haynesjerry@powell-cohen.info
Ci872608,Ap872608,25663 Diana Locks,Lynchhaven,Nebraska,79246.0,13669620270,douglas70@harper.com
Ci760775,Ap760775,0420 Kathy Hollow Suite 860,South Grace,West Virginia,91189.0,14537892886,parkrobert@floyd.com
Ci791519,Ap791519,70841 Moyer Isle,New Amandaburgh,Wisconsin,11558.0,78148800452903,jilliankirk@charles-pope.info
Ci143925,Ap143925,88204 Willis Lights Suite 901,Austinburgh,Mississippi,22458.0,6934323448817,josephstein@hotmail.com
Ci237023,Ap237023,994 Kelly Islands Suite 151,Walkershire,Wisconsin,17057.0,3778375549,gmoore@velez.com
Ci187388,Ap187388,459 Lindsey Villages Apt. 622,Hunterbury,Florida,33922.0,14614540129,karen54@perez.net
Ci632295,Ap632295,72778 Erica Turnpike Suite 617,South Melissa,Oklahoma,81160.0,20731462685224,derrickhall@wood-morales.com
Ci357802,Ap357802,3951 Rodgers Manor,Kelseyburgh,North Carolina,20670.0,148552020232575,elizabeth87@gmail.com
Ci535048,Ap535048,016 Karen Point,Ashleyland,Rhode Island,56876.0,0684490505,gbrown@miranda.net
Ci158596,Ap158596,706 William Extensions,South Megan,Wisconsin,19983.0,506841374617361,virginiahowe@richards.com
Ci451005,Ap451005,857 Brown Expressway,New Saraberg,Texas,43550.0,82275312750401,wayne10@gmail.com
Ci879554,Ap879554,568 Nguyen Road Suite 053,East Christinamouth,Kansas,91616.0,1847888911,markpowers@hotmail.com
Ci973172,Ap973172,3380 Simpson Roads,East April,Iowa,26323.0,1594203047,katherinetran@yahoo.com
Ci639812,Ap639812,62195 Thompson Forges Suite 560,Joannafurt,California,97836.0,4173284249,brianlarson@sanders.biz
Ci622244,Ap622244,900 Tanya Trace Suite 828,South Kendra,Hawaii,50804.0,1010757716,jturner@gmail.com
Ci512498,Ap512498,97742 Buckley Gateway,Mcdonaldview,Texas,66916.0,0017859387224,srodriguez@henry.biz
Ci779290,Ap779290,7857 Michael Court Apt. 546,Port Jessicamouth,Rhode Island,87924.0,595692074988941,christopher14@santiago-hunt.biz
Ci599097,Ap599097,24461 Charles Turnpike Suite 790,North Paulhaven,Montana,69271.0,737292103163608,ssmith@ochoa.com
Ci749789,Ap749789,0036 Carter Parkway Suite 566,East Kenneth,Iowa,63810.0,451820699734251,tonyasmith@gmail.com
Ci907043,Ap907043,69302 Johnson Roads,Ryanville,Alaska,58045.0,5554596442,trevorsullivan@yahoo.com
Ci248056,Ap248056,48282 Roberto Views,Bensonberg,Iowa,56381.0,1754848045950703,carol47@yahoo.com
Ci114060,Ap114060,4862 Susan Plaza Apt. 693,New Jasonmouth,Wisconsin,69382.0,3176256586,harristimothy@yahoo.com
Ci838345,Ap838345,9554 Thomas Ferry Suite 206,North Jasonmouth,Alaska,72227.0,480766086811466,bellkendra@murray.org
Ci577272,Ap577272,2512 Mason Roads Suite 900,Timothyside,Hawaii,2541.0,19142565245,meganperez@lopez-richardson.info
Ci618545,Ap618545,7131 Sullivan Freeway,Mariostad,Texas,21388.0,14348802543385,huberkayla@gmail.com
Ci929735,Ap929735,000 Sandra Overpass Apt. 144,Anthonyberg,West Virginia,69733.0,5852507775,kweaver@gmail.com
Ci290279,Ap290279,9601 Allen Prairie Apt. 192,New Haleyport,North Carolina,20720.0,24450865431258,xmatthews@yahoo.com
Ci830406,Ap830406,933 Johnson Mount,Michaelbury,West Virginia,18390.0,47525886658488,mtaylor@gmail.com
Ci784647,Ap784647,8609 Eric Islands Apt. 228,New Ellenmouth,Nevada,16055.0,42601123648307,veronicahill@conrad.com
Ci139711,Ap139711,0982 Nguyen Manors,New Anthony,Colorado,37862.0,8862757966,sonyaunderwood@hotmail.com
Ci243026,Ap243026,03801 Thompson Mill Suite 412,Jonesberg,Wisconsin,62858.0,838121720420853,jaywalker@moore-reyes.org
Ci435484,Ap435484,758 Barrett Rue Suite 295,Lake Parker,Hawaii,11202.0,5244756239,gharvey@gibson.com
Ci565317,Ap565317,51426 Tamara Junction,North Kristin,Arkansas,7719.0,0017489731715,tfitzgerald@moore.com
Ci318134,Ap318134,4571 Moreno Extensions Suite 764,North Jenniferhaven,Virginia,32905.0,853805835688868,marcus44@yahoo.com
Ci202974,Ap202974,2007 Perez Mountains Suite 570,Zamoraberg,Alabama,81356.0,001605289769052557,angelajoseph@davis.com
Ci249646,Ap249646,67323 Raymond Mission,Port Mikemouth,Rhode Island,91643.0,434546301649764,eddiemonroe@hotmail.com
Ci502400,Ap502400,325 Danielle Mills,West Emily,Iowa,72964.0,0208324869,erinadams@may.com
Ci250168,Ap250168,0823 Amber Plaza,Perryfort,West Virginia,13118.0,0013656007181,caseyholt@yahoo.com
Ci692016,Ap692016,7243 Jonathan Well Apt. 732,West Charleshaven,Vermont,60644.0,686548364335447,kristinalloyd@scott-underwood.org
Ci789376,Ap789376,197 Miller Points Apt. 088,Jamesbury,Nevada,43854.0,001562660136637963,christophersmith@hotmail.com
Ci635534,Ap635534,1877 Le Prairie,Rogersberg,Connecticut,9641.0,00125036711803597,shannonthompson@johnson.com
Ci538774,Ap538774,560 Stephanie Valley Suite 257,Lawsonville,Michigan,45479.0,176780843172870,vcastillo@smith-hopkins.net
Ci611937,Ap611937,001 Jennifer Drive Apt. 570,Andreastad,Mississippi,69172.0,9838449443,justin00@sanchez.com
Ci511597,Ap511597,73766 John Parkways Suite 592,Port Daltonville,Oklahoma,42236.0,925469306023302,martineznicole@gmail.com
Ci192263,Ap192263,253 Sharon Pines Suite 223,Fostermouth,New Mexico,35008.0,6010263202,hawkinscynthia@hotmail.com
Ci635590,Ap635590,454 Rhonda Burgs,West Marissa,California,64612.0,16551557686,wilsonmargaret@smith-knight.com
Ci953938,Ap953938,03124 King Course Suite 971,Benjaminborough,Alaska,31137.0,326340929848189,xhill@gmail.com
Ci665445,Ap665445,2222 Barnes Island Apt. 256,New Kristinaland,Florida,22597.0,0890869333984,diazbrian@gmail.com
Ci679205,Ap679205,72290 Myers Radial,Schaeferside,Oklahoma,33768.0,02184270742312,harriskevin@hotmail.com
Ci323810,Ap323810,99750 Clark Throughway,Julieborough,Wisconsin,88081.0,143415816207277,bradleyveronica@watkins.info
Ci196646,Ap196646,026 Kelly Extension,Jarvisshire,Wisconsin,63843.0,0014761488547,matthew48@hotmail.com
Ci445266,Ap445266,486 Young Common,South Christianhaven,West Virginia,42707.0,0018454900999299,christineosborne@mills.biz
Ci910951,Ap910951,08168 Jason Corner Apt. 274,Leahview,Connecticut,75396.0,77015347305877,jsanders@gaines.net
Ci590025,Ap590025,8865 Flores Lake,West Richard,Arkansas,22470.0,2163696761,thomas49@gmail.com
Ci580703,Ap580703,9541 Gregory Orchard Apt. 922,Bonnieberg,Michigan,33262.0,4480932962,henrykatelyn@collier.com
Ci443054,Ap443054,797 Robert Views Apt. 984,Ashleyville,Colorado,9544.0,00135600404630411,frazierelizabeth@yahoo.com
Ci957756,Ap957756,690 Vicki Knoll Apt. 081,Port Bailey,Ohio,4677.0,0012968007046,williamsonsara@prince.net
Ci367552,Ap367552,6455 Natasha Cliff,Mirandaton,Oregon,69237.0,4340949251,hbrown@leblanc-johnson.biz
Ci159379,Ap159379,54198 Thomas Points Suite 226,South Trevorstad,North Carolina,28562.0,10491271262218,nbrown@miller.com
Ci125053,Ap125053,38489 David Haven Suite 993,Leeburgh,South Carolina,58752.0,48643937045043,leah33@gmail.com
Ci502662,Ap502662,9467 Fernando Rapid,Bowersberg,Iowa,98641.0,7632511068,jdowns@snow.com
Ci756282,Ap756282,13866 Buckley Drives Apt. 471,East Shannon,Wisconsin,86604.0,041902566258640,ravenhanson@hotmail.com
Ci198723,Ap198723,3983 Sherry Loop Suite 418,New Michael,Oklahoma,41071.0,5501305128,waynemartinez@gmail.com
Ci675644,Ap675644,256 Bryant Harbors Suite 727,Charlesborough,Illinois,75405.0,0017435467929645,lopezmichael@yahoo.com
Ci372933,Ap372933,5701 Campbell Place,West Michaelberg,Nevada,71809.0,16150684524134,daltongregory@nguyen.org
Ci984152,Ap984152,6288 Nelson Ways Suite 966,Markchester,New Mexico,91971.0,0011854999930920,hudsondustin@hotmail.com
Ci953088,Ap953088,26898 Foster Mills,Port Andrew,Montana,71809.0,8179127015359,ginacarr@hotmail.com
Ci930460,Ap930460,07346 Justin Route Apt. 232,Amandaland,Oklahoma,65498.0,05662877595050,wbass@conner.com
Ci950916,Ap950916,416 Julie Club,Joshuamouth,Ohio,29840.0,8377546176,patricia16@gmail.com
Ci132154,Ap132154,4950 Combs Islands Suite 143,North Monica,Nebraska,52486.0,14991164938,arianaallen@yahoo.com
Ci313942,Ap313942,71532 Estrada St,West Alyssaton,Vermont,65234.0,3818837019283,john93@robinson.biz
Ci364480,Ap364480,30085 Charlene Neck,North Rhondaville,Florida,17653.0,702158008849823,landerson@mills.org
Ci465821,Ap465821,6103 Diaz Summit Suite 082,North Robertview,Iowa,63220.0,687380804957661,bakerashley@huang.com
Ci954211,Ap954211,895 Blake Cove Apt. 741,West Tiffanystad,Oklahoma,31735.0,86643220665237,keithcheryl@mccarthy.com
Ci381173,Ap381173,25845 Delgado Inlet Apt. 085,West Pamela,Washington,76804.0,1466821801610,carolyn72@yahoo.com
Ci945633,Ap945633,25304 Paul Cove Apt. 016,Wallacehaven,Wisconsin,12066.0,18604164141760,russellkristina@evans.com
Ci132265,Ap132265,92223 Joseph Ramp,Fergusonborough,Oklahoma,45411.0,0010960282104159,jacobsdillon@moon.com
Ci465060,Ap465060,71544 Alicia Rue Apt. 947,Parkerstad,North Carolina,35071.0,00107531830244764,scottchristopher@hotmail.com
Ci343322,Ap343322,726 Maxwell Lock,West Christopher,Nevada,33478.0,5272891033,kwilliams@woods-peterson.info
Ci274944,Ap274944,9325 Chambers Way,Port Shelly,Arkansas,12654.0,4950296136,beverlywilliams@yahoo.com
Ci670485,Ap670485,2351 Johnson Fords,Hermanmouth,Alaska,7997.0,0018399498743,parkerdaniel@hess.info
Ci548396,Ap548396,49825 Kelly Forks Apt. 455,Williamsland,Kansas,45347.0,193605378423436,mcdonaldmarissa@velasquez.net
Ci254782,Ap254782,49334 Calderon Mount,Lake Brianview,Michigan,43441.0,62740158613157,khenson@yahoo.com
Ci784846,Ap784846,1080 Moss Greens,Crystalside,Hawaii,1673.0,130625996630943,adam70@gmail.com
Ci171907,Ap171907,978 Stewart Green,Anthonyton,South Dakota,14491.0,6499702680211,dianashaw@walker-woods.com
Ci302967,Ap302967,1435 Jones Extension Apt. 666,East Marcia,Alabama,84201.0,00142335728323049,chennancy@meyers.com
Ci950867,Ap950867,41747 Roy Stravenue,South Aaron,Oklahoma,62839.0,1202235356466266,qrivera@mason-carpenter.com
Ci402775,Ap402775,39526 Valencia Lodge Suite 679,Lake Michaelfurt,Alaska,64347.0,9961991937,bryannewman@yahoo.com
Ci491182,Ap491182,948 Grant Squares Apt. 930,East Angela,Oklahoma,64902.0,00138345486523910,jritter@hotmail.com
Ci856892,Ap856892,93108 Young Green Suite 479,New Juliatown,Nevada,49357.0,0890582837,mary39@yahoo.com
Ci382247,Ap382247,251 Brian Trace Apt. 261,Nelsonside,West Virginia,10999.0,001842760144611314,steve50@fernandez.net
Ci164772,Ap164772,17517 Teresa Forges Apt. 472,Amyfurt,Oklahoma,13644.0,1503384555,theresale@yahoo.com
Ci226108,Ap226108,1411 William Drive,Taylorchester,South Dakota,91489.0,0016109095996,kathrynconway@garcia.com
Ci114382,Ap114382,30394 Richardson Road,New Ruben,Rhode Island,58749.0,11904814344389,smithderrick@hotmail.com
Ci184291,Ap184291,4053 Clark Divide Apt. 552,Ronaldland,Vermont,50681.0,2703374695,acontreras@rodriguez-johnson.biz
Ci463339,Ap463339,654 Lori Park,Lake Brandy,Michigan,45826.0,5793014667514,edward81@proctor.biz
Ci759116,Ap759116,545 Miller Lodge Suite 741,Hollandland,Hawaii,43272.0,442595450081158,wileyamy@hotmail.com
Ci382753,Ap382753,1089 Lisa Mission,Port Mathewborough,Iowa,17066.0,001827334945150371,wilsonlisa@hotmail.com
Ci247550,Ap247550,861 Blair Mission,West Scott,Alaska,5295.0,06634139765382,joshuastevens@allen.com
Ci332050,Ap332050,758 Moore Knolls Apt. 292,Brandonmouth,Nevada,56258.0,608090119754436,christopher76@sanders-jones.net
Ci532882,Ap532882,85040 Patterson Island Apt. 375,Jenniferview,Rhode Island,14935.0,138610380123705,abyrd@gmail.com
Ci437827,Ap437827,1812 Jenna Station,South Shannon,Oregon,34953.0,9221954416,sara06@yahoo.com
Ci592313,Ap592313,5531 Patricia Prairie,East Debra,Nevada,3902.0,1683318162,zsnyder@berger.com
Ci486858,Ap486858,256 Debbie Isle Suite 116,Matthewmouth,Oklahoma,82482.0,0011904239961,rebeccaherrera@hotmail.com
Ci754618,Ap754618,94968 Melanie Course,Paigeview,South Dakota,82419.0,60637637727661,parkswilliam@morgan.biz
Ci695603,Ap695603,917 Lloyd Radial Apt. 584,Angelaberg,North Carolina,788.0,7314011982,monica44@velez-robinson.biz
Ci964266,Ap964266,51322 Toni Mill,Thomasberg,Connecticut,76759.0,13496512609166,troyjordan@parker.org
Ci488349,Ap488349,4772 Travis Villages,Harrisland,Iowa,11776.0,1552803948445887,bjames@hotmail.com
Ci114153,Ap114153,91106 Whitney Alley,Jenniferfort,North Carolina,47669.0,7585440102556,lauraknox@henderson-martin.net
Ci700613,Ap700613,87571 Garrett Creek Apt. 610,South Michaelstad,South Dakota,67632.0,1566794076,mariaadkins@gmail.com
Ci340773,Ap340773,664 Caleb Overpass,Port Michael,South Dakota,71823.0,6713026500,scott89@hotmail.com
Ci155318,Ap155318,78940 Brian Trace,Clarkport,Florida,56001.0,67662377181114,jessica50@herrera-bryant.com
Ci494030,Ap494030,2937 Paul Pass Apt. 275,West Mitchell,Oregon,49260.0,4245662180,adam91@delgado-wilson.com
Ci477177,Ap477177,705 Samuel Glen Suite 272,New Alexandra,Iowa,64005.0,162052323470449,andersonmadeline@rowland-wells.com
Ci176077,Ap176077,00484 Ryan Mount,Lake Steven,Oklahoma,19852.0,159569442423601,cgarcia@gmail.com
Ci976906,Ap976906,74238 Gregory Rest,West Kevinburgh,Oklahoma,14334.0,52648834784064,walkerchase@hotmail.com
Ci233515,Ap233515,73844 Eric Radial,Lake Sabrina,Wisconsin,87814.0,2505465694,halvarado@ward-burgess.net
Ci306988,Ap306988,1681 Jeanette Mill,Elizabethtown,New Mexico,88392.0,0242215782,sharon72@potter-compton.com
Ci959751,Ap959751,42903 Watts Square Apt. 337,Jerryfort,Connecticut,86728.0,1377401367,djackson@miller-perez.com
Ci225885,Ap225885,99242 Rebecca Stravenue,South Hollymouth,Arkansas,92709.0,8316227618,arthur08@gmail.com
Ci996209,Ap996209,156 Jennifer Field Apt. 280,New Aprilton,Iowa,40339.0,5615586373,sjones@ewing.net
Ci641656,Ap641656,547 Johnson Route,Rodgerston,Mississippi,61270.0,19079800321,brittneyortega@atkins.com
Ci770688,Ap770688,4166 Rodriguez Ridges Suite 154,Staceyfurt,Iowa,31260.0,742291044717997,brandonschneider@hotmail.com
Ci288014,Ap288014,145 Kimberly Cliffs,Hannahside,Florida,13549.0,5922141779441,brockjane@olson-reed.com
Ci191751,Ap191751,902 Teresa Haven,North Regina,Hawaii,79166.0,05741796369693,samanthamarquez@mills.org
Ci330203,Ap330203,7112 Samantha Fork,West Christopher,Nebraska,40315.0,18239734367394,arios@yahoo.com
Ci913738,Ap913738,861 Harold Cliffs Suite 370,Hansonhaven,Arkansas,5215.0,06592583568619,eatontara@robinson.info
Ci795275,Ap795275,4284 Ashley Orchard Apt. 589,Jamieport,Vermont,51643.0,326027522750874,carolcampbell@yahoo.com
Ci923651,Ap923651,8718 Flores Highway Suite 340,Moseston,Hawaii,44821.0,1471369835,irobinson@yahoo.com
Ci311951,Ap311951,7788 Black Roads Suite 588,Holmesfort,Oklahoma,40611.0,3186321395418,christophertrevino@gmail.com
Ci605155,Ap605155,7753 Spencer Spurs,Smithville,Iowa,38745.0,0980731713,michaelaustin@johnson.com
Ci295716,Ap295716,4262 Jackson Roads,Jamesland,Louisiana,14996.0,1358643496,bwest@cisneros-wright.biz
Ci684567,Ap684567,439 Smith Mountain Apt. 464,Kevinchester,South Dakota,97321.0,8917359807,thomas18@hotmail.com
Ci415172,Ap415172,46763 Tucker Plaza Apt. 171,West Noahview,North Carolina,43046.0,5424377615,bturner@yahoo.com
Ci990695,Ap990695,13765 Jackson Canyon Apt. 864,Mcbrideton,Oregon,47270.0,5861342529,michaelsanders@gmail.com
Ci100126,Ap100126,4579 Delgado Glen Suite 849,West Amanda,South Dakota,52419.0,1782250847310712,matthew01@hotmail.com
Ci938761,Ap938761,70904 Wesley Village Apt. 444,Michelleberg,Nebraska,81293.0,1632350444,floreslisa@hotmail.com
Ci127632,Ap127632,90396 Michele Lights Apt. 635,Port Jose,Nebraska,60380.0,980331139607952,echarles@yahoo.com
Ci600315,Ap600315,451 Perry Run,West David,Rhode Island,65844.0,0016942893878,april82@murray-carlson.com
Ci820670,Ap820670,2544 Elizabeth Stream Apt. 031,Landryview,Alaska,64179.0,4229109672938,acox@hotmail.com
Ci209945,Ap209945,7616 Davies Corner Apt. 757,Jordanhaven,Rhode Island,27911.0,8376964592362,alicialucas@nguyen-sanders.org
Ci417320,Ap417320,56286 Bailey Harbor,Anitaland,Nevada,7374.0,1890556309739834,mbailey@reid.com
Ci350869,Ap350869,40718 Lynch Loop,Amyborough,Rhode Island,36688.0,00166419920566511,dbrown@cox-hernandez.com
Ci841426,Ap841426,032 Carrie Cape,South Misty,Connecticut,68077.0,7680714311,berrywillie@barker-mcclain.com
Ci598716,Ap598716,53842 Bethany Forest Apt. 382,Schneiderfurt,North Carolina,77814.0,5376539844,nancyweaver@franco-taylor.com
Ci275399,Ap275399,06842 Susan Locks,Karaton,Ohio,70810.0,07120071476342,lawrenceamber@gmail.com
Ci562120,Ap562120,8735 Martinez Burgs Suite 605,East Melissastad,Nebraska,18515.0,0015763351998691,xhartman@yahoo.com
Ci234869,Ap234869,566 Donald Islands,South Mikefort,Wisconsin,75306.0,19272590590465,larrynguyen@hotmail.com
Ci278954,Ap278954,98346 Nathan Roads,Powersbury,South Dakota,48106.0,80467937142626,aolson@suarez.com
Ci769078,Ap769078,22156 Lopez Pines,East Reginaldfurt,Virginia,14249.0,9914653723,greenrebecca@levine-jones.com
Ci134560,Ap134560,22868 Johnston Harbor,Ricardotown,North Carolina,28131.0,4503992951,marissacook@gmail.com
Ci963021,Ap963021,880 Matthew Prairie,North Tanyaburgh,Hawaii,98030.0,154392855494478,henrycalhoun@gmail.com
Ci384260,Ap384260,2999 Angela Garden Apt. 208,New Christy,Colorado,25456.0,8237643307541,laurie09@hotmail.com
Ci232717,Ap232717,8470 Gonzales Ridge Suite 655,Maynardshire,Oklahoma,38160.0,8641916726,danielle90@gmail.com
Ci278595,Ap278595,8977 Larry Falls,South Juliehaven,North Carolina,54895.0,00115846579019095,griffinnathaniel@gmail.com
Ci748373,Ap748373,6742 Hobbs Extension Suite 490,Barnesview,Michigan,73422.0,7476990646974,fjohnson@gmail.com
Ci479862,Ap479862,01894 Benjamin Falls Apt. 062,Mcdowellshire,Texas,16470.0,13027286729489,warnerjohn@yahoo.com
Ci905688,Ap905688,6319 Bell Ways,Lake Alexis,Oklahoma,68898.0,6384866253,michael99@avery.com
Ci594592,Ap594592,0337 Nicholas Dam Apt. 286,West John,Ohio,81751.0,190246182336008,amyfleming@crane.com
Ci200158,Ap200158,027 Holder Path Suite 235,Michaelshire,Rhode Island,45270.0,194418243454808,brucechristina@yahoo.com
Ci808533,Ap808533,7212 Charles Avenue Apt. 255,Lake Antonioborough,Texas,73597.0,3655442284022,ybarnett@hotmail.com
Ci268502,Ap268502,881 Taylor Field,South Matthewside,California,7683.0,23035687297113,craigmartin@fox.net
Ci532498,Ap532498,070 Eaton Bypass Suite 618,New Marymouth,North Carolina,57254.0,6038022594,woodardomar@edwards.net
Ci430388,Ap430388,1923 Kelly Locks,New Masonville,Connecticut,92953.0,001772936945236756,ile@hotmail.com
Ci767054,Ap767054,6362 Nicole Ferry Apt. 018,West James,Alaska,11837.0,194761067974745,mendozaelijah@sexton.com
Ci418408,Ap418408,055 Jones Green Apt. 289,Lake Brettview,Washington,32910.0,204590086885693,ryan71@hoover.com
Ci568276,Ap568276,93337 Mark Roads Suite 819,Stephanieland,Oregon,52151.0,1342964822,jennifermartin@thomas.com
Ci157545,Ap157545,4816 Joshua Views,Christopherton,Alaska,50735.0,1395098702,kstephens@austin.com
Ci611411,Ap611411,956 Drake Roads,Caldwellmouth,Alaska,26350.0,8801253472851,grant83@hotmail.com
Ci925656,Ap925656,24319 Christina Lane Suite 229,North Ronaldmouth,Nebraska,49604.0,68898324770849,vmartinez@yahoo.com
Ci984377,Ap984377,731 Sheryl Wells,Port Glennfurt,Nebraska,63407.0,02529741613521,shelley07@yahoo.com
Ci113224,Ap113224,51384 Jerome Gardens Suite 803,Lake Caleb,Connecticut,46875.0,92808540226626,fcole@gmail.com
Ci140738,Ap140738,383 Melissa Knoll Apt. 983,Port Tony,Mississippi,18500.0,2654220277,georgescott@pratt-stephens.com
Ci950163,Ap950163,468 Kathryn Coves,Hillton,Oklahoma,44723.0,1090257191830,chadanderson@hotmail.com
Ci280760,Ap280760,0654 Russell Spurs Apt. 293,South Courtneyton,Oregon,12900.0,5588593557,lauren19@goodman.org
Ci863978,Ap863978,3002 Forbes Motorway Apt. 591,Rodneyport,North Carolina,10938.0,5937940366106,cdecker@blair.org
Ci566725,Ap566725,861 Richard Harbor Apt. 160,South Ruth,Oklahoma,47871.0,4923125069,qellis@gmail.com
Ci763937,Ap763937,7202 Johnson Curve,Krauseville,New Mexico,84420.0,001988797755531411,simskenneth@hotmail.com
Ci632358,Ap632358,4130 Hebert Crest,East Aaronport,Iowa,25542.0,9255887863,goodwinmargaret@craig.info
Ci226161,Ap226161,979 Dawson Cliff,South Walterburgh,Colorado,2523.0,14925056287,robersonjohn@west.com
Ci632954,Ap632954,1542 Khan Isle,Hinesview,Mississippi,13365.0,121940755818594,pcummings@ward.com
Ci944193,Ap944193,801 Butler Forges Apt. 053,New Toni,Vermont,62350.0,001310639706281832,mike84@ramos.net
Ci398512,Ap398512,66323 Maria Points,West Carlosstad,Rhode Island,70425.0,4161180182380,kristine61@garcia-hall.com
Ci762143,Ap762143,0811 Rachel Valleys Suite 357,Baldwinton,South Dakota,5478.0,4934812759188,elizabethpatton@gmail.com
Ci666202,Ap666202,479 Martin Overpass Suite 017,Leblancport,Louisiana,86797.0,1387327424,rodriguezluis@yahoo.com
Ci301579,Ap301579,0323 Gregory Cliffs Suite 552,Cameronville,Oklahoma,44780.0,5122535028,roberto78@yahoo.com
Ci752026,Ap752026,72007 Sullivan Mount,West Angela,Iowa,27142.0,0917237916,steven44@owen.com
Ci871253,Ap871253,6453 Browning Shores Apt. 571,New Annette,Oregon,36182.0,82655243513011,fchavez@mcguire.biz
Ci604471,Ap604471,741 Susan Burgs Apt. 907,Lake Helen,Nevada,74663.0,9082167642999,garrettrobert@gmail.com
Ci429670,Ap429670,33409 Hines Knolls Apt. 058,West Nathan,Oklahoma,48498.0,4730085324,douglas13@ross.com
Ci906388,Ap906388,49864 Davis Crescent,New Elizabethtown,Alaska,69960.0,0947552539,yescobar@yahoo.com
Ci318967,Ap318967,0563 Velez Forks Apt. 024,Port Leefurt,Nebraska,13223.0,0167899420,adamsjoshua@hotmail.com
Ci932672,Ap932672,06433 Anne Stravenue Suite 855,Juliefurt,Illinois,81594.0,453002396255754,harrisonlauren@barker.biz
Ci483152,Ap483152,406 Patricia Creek Suite 057,Lake Kevinfort,Nebraska,75746.0,1901760458,richardbailey@hotmail.com
Ci194270,Ap194270,907 Lopez Circles Suite 310,East Melissa,Hawaii,78072.0,0799461769,xosborne@yahoo.com
Ci891189,Ap891189,451 Velazquez Well,North Zachary,Iowa,52264.0,140658876993413,tbuckley@benson.com
Ci643385,Ap643385,105 Trujillo Ramp Suite 034,Susanmouth,Oregon,48248.0,001132975455307889,cameronjones@stephens.net
Ci765755,Ap765755,29242 Victor Fields,Alvarezmouth,Iowa,85159.0,0011653535703,andrewfranklin@terry-brooks.com
Ci247313,Ap247313,50967 Lee Vista Apt. 648,Jenniferside,West Virginia,90559.0,05972532233608,zgreene@morse-hampton.biz
Ci990324,Ap990324,4555 Eric Corners Apt. 079,Christopherburgh,Iowa,49317.0,8923549905,riveracassie@gmail.com
Ci258768,Ap258768,5262 Brown Islands,North Kylie,Wisconsin,59254.0,90780581929716,perryjoanna@benjamin-ramirez.com
Ci346726,Ap346726,847 Alvarez Crest Suite 603,South Johnstad,Rhode Island,47877.0,11822138863033,ryanbishop@hotmail.com
Ci956912,Ap956912,0511 Cynthia Plains,Shannonmouth,South Dakota,83264.0,00124698389743364,greg92@morrison.com
Ci670451,Ap670451,454 Hall Station Suite 047,Drewshire,Oklahoma,39016.0,4426723881,lnelson@gmail.com
Ci119816,Ap119816,3298 Lawrence Road,New Yolandabury,Texas,38843.0,0738924171,kevinbarrett@norman-morales.com
Ci857907,Ap857907,74547 Brooks Oval Apt. 933,Jennifermouth,Michigan,90603.0,7423866422,george45@rodgers-wade.info
Ci414997,Ap414997,9761 Jodi Plains,Yorkville,Nebraska,90601.0,00168811167643821,vadams@wells-mcdaniel.com
Ci255989,Ap255989,23854 Edwards Freeway Suite 823,Port Jessica,Oregon,88231.0,833664716208979,sanchezshannon@gmail.com
Ci721019,Ap721019,5614 Corey Prairie Suite 256,Lindahaven,Illinois,37964.0,0044601842427,sfuentes@christensen-jones.info
Ci776926,Ap776926,866 Hale Dam,Davisport,New Mexico,86626.0,6584570084,dbrewer@mcclain.com
Ci306524,Ap306524,24771 Hall Crest,Loriview,Wisconsin,30721.0,95807788880279,ericksonrobert@hughes-becker.com
Ci687111,Ap687111,7485 Benitez Greens,Jonesland,Iowa,8939.0,60382765874314,michaelrivera@hotmail.com
Ci251878,Ap251878,9818 Leslie Walks,Mitchellton,Oklahoma,39283.0,5308323009,nbates@gonzalez-gibson.com
Ci830880,Ap830880,520 Walsh Overpass,Alexisville,Connecticut,92397.0,2909078900,wgray@yahoo.com
Ci626047,Ap626047,856 Rose Trace,New Benjamin,Louisiana,64585.0,0006631040506,kristopher75@rodriguez.org
Ci881452,Ap881452,05898 Moss Hill,West Patriciafort,Nebraska,23182.0,11227646440,akelly@gmail.com
Ci535165,Ap535165,560 Nguyen Rapid Suite 179,Johnsonmouth,Ohio,92137.0,957195334874560,phillip46@hotmail.com
Ci978806,Ap978806,4323 Gallagher Divide,Rojasside,Hawaii,99196.0,3749029073,jeffreyturner@booker-ramirez.com
Ci233554,Ap233554,028 Guerrero Mills,Thompsonborough,Nevada,15861.0,9212564942235,staceymiller@alexander-colon.biz
Ci910874,Ap910874,85610 Yates Underpass Suite 321,Boydside,Wisconsin,10829.0,8063443680,maureen68@hotmail.com
Ci551282,Ap551282,9093 Nicholas Locks Suite 443,New Daniel,West Virginia,22502.0,0010693272944198,lucasmercer@hotmail.com
Ci193501,Ap193501,4816 Christopher Park Apt. 475,West Peggymouth,Kansas,40485.0,5835255691,ahoward@stephens-patel.net
Ci364223,Ap364223,83194 Smith Crescent Suite 728,Williamland,Iowa,46944.0,19397085628,cglenn@roberts-lewis.info
Ci159676,Ap159676,77579 Greg Mission,Barryside,Alabama,92415.0,1922619767,tiffanyford@terry-gray.com
Ci841804,Ap841804,940 Benjamin Road Apt. 563,Jasminestad,Ohio,3283.0,3678315144,amandatyler@yahoo.com
Ci273532,Ap273532,25651 Katelyn Estates,Amyborough,Hawaii,82127.0,2085508366,donnahernandez@white.org
Ci714685,Ap714685,950 Joshua Keys Suite 446,Paynehaven,Texas,22798.0,720521321295971,emilylee@petersen.com
Ci697135,Ap697135,255 Avila Groves,Port Joshuaton,Colorado,48367.0,301118369208901,brentburton@yahoo.com
Ci717895,Ap717895,193 Joshua Hollow Apt. 178,West Nataliefort,Nebraska,48152.0,7381476656,birdtracy@williams-hodge.org
Ci320178,Ap320178,49531 Jake Unions,Brianfort,Alaska,64669.0,12421097543,fshannon@hernandez.com
Ci249521,Ap249521,16055 Coleman Forge Suite 165,North Christinamouth,Wisconsin,37558.0,568534761441103,luishowell@hotmail.com
Ci526752,Ap526752,6424 Rhodes Springs Apt. 920,North Susan,Hawaii,96576.0,5880956692,bennettvanessa@rhodes.com
Ci688365,Ap688365,125 Jeffrey Cliff,Port Kimberlyland,New Mexico,56282.0,6665218458,wanderson@bruce-harris.com
Ci924690,Ap924690,11534 William Mews,Chapmanmouth,Oregon,89023.0,9683556931,brian03@garcia-vincent.com
Ci803662,Ap803662,95453 Franco Village,Carrillohaven,Hawaii,28271.0,1126789185863844,jose17@gmail.com
Ci357009,Ap357009,106 Michael Circle,Mooreborough,Oklahoma,87040.0,00170191352559825,jasonreed@hotmail.com
Ci237717,Ap237717,20531 Kenneth Summit,New Jacobville,South Dakota,12254.0,149307897392055,johnbaker@dillon-franklin.info
Ci481915,Ap481915,9554 Sonya Ford,North Lydia,Texas,77420.0,0011728664760,vickiebailey@gmail.com
Ci662288,Ap662288,892 Nathan Stravenue,Ashleychester,South Dakota,66535.0,1319456218,curtisnavarro@hotmail.com
Ci651025,Ap651025,3682 Mueller Mountains Apt. 923,East Kelly,Illinois,7791.0,0015614156359,vadams@gmail.com
Ci897917,Ap897917,7659 Shaw Alley,North Matthew,Alaska,83546.0,4698386192,jquinn@howell.com
Ci400709,Ap400709,0052 Williams Expressway Apt. 152,Isaacside,Wisconsin,37555.0,14321546822188,dlewis@yahoo.com
Ci951587,Ap951587,1467 Cruz Brooks,New Daniel,Wisconsin,69437.0,14954734627,thomas08@green.info
Ci286240,Ap286240,1971 Dixon Rapids,Perezview,Wisconsin,12336.0,003826127614024,carlosingram@perkins-duncan.com
Ci676775,Ap676775,695 Donna Shoals,Abbottland,Florida,9869.0,75338833219983,uhampton@hotmail.com
Ci374486,Ap374486,35674 English Stravenue Apt. 168,East Deborah,Wisconsin,55127.0,2600789954215,eric23@hotmail.com
Ci402950,Ap402950,3775 Jeremy Walk,Velezville,Montana,24879.0,14095312040143,chanjeffrey@morgan-james.info
Ci410914,Ap410914,830 Chang Lights,North Tina,North Carolina,4265.0,34293720163364,adamsroger@benson-lopez.info
Ci178623,Ap178623,9677 Briggs Courts,North Jeffrey,South Dakota,42238.0,8845978965,hobrien@whitaker.com
Ci465321,Ap465321,052 Robert Club Suite 328,South Taylor,Oklahoma,13412.0,00125558330947870,wmoss@rose-holloway.com
Ci962061,Ap962061,377 Schwartz River Apt. 265,Ochoashire,Rhode Island,93863.0,91786472761963,lauren48@hotmail.com
Ci283675,Ap283675,490 Melissa Well Apt. 577,West Allisonport,Oregon,89635.0,2043615431,mperez@hill.com
Ci837334,Ap837334,066 Caleb Key,Hughesport,Oregon,77018.0,5193993023,cartermario@gmail.com
Ci730235,Ap730235,2654 Mark Throughway Suite 558,Lake Lawrence,Virginia,18936.0,29571999334321,brandongomez@fitzgerald.biz
Ci912831,Ap912831,982 Perez Court Apt. 965,Dawnville,Arkansas,97063.0,2718931122,jessicawood@miller-miller.com
Ci752465,Ap752465,87969 Michelle Via,North Richardport,Nebraska,12412.0,5714559170,jennifernewman@gamble-ramos.biz
Ci316454,Ap316454,0848 Taylor Highway,Washingtonville,Illinois,4550.0,09153569221545,evanskyle@hotmail.com
Ci209575,Ap209575,43410 Carroll Oval Suite 596,New Amandachester,Alaska,75428.0,2189203457,tyler89@farmer.biz
Ci997336,Ap997336,03613 Horton Courts Suite 554,Joshuafort,North Carolina,87966.0,9749433335,brian65@martinez.com
Ci307606,Ap307606,65020 Ana Burg Apt. 268,Christopherview,Alaska,41070.0,5103873746414,griffinkimberly@washington-andrews.info
Ci605815,Ap605815,58665 Knox Wall,Morenoborough,Wisconsin,23853.0,3898506740,robert51@smith-lopez.com
Ci392822,Ap392822,417 Morse Vista Suite 124,Doylechester,New Mexico,64838.0,3303480146,wilsonjohn@boyer.com
Ci176218,Ap176218,928 Roberts Viaduct Apt. 086,Tiffanyburgh,New Mexico,66511.0,2658486464,brian85@yahoo.com
Ci687518,Ap687518,469 Anderson Mountain Apt. 655,East Selena,South Dakota,14560.0,16812332507,debra63@mendoza.com
Ci870044,Ap870044,139 Lambert Track,Lake Alexandra,Iowa,73351.0,2691944197,katie54@jackson.info
Ci436199,Ap436199,144 Michael Junctions,South Jamesfort,Michigan,57461.0,3864358245,meyererica@wolfe.org
Ci549589,Ap549589,440 Green Ridge,Eddietown,Illinois,23069.0,5196854916060,moralesteresa@yahoo.com
Ci786840,Ap786840,300 Wilson Circle,North Douglasville,Wisconsin,30613.0,6257895358,michael79@yahoo.com
Ci578446,Ap578446,025 Anthony Falls,West James,Washington,42195.0,709495126951009,eric69@smith.com
Ci562052,Ap562052,569 Daniel Station Apt. 911,New Nicholas,West Virginia,34142.0,0907661042,alejandra83@mendez-white.com
Ci434402,Ap434402,5637 Brent Mission Apt. 926,North Emilymouth,Florida,48859.0,4447502849,tryan@casey.net
Ci139986,Ap139986,7660 Kristin Mountains,New Jessicastad,Michigan,34638.0,6134512764411,piercechad@avery.com
Ci779520,Ap779520,866 Perez Road,Katherineborough,South Carolina,54599.0,95186178980399,reynoldsanthony@yahoo.com
Ci447739,Ap447739,205 Teresa Crossroad,Baldwinmouth,South Dakota,44551.0,6734213102,brandon67@brooks-hawkins.com
Ci725646,Ap725646,1309 Brown Junction,North David,Iowa,44650.0,4085841444,kristopher22@hotmail.com
Ci572327,Ap572327,342 David Gardens,Jacksonview,Montana,73797.0,690243453167529,brian54@hotmail.com
Ci427073,Ap427073,092 Renee Brook Apt. 650,Stephenview,Wisconsin,92772.0,94749884935856,sandra00@howell.com
Ci697794,Ap697794,427 Joshua Cliff Apt. 808,Jesseport,Ohio,94697.0,1885811153,summersjohn@smith.info
Ci134911,Ap134911,5581 Samuel Manor Apt. 611,North Deborahchester,Wisconsin,88772.0,31555191345513,cchandler@santos-moody.com
Ci973559,Ap973559,6016 Gonzalez Centers,East Lindsay,Iowa,75768.0,3995629657,ricky39@yahoo.com
Ci525037,Ap525037,9766 Clayton Track,Port Heatherport,Colorado,82490.0,1622742593791,andersontim@odonnell.org
Ci830399,Ap830399,8578 Hall Underpass Suite 672,Whitakerberg,Nevada,55035.0,63879002897591,xscott@adams.com
Ci999885,Ap999885,297 George Court,East Kendra,Arkansas,86851.0,9809582475,katrinarobbins@whitehead.com
Ci708746,Ap708746,20566 Carpenter Lodge Suite 112,New Billy,Nevada,26540.0,2671070436,hsparks@gmail.com
Ci112175,Ap112175,6406 Benjamin Mountains Apt. 987,Port David,Nebraska,9705.0,15212165855761,gomezmatthew@gmail.com
Ci416915,Ap416915,754 Franklin Stream Suite 934,South Carolyn,Colorado,39515.0,8468925085,leonardcharles@dominguez.com
Ci599876,Ap599876,7390 John Isle,Traceyborough,North Carolina,35315.0,5153671621,rachelmitchell@hotmail.com
Ci745588,Ap745588,9666 Meyer Plain Suite 484,Jimmyfurt,West Virginia,63709.0,90410087819550,stephen50@guerrero.com
Ci711213,Ap711213,95380 Thomas Neck,Gregorybury,Iowa,48300.0,9686391868489,hcoleman@camacho.com
Ci868734,Ap868734,2469 James Points,Grahamtown,Oregon,5325.0,0731844406035,carolynwalker@gmail.com
Ci166358,Ap166358,0709 Porter Trail,West Dustin,Colorado,70833.0,8675751594248,smithbenjamin@hotmail.com
Ci510543,Ap510543,03144 Hardy View Apt. 863,East Ryanstad,New Mexico,41120.0,4180336754,aguirredeanna@obrien.biz
Ci147057,Ap147057,8755 George Mission Apt. 747,Moonport,Kansas,80296.0,5919926168,mjones@gmail.com
Ci368294,Ap368294,64440 Sanchez Park,Kellymouth,Wisconsin,43032.0,00172633607134907,samanthapeterson@hotmail.com
Ci890857,Ap890857,9542 Natalie Mountain,Harrisborough,Texas,30684.0,3494688866,chelsealewis@brown.com
Ci354726,Ap354726,78055 Anderson Cove Suite 788,Scottbury,Wisconsin,85909.0,665045540555196,kellyjames@gmail.com
Ci378176,Ap378176,599 Stacey Stravenue,Louisland,Alaska,67899.0,001299583591395261,brittanytaylor@campbell-wood.com
Ci626486,Ap626486,2712 Fuller Wells Suite 300,Port Rachaelchester,Nevada,22205.0,2427915684522,ufisher@hotmail.com
Ci808754,Ap808754,59510 Lane Forest,Shannonside,Nevada,98168.0,0611448569267,cbrown@yahoo.com
Ci267292,Ap267292,307 Hood Ferry,Knappland,Oklahoma,23076.0,673166186231569,melendezmichele@yahoo.com
Ci244931,Ap244931,920 Baker Valleys,West Ericchester,California,47092.0,8566772595,littleseth@gmail.com
Ci543676,Ap543676,9484 Paul Islands Suite 480,West Williammouth,Oklahoma,78354.0,29758102296044,samantha79@hotmail.com
Ci262491,Ap262491,89677 Reese Canyon Apt. 108,Edwardport,Illinois,8137.0,196784248992583,oriley@gmail.com
Ci481009,Ap481009,754 Flores Vista,Kennethmouth,Michigan,42586.0,16178479604,victormartinez@gardner.com
Ci501921,Ap501921,35627 Schultz Shore,West Davidview,Michigan,59597.0,816606188429864,qjenkins@webb-carr.com
Ci360910,Ap360910,8106 Francis Harbor,Lake Travis,Texas,89968.0,500127120780682,xsoto@perez.com
Ci123236,Ap123236,6786 Stone Coves Apt. 635,Danielleshire,Florida,17957.0,9134338410,rebeccaharrison@hotmail.com
Ci187955,Ap187955,2177 Sally Island Apt. 178,Ayersborough,South Dakota,15976.0,0016066327,sara34@gmail.com
Ci840874,Ap840874,2937 Christopher Pike Suite 990,Joshuamouth,Alaska,29753.0,6031071498,joshua67@riggs-butler.org
Ci727433,Ap727433,0426 Carolyn Square Apt. 940,Lake Kathyshire,Michigan,85810.0,00189078826499781,amandablanchard@smith.com
Ci770718,Ap770718,111 Wilson Plaza,Port Rebecca,Arkansas,74089.0,5860329257,adamsashley@williamson.biz
Ci330785,Ap330785,478 Andrea Fork Apt. 335,Gregoryfurt,Washington,63465.0,94080286122309,jamesdixon@yahoo.com
Ci194914,Ap194914,86629 Laura Crossing Apt. 763,Port James,Florida,78494.0,82407149574043,erinlowe@prince.com
Ci989302,Ap989302,3179 Brown Tunnel,Lake Daniel,Rhode Island,54577.0,6892550059,smassey@martinez.com
Ci307990,Ap307990,146 Brittney Rapid Apt. 084,Brendashire,Texas,21827.0,5957093741,richard81@williams.com
Ci478387,Ap478387,28871 Warren Harbor,Port Martha,Louisiana,25652.0,1354015029267366,josephcaleb@hotmail.com
Ci638884,Ap638884,8032 Chelsea Tunnel,Cookburgh,Alabama,71309.0,0224689311,cynthia87@hotmail.com
Ci756639,Ap756639,4196 Peterson Light Apt. 525,Matthewstad,Illinois,15650.0,0537700395,andreacox@zimmerman-tapia.biz
Ci294269,Ap294269,197 Thomas Shores Suite 107,North Nicholas,Oklahoma,94102.0,4907896265,rherring@yahoo.com
Ci997928,Ap997928,214 Adrienne Common,South Gina,South Dakota,77825.0,0379739020165,patrickgomez@gmail.com
Ci492417,Ap492417,547 Carlson Inlet Apt. 107,Lake Cindy,Colorado,58738.0,142063167919375,flawson@hotmail.com
Ci238155,Ap238155,0896 Burton Oval Suite 295,Diazland,Ohio,71346.0,6917091524,davidwilliams@graham.info
Ci220674,Ap220674,21029 Darin Locks Apt. 323,Port Kelly,Louisiana,19707.0,962550623418493,lwhite@gmail.com
Ci881817,Ap881817,067 Hernandez Plaza Apt. 134,Porterview,Virginia,80968.0,23490309967106,kenneth49@hawkins.org
Ci864757,Ap864757,785 Wilson Squares Apt. 143,Meganside,Alaska,33771.0,2012586829,wnelson@grant.com
Ci356713,Ap356713,5693 Mack Lodge,Dakotaland,Illinois,52411.0,8233980250838,clarkruben@walker.com
Ci541501,Ap541501,534 Hannah Vista Suite 664,Annport,Kansas,63550.0,9916317505,arnoldcathy@gmail.com
Ci643351,Ap643351,3758 Tiffany Gardens,Kaylamouth,Ohio,3648.0,001836140107775034,alexandersmith@hotmail.com
Ci167642,Ap167642,322 Lee Field Apt. 065,Mercedesmouth,Alaska,90058.0,9273638311,rebecca65@perkins.com
Ci190093,Ap190093,81325 Lindsey Extension Apt. 457,Lake Michaelmouth,Iowa,32396.0,1126616009,wellsbrian@hines-thomas.com
Ci607606,Ap607606,45732 Gary Glen,Torresborough,Nevada,48642.0,154656064082437,marycharles@yahoo.com
Ci317215,Ap317215,39084 Thomas Turnpike,Hunterburgh,Nebraska,82653.0,93279119863631,bhickman@hotmail.com
Ci807280,Ap807280,5100 Andrew Estate Apt. 144,Benjaminhaven,Nebraska,83626.0,66503813591263,jmarshall@jones.net
Ci783889,Ap783889,75757 Smith Street Suite 245,South Sara,California,74965.0,00129246357761458,david29@wong-bailey.com
Ci135954,Ap135954,6897 Carol Parkways Suite 585,New Amy,California,26569.0,001790436754192853,umiller@saunders.net
Ci127856,Ap127856,885 Wilson Crescent Suite 485,Stevenhaven,Nevada,19346.0,8293815163,dalehopkins@yahoo.com
Ci626861,Ap626861,68543 Murillo Summit,Port Richardborough,Oregon,83359.0,09593623362214,zbrown@white-flores.com
Ci659655,Ap659655,896 Williams Islands Suite 263,Lisastad,Nebraska,12064.0,3011864826756,mendeztyler@hotmail.com
Ci595553,Ap595553,0090 Elizabeth Stravenue Suite 251,Lake Gina,Oregon,89148.0,658309142635259,yjohnson@lewis.com
Ci862092,Ap862092,7389 Stewart Loop Apt. 642,Turnermouth,Nebraska,4856.0,2436247146,asmith@hotmail.com
Ci986040,Ap986040,52887 Wilson Fort,North Tiffanystad,Wisconsin,23324.0,6001660845,dchristian@gmail.com
Ci422918,Ap422918,98993 Alexander Rapid Suite 827,Smithview,Mississippi,7658.0,165531675575211,wagnerdaniel@hotmail.com
Ci123752,Ap123752,2965 Roy Ville,Port Melissafort,West Virginia,11850.0,0010778258794388,garyjordan@collins.biz
Ci941461,Ap941461,58188 Hernandez Cape,Erikfort,New Mexico,9789.0,2812124211,elizabeth25@goodman-cohen.net
Ci248757,Ap248757,9085 Courtney Street,Jessicachester,Iowa,90754.0,0013086180536140,jimenezdenise@gmail.com
Ci413837,Ap413837,910 Thomas Streets,Aliciafort,Colorado,13589.0,0018507742991,harrisjonathan@george.com
Ci216739,Ap216739,667 Morgan Rapids,Port Tina,Vermont,81887.0,6155548618,williamsrobert@yahoo.com
Ci942393,Ap942393,99649 Harvey Vista Suite 989,North Katelyn,Illinois,33248.0,001972605266080420,timothywaters@gmail.com
Ci338009,Ap338009,2564 Hernandez Drive Apt. 167,Rodriguezport,Nebraska,93903.0,14859724179255,fmedina@gomez.com
Ci880316,Ap880316,10772 Jennifer Parkway,New Christopherfurt,Alaska,87813.0,15243876930,ybowman@hotmail.com
Ci307980,Ap307980,186 Mitchell Valleys Suite 321,South Francisco,South Dakota,36188.0,9761941894556,fhenderson@gmail.com
Ci356609,Ap356609,479 Miller River Apt. 908,Mitchellfurt,Alaska,2267.0,9645343151,gmcdaniel@walter.com
Ci488822,Ap488822,496 Tina Vista,Lake Nicole,Hawaii,83987.0,4232237669,larry01@martin.com
Ci436676,Ap436676,844 Samantha Rapids Suite 758,Willisbury,Arkansas,67373.0,123935771943191,fernando68@gonzales-randall.info
Ci444138,Ap444138,63281 Morgan Cape Apt. 065,Sanchezstad,South Carolina,91675.0,5713442645528,arnoldjulie@yahoo.com
Ci418277,Ap418277,93859 Horton Manor Suite 696,Deborahport,Wisconsin,85422.0,1839488614681393,kevinwarren@jones-cox.com
Ci618271,Ap618271,32171 Davis Canyon,Michealbury,Kansas,62006.0,5027474086,mcarter@green.com
Ci423412,Ap423412,4913 Heather Dam Suite 519,Port Garrettberg,Michigan,23694.0,0884358609,tina32@gmail.com
Ci585417,Ap585417,52364 David Flat Suite 343,East Troy,West Virginia,78624.0,7955412177,michael66@russell.com
Ci531459,Ap531459,878 Sherry Plains Apt. 830,East Danielle,Oklahoma,16581.0,7186558827,kenneth37@yahoo.com
Ci288456,Ap288456,00220 Lee Glen,Port Jacqueline,North Carolina,38808.0,0629872026768,bstuart@williams-mendoza.com
Ci655941,Ap655941,917 Baird Estate Suite 714,Amytown,Nevada,58730.0,5981564315,cmoore@brown-adams.com
Ci257729,Ap257729,5138 Murphy Isle,Melindachester,Nebraska,55241.0,521639724631241,dominicflores@bailey.com
Ci328504,Ap328504,767 Isaiah Stream,Justinberg,Iowa,48869.0,001846336051471676,bcampbell@spencer.com
Ci746117,Ap746117,7972 Darryl Pines,Jennifermouth,Vermont,2493.0,11033004906,ruth30@gmail.com
Ci752665,Ap752665,1115 Roberts Passage,Chrisfurt,Connecticut,72876.0,6383866311,tammy40@moore.com
Ci625910,Ap625910,20310 Mary Parks Apt. 829,South James,Oregon,8297.0,3122124687,cbishop@massey-george.com
Ci673044,Ap673044,847 Christian Junctions Apt. 979,Williamfort,Iowa,1138.0,1884140657790924,taylorlinda@yahoo.com
Ci140809,Ap140809,77507 Brennan Groves,Brookston,Texas,13029.0,13253189204406,gclark@hill-cook.com
Ci641013,Ap641013,572 Pamela Fort,Anthonyside,Oklahoma,17162.0,1981603693971570,kenneth79@williams.com
Ci816756,Ap816756,220 Walker Ville,Collinsmouth,Nevada,37737.0,0175134671,eguerra@tucker.com
Ci151226,Ap151226,28914 Timothy Parks Apt. 174,Laurenberg,Kansas,22750.0,1103579348647959,danielle22@fuller.com
Ci599512,Ap599512,37084 Brandi Stream,New Phillip,Louisiana,15616.0,1715719537834,robertgray@dennis.info
Ci705470,Ap705470,8812 Samantha Avenue,Michellebury,Iowa,73297.0,5294814546500,jaime42@gmail.com
Ci575781,Ap575781,83295 Natalie Stream,Maystad,Rhode Island,54005.0,2979354562,rayryan@hall.org
Ci129402,Ap129402,4557 Lamb Burgs,Laurafort,Alaska,34638.0,5285611535,xowen@shelton.com
Ci104263,Ap104263,199 Duncan Run Apt. 526,Port Sophiaborough,Alaska,44865.0,001741919508054589,csmith@gmail.com
Ci851883,Ap851883,5084 Chad Pike,Davidburgh,Kansas,81717.0,695573388724903,williamsnathan@hotmail.com
Ci277900,Ap277900,47502 Jessica Orchard Apt. 293,Perkinsview,Nebraska,26960.0,4371763297,obradley@bradley.com
Ci672212,Ap672212,78186 Dustin Flats Apt. 835,Jonesport,Wisconsin,66753.0,842273239952136,blopez@fox.com
Ci436326,Ap436326,1688 Rebecca Haven,Kingside,West Virginia,45781.0,696759429039055,brian65@mcknight.biz
Ci324137,Ap324137,4796 Robert Rapids Suite 883,Jacksonport,Arkansas,56271.0,7139440418,teresasullivan@hotmail.com
Ci552268,Ap552268,8067 Cindy Course Suite 951,Mistyburgh,South Carolina,22431.0,0019812932065363,sgreen@hernandez.org
Ci397881,Ap397881,635 Sandra Viaduct,Lauramouth,Louisiana,87125.0,12529871450989,jlynch@cameron.com
Ci463476,Ap463476,0805 Parker Glen,Boydstad,Iowa,98246.0,18487998185,angelamendoza@kim.com
Ci451707,Ap451707,470 Edward Alley Suite 681,Jonathanchester,South Carolina,6066.0,618090354927127,kmoore@wallace.org
Ci784733,Ap784733,84560 Heather Vista,Wadehaven,Mississippi,61792.0,1934127872727111,hnoble@adams.net
Ci610585,Ap610585,654 Randolph Radial,Jakechester,California,30519.0,001074556455961910,amyrubio@gmail.com
Ci791757,Ap791757,999 Crystal Street,Michaelton,Iowa,78799.0,224782876067079,nathanrobles@hotmail.com
Ci490719,Ap490719,889 Ray Inlet,West Brianport,Nebraska,92174.0,00145627307202499,catherine48@hotmail.com
Ci579361,Ap579361,16322 Gina Cape,Katherineport,Vermont,39349.0,17438753175475,welchmason@yahoo.com
Ci201371,Ap201371,796 Mcclain Ports,Eriktown,Michigan,64454.0,702782559760631,tammystewart@gmail.com
Ci662997,Ap662997,11250 Mason Islands,Harrisland,Iowa,47024.0,8141403361,brandon31@wong.biz
Ci292192,Ap292192,73004 Harris Grove,Port Lisastad,Michigan,67629.0,17746756701,john82@gmail.com
Ci250322,Ap250322,87445 Steven Cliff Suite 508,Masseyshire,West Virginia,61726.0,2689083099,michael28@jacobs.com
Ci121172,Ap121172,45720 Jacqueline Trail Suite 782,New Frankborough,Texas,60603.0,14869290940256,barrettholly@gmail.com
Ci635843,Ap635843,594 Amber Tunnel,South Shannon,Wisconsin,17609.0,001552931338992773,acobb@hotmail.com
Ci677564,Ap677564,25518 Gutierrez Ridges Apt. 820,Deborahville,Nebraska,3132.0,6433613958,krobbins@boyle.com
Ci681780,Ap681780,2725 Murphy Bypass Apt. 118,Bryanside,South Dakota,77427.0,0484600265,ugray@perez.com
Ci808362,Ap808362,80837 Tiffany Stravenue Apt. 378,Diazstad,Texas,87067.0,2094970082010,rkane@hotmail.com
Ci613319,Ap613319,9748 Melvin Centers,New Carl,Iowa,36714.0,00139520270014587,aesparza@yahoo.com
Ci880298,Ap880298,88435 Edgar Trafficway Suite 903,South Tanya,Oklahoma,72849.0,5769683143,amy87@miles.com
Ci976031,Ap976031,0749 Susan Extension,Josechester,Nebraska,74298.0,0018983423658971,lisaschroeder@macias.com
Ci322320,Ap322320,783 Smith Springs,South Kimberly,California,84854.0,294238785096076,julian76@yahoo.com
Ci517978,Ap517978,587 Green Dale,Port Steve,Washington,3733.0,2277825551208,blopez@hotmail.com
Ci111046,Ap111046,804 Tammy Squares,South Scott,Michigan,23124.0,7499003222526,jessemiles@taylor-malone.com
Ci328071,Ap328071,6614 Kim Canyon,Pamelafurt,Nevada,47935.0,4430052894,david17@gmail.com
Ci478165,Ap478165,1440 James Parkways,Hendrixton,Connecticut,61006.0,3942653395,tdavis@lopez.info
Ci808662,Ap808662,53252 Crawford Common,Audreymouth,North Carolina,5816.0,862002624631924,vanessa58@hotmail.com
Ci516366,Ap516366,6400 Compton Overpass,Port Michaelchester,West Virginia,28045.0,1247478938905849,barbara50@gmail.com
Ci366997,Ap366997,2348 Donald Passage,West Abigailshire,North Carolina,67872.0,487455874524409,arichard@gmail.com
Ci745188,Ap745188,597 Larry Trail,Jerryland,Hawaii,25649.0,3745645724,cathyorozco@yahoo.com
Ci582615,Ap582615,16816 Dickson Extension,Lauraton,Virginia,14545.0,3371471313,ruizjesse@gmail.com
Ci515008,Ap515008,6079 Harold Inlet Suite 711,West Jennifermouth,West Virginia,87215.0,9618830885,vincentlisa@hotmail.com
Ci683417,Ap683417,7559 Garcia Fall,Travisside,Illinois,76087.0,12695327108174,vschwartz@gmail.com
Ci861379,Ap861379,933 Nancy Crest Suite 125,Joannaberg,Vermont,61406.0,6031568686,andrew77@hotmail.com
Ci305550,Ap305550,80795 Mcdonald Prairie,North Amandaberg,Montana,80279.0,2172350672,daniel08@hotmail.com
Ci344883,Ap344883,215 Reed Crest Suite 600,Evanberg,Mississippi,34418.0,5422113335346,dtaylor@hotmail.com
Ci738418,Ap738418,1035 Baker Burg,Lake Deborahton,Wisconsin,20949.0,562223561263695,trevorcisneros@mclaughlin.biz
Ci560514,Ap560514,7441 Solomon Pine,Weeksside,Nebraska,51575.0,8007069675,ygarza@gmail.com
Ci771210,Ap771210,299 Crystal Port,West Erichaven,Nevada,20016.0,795202922038086,mcdonaldandrea@rodriguez.org
Ci221789,Ap221789,77635 Lewis Fort Suite 618,New Patriciabury,West Virginia,28324.0,00127168400035693,johnsonreginald@gmail.com
Ci779418,Ap779418,100 Smith Wall,Anneburgh,Oklahoma,33413.0,91095893424658,elizabeth04@jones.com
Ci800780,Ap800780,4165 Edward Orchard,Lake Timothyburgh,Arkansas,67565.0,647899396238486,james82@rodriguez.com
Ci663178,Ap663178,6721 Hansen Islands Suite 513,Port Michael,Iowa,53852.0,589449136543343,lyonsdavid@sampson.com
Ci166017,Ap166017,9104 Bradley Turnpike Apt. 436,Kingland,Montana,63256.0,8291790080,kristy43@yahoo.com
Ci278376,Ap278376,811 Duffy Walk Apt. 654,Waltersview,Alaska,49362.0,8900707330819,lawrencebennett@yahoo.com
Ci788281,Ap788281,014 Nicholas Ports,Chanfurt,Louisiana,38202.0,1731947002,pgutierrez@patel.com
Ci599137,Ap599137,0356 Jose Plains,Lauratown,Alaska,85014.0,17647360985,tjacobs@gmail.com
Ci756884,Ap756884,78368 Gray Drives Apt. 107,Julieton,Alaska,91641.0,069897800394398,nancy65@wright.com
Ci724712,Ap724712,88296 Yoder Crescent Suite 557,Maryview,West Virginia,28496.0,8592855361,brownalexandra@gmail.com
Ci901480,Ap901480,90785 Evans Summit,Lake Garyburgh,Michigan,81253.0,45412006175904,kelleryolanda@yahoo.com
Ci793264,Ap793264,75474 Linda Gateway,East Brittany,New Mexico,51410.0,33497310392726,lisaheath@hill-pham.biz
Ci941344,Ap941344,4278 Ayala Fork,South Jasonbury,South Carolina,814.0,1527322811254425,williamwilliams@gmail.com
Ci658296,Ap658296,3748 Clements Causeway Suite 654,Durhamchester,North Carolina,96885.0,6462726676,barry69@hotmail.com
Ci493276,Ap493276,3494 Chase Highway Suite 161,Luisshire,Arkansas,40118.0,6265213637190,kimberly79@wright.com
Ci830026,Ap830026,0669 William Springs,Port Mariah,Connecticut,25665.0,13828014465825,mariahdiaz@shelton.com
Ci707847,Ap707847,988 Perez Spurs Suite 062,Joshuaville,Alaska,63913.0,3135196037,pbonilla@hotmail.com
Ci155337,Ap155337,946 Flores Landing,Alyssahaven,Illinois,48123.0,70823612402495,yweiss@hotmail.com
Ci997048,Ap997048,633 Donovan Turnpike Suite 077,Kathleenfort,Montana,32991.0,9812758627,nguyenmark@johnson.info
Ci375494,Ap375494,19114 Morrow View,Mollystad,Rhode Island,46987.0,17365575522510,peggyyoung@hotmail.com
Ci124354,Ap124354,242 Randy Landing,South Taylorport,Oklahoma,22920.0,101740838557785,dbrown@perez-huang.biz
Ci145186,Ap145186,812 Smith Vista Apt. 094,Adamstown,Illinois,24063.0,141996395229603,anna02@lane.com
Ci652433,Ap652433,547 Espinoza Court Suite 476,New Adamview,Nevada,96657.0,5810167068,vnoble@yahoo.com
Ci527236,Ap527236,9815 Julia Greens,Port Brianbury,Wisconsin,57133.0,0013696608148805,williamstaylor@hotmail.com
Ci710411,Ap710411,195 Gray Throughway,Jimenezton,Iowa,45557.0,13940789452662,taylorjeff@hawkins-kirk.com
Ci599883,Ap599883,7784 David Road Apt. 980,East Amy,Wisconsin,14141.0,0672104562619,davidrosales@meyer.com
Ci830546,Ap830546,10536 Tonya Lane Suite 590,Lake Matthewfurt,North Carolina,12995.0,7624862986066,veronica05@sharp-williams.info
Ci840829,Ap840829,29631 Richard Shoal,South Sarahshire,North Carolina,70860.0,15604982949804,madison43@jones-ramirez.com
Ci644869,Ap644869,43312 Mann Brook Suite 132,North Stephanieton,Montana,13742.0,0012890487267,harringtonjon@york.com
Ci713217,Ap713217,46783 Peck Isle,Johnmouth,Connecticut,60985.0,7269561646,timothy20@holder.com
Ci385195,Ap385195,3160 Webb Rue Apt. 739,Contrerasstad,Iowa,67326.0,34696159193447,vrobinson@vaughan-shepard.com
Ci675762,Ap675762,174 Jody Corner Suite 927,Port Maryshire,Virginia,38678.0,9558397143,johnwilliams@hotmail.com
Ci716036,Ap716036,23755 Cheryl Cove,South Michele,Florida,71577.0,1125549225,jesus04@gmail.com
Ci225995,Ap225995,5838 Andrew Court Apt. 239,West Christinebury,Oregon,34009.0,081098265578068,melissa75@hotmail.com
Ci345690,Ap345690,507 Evans Square,Alyssaburgh,Rhode Island,22887.0,12659687923926,juliejohns@raymond.biz
Ci431770,Ap431770,91684 Barr Plains,Jonathanburgh,Nebraska,16585.0,636623775965584,karaphillips@paul.com
Ci893392,Ap893392,513 Hampton Skyway,North Denise,Oklahoma,77310.0,0014148710022968,richard05@gmail.com
Ci528988,Ap528988,6040 Davis Greens,West Samuel,Iowa,88538.0,791684949176568,catherinelewis@mcdonald.info
Ci280553,Ap280553,423 Doyle Flats Suite 210,Jorgeville,Wisconsin,74982.0,0011200928341,ronaldgrant@johnston.com
Ci660696,Ap660696,92994 Terri Islands Apt. 022,Knoxview,Washington,78814.0,0010387227455928,stacyeaton@yahoo.com
Ci980438,Ap980438,9786 Matthew Forest Apt. 763,South Shannonberg,Alabama,58290.0,10905384731,whoward@lopez.com
Ci359568,Ap359568,1098 Jessica Pike Apt. 114,New Emilyborough,Alabama,32897.0,4350118276,pcastillo@yahoo.com
Ci419278,Ap419278,2459 Mcdaniel Union Apt. 502,Butlerhaven,California,82094.0,1015605257253540,johnsondavid@gmail.com
Ci251563,Ap251563,3745 Deborah Forks,Seanfort,Colorado,37067.0,2709619186,haley47@barker.com
Ci756701,Ap756701,10358 Shepherd Locks Suite 625,North Jesse,Michigan,64621.0,115727793796653,amandahowell@garcia.com
Ci799983,Ap799983,43234 John Meadow,West Jeffreyburgh,Oklahoma,67611.0,0011924407207,estradajonathan@yahoo.com
Ci714615,Ap714615,630 Gallagher Station,Lesliestad,New Mexico,78555.0,14286071538225,laurawhite@hoffman-torres.com
Ci493554,Ap493554,9326 Brown Drive,South Josephstad,Colorado,6327.0,6594770000643,nmercado@cisneros-bender.com
Ci302503,Ap302503,334 Ashley Landing Apt. 187,Dustinside,Vermont,63848.0,001277312176586743,brenda15@yahoo.com
Ci243326,Ap243326,3867 Cobb Summit Suite 459,Port Catherine,Wisconsin,60754.0,5178576767,thomasbrenda@smith-jackson.com
Ci807220,Ap807220,166 Tiffany Expressway,North Donald,Nebraska,76374.0,688014605537665,wgillespie@gonzalez.com
Ci111344,Ap111344,547 Tyrone Port,East Danaland,Wisconsin,74736.0,8109627625,thomaswilliam@yahoo.com
Ci494966,Ap494966,78419 Zachary Light,Johnside,North Carolina,4722.0,1213706454118887,vsmith@may.com
Ci692245,Ap692245,79624 Ryan Prairie Suite 699,Mooreland,Rhode Island,42288.0,00165247179143713,julie25@lewis-harrison.com
Ci205423,Ap205423,801 Macias Estate Apt. 686,Katrinastad,Texas,70665.0,2024596735,grahamshawn@hotmail.com
Ci420197,Ap420197,343 Keith Common,Port Christopherberg,Kansas,8786.0,00131618518129749,dustincalderon@brown.org
Ci564071,Ap564071,26423 Morgan Avenue,North Michaelshire,Wisconsin,3716.0,0010538819070696,bruce81@gmail.com
Ci771256,Ap771256,0188 White Overpass,Mendozafort,Texas,72628.0,59770337780758,mescobar@hotmail.com
Ci286833,Ap286833,434 Garner Course,Lake Catherinemouth,Nebraska,87021.0,4595085042,hwilcox@gordon-wilson.net
Ci817912,Ap817912,09853 Clayton Burgs,West Jasonmouth,Montana,49528.0,916564031797445,valeriechavez@yahoo.com
Ci875435,Ap875435,643 Yoder Fork,Hammondmouth,Iowa,51883.0,3023022835,mackheather@campbell-lee.com
Ci177454,Ap177454,285 John Square Suite 349,North Matthew,California,73650.0,0018760666763,tranthomas@frank.com
Ci357594,Ap357594,23212 Fisher Landing,South Aaron,Louisiana,74881.0,168114049992154,beckerkimberly@yahoo.com
Ci611897,Ap611897,687 Kristina Flats Suite 843,Port Robert,Iowa,80546.0,119257169243310,ruth95@taylor.com
Ci452744,Ap452744,24920 Dylan Point,Barrettstad,Vermont,58065.0,123343130865760,vdavis@valencia.com
Ci616142,Ap616142,95830 Peter Neck,Jasmineton,Nebraska,68821.0,173106238102307,justin59@hotmail.com
Ci137641,Ap137641,967 James Fields,West Kirk,Illinois,70467.0,9599033158,josephmarshall@hotmail.com
Ci653999,Ap653999,78935 Brian Locks,East Joshua,Hawaii,49586.0,90997715820297,tammyrobinson@yahoo.com
Ci956774,Ap956774,884 Rodgers Lane Apt. 525,Charlesburgh,North Carolina,82871.0,9619239262,sabrinasanford@wallace-hill.info
Ci469040,Ap469040,914 Wallace Circles Suite 632,New Julie,Hawaii,13303.0,180680292513852,smithstephanie@burke.com
Ci767542,Ap767542,3109 Misty Cliffs,Gonzalezmouth,West Virginia,35443.0,7227158749,cordovajacob@gmail.com
Ci712121,Ap712121,022 Kelly Forest Apt. 060,Allenborough,Texas,52608.0,00109215419201553,esmith@gomez.biz
Ci418420,Ap418420,1140 Nichols Squares,East Larry,West Virginia,37496.0,00144150515145472,stephen72@gmail.com
Ci381685,Ap381685,15500 Herrera Overpass Suite 616,Amandaton,West Virginia,98598.0,17052982455,jeffthompson@gmail.com
Ci980889,Ap980889,735 Kimberly Island,Maldonadotown,North Carolina,15006.0,0442727429,fmurray@gmail.com
Ci575526,Ap575526,517 Lopez Parkway Suite 823,Frenchburgh,Connecticut,7576.0,1586266037,danielle54@thompson-smith.com
Ci144813,Ap144813,54431 Brown Causeway Suite 528,Lisafort,Oregon,59538.0,108727816879548,rcox@yahoo.com
Ci792558,Ap792558,81505 Anita Lane Suite 379,East Theodorefort,Arkansas,76663.0,369094726515894,perezjessica@gmail.com
Ci764180,Ap764180,12586 Lee View Apt. 894,Jonathanfort,Mississippi,83615.0,5383943943,hoffmanerica@gmail.com
Ci386214,Ap386214,5943 David Via Apt. 372,North Kent,Nevada,11967.0,8064265080794,myerstammy@brown.biz
Ci442703,Ap442703,6636 Lori Plains Apt. 466,Daniellemouth,Rhode Island,48792.0,2181170704,baldwinpatricia@medina-west.org
Ci304615,Ap304615,35302 David Passage,Thomasview,Vermont,44023.0,9469198528621,adamhogan@hotmail.com
Ci576657,Ap576657,551 Travis Vista Suite 972,Ericbury,Colorado,61885.0,125139752851498,jameschoi@yahoo.com
Ci666074,Ap666074,79046 Chapman Shoals Apt. 629,Jonesburgh,Arkansas,7013.0,8949940446,oford@gmail.com
Ci850294,Ap850294,91702 Barnett Causeway Suite 741,East Lauraton,Nebraska,62877.0,1937612009163230,inash@thompson.biz
Ci855164,Ap855164,7238 Flores Union,Nelsonstad,Oklahoma,80696.0,6377454258524,thomastasha@yahoo.com
Ci499953,Ap499953,258 Aguirre Gateway Apt. 204,Caseyside,Oklahoma,1104.0,62526111193604,darrenbarber@hotmail.com
Ci922494,Ap922494,5293 Hernandez Fields,Derekport,Virginia,97289.0,14235219648160,sarah00@gmail.com
Ci938003,Ap938003,420 Stokes Orchard,West Cheyenne,Washington,42410.0,8080498712859,catherine93@mathews-fowler.info
Ci387654,Ap387654,2094 Brenda Springs Apt. 781,Lake Karen,South Carolina,38475.0,051000064961578,rodriguezerik@gmail.com
Ci381570,Ap381570,50272 Curtis Estates Apt. 550,Johnsontown,Rhode Island,71743.0,507232639816625,kimdorothy@hotmail.com
Ci137265,Ap137265,4126 Ferguson Fields Suite 488,South Monicaland,Louisiana,59459.0,1329846514,cthomas@glover.net
Ci349321,Ap349321,27547 Ross Centers,Jonathonville,Wisconsin,95384.0,27685544145646,danny87@yahoo.com
Ci166150,Ap166150,4940 Phillip Ramp Apt. 970,Port Richard,New Mexico,56714.0,18428779818708,kathrynduran@yahoo.com
Ci711600,Ap711600,12530 Jackson Pine,Jonesport,Louisiana,1896.0,8715033448820,beth52@yahoo.com
Ci189613,Ap189613,649 Michael Roads Apt. 197,Davidstad,South Dakota,15773.0,00185442393109929,khantara@gmail.com
Ci437054,Ap437054,96861 Joseph Gardens Apt. 118,Ariasbury,Nevada,43073.0,89549898554514,matthew11@davis.com
Ci938807,Ap938807,148 Hannah Points Suite 748,Port Jesseland,Oklahoma,5928.0,1303460388,nicholashood@hotmail.com
Ci221826,Ap221826,348 Hansen Cliff Apt. 692,East Michaela,Oregon,43920.0,00132744107034143,shelbyturner@yahoo.com
Ci659723,Ap659723,086 Christopher Terrace,South Curtischester,Rhode Island,41327.0,0915154762,justinadams@gmail.com
Ci982875,Ap982875,9320 Lori Lights Apt. 124,West Alexbury,Nebraska,93373.0,7150943158,frivera@hotmail.com
Ci550348,Ap550348,764 Bethany Cape Suite 209,Brandonmouth,South Dakota,9995.0,37437153296739,gfisher@smith.info
Ci310017,Ap310017,0769 Richmond Lodge Suite 429,Oliviamouth,Wisconsin,71668.0,1695455088617457,kclark@barnett.com
Ci234055,Ap234055,8061 Ryan Inlet,Lake Evan,Oklahoma,91658.0,9352834002979,mooredonna@hotmail.com
Ci590457,Ap590457,7634 Silva Landing,Jonesview,Kansas,22463.0,2133163168,codyramirez@yahoo.com
Ci776022,Ap776022,300 Smith Union,Michelleberg,Illinois,18479.0,5247277153,qstevens@blair.com
Ci909942,Ap909942,0511 Joseph Turnpike,West Darrenville,South Carolina,92831.0,7454335005603,dmoore@chandler-conrad.info
Ci833547,Ap833547,62529 Deanna Port Suite 804,Hicksborough,Oklahoma,8923.0,3482345184,mcclainronald@gmail.com
Ci796358,Ap796358,36370 Harris Lights,Nathanielville,Arkansas,38482.0,439190692223991,kristingreen@yahoo.com
Ci550062,Ap550062,85461 Mercedes Views Suite 239,Richville,West Virginia,78193.0,8264595123,wattsapril@jackson.com
Ci194071,Ap194071,017 Riley Junction Suite 546,Chadchester,Nebraska,84214.0,298791235043829,michael58@cummings.com
Ci893072,Ap893072,29549 Richard Squares,Katherinestad,Wisconsin,87485.0,11273455880,heathermorris@gmail.com
Ci406691,Ap406691,76826 Alison Walk,Rangelchester,Iowa,98007.0,5885938453,ipowers@perez.com
Ci941052,Ap941052,425 Joseph Villages,Jacquelinefurt,Vermont,40949.0,18659374250097,ydavis@gmail.com
Ci246389,Ap246389,984 Justin Garden Apt. 326,Lake Kevin,Rhode Island,23368.0,0137915315,forddawn@bradshaw-noble.com
Ci739896,Ap739896,0852 Shaffer Curve,West Markshire,Oklahoma,69020.0,319747811521082,richardsondouglas@vasquez-chandler.org
Ci369708,Ap369708,6244 Julia Parks,West Brianview,Nebraska,26508.0,7946956138224,winterssara@huang-contreras.org
Ci782705,Ap782705,22363 Dougherty Lodge Suite 414,Christinehaven,Texas,7595.0,48632048985039,elizabethhull@gmail.com
Ci738112,Ap738112,0637 James Vista Suite 880,Lake Brendaville,Colorado,9172.0,7455984943231,tphelps@manning.com
Ci354444,Ap354444,258 Ryan Burg,Lindaport,Nebraska,92488.0,0017400564313193,xlewis@hotmail.com
Ci703561,Ap703561,36047 Kevin Throughway,Christinehaven,Hawaii,39969.0,166332609398693,andrewbrown@yahoo.com
Ci961291,Ap961291,055 Melanie Springs Suite 910,Randallburgh,Arkansas,61970.0,1546187767996059,tinasullivan@vaughan.net
Ci311837,Ap311837,12471 Foster Trail,Juliabury,Arkansas,7670.0,20352413827525,robinhill@yahoo.com
Ci210017,Ap210017,775 Michael Well,New Danny,Louisiana,43443.0,00102251192030188,solisnicholas@hotmail.com
Ci223618,Ap223618,04689 Flores Spurs Apt. 053,East Julie,South Carolina,88841.0,3246618268,andrew81@forbes.info
Ci559297,Ap559297,05169 Kimberly Drive Suite 897,North Jeffrey,Colorado,89672.0,2346768415879,derek84@hotmail.com
Ci225341,Ap225341,20332 Thompson Harbor Apt. 974,Webbshire,Ohio,61643.0,577254351263625,aallison@berry-miller.com
Ci915862,Ap915862,5770 Brent Port,South Tiffany,Wisconsin,3422.0,10948844592,daniellepark@galvan.net
Ci830892,Ap830892,531 Tommy Mission,Whitemouth,South Dakota,12367.0,2671317714366,lonnieharvey@boyd.biz
Ci652076,Ap652076,64266 Watson Street,New John,Kansas,4346.0,9366703175073,lowejames@hotmail.com
Ci850865,Ap850865,56591 Hayes Points Apt. 067,Davidside,South Dakota,28195.0,2802099554059,christopher38@hotmail.com
Ci541759,Ap541759,35697 Taylor Keys Suite 059,Lake Sean,Arkansas,65739.0,1971261400069,tracyhill@hotmail.com
Ci955778,Ap955778,48502 Atkinson Hill Apt. 711,South David,Virginia,54561.0,2431030781,krodgers@hotmail.com
Ci982554,Ap982554,72414 Troy Causeway Suite 472,Angelaview,Oklahoma,51130.0,4640536631,jamesnorton@hotmail.com
Ci664262,Ap664262,550 Jasmine Inlet,North Phillipton,Michigan,17886.0,57087387892706,kdiaz@yahoo.com
Ci993741,Ap993741,91635 Michelle Spurs,Walkerchester,Ohio,36098.0,6028111350,uchang@armstrong-watson.org
Ci640659,Ap640659,08462 Smith Port Suite 559,East Amy,Hawaii,88597.0,11125342065,pagegeoffrey@yahoo.com
Ci931516,Ap931516,699 Linda Isle,Ambermouth,Ohio,68402.0,18753059337,estesjohn@bond.org
Ci522845,Ap522845,24131 Erin Tunnel Suite 789,Christopherburgh,Oregon,67634.0,143006971667923,annetteyoung@yahoo.com
Ci806544,Ap806544,23038 Erin Trail,Kennethburgh,Texas,21124.0,2414943347872,simmonstonya@yahoo.com
Ci424060,Ap424060,497 George Forges,North Nicoleside,Iowa,95612.0,3309432483,edwardsantos@diaz.info
Ci698260,Ap698260,06462 Elijah Island,Harmonbury,West Virginia,55299.0,8696839787516,brenda76@hotmail.com
Ci293259,Ap293259,910 Susan Harbors,Salinasborough,Connecticut,87744.0,7785089582102,nnorris@yahoo.com
Ci375128,Ap375128,9979 Krueger Roads Suite 680,South Isaac,Vermont,87245.0,08982571342338,millerbryan@yahoo.com
Ci919471,Ap919471,62491 Carter Forges,East Donna,Texas,89949.0,00183484368216392,stephenclark@heath.com
Ci709719,Ap709719,7087 Jerome Cliff,Sheltonstad,Vermont,7437.0,7255480588,jonessamuel@hotmail.com
Ci970123,Ap970123,20364 Jennifer Key,New Garytown,Iowa,64261.0,35778964071579,elliottcaitlyn@hotmail.com
Ci945038,Ap945038,66865 Green Manors,West Anthony,Oklahoma,3707.0,001503102385370439,mmiller@best.biz
Ci503832,Ap503832,36202 Ethan Prairie Suite 733,East Nathan,Wisconsin,77253.0,0248020312,ortizjonathan@hotmail.com
Ci989097,Ap989097,417 Tamara Keys,Jenniferton,Louisiana,12765.0,9710109622,andersonkevin@mora.biz
Ci729661,Ap729661,418 Baker Place Apt. 268,Amandaburgh,Iowa,60571.0,57015374979678,robertadkins@hotmail.com
Ci281144,Ap281144,04469 Johnson Viaduct,Kristinberg,Iowa,94312.0,146967643715877,gabriellewilson@yahoo.com
Ci911006,Ap911006,3151 Mendez Ridges Suite 567,Reevesfurt,Alabama,58230.0,0674616647490,nicholas13@williams.net
Ci350195,Ap350195,04373 Vincent Flats,New Amber,Nevada,43131.0,6322547199,mvalentine@gmail.com
Ci243748,Ap243748,6431 Wade Roads,West Charlesfort,Rhode Island,32438.0,759131806508289,michaelfernandez@morgan.com
Ci504032,Ap504032,441 Garcia Drive Suite 524,Port Brentside,North Carolina,68092.0,1522412109,clong@yahoo.com
Ci132733,Ap132733,930 Kevin Sts Suite 490,South Paul,Iowa,68333.0,8365002432,gallegoskathy@yahoo.com
Ci841040,Ap841040,484 Penny Causeway Suite 021,Kristinaport,Alaska,11544.0,19037739845,robert96@hotmail.com
Ci626338,Ap626338,735 Roberson Roads Suite 152,South Brandonton,Alaska,11352.0,08246478780259,katrinanichols@hotmail.com
Ci209996,Ap209996,20217 Carla Passage Suite 896,New Katrina,Wisconsin,50600.0,618149646263965,grantdavid@murphy.com
Ci658221,Ap658221,6266 Sosa Manors Suite 656,Hopkinsland,Mississippi,47280.0,871021651150685,amandachristensen@adams.com
Ci649239,Ap649239,95548 Carl Greens Apt. 059,New Rachelberg,Washington,18071.0,16668928490945,michaeljackson@fox-blair.com
Ci656701,Ap656701,05079 Bailey Tunnel Suite 628,Melanieland,North Carolina,815.0,001538652668329113,lgarcia@hotmail.com
Ci265873,Ap265873,5270 Anna Locks Apt. 451,Jamesfort,Wisconsin,6979.0,539646288859150,awarren@gmail.com
Ci810979,Ap810979,852 Robertson Extensions,New Stephanie,North Carolina,28708.0,13155257897,karen61@gmail.com
Ci999005,Ap999005,44488 Bean Turnpike,East Brookeside,West Virginia,64047.0,0013797286456,robertspatrick@herrera.com
Ci533816,Ap533816,1219 Lowe Point Apt. 255,Copelandport,Rhode Island,89247.0,8332325272,monique03@yahoo.com
Ci813135,Ap813135,621 Smith Wells,Taylorhaven,Texas,79924.0,671941228197474,shawkins@hotmail.com
Ci321888,Ap321888,08663 Peter Club,Laraberg,Hawaii,14523.0,623734465058236,john99@yahoo.com
Ci885332,Ap885332,85613 Laurie Lakes Apt. 292,Katherinemouth,Michigan,87455.0,9108417572,parkshelby@hotmail.com
Ci845453,Ap845453,490 Carol Centers Apt. 691,Katieshire,West Virginia,75246.0,8814407827,ewilson@hotmail.com
Ci867950,Ap867950,1246 Thompson Pass,West Scottberg,Nevada,72736.0,4486693709124,jonathanflores@yahoo.com
Ci266472,Ap266472,801 Olson Parkways Suite 459,North Lisa,Oklahoma,830.0,0012232784375318,andrewwarren@gonzalez-gaines.com
Ci497710,Ap497710,380 Vincent Mountains Suite 016,Port Jimmy,Alabama,73450.0,8639269496,lewismark@monroe-hunter.com
Ci311760,Ap311760,486 Stevens Forest Apt. 705,South Jamesland,Alaska,47999.0,85899340212421,wkoch@mitchell-williams.com
Ci222744,Ap222744,83340 Stephanie Village,Lake Alan,West Virginia,35261.0,0011930049806,origgs@yahoo.com
Ci975863,Ap975863,86653 Carter Mission,North Mariashire,Wisconsin,83247.0,1091084757,christinahawkins@yahoo.com
Ci830051,Ap830051,03771 Copeland River Suite 555,West Stephaniemouth,Illinois,25974.0,1552809304863094,hannahrivera@yahoo.com
Ci601946,Ap601946,057 Brown Loaf Suite 559,East Austinchester,West Virginia,88248.0,4065469079,michaelrobinson@andrews.com
Ci143001,Ap143001,0723 Eduardo Run Apt. 607,Morganside,Wisconsin,93066.0,2089573057,james74@anderson.net
Ci691652,Ap691652,969 Alvarez Dam,Carlsonbury,Texas,31374.0,15800524729993,maria68@yahoo.com
Ci931460,Ap931460,3273 Jeremy Locks Apt. 510,North Sara,Montana,57045.0,7323740948,shelby44@yahoo.com
Ci338506,Ap338506,210 Tracey Circles,Jamesbury,Iowa,99622.0,18492870213,frankwilliams@yahoo.com
Ci853019,Ap853019,88691 Hernandez Orchard Suite 023,Christopherfurt,Alaska,2695.0,15065989980,julie93@jacobs-lynn.net
Ci530789,Ap530789,1054 Edward Circle Suite 060,East Tammy,Alabama,41618.0,02410052968077,aprilbuchanan@williams.org
Ci756166,Ap756166,902 Marissa Pike,Lisaside,Illinois,99454.0,304744934308374,gellis@hanson-proctor.com
Ci811998,Ap811998,6311 Compton Islands Apt. 851,Youngberg,Iowa,26241.0,9740977968,lwhite@gmail.com
Ci752589,Ap752589,5753 Steven Circles,Franciscoton,Illinois,19776.0,5923556959,marywilliams@hotmail.com
Ci599722,Ap599722,50545 Tiffany Row,Danielleview,Mississippi,44348.0,780880848606547,kimberly32@hotmail.com
Ci785117,Ap785117,140 Patricia Landing Suite 721,Bentonmouth,Nebraska,26044.0,1691546900,lcox@barajas.com
Ci658924,Ap658924,628 Lawrence Stravenue Suite 549,South Denise,Illinois,29751.0,14515177593300,danielcastillo@johnson-brooks.net
Ci835457,Ap835457,22385 Eric Trace Apt. 013,New Laura,Nebraska,34167.0,11556972670545,ifisher@morris.com
Ci279352,Ap279352,630 Copeland Summit Apt. 616,South Sarah,Colorado,86588.0,6415968392,crystal95@clark-wong.com
Ci910694,Ap910694,49845 Sean Mount,Casemouth,Colorado,41604.0,5233434639,scottbrittany@martinez.com
Ci966867,Ap966867,922 Garcia Lane Suite 238,Carrmouth,Virginia,3424.0,170741148722089,mooredanielle@mccann.info
Ci293283,Ap293283,74779 Victoria Freeway Apt. 725,Thomasbury,Alaska,98468.0,21137826276109,wrussell@hotmail.com
Ci550195,Ap550195,94816 Thompson Prairie Apt. 651,Hansonville,Iowa,35410.0,1348560624,sherry66@smith.com
Ci869884,Ap869884,38820 Angela Circles,Collinsburgh,Oklahoma,18938.0,4764579345,robertharris@gmail.com
Ci531413,Ap531413,9872 Timothy Cove Apt. 015,Karenland,Connecticut,42479.0,8691366215910,nicole46@gmail.com
Ci403988,Ap403988,5573 Jason Flats Suite 421,Toddfurt,Oregon,70651.0,90389157667199,pgonzales@mcdonald.org
Ci426898,Ap426898,285 Sabrina Landing Apt. 152,South Jenniferborough,Hawaii,20360.0,0011325030778,mccluredonald@gmail.com
Ci963561,Ap963561,3477 Andrew Grove Apt. 162,Port Dakota,Nebraska,76536.0,0015709475011697,philip07@zamora-rodriguez.com
Ci402186,Ap402186,0378 Lori Unions,North Jeremyfurt,Colorado,64873.0,1725490202404302,sharonpowell@black.com
Ci161665,Ap161665,4670 Bell Creek Apt. 334,Andrewtown,South Dakota,46805.0,448956322084358,karlalee@nguyen.com
Ci346584,Ap346584,7444 Bowers Estate Suite 339,Garciabury,Nebraska,14048.0,1379146544,louis07@thomas.com
Ci216953,Ap216953,561 Howard Flat,Lake Allenchester,North Carolina,35517.0,75863274940789,andrew29@kelley-hart.biz
Ci576072,Ap576072,256 Sean Underpass,Rickyside,Hawaii,73781.0,0018709124852,xboyd@hotmail.com
Ci782736,Ap782736,3111 Dustin Pass Apt. 433,Robinsonville,Vermont,60196.0,8462417213,santiagojoann@singleton.com
Ci286626,Ap286626,39966 Jason Locks,Nicolefurt,Oklahoma,11424.0,5732182304,melissajohnson@woods-reed.com
Ci245271,Ap245271,197 Sara Trafficway,Alexanderhaven,Oklahoma,2979.0,01850904736874,charris@kemp.com
Ci218533,Ap218533,74800 Grace Oval Apt. 235,Lake Michellefort,New Mexico,84424.0,1312410633180097,drakekenneth@hotmail.com
Ci698069,Ap698069,66922 Gonzalez Valleys,East Andrew,Michigan,99889.0,95307850101554,gjohnson@smith.com
Ci565966,Ap565966,416 Kathryn Pines Apt. 418,Brianfort,West Virginia,63376.0,00188138399056270,iperez@gmail.com
Ci166262,Ap166262,259 Gates Dale Suite 267,New Morganmouth,Texas,46693.0,176735138247500,barnessarah@avery-kim.org
Ci933032,Ap933032,062 Christopher Estate Suite 410,New Jose,North Carolina,82002.0,6872926085083,hobbstimothy@reese-tucker.com
Ci176898,Ap176898,1380 Kiara Trace Apt. 064,Stevensonburgh,Texas,73504.0,1181680207798235,james94@hill-martin.info
Ci555699,Ap555699,108 Ashley Square,East April,South Dakota,35100.0,16202676836,yjones@martin.com
Ci249369,Ap249369,1555 Woods Plaza,Port Kelli,Alaska,14953.0,388365050369016,virginiawong@hotmail.com
Ci654736,Ap654736,00984 Danielle Points Apt. 617,Riceview,Wisconsin,11840.0,7881723537321,masonjohn@hotmail.com
Ci388316,Ap388316,3087 Curtis Track Suite 840,Port Dianeton,West Virginia,88536.0,0014209292750,michelestone@yahoo.com
Ci107657,Ap107657,67593 Elizabeth Passage Suite 620,Lake Rebecca,Oklahoma,73986.0,3732314016,hmoore@webb.biz
Ci577602,Ap577602,0877 Williams Cliffs Suite 584,New Heathershire,West Virginia,56610.0,1141221548,eric93@simmons.com
Ci880977,Ap880977,50609 Crawford Villages,Port Leahshire,Wisconsin,81308.0,4723235948211,adrian90@pope.info
Ci474999,Ap474999,603 Stevens Key Suite 652,Bernardburgh,Alaska,58608.0,16882498800,louis73@gmail.com
Ci784191,Ap784191,77540 Lisa Dale Suite 880,North Hector,Iowa,66765.0,2365038134,cassie20@armstrong-haynes.info
Ci107906,Ap107906,487 Patrick Well,Port Vincentmouth,Montana,83702.0,001009628087501215,jamesduncan@myers-murphy.com
Ci423557,Ap423557,161 Woodward Park Apt. 390,New Bryanville,Hawaii,64893.0,15265012046660,dawn32@jones.com
Ci678316,Ap678316,70491 Ralph Squares Suite 234,Shahfurt,Texas,89813.0,00136165482527787,ramosdavid@gmail.com
Ci893719,Ap893719,4016 Samuel Fork,Lyonsport,Mississippi,60229.0,1071251232043,snyderkevin@ramirez.info
Ci395804,Ap395804,45524 Robertson Mews,West Sarah,Michigan,37491.0,16040565330,thompsonlynn@hotmail.com
Ci568974,Ap568974,65159 Renee Path Apt. 934,Hernandezshire,Colorado,60084.0,2267285795568,rebeccafitzgerald@hoover.com
Ci946936,Ap946936,32065 Thompson Square Suite 216,Rodriguezton,Rhode Island,24394.0,9299052215,natalievalenzuela@thomas-blake.com
Ci815080,Ap815080,93855 Morales Station Apt. 898,East John,Nebraska,29226.0,011526305423961,ncooper@delgado-rodriguez.com
Ci727267,Ap727267,5712 Angela Springs,Alexisview,Oklahoma,67812.0,3390330432,kingclaudia@price.info
Ci134701,Ap134701,6721 Michael Trail Suite 278,Lake Derrickborough,Texas,44293.0,2840370988,jessica15@yahoo.com
Ci183300,Ap183300,980 Alexander Roads Suite 190,New Sarahton,Wisconsin,33872.0,7921559795127,asimpson@robertson-davidson.net
Ci865537,Ap865537,6929 Bowers Green Apt. 546,East Barbara,Nebraska,89503.0,149702806142568,martinezkimberly@harvey.com
Ci773034,Ap773034,43988 Daniels Trafficway,New Justinborough,Iowa,65972.0,91362850786911,joseph29@diaz-chavez.info
Ci183560,Ap183560,68268 James Fork Suite 251,Lake Nancyland,Alaska,82148.0,090394120355527,mgonzalez@lane.net
Ci342615,Ap342615,62714 Fernandez Fall Suite 192,Fergusonview,Florida,14182.0,1702916939917044,mcdanielveronica@ramsey.org
Ci143642,Ap143642,146 Cameron Squares,Lake Davidchester,Wisconsin,35689.0,21303006071755,pamela46@lamb-hamilton.com
Ci617083,Ap617083,3289 Simmons Vista,Michaelside,South Dakota,55428.0,0011739135747017,kaitlynparker@robbins.com
Ci591036,Ap591036,794 Swanson Run Apt. 086,Meganview,Colorado,95762.0,16523481660423,brian75@gmail.com
Ci427304,Ap427304,3951 Ross Landing Apt. 446,Port Samuel,South Carolina,10487.0,0855904411,christianduran@hotmail.com
Ci904034,Ap904034,1004 Saunders Harbor Apt. 767,Lake Kathyburgh,Nebraska,26021.0,39793100189100,fryan@cherry.org
Ci465464,Ap465464,68534 Charles Fields,Lake Christopher,South Dakota,1515.0,3500006534,reginaarnold@yahoo.com
Ci713089,Ap713089,2933 Flores Mall,New Anthonybury,Oregon,69983.0,19414409790,diamondgray@ramsey-barton.org
