application_id,applicant_id,employment_id,contact_info_id,next_of_kin_id,application_date,loan_type,loan_amount_requested_usd,loan_purpose,repayment_tenure_months
USLW-APP-20241029-280,Ap221958,Em221958,Ci221958,Nk221958,2024-10-29,Personal,44776.0,Debt Consolidation,25.0
USLW-APP-20241106-963,Ap771155,Em771155,Ci771155,Nk771155,2024-11-06,Small Business,366657.0,Equipment Purchase,47.0
USLW-APP-20240815-890,Ap231932,Em231932,Ci231932,Nk231932,2024-08-15,Small Business,62235.0,Expansion,25.0
USLW-APP-20250328-608,Ap465838,Em465838,Ci465838,Nk465838,2025-03-28,Personal,48734.0,Home Improvement,56.0
USLW-APP-20240802-408,Ap359178,Em359178,Ci359178,Nk359178,2024-08-02,Mortgage,445307.0,Refinance,335.0
USLW-APP-20240908-814,Ap744167,Em744167,Ci744167,Nk744167,2024-09-08,Small Business,179624.0,Startup Costs,79.0
USLW-APP-20250129-750,Ap210268,Em210268,Ci210268,Nk210268,2025-01-29,Personal,1900.0,Home Improvement,23.0
USLW-APP-20240426-908,Ap832180,Em832180,Ci832180,Nk832180,2024-04-26,Small Business,98833.0,Expansion,79.0
USLW-APP-20240720-379,Ap154886,Em154886,Ci154886,Nk154886,2024-07-20,Small Business,386383.0,Equipment Purchase,49.0
USLW-APP-20240727-366,Ap237337,Em237337,Ci237337,Nk237337,2024-07-27,Small Business,109661.0,Expansion,31.0
USLW-APP-20241110-500,Ap621430,Em621430,Ci621430,Nk621430,2024-11-10,Mortgage,142374.0,Refinance,200.0
USLW-APP-20240415-708,Ap187498,Em187498,Ci187498,Nk187498,2024-04-15,Mortgage,856258.0,Home Purchase,284.0
USLW-APP-20240723-276,Ap999159,Em999159,Ci999159,Nk999159,2024-07-23,Small Business,389256.0,Inventory,71.0
USLW-APP-20240406-854,Ap275203,Em275203,Ci275203,Nk275203,2024-04-06,Personal,27834.0,Other,22.0
USLW-APP-20241203-556,Ap291335,Em291335,Ci291335,Nk291335,2024-12-03,Small Business,304718.0,Working Capital,47.0
USLW-APP-20240602-906,Ap378167,Em378167,Ci378167,Nk378167,2024-06-02,Personal,20962.0,Education,27.0
USLW-APP-20241121-743,Ap141090,Em141090,Ci141090,Nk141090,2024-11-21,Auto,5569.0,Used Car Purchase,71.0
USLW-APP-20240924-333,Ap429365,Em429365,Ci429365,Nk429365,2024-09-24,Personal,20783.0,Home Improvement,30.0
USLW-APP-20250324-439,Ap164820,Em164820,Ci164820,Nk164820,2025-03-24,Mortgage,575763.0,Home Purchase,318.0
USLW-APP-20240606-112,Ap887201,Em887201,Ci887201,Nk887201,2024-06-06,Auto,71937.0,New Car Purchase,35.0
USLW-APP-20240626-646,Ap421879,Em421879,Ci421879,Nk421879,2024-06-26,Personal,38490.0,Education,36.0
USLW-APP-20241116-817,Ap818315,Em818315,Ci818315,Nk818315,2024-11-16,Personal,46041.0,Debt Consolidation,36.0
USLW-APP-20250106-998,Ap427069,Em427069,Ci427069,Nk427069,2025-01-06,Personal,12890.0,Education,51.0
USLW-APP-20241127-111,Ap876997,Em876997,Ci876997,Nk876997,2024-11-27,Personal,41130.0,Education,36.0
USLW-APP-20250301-860,Ap299041,Em299041,Ci299041,Nk299041,2025-03-01,Personal,3167.0,Other,17.0
USLW-APP-20240924-193,Ap891743,Em891743,Ci891743,Nk891743,2024-09-24,Small Business,275830.0,Equipment Purchase,84.0
USLW-APP-20240519-284,Ap203355,Em203355,Ci203355,Nk203355,2024-05-19,Personal,17121.0,Debt Consolidation,40.0
USLW-APP-20240718-990,Ap335796,Em335796,Ci335796,Nk335796,2024-07-18,Auto,19096.0,Refinance,24.0
USLW-APP-20241214-343,Ap314176,Em314176,Ci314176,Nk314176,2024-12-14,Personal,17325.0,Medical Expenses,36.0
USLW-APP-20241103-315,Ap284779,Em284779,Ci284779,Nk284779,2024-11-03,Small Business,394092.0,Startup Costs,70.0
USLW-APP-20250120-454,Ap447449,Em447449,Ci447449,Nk447449,2025-01-20,Personal,20039.0,Education,57.0
USLW-APP-20241203-771,Ap521909,Em521909,Ci521909,Nk521909,2024-12-03,Small Business,69818.0,Inventory,47.0
USLW-APP-20241128-866,Ap358795,Em358795,Ci358795,Nk358795,2024-11-28,Personal,43948.0,Medical Expenses,54.0
USLW-APP-20240628-775,Ap586232,Em586232,Ci586232,Nk586232,2024-06-28,Personal,17915.0,Other,52.0
USLW-APP-20241203-453,Ap600186,Em600186,Ci600186,Nk600186,2024-12-03,Small Business,119728.0,Inventory,55.0
USLW-APP-20250319-324,Ap256730,Em256730,Ci256730,Nk256730,2025-03-19,Personal,34082.0,Medical Expenses,45.0
USLW-APP-20240808-617,Ap970910,Em970910,Ci970910,Nk970910,2024-08-08,Personal,21850.0,Medical Expenses,46.0
USLW-APP-20240710-265,Ap484681,Em484681,Ci484681,Nk484681,2024-07-10,Small Business,380900.0,Expansion,32.0
USLW-APP-20250213-625,Ap249503,Em249503,Ci249503,Nk249503,2025-02-13,Personal,9987.0,Education,52.0
USLW-APP-20240531-131,Ap754811,Em754811,Ci754811,Nk754811,2024-05-31,Personal,39952.0,Debt Consolidation,18.0
USLW-APP-20241210-120,Ap627035,Em627035,Ci627035,Nk627035,2024-12-10,Personal,49584.0,Education,41.0
USLW-APP-20241020-771,Ap748143,Em748143,Ci748143,Nk748143,2024-10-20,Personal,44652.0,Other,13.0
USLW-APP-20250320-747,Ap552366,Em552366,Ci552366,Nk552366,2025-03-20,Mortgage,256583.0,Home Purchase,323.0
USLW-APP-20240603-323,Ap165725,Em165725,Ci165725,Nk165725,2024-06-03,Personal,3172.0,Vacation,54.0
USLW-APP-20241222-422,Ap229981,Em229981,Ci229981,Nk229981,2024-12-22,Personal,40865.0,Debt Consolidation,35.0
USLW-APP-20240810-866,Ap184654,Em184654,Ci184654,Nk184654,2024-08-10,Mortgage,714420.0,Home Purchase,316.0
USLW-APP-20240513-631,Ap691723,Em691723,Ci691723,Nk691723,2024-05-13,Personal,37461.0,Other,51.0
USLW-APP-20250113-545,Ap419030,Em419030,Ci419030,Nk419030,2025-01-13,Small Business,316028.0,Expansion,81.0
USLW-APP-20241019-587,Ap428947,Em428947,Ci428947,Nk428947,2024-10-19,Mortgage,386320.0,Home Purchase,286.0
USLW-APP-20250202-605,Ap655839,Em655839,Ci655839,Nk655839,2025-02-02,Mortgage,978768.0,Refinance,258.0
USLW-APP-20241011-701,Ap373538,Em373538,Ci373538,Nk373538,2024-10-11,Personal,42928.0,Debt Consolidation,21.0
USLW-APP-20240903-769,Ap431236,Em431236,Ci431236,Nk431236,2024-09-03,Small Business,440274.0,Startup Costs,80.0
USLW-APP-20240405-392,Ap628178,Em628178,Ci628178,Nk628178,2024-04-05,Mortgage,925643.0,Refinance,239.0
USLW-APP-20241211-894,Ap665894,Em665894,Ci665894,Nk665894,2024-12-11,Personal,19311.0,Home Improvement,32.0
USLW-APP-20241001-107,Ap589492,Em589492,Ci589492,Nk589492,2024-10-01,Mortgage,340867.0,Refinance,212.0
USLW-APP-20250307-917,Ap356840,Em356840,Ci356840,Nk356840,2025-03-07,Personal,11142.0,Debt Consolidation,52.0
USLW-APP-20240503-183,Ap573254,Em573254,Ci573254,Nk573254,2024-05-03,Small Business,178313.0,Inventory,50.0
USLW-APP-20240702-226,Ap449457,Em449457,Ci449457,Nk449457,2024-07-02,Small Business,411960.0,Working Capital,35.0
USLW-APP-20240525-547,Ap765987,Em765987,Ci765987,Nk765987,2024-05-25,Personal,44337.0,Vacation,40.0
USLW-APP-20241114-664,Ap370936,Em370936,Ci370936,Nk370936,2024-11-14,Personal,13306.0,Medical Expenses,30.0
USLW-APP-20250207-643,Ap339931,Em339931,Ci339931,Nk339931,2025-02-07,Small Business,225205.0,Inventory,39.0
USLW-APP-20241212-194,Ap339629,Em339629,Ci339629,Nk339629,2024-12-12,Small Business,485544.0,Inventory,26.0
USLW-APP-20250111-244,Ap305041,Em305041,Ci305041,Nk305041,2025-01-11,Mortgage,160791.0,Refinance,199.0
USLW-APP-20240717-162,Ap798361,Em798361,Ci798361,Nk798361,2024-07-17,Personal,8898.0,Debt Consolidation,59.0
USLW-APP-20241022-602,Ap831912,Em831912,Ci831912,Nk831912,2024-10-22,Mortgage,268106.0,Refinance,198.0
USLW-APP-20250323-537,Ap517113,Em517113,Ci517113,Nk517113,2025-03-23,Personal,3751.0,Debt Consolidation,26.0
USLW-APP-20250311-296,Ap168148,Em168148,Ci168148,Nk168148,2025-03-11,Personal,47597.0,Education,50.0
USLW-APP-20241115-255,Ap877089,Em877089,Ci877089,Nk877089,2024-11-15,Auto,62155.0,Used Car Purchase,34.0
USLW-APP-20240805-434,Ap748531,Em748531,Ci748531,Nk748531,2024-08-05,Small Business,105555.0,Equipment Purchase,38.0
USLW-APP-20250328-191,Ap351995,Em351995,Ci351995,Nk351995,2025-03-28,Personal,23405.0,Vacation,24.0
USLW-APP-20241011-581,Ap778843,Em778843,Ci778843,Nk778843,2024-10-11,Personal,4009.0,Debt Consolidation,21.0
USLW-APP-20250402-765,Ap672843,Em672843,Ci672843,Nk672843,2025-04-02,Small Business,129166.0,Working Capital,60.0
USLW-APP-20241227-316,Ap356508,Em356508,Ci356508,Nk356508,2024-12-27,Small Business,384960.0,Expansion,65.0
USLW-APP-20240909-340,Ap903591,Em903591,Ci903591,Nk903591,2024-09-09,Personal,19327.0,Education,38.0
USLW-APP-20241102-314,Ap996942,Em996942,Ci996942,Nk996942,2024-11-02,Mortgage,158279.0,Home Purchase,354.0
USLW-APP-20241003-717,Ap206530,Em206530,Ci206530,Nk206530,2024-10-03,Personal,26448.0,Medical Expenses,26.0
USLW-APP-20250123-708,Ap704365,Em704365,Ci704365,Nk704365,2025-01-23,Mortgage,361836.0,Refinance,281.0
USLW-APP-20250126-171,Ap922352,Em922352,Ci922352,Nk922352,2025-01-26,Small Business,237446.0,Working Capital,30.0
USLW-APP-20241210-385,Ap560337,Em560337,Ci560337,Nk560337,2024-12-10,Mortgage,68720.0,Refinance,242.0
USLW-APP-20240527-927,Ap824839,Em824839,Ci824839,Nk824839,2024-05-27,Personal,39307.0,Home Improvement,33.0
USLW-APP-20240406-516,Ap905889,Em905889,Ci905889,Nk905889,2024-04-06,Personal,17747.0,Vacation,60.0
USLW-APP-20240525-822,Ap559773,Em559773,Ci559773,Nk559773,2024-05-25,Personal,29983.0,Education,22.0
USLW-APP-20240511-394,Ap308261,Em308261,Ci308261,Nk308261,2024-05-11,Small Business,31654.0,Inventory,60.0
USLW-APP-20240720-955,Ap864469,Em864469,Ci864469,Nk864469,2024-07-20,Mortgage,59248.0,Home Purchase,358.0
USLW-APP-20241110-218,Ap441097,Em441097,Ci441097,Nk441097,2024-11-10,Small Business,258357.0,Startup Costs,36.0
USLW-APP-20240619-113,Ap415139,Em415139,Ci415139,Nk415139,2024-06-19,Personal,27310.0,Other,41.0
USLW-APP-20240517-754,Ap271829,Em271829,Ci271829,Nk271829,2024-05-17,Mortgage,706013.0,Home Purchase,338.0
USLW-APP-20240917-842,Ap371836,Em371836,Ci371836,Nk371836,2024-09-17,Mortgage,550907.0,Refinance,355.0
USLW-APP-20240808-656,Ap538974,Em538974,Ci538974,Nk538974,2024-08-08,Personal,42713.0,Other,35.0
USLW-APP-20240618-138,Ap302283,Em302283,Ci302283,Nk302283,2024-06-18,Small Business,168776.0,Expansion,84.0
USLW-APP-20240913-110,Ap296769,Em296769,Ci296769,Nk296769,2024-09-13,Personal,25029.0,Other,16.0
USLW-APP-20241108-249,Ap661353,Em661353,Ci661353,Nk661353,2024-11-08,Mortgage,746906.0,Home Purchase,312.0
USLW-APP-20241214-175,Ap323165,Em323165,Ci323165,Nk323165,2024-12-14,Personal,20301.0,Other,45.0
USLW-APP-20241129-428,Ap723587,Em723587,Ci723587,Nk723587,2024-11-29,Personal,16217.0,Education,17.0
USLW-APP-20240816-447,Ap635822,Em635822,Ci635822,Nk635822,2024-08-16,Mortgage,613929.0,Refinance,331.0
USLW-APP-20240503-601,Ap587879,Em587879,Ci587879,Nk587879,2024-05-03,Personal,44202.0,Education,40.0
USLW-APP-20240815-885,Ap664685,Em664685,Ci664685,Nk664685,2024-08-15,Small Business,381394.0,Inventory,71.0
USLW-APP-20240404-984,Ap882038,Em882038,Ci882038,Nk882038,2024-04-04,Small Business,204610.0,Inventory,37.0
USLW-APP-20240820-764,Ap453531,Em453531,Ci453531,Nk453531,2024-08-20,Small Business,358738.0,Equipment Purchase,42.0
USLW-APP-20241114-932,Ap363160,Em363160,Ci363160,Nk363160,2024-11-14,Personal,35438.0,Home Improvement,22.0
USLW-APP-20241028-162,Ap679879,Em679879,Ci679879,Nk679879,2024-10-28,Mortgage,775445.0,Home Purchase,316.0
USLW-APP-20240608-242,Ap320884,Em320884,Ci320884,Nk320884,2024-06-08,Small Business,182330.0,Startup Costs,34.0
USLW-APP-20240911-657,Ap123247,Em123247,Ci123247,Nk123247,2024-09-11,Personal,39052.0,Debt Consolidation,24.0
USLW-APP-20240609-671,Ap124300,Em124300,Ci124300,Nk124300,2024-06-09,Personal,20415.0,Medical Expenses,58.0
USLW-APP-20250110-654,Ap567281,Em567281,Ci567281,Nk567281,2025-01-10,Personal,6599.0,Other,58.0
USLW-APP-20250306-964,Ap707086,Em707086,Ci707086,Nk707086,2025-03-06,Personal,32519.0,Home Improvement,46.0
USLW-APP-20240923-622,Ap633556,Em633556,Ci633556,Nk633556,2024-09-23,Personal,34447.0,Medical Expenses,39.0
USLW-APP-20250109-121,Ap448951,Em448951,Ci448951,Nk448951,2025-01-09,Auto,7071.0,Refinance,27.0
USLW-APP-20250201-268,Ap374329,Em374329,Ci374329,Nk374329,2025-02-01,Personal,43520.0,Education,18.0
USLW-APP-20240616-870,Ap819064,Em819064,Ci819064,Nk819064,2024-06-16,Personal,7539.0,Vacation,32.0
USLW-APP-20241011-449,Ap842139,Em842139,Ci842139,Nk842139,2024-10-11,Small Business,99549.0,Inventory,83.0
USLW-APP-20250128-116,Ap532315,Em532315,Ci532315,Nk532315,2025-01-28,Small Business,484954.0,Equipment Purchase,53.0
USLW-APP-20240825-691,Ap616588,Em616588,Ci616588,Nk616588,2024-08-25,Personal,36356.0,Other,46.0
USLW-APP-20240409-880,Ap336584,Em336584,Ci336584,Nk336584,2024-04-09,Personal,3425.0,Medical Expenses,34.0
USLW-APP-20240617-137,Ap662332,Em662332,Ci662332,Nk662332,2024-06-17,Personal,31629.0,Education,42.0
USLW-APP-20241006-329,Ap937646,Em937646,Ci937646,Nk937646,2024-10-06,Small Business,137519.0,Expansion,31.0
USLW-APP-20241019-840,Ap476896,Em476896,Ci476896,Nk476896,2024-10-19,Mortgage,883624.0,Home Purchase,326.0
USLW-APP-20241001-616,Ap148984,Em148984,Ci148984,Nk148984,2024-10-01,Mortgage,362496.0,Home Purchase,203.0
USLW-APP-20240406-621,Ap402918,Em402918,Ci402918,Nk402918,2024-04-06,Personal,34470.0,Home Improvement,47.0
USLW-APP-20240704-877,Ap364712,Em364712,Ci364712,Nk364712,2024-07-04,Small Business,404738.0,Expansion,42.0
USLW-APP-20240928-264,Ap220151,Em220151,Ci220151,Nk220151,2024-09-28,Personal,43864.0,Home Improvement,29.0
USLW-APP-20240724-362,Ap555808,Em555808,Ci555808,Nk555808,2024-07-24,Personal,45262.0,Education,21.0
USLW-APP-20250319-863,Ap233767,Em233767,Ci233767,Nk233767,2025-03-19,Mortgage,794258.0,Refinance,343.0
USLW-APP-20240813-348,Ap748663,Em748663,Ci748663,Nk748663,2024-08-13,Small Business,51708.0,Expansion,24.0
USLW-APP-20240701-851,Ap803550,Em803550,Ci803550,Nk803550,2024-07-01,Small Business,84892.0,Working Capital,24.0
USLW-APP-20250224-795,Ap236330,Em236330,Ci236330,Nk236330,2025-02-24,Small Business,101300.0,Expansion,32.0
USLW-APP-20240828-737,Ap580754,Em580754,Ci580754,Nk580754,2024-08-28,Personal,24566.0,Medical Expenses,36.0
USLW-APP-20240511-816,Ap401648,Em401648,Ci401648,Nk401648,2024-05-11,Personal,4625.0,Medical Expenses,57.0
USLW-APP-20240406-800,Ap788519,Em788519,Ci788519,Nk788519,2024-04-06,Personal,31387.0,Vacation,43.0
USLW-APP-20240827-297,Ap113986,Em113986,Ci113986,Nk113986,2024-08-27,Mortgage,883752.0,Home Purchase,337.0
USLW-APP-20240528-211,Ap686146,Em686146,Ci686146,Nk686146,2024-05-28,Mortgage,228855.0,Refinance,259.0
USLW-APP-20240510-222,Ap229312,Em229312,Ci229312,Nk229312,2024-05-10,Personal,44061.0,Home Improvement,36.0
USLW-APP-20250209-962,Ap112666,Em112666,Ci112666,Nk112666,2025-02-09,Personal,27368.0,Debt Consolidation,51.0
USLW-APP-20240405-753,Ap400804,Em400804,Ci400804,Nk400804,2024-04-05,Auto,37321.0,New Car Purchase,71.0
USLW-APP-20240417-498,Ap234633,Em234633,Ci234633,Nk234633,2024-04-17,Small Business,316908.0,Inventory,65.0
USLW-APP-20240607-999,Ap388998,Em388998,Ci388998,Nk388998,2024-06-07,Personal,35171.0,Vacation,23.0
USLW-APP-20240713-370,Ap950937,Em950937,Ci950937,Nk950937,2024-07-13,Personal,38569.0,Debt Consolidation,30.0
USLW-APP-20241003-651,Ap728776,Em728776,Ci728776,Nk728776,2024-10-03,Personal,36155.0,Education,23.0
USLW-APP-20240924-542,Ap807611,Em807611,Ci807611,Nk807611,2024-09-24,Small Business,487414.0,Working Capital,38.0
USLW-APP-20240531-376,Ap384806,Em384806,Ci384806,Nk384806,2024-05-31,Personal,25367.0,Home Improvement,60.0
USLW-APP-20250401-837,Ap894824,Em894824,Ci894824,Nk894824,2025-04-01,Personal,19038.0,Home Improvement,53.0
USLW-APP-20241020-743,Ap130535,Em130535,Ci130535,Nk130535,2024-10-20,Small Business,82548.0,Working Capital,37.0
USLW-APP-20240822-764,Ap475713,Em475713,Ci475713,Nk475713,2024-08-22,Personal,43869.0,Education,36.0
USLW-APP-20241024-686,Ap938688,Em938688,Ci938688,Nk938688,2024-10-24,Personal,44550.0,Home Improvement,31.0
USLW-APP-20240619-179,Ap451279,Em451279,Ci451279,Nk451279,2024-06-19,Small Business,141300.0,Equipment Purchase,47.0
USLW-APP-20240512-844,Ap921654,Em921654,Ci921654,Nk921654,2024-05-12,Small Business,220243.0,Inventory,43.0
USLW-APP-20250322-322,Ap701661,Em701661,Ci701661,Nk701661,2025-03-22,Personal,34703.0,Other,45.0
USLW-APP-20250207-479,Ap747972,Em747972,Ci747972,Nk747972,2025-02-07,Personal,24303.0,Education,58.0
USLW-APP-20240716-838,Ap589570,Em589570,Ci589570,Nk589570,2024-07-16,Small Business,162498.0,Working Capital,35.0
USLW-APP-20240722-271,Ap556551,Em556551,Ci556551,Nk556551,2024-07-22,Personal,47886.0,Debt Consolidation,59.0
USLW-APP-20241128-354,Ap373109,Em373109,Ci373109,Nk373109,2024-11-28,Small Business,413757.0,Working Capital,66.0
USLW-APP-20250325-978,Ap124538,Em124538,Ci124538,Nk124538,2025-03-25,Personal,45628.0,Debt Consolidation,36.0
USLW-APP-20250111-945,Ap994498,Em994498,Ci994498,Nk994498,2025-01-11,Auto,47375.0,New Car Purchase,30.0
USLW-APP-20240910-472,Ap301664,Em301664,Ci301664,Nk301664,2024-09-10,Mortgage,850257.0,Home Purchase,300.0
USLW-APP-20240903-650,Ap591234,Em591234,Ci591234,Nk591234,2024-09-03,Personal,35112.0,Debt Consolidation,44.0
USLW-APP-20241201-401,Ap999684,Em999684,Ci999684,Nk999684,2024-12-01,Mortgage,880294.0,Refinance,285.0
USLW-APP-20250113-661,Ap239182,Em239182,Ci239182,Nk239182,2025-01-13,Personal,35651.0,Home Improvement,58.0
USLW-APP-20240930-712,Ap572525,Em572525,Ci572525,Nk572525,2024-09-30,Small Business,464904.0,Expansion,61.0
USLW-APP-20240620-888,Ap258338,Em258338,Ci258338,Nk258338,2024-06-20,Auto,51152.0,Used Car Purchase,66.0
USLW-APP-20250307-990,Ap284064,Em284064,Ci284064,Nk284064,2025-03-07,Personal,47489.0,Vacation,45.0
USLW-APP-20240514-870,Ap314020,Em314020,Ci314020,Nk314020,2024-05-14,Personal,37374.0,Education,54.0
USLW-APP-20240912-275,Ap723094,Em723094,Ci723094,Nk723094,2024-09-12,Personal,2136.0,Medical Expenses,32.0
USLW-APP-20241022-820,Ap997421,Em997421,Ci997421,Nk997421,2024-10-22,Personal,8259.0,Education,36.0
USLW-APP-20240416-330,Ap715270,Em715270,Ci715270,Nk715270,2024-04-16,Auto,58596.0,Used Car Purchase,57.0
USLW-APP-20250311-608,Ap745914,Em745914,Ci745914,Nk745914,2025-03-11,Small Business,188361.0,Inventory,29.0
USLW-APP-20250120-139,Ap219176,Em219176,Ci219176,Nk219176,2025-01-20,Personal,31886.0,Vacation,16.0
USLW-APP-20240624-112,Ap318126,Em318126,Ci318126,Nk318126,2024-06-24,Mortgage,326504.0,Refinance,248.0
USLW-APP-20240406-357,Ap318969,Em318969,Ci318969,Nk318969,2024-04-06,Mortgage,385146.0,Refinance,201.0
USLW-APP-20250206-386,Ap222409,Em222409,Ci222409,Nk222409,2025-02-06,Mortgage,857300.0,Home Purchase,197.0
USLW-APP-20250201-184,Ap647707,Em647707,Ci647707,Nk647707,2025-02-01,Small Business,321772.0,Inventory,52.0
USLW-APP-20241101-931,Ap353618,Em353618,Ci353618,Nk353618,2024-11-01,Personal,26567.0,Home Improvement,53.0
USLW-APP-20250324-146,Ap869598,Em869598,Ci869598,Nk869598,2025-03-24,Personal,14638.0,Other,52.0
USLW-APP-20240514-852,Ap150015,Em150015,Ci150015,Nk150015,2024-05-14,Small Business,197155.0,Expansion,49.0
USLW-APP-20241031-844,Ap872838,Em872838,Ci872838,Nk872838,2024-10-31,Personal,41295.0,Other,51.0
USLW-APP-20240505-897,Ap222096,Em222096,Ci222096,Nk222096,2024-05-05,Personal,6146.0,Vacation,37.0
USLW-APP-20250104-498,Ap731347,Em731347,Ci731347,Nk731347,2025-01-04,Personal,39789.0,Medical Expenses,26.0
USLW-APP-20240726-840,Ap285340,Em285340,Ci285340,Nk285340,2024-07-26,Personal,36803.0,Debt Consolidation,29.0
USLW-APP-20240608-370,Ap210687,Em210687,Ci210687,Nk210687,2024-06-08,Personal,25735.0,Home Improvement,53.0
USLW-APP-20250329-384,Ap974371,Em974371,Ci974371,Nk974371,2025-03-29,Mortgage,132998.0,Home Purchase,290.0
USLW-APP-20241124-676,Ap511357,Em511357,Ci511357,Nk511357,2024-11-24,Auto,30883.0,Used Car Purchase,33.0
USLW-APP-20250116-633,Ap835716,Em835716,Ci835716,Nk835716,2025-01-16,Personal,15213.0,Vacation,41.0
USLW-APP-20241218-865,Ap205878,Em205878,Ci205878,Nk205878,2024-12-18,Auto,34042.0,Used Car Purchase,65.0
USLW-APP-20240923-455,Ap827270,Em827270,Ci827270,Nk827270,2024-09-23,Personal,45201.0,Education,37.0
USLW-APP-20240624-227,Ap298286,Em298286,Ci298286,Nk298286,2024-06-24,Personal,36764.0,Debt Consolidation,41.0
USLW-APP-20241023-325,Ap873290,Em873290,Ci873290,Nk873290,2024-10-23,Personal,47149.0,Debt Consolidation,13.0
USLW-APP-20241116-612,Ap874684,Em874684,Ci874684,Nk874684,2024-11-16,Small Business,69387.0,Inventory,25.0
USLW-APP-20250131-138,Ap264899,Em264899,Ci264899,Nk264899,2025-01-31,Auto,46598.0,Refinance,61.0
USLW-APP-20241230-578,Ap424767,Em424767,Ci424767,Nk424767,2024-12-30,Personal,32634.0,Education,37.0
USLW-APP-20250201-239,Ap961882,Em961882,Ci961882,Nk961882,2025-02-01,Personal,1228.0,Vacation,24.0
USLW-APP-20250129-701,Ap979858,Em979858,Ci979858,Nk979858,2025-01-29,Personal,10118.0,Vacation,49.0
USLW-APP-20240726-194,Ap479989,Em479989,Ci479989,Nk479989,2024-07-26,Small Business,387791.0,Inventory,78.0
USLW-APP-20240510-893,Ap515515,Em515515,Ci515515,Nk515515,2024-05-10,Personal,47171.0,Vacation,56.0
USLW-APP-20250226-869,Ap143585,Em143585,Ci143585,Nk143585,2025-02-26,Personal,9355.0,Vacation,14.0
USLW-APP-20250210-513,Ap471369,Em471369,Ci471369,Nk471369,2025-02-10,Personal,4162.0,Home Improvement,39.0
USLW-APP-20241211-365,Ap164044,Em164044,Ci164044,Nk164044,2024-12-11,Auto,15105.0,Used Car Purchase,71.0
USLW-APP-20241127-218,Ap542296,Em542296,Ci542296,Nk542296,2024-11-27,Mortgage,930329.0,Home Purchase,209.0
USLW-APP-20241105-997,Ap209556,Em209556,Ci209556,Nk209556,2024-11-05,Small Business,399952.0,Expansion,32.0
USLW-APP-20241204-455,Ap626981,Em626981,Ci626981,Nk626981,2024-12-04,Mortgage,967343.0,Refinance,332.0
USLW-APP-20240718-878,Ap981691,Em981691,Ci981691,Nk981691,2024-07-18,Mortgage,700869.0,Refinance,240.0
USLW-APP-20250208-178,Ap867595,Em867595,Ci867595,Nk867595,2025-02-08,Personal,24046.0,Education,60.0
USLW-APP-20241122-127,Ap300235,Em300235,Ci300235,Nk300235,2024-11-22,Small Business,29827.0,Equipment Purchase,83.0
USLW-APP-20250330-679,Ap125939,Em125939,Ci125939,Nk125939,2025-03-30,Personal,3626.0,Medical Expenses,49.0
USLW-APP-20250319-193,Ap252906,Em252906,Ci252906,Nk252906,2025-03-19,Personal,35549.0,Education,26.0
USLW-APP-20240806-653,Ap642335,Em642335,Ci642335,Nk642335,2024-08-06,Small Business,275179.0,Expansion,53.0
USLW-APP-20241226-727,Ap388249,Em388249,Ci388249,Nk388249,2024-12-26,Personal,47597.0,Other,50.0
USLW-APP-20241001-107,Ap175766,Em175766,Ci175766,Nk175766,2024-10-01,Small Business,194502.0,Working Capital,39.0
USLW-APP-20241121-893,Ap508923,Em508923,Ci508923,Nk508923,2024-11-21,Personal,29990.0,Medical Expenses,45.0
USLW-APP-20240924-158,Ap515192,Em515192,Ci515192,Nk515192,2024-09-24,Small Business,190050.0,Inventory,84.0
USLW-APP-20250302-896,Ap668550,Em668550,Ci668550,Nk668550,2025-03-02,Personal,23834.0,Home Improvement,51.0
USLW-APP-20241010-394,Ap487261,Em487261,Ci487261,Nk487261,2024-10-10,Mortgage,683153.0,Refinance,272.0
USLW-APP-20241014-258,Ap910208,Em910208,Ci910208,Nk910208,2024-10-14,Personal,5100.0,Medical Expenses,38.0
USLW-APP-20240711-359,Ap785440,Em785440,Ci785440,Nk785440,2024-07-11,Mortgage,475812.0,Refinance,320.0
USLW-APP-20250218-661,Ap752664,Em752664,Ci752664,Nk752664,2025-02-18,Personal,26790.0,Education,21.0
USLW-APP-20240423-384,Ap554589,Em554589,Ci554589,Nk554589,2024-04-23,Personal,41453.0,Vacation,49.0
USLW-APP-20240816-180,Ap237848,Em237848,Ci237848,Nk237848,2024-08-16,Small Business,247601.0,Equipment Purchase,42.0
USLW-APP-20240714-177,Ap717075,Em717075,Ci717075,Nk717075,2024-07-14,Mortgage,330862.0,Refinance,320.0
USLW-APP-20240613-304,Ap227948,Em227948,Ci227948,Nk227948,2024-06-13,Personal,4139.0,Debt Consolidation,42.0
USLW-APP-20241231-155,Ap679304,Em679304,Ci679304,Nk679304,2024-12-31,Personal,4412.0,Other,16.0
USLW-APP-20240718-154,Ap502690,Em502690,Ci502690,Nk502690,2024-07-18,Small Business,256174.0,Working Capital,40.0
USLW-APP-20250122-279,Ap599046,Em599046,Ci599046,Nk599046,2025-01-22,Small Business,117700.0,Equipment Purchase,65.0
USLW-APP-20240406-722,Ap551269,Em551269,Ci551269,Nk551269,2024-04-06,Personal,2941.0,Home Improvement,15.0
USLW-APP-20250306-892,Ap121959,Em121959,Ci121959,Nk121959,2025-03-06,Personal,23907.0,Education,23.0
USLW-APP-20250314-473,Ap760890,Em760890,Ci760890,Nk760890,2025-03-14,Small Business,151820.0,Expansion,80.0
USLW-APP-20241203-730,Ap850216,Em850216,Ci850216,Nk850216,2024-12-03,Small Business,326549.0,Expansion,61.0
USLW-APP-20241110-659,Ap890180,Em890180,Ci890180,Nk890180,2024-11-10,Personal,25437.0,Medical Expenses,53.0
USLW-APP-20250315-101,Ap328576,Em328576,Ci328576,Nk328576,2025-03-15,Small Business,97674.0,Expansion,66.0
USLW-APP-20241029-984,Ap637833,Em637833,Ci637833,Nk637833,2024-10-29,Mortgage,851503.0,Home Purchase,305.0
USLW-APP-20240502-629,Ap265838,Em265838,Ci265838,Nk265838,2024-05-02,Mortgage,531925.0,Refinance,297.0
USLW-APP-20240815-994,Ap435674,Em435674,Ci435674,Nk435674,2024-08-15,Mortgage,432830.0,Home Purchase,315.0
USLW-APP-20250301-305,Ap979989,Em979989,Ci979989,Nk979989,2025-03-01,Auto,15700.0,Used Car Purchase,28.0
USLW-APP-20241225-692,Ap161087,Em161087,Ci161087,Nk161087,2024-12-25,Small Business,117320.0,Inventory,37.0
USLW-APP-20241126-514,Ap693128,Em693128,Ci693128,Nk693128,2024-11-26,Personal,49775.0,Education,19.0
USLW-APP-20240513-501,Ap218451,Em218451,Ci218451,Nk218451,2024-05-13,Small Business,156987.0,Expansion,36.0
USLW-APP-20241115-683,Ap547600,Em547600,Ci547600,Nk547600,2024-11-15,Small Business,422405.0,Working Capital,48.0
USLW-APP-20241206-430,Ap937437,Em937437,Ci937437,Nk937437,2024-12-06,Mortgage,316303.0,Refinance,330.0
USLW-APP-20250317-584,Ap539792,Em539792,Ci539792,Nk539792,2025-03-17,Small Business,121630.0,Expansion,76.0
USLW-APP-20241001-475,Ap139353,Em139353,Ci139353,Nk139353,2024-10-01,Small Business,42024.0,Expansion,63.0
USLW-APP-20240824-666,Ap293075,Em293075,Ci293075,Nk293075,2024-08-24,Auto,53407.0,New Car Purchase,41.0
USLW-APP-20240714-590,Ap314283,Em314283,Ci314283,Nk314283,2024-07-14,Personal,27197.0,Medical Expenses,17.0
USLW-APP-20241023-596,Ap414877,Em414877,Ci414877,Nk414877,2024-10-23,Personal,1067.0,Education,35.0
USLW-APP-20240916-485,Ap165318,Em165318,Ci165318,Nk165318,2024-09-16,Personal,41649.0,Vacation,58.0
USLW-APP-20240715-109,Ap865313,Em865313,Ci865313,Nk865313,2024-07-15,Auto,36310.0,Refinance,66.0
USLW-APP-20240612-455,Ap582690,Em582690,Ci582690,Nk582690,2024-06-12,Personal,35366.0,Other,40.0
USLW-APP-20250217-950,Ap516880,Em516880,Ci516880,Nk516880,2025-02-17,Small Business,298831.0,Expansion,55.0
USLW-APP-20241103-509,Ap691460,Em691460,Ci691460,Nk691460,2024-11-03,Personal,4193.0,Other,29.0
USLW-APP-20241115-103,Ap840976,Em840976,Ci840976,Nk840976,2024-11-15,Mortgage,221183.0,Refinance,331.0
USLW-APP-20240729-524,Ap881239,Em881239,Ci881239,Nk881239,2024-07-29,Mortgage,722284.0,Home Purchase,284.0
USLW-APP-20250330-799,Ap193264,Em193264,Ci193264,Nk193264,2025-03-30,Personal,30765.0,Medical Expenses,32.0
USLW-APP-20240527-894,Ap870746,Em870746,Ci870746,Nk870746,2024-05-27,Personal,21796.0,Vacation,34.0
USLW-APP-20240725-710,Ap913168,Em913168,Ci913168,Nk913168,2024-07-25,Small Business,83278.0,Expansion,34.0
USLW-APP-20240908-495,Ap325281,Em325281,Ci325281,Nk325281,2024-09-08,Personal,1088.0,Other,16.0
USLW-APP-20240619-584,Ap737147,Em737147,Ci737147,Nk737147,2024-06-19,Small Business,70569.0,Expansion,30.0
USLW-APP-20241225-564,Ap998613,Em998613,Ci998613,Nk998613,2024-12-25,Small Business,390586.0,Startup Costs,30.0
USLW-APP-20240512-733,Ap494070,Em494070,Ci494070,Nk494070,2024-05-12,Personal,35407.0,Other,18.0
USLW-APP-20240407-944,Ap452228,Em452228,Ci452228,Nk452228,2024-04-07,Personal,1121.0,Debt Consolidation,47.0
USLW-APP-20241115-780,Ap531839,Em531839,Ci531839,Nk531839,2024-11-15,Mortgage,495989.0,Refinance,263.0
USLW-APP-20240604-857,Ap369536,Em369536,Ci369536,Nk369536,2024-06-04,Personal,31265.0,Vacation,60.0
USLW-APP-20250217-287,Ap417824,Em417824,Ci417824,Nk417824,2025-02-17,Auto,33629.0,Used Car Purchase,33.0
USLW-APP-20241218-272,Ap357426,Em357426,Ci357426,Nk357426,2024-12-18,Mortgage,738247.0,Home Purchase,289.0
USLW-APP-20241009-933,Ap277789,Em277789,Ci277789,Nk277789,2024-10-09,Mortgage,575361.0,Home Purchase,303.0
USLW-APP-20241115-164,Ap613153,Em613153,Ci613153,Nk613153,2024-11-15,Personal,22028.0,Other,45.0
USLW-APP-20240915-541,Ap842452,Em842452,Ci842452,Nk842452,2024-09-15,Small Business,273895.0,Expansion,41.0
USLW-APP-20240523-230,Ap937291,Em937291,Ci937291,Nk937291,2024-05-23,Auto,67846.0,Used Car Purchase,27.0
USLW-APP-20241012-768,Ap225657,Em225657,Ci225657,Nk225657,2024-10-12,Auto,15501.0,Used Car Purchase,43.0
USLW-APP-20240828-772,Ap335167,Em335167,Ci335167,Nk335167,2024-08-28,Personal,10094.0,Vacation,46.0
USLW-APP-20241019-610,Ap781669,Em781669,Ci781669,Nk781669,2024-10-19,Mortgage,878248.0,Home Purchase,214.0
USLW-APP-20250302-614,Ap580671,Em580671,Ci580671,Nk580671,2025-03-02,Mortgage,288694.0,Refinance,360.0
USLW-APP-20240816-230,Ap819094,Em819094,Ci819094,Nk819094,2024-08-16,Personal,6719.0,Vacation,49.0
USLW-APP-20240810-195,Ap170467,Em170467,Ci170467,Nk170467,2024-08-10,Small Business,330841.0,Inventory,63.0
USLW-APP-20250227-473,Ap283734,Em283734,Ci283734,Nk283734,2025-02-27,Mortgage,185256.0,Refinance,200.0
USLW-APP-20240623-684,Ap722794,Em722794,Ci722794,Nk722794,2024-06-23,Personal,13624.0,Medical Expenses,16.0
USLW-APP-20240920-411,Ap209751,Em209751,Ci209751,Nk209751,2024-09-20,Personal,35180.0,Education,17.0
USLW-APP-20240409-296,Ap481050,Em481050,Ci481050,Nk481050,2024-04-09,Small Business,128161.0,Expansion,62.0
USLW-APP-20240616-567,Ap911774,Em911774,Ci911774,Nk911774,2024-06-16,Small Business,416022.0,Equipment Purchase,50.0
USLW-APP-20250320-487,Ap792517,Em792517,Ci792517,Nk792517,2025-03-20,Personal,29385.0,Home Improvement,50.0
USLW-APP-20240809-173,Ap561079,Em561079,Ci561079,Nk561079,2024-08-09,Personal,12178.0,Debt Consolidation,26.0
USLW-APP-20241016-234,Ap468452,Em468452,Ci468452,Nk468452,2024-10-16,Mortgage,101494.0,Home Purchase,316.0
USLW-APP-20241223-626,Ap206081,Em206081,Ci206081,Nk206081,2024-12-23,Small Business,414441.0,Startup Costs,31.0
USLW-APP-20240906-242,Ap713333,Em713333,Ci713333,Nk713333,2024-09-06,Small Business,55492.0,Inventory,79.0
USLW-APP-20240408-746,Ap658986,Em658986,Ci658986,Nk658986,2024-04-08,Personal,22055.0,Education,60.0
USLW-APP-20250119-605,Ap210078,Em210078,Ci210078,Nk210078,2025-01-19,Personal,4812.0,Vacation,15.0
USLW-APP-20240917-681,Ap967055,Em967055,Ci967055,Nk967055,2024-09-17,Personal,49304.0,Education,12.0
USLW-APP-20241224-328,Ap122671,Em122671,Ci122671,Nk122671,2024-12-24,Small Business,274296.0,Equipment Purchase,41.0
USLW-APP-20240708-619,Ap518400,Em518400,Ci518400,Nk518400,2024-07-08,Personal,28363.0,Home Improvement,54.0
USLW-APP-20240719-918,Ap455528,Em455528,Ci455528,Nk455528,2024-07-19,Small Business,372126.0,Expansion,74.0
USLW-APP-20250307-987,Ap710490,Em710490,Ci710490,Nk710490,2025-03-07,Mortgage,174560.0,Home Purchase,235.0
USLW-APP-20250223-852,Ap151663,Em151663,Ci151663,Nk151663,2025-02-23,Personal,16468.0,Education,48.0
USLW-APP-20240415-769,Ap115708,Em115708,Ci115708,Nk115708,2024-04-15,Auto,26337.0,Refinance,66.0
USLW-APP-20240920-573,Ap978338,Em978338,Ci978338,Nk978338,2024-09-20,Personal,5610.0,Home Improvement,36.0
USLW-APP-20240903-192,Ap411955,Em411955,Ci411955,Nk411955,2024-09-03,Small Business,190195.0,Inventory,43.0
USLW-APP-20241015-272,Ap233883,Em233883,Ci233883,Nk233883,2024-10-15,Mortgage,451647.0,Refinance,238.0
USLW-APP-20250217-555,Ap418394,Em418394,Ci418394,Nk418394,2025-02-17,Personal,22061.0,Medical Expenses,23.0
USLW-APP-20240405-275,Ap212547,Em212547,Ci212547,Nk212547,2024-04-05,Personal,47294.0,Medical Expenses,51.0
USLW-APP-20250304-472,Ap659042,Em659042,Ci659042,Nk659042,2025-03-04,Personal,40518.0,Home Improvement,22.0
USLW-APP-20250110-791,Ap851102,Em851102,Ci851102,Nk851102,2025-01-10,Personal,35181.0,Education,59.0
USLW-APP-20241021-877,Ap862002,Em862002,Ci862002,Nk862002,2024-10-21,Small Business,499928.0,Working Capital,54.0
USLW-APP-20250326-333,Ap242483,Em242483,Ci242483,Nk242483,2025-03-26,Personal,22547.0,Debt Consolidation,57.0
USLW-APP-20240618-892,Ap758271,Em758271,Ci758271,Nk758271,2024-06-18,Personal,1268.0,Medical Expenses,57.0
USLW-APP-20240824-467,Ap314835,Em314835,Ci314835,Nk314835,2024-08-24,Small Business,462617.0,Equipment Purchase,64.0
USLW-APP-20250124-645,Ap501896,Em501896,Ci501896,Nk501896,2025-01-24,Small Business,202375.0,Equipment Purchase,44.0
USLW-APP-20250128-257,Ap184896,Em184896,Ci184896,Nk184896,2025-01-28,Personal,9952.0,Education,21.0
USLW-APP-20240508-503,Ap577095,Em577095,Ci577095,Nk577095,2024-05-08,Small Business,10017.0,Equipment Purchase,64.0
USLW-APP-20241010-263,Ap171295,Em171295,Ci171295,Nk171295,2024-10-10,Personal,24135.0,Debt Consolidation,36.0
USLW-APP-20241125-877,Ap843974,Em843974,Ci843974,Nk843974,2024-11-25,Mortgage,969602.0,Refinance,349.0
USLW-APP-20240624-178,Ap987121,Em987121,Ci987121,Nk987121,2024-06-24,Personal,34531.0,Home Improvement,28.0
USLW-APP-20241127-954,Ap373255,Em373255,Ci373255,Nk373255,2024-11-27,Auto,66781.0,Refinance,32.0
USLW-APP-20250109-386,Ap399648,Em399648,Ci399648,Nk399648,2025-01-09,Personal,44654.0,Vacation,32.0
USLW-APP-20240702-449,Ap757162,Em757162,Ci757162,Nk757162,2024-07-02,Personal,36055.0,Home Improvement,43.0
USLW-APP-20241221-205,Ap108155,Em108155,Ci108155,Nk108155,2024-12-21,Personal,7646.0,Medical Expenses,57.0
USLW-APP-20241124-314,Ap566872,Em566872,Ci566872,Nk566872,2024-11-24,Small Business,349241.0,Expansion,45.0
USLW-APP-20241112-232,Ap925816,Em925816,Ci925816,Nk925816,2024-11-12,Personal,8105.0,Vacation,36.0
USLW-APP-20240819-824,Ap474705,Em474705,Ci474705,Nk474705,2024-08-19,Small Business,254010.0,Equipment Purchase,43.0
USLW-APP-20240515-948,Ap671542,Em671542,Ci671542,Nk671542,2024-05-15,Personal,11279.0,Education,26.0
USLW-APP-20240606-720,Ap908350,Em908350,Ci908350,Nk908350,2024-06-06,Small Business,391260.0,Working Capital,57.0
USLW-APP-20240527-411,Ap710269,Em710269,Ci710269,Nk710269,2024-05-27,Small Business,455414.0,Working Capital,70.0
USLW-APP-20240626-427,Ap654594,Em654594,Ci654594,Nk654594,2024-06-26,Small Business,452657.0,Startup Costs,50.0
USLW-APP-20240411-546,Ap247718,Em247718,Ci247718,Nk247718,2024-04-11,Personal,3010.0,Home Improvement,24.0
USLW-APP-20241021-447,Ap408987,Em408987,Ci408987,Nk408987,2024-10-21,Small Business,332155.0,Startup Costs,75.0
USLW-APP-20240726-342,Ap745263,Em745263,Ci745263,Nk745263,2024-07-26,Auto,9060.0,Used Car Purchase,67.0
USLW-APP-20240403-948,Ap458745,Em458745,Ci458745,Nk458745,2024-04-03,Small Business,457232.0,Startup Costs,79.0
USLW-APP-20250227-117,Ap207512,Em207512,Ci207512,Nk207512,2025-02-27,Small Business,196784.0,Startup Costs,40.0
USLW-APP-20240729-302,Ap247443,Em247443,Ci247443,Nk247443,2024-07-29,Auto,34466.0,New Car Purchase,60.0
USLW-APP-20240624-727,Ap570587,Em570587,Ci570587,Nk570587,2024-06-24,Personal,38512.0,Other,59.0
USLW-APP-20240813-233,Ap473616,Em473616,Ci473616,Nk473616,2024-08-13,Auto,16398.0,Used Car Purchase,47.0
USLW-APP-20250101-494,Ap757409,Em757409,Ci757409,Nk757409,2025-01-01,Personal,24849.0,Home Improvement,34.0
USLW-APP-20250215-594,Ap786976,Em786976,Ci786976,Nk786976,2025-02-15,Auto,26746.0,Refinance,40.0
USLW-APP-20240619-577,Ap465871,Em465871,Ci465871,Nk465871,2024-06-19,Personal,15435.0,Vacation,26.0
USLW-APP-20250205-701,Ap475037,Em475037,Ci475037,Nk475037,2025-02-05,Small Business,307672.0,Expansion,64.0
USLW-APP-20250131-921,Ap907364,Em907364,Ci907364,Nk907364,2025-01-31,Personal,25351.0,Vacation,31.0
USLW-APP-20241223-674,Ap217796,Em217796,Ci217796,Nk217796,2024-12-23,Mortgage,314837.0,Refinance,188.0
USLW-APP-20240709-101,Ap391999,Em391999,Ci391999,Nk391999,2024-07-09,Personal,18728.0,Education,48.0
USLW-APP-20250108-251,Ap292506,Em292506,Ci292506,Nk292506,2025-01-08,Personal,4072.0,Home Improvement,39.0
USLW-APP-20241103-652,Ap798376,Em798376,Ci798376,Nk798376,2024-11-03,Mortgage,590322.0,Refinance,285.0
USLW-APP-20250109-563,Ap369544,Em369544,Ci369544,Nk369544,2025-01-09,Personal,26306.0,Other,22.0
USLW-APP-20240515-528,Ap480002,Em480002,Ci480002,Nk480002,2024-05-15,Mortgage,83061.0,Refinance,183.0
USLW-APP-20240408-970,Ap798002,Em798002,Ci798002,Nk798002,2024-04-08,Small Business,316383.0,Expansion,35.0
USLW-APP-20241005-632,Ap639439,Em639439,Ci639439,Nk639439,2024-10-05,Personal,7267.0,Other,39.0
USLW-APP-20240630-877,Ap690978,Em690978,Ci690978,Nk690978,2024-06-30,Small Business,332723.0,Inventory,54.0
USLW-APP-20241114-490,Ap628787,Em628787,Ci628787,Nk628787,2024-11-14,Mortgage,476743.0,Home Purchase,309.0
USLW-APP-20240605-659,Ap630583,Em630583,Ci630583,Nk630583,2024-06-05,Personal,10812.0,Other,29.0
USLW-APP-20240628-219,Ap488215,Em488215,Ci488215,Nk488215,2024-06-28,Small Business,493875.0,Inventory,50.0
USLW-APP-20240925-691,Ap421184,Em421184,Ci421184,Nk421184,2024-09-25,Mortgage,322409.0,Home Purchase,307.0
USLW-APP-20250218-413,Ap898615,Em898615,Ci898615,Nk898615,2025-02-18,Auto,51970.0,New Car Purchase,30.0
USLW-APP-20250401-554,Ap522515,Em522515,Ci522515,Nk522515,2025-04-01,Mortgage,707258.0,Refinance,341.0
USLW-APP-20250306-577,Ap768234,Em768234,Ci768234,Nk768234,2025-03-06,Personal,7163.0,Vacation,35.0
USLW-APP-20250117-402,Ap478480,Em478480,Ci478480,Nk478480,2025-01-17,Auto,56769.0,New Car Purchase,27.0
USLW-APP-20250204-744,Ap132711,Em132711,Ci132711,Nk132711,2025-02-04,Small Business,278263.0,Expansion,70.0
USLW-APP-20240429-526,Ap891971,Em891971,Ci891971,Nk891971,2024-04-29,Mortgage,677397.0,Home Purchase,235.0
USLW-APP-20250104-448,Ap601157,Em601157,Ci601157,Nk601157,2025-01-04,Small Business,19159.0,Expansion,72.0
USLW-APP-20241210-175,Ap284423,Em284423,Ci284423,Nk284423,2024-12-10,Personal,7481.0,Other,50.0
USLW-APP-20240829-323,Ap616349,Em616349,Ci616349,Nk616349,2024-08-29,Personal,36051.0,Home Improvement,41.0
USLW-APP-20241128-991,Ap803714,Em803714,Ci803714,Nk803714,2024-11-28,Personal,27504.0,Medical Expenses,30.0
USLW-APP-20241027-332,Ap757917,Em757917,Ci757917,Nk757917,2024-10-27,Personal,36166.0,Other,56.0
USLW-APP-20240409-708,Ap924792,Em924792,Ci924792,Nk924792,2024-04-09,Auto,29256.0,Refinance,64.0
USLW-APP-20240501-554,Ap837378,Em837378,Ci837378,Nk837378,2024-05-01,Mortgage,937786.0,Refinance,256.0
USLW-APP-20241005-749,Ap233272,Em233272,Ci233272,Nk233272,2024-10-05,Small Business,169936.0,Inventory,63.0
USLW-APP-20241011-610,Ap867836,Em867836,Ci867836,Nk867836,2024-10-11,Personal,22137.0,Vacation,47.0
USLW-APP-20250329-357,Ap802335,Em802335,Ci802335,Nk802335,2025-03-29,Personal,43349.0,Vacation,13.0
USLW-APP-20240821-927,Ap907789,Em907789,Ci907789,Nk907789,2024-08-21,Personal,32402.0,Education,28.0
USLW-APP-20240725-154,Ap743409,Em743409,Ci743409,Nk743409,2024-07-25,Mortgage,702183.0,Refinance,256.0
USLW-APP-20240601-126,Ap177505,Em177505,Ci177505,Nk177505,2024-06-01,Mortgage,590392.0,Refinance,202.0
USLW-APP-20241203-940,Ap102869,Em102869,Ci102869,Nk102869,2024-12-03,Personal,37555.0,Debt Consolidation,54.0
USLW-APP-20241105-106,Ap881474,Em881474,Ci881474,Nk881474,2024-11-05,Personal,30359.0,Debt Consolidation,52.0
USLW-APP-20240805-996,Ap554351,Em554351,Ci554351,Nk554351,2024-08-05,Personal,20762.0,Education,43.0
USLW-APP-20240429-735,Ap412252,Em412252,Ci412252,Nk412252,2024-04-29,Personal,31745.0,Vacation,41.0
USLW-APP-20240815-212,Ap736584,Em736584,Ci736584,Nk736584,2024-08-15,Personal,7074.0,Debt Consolidation,60.0
USLW-APP-20241230-413,Ap718467,Em718467,Ci718467,Nk718467,2024-12-30,Auto,12508.0,Used Car Purchase,29.0
USLW-APP-20250303-199,Ap190272,Em190272,Ci190272,Nk190272,2025-03-03,Personal,27867.0,Vacation,29.0
USLW-APP-20240727-399,Ap138467,Em138467,Ci138467,Nk138467,2024-07-27,Auto,10496.0,Used Car Purchase,31.0
USLW-APP-20241115-971,Ap909760,Em909760,Ci909760,Nk909760,2024-11-15,Small Business,228283.0,Equipment Purchase,25.0
USLW-APP-20240825-205,Ap977844,Em977844,Ci977844,Nk977844,2024-08-25,Mortgage,324868.0,Home Purchase,334.0
USLW-APP-20241006-403,Ap580047,Em580047,Ci580047,Nk580047,2024-10-06,Personal,43761.0,Debt Consolidation,30.0
USLW-APP-20240422-667,Ap759347,Em759347,Ci759347,Nk759347,2024-04-22,Auto,43698.0,Refinance,52.0
USLW-APP-20241208-190,Ap158871,Em158871,Ci158871,Nk158871,2024-12-08,Small Business,418640.0,Inventory,36.0
USLW-APP-20241204-364,Ap228391,Em228391,Ci228391,Nk228391,2024-12-04,Small Business,399341.0,Equipment Purchase,64.0
USLW-APP-20240624-292,Ap539430,Em539430,Ci539430,Nk539430,2024-06-24,Personal,5699.0,Medical Expenses,43.0
USLW-APP-20240511-756,Ap710704,Em710704,Ci710704,Nk710704,2024-05-11,Personal,37887.0,Medical Expenses,30.0
USLW-APP-20240724-526,Ap956703,Em956703,Ci956703,Nk956703,2024-07-24,Small Business,265570.0,Equipment Purchase,67.0
USLW-APP-20241225-596,Ap930496,Em930496,Ci930496,Nk930496,2024-12-25,Auto,69530.0,Used Car Purchase,39.0
USLW-APP-20241112-772,Ap356687,Em356687,Ci356687,Nk356687,2024-11-12,Small Business,187690.0,Expansion,75.0
USLW-APP-20240712-566,Ap825451,Em825451,Ci825451,Nk825451,2024-07-12,Personal,38731.0,Debt Consolidation,30.0
USLW-APP-20250220-119,Ap207450,Em207450,Ci207450,Nk207450,2025-02-20,Personal,27982.0,Medical Expenses,16.0
USLW-APP-20250112-629,Ap271890,Em271890,Ci271890,Nk271890,2025-01-12,Small Business,372752.0,Inventory,56.0
USLW-APP-20241116-755,Ap538741,Em538741,Ci538741,Nk538741,2024-11-16,Small Business,74716.0,Equipment Purchase,33.0
USLW-APP-20240703-518,Ap381974,Em381974,Ci381974,Nk381974,2024-07-03,Personal,14571.0,Other,42.0
USLW-APP-20240602-847,Ap500109,Em500109,Ci500109,Nk500109,2024-06-02,Mortgage,684588.0,Home Purchase,225.0
USLW-APP-20240926-415,Ap216381,Em216381,Ci216381,Nk216381,2024-09-26,Personal,39190.0,Education,21.0
USLW-APP-20240610-531,Ap573125,Em573125,Ci573125,Nk573125,2024-06-10,Personal,18198.0,Medical Expenses,34.0
USLW-APP-20250103-364,Ap671621,Em671621,Ci671621,Nk671621,2025-01-03,Personal,5964.0,Home Improvement,14.0
USLW-APP-20241004-935,Ap234508,Em234508,Ci234508,Nk234508,2024-10-04,Auto,64824.0,Refinance,40.0
USLW-APP-20250123-920,Ap829650,Em829650,Ci829650,Nk829650,2025-01-23,Auto,20815.0,Refinance,49.0
USLW-APP-20240510-746,Ap962645,Em962645,Ci962645,Nk962645,2024-05-10,Small Business,205500.0,Working Capital,28.0
USLW-APP-20250108-732,Ap499111,Em499111,Ci499111,Nk499111,2025-01-08,Personal,42373.0,Debt Consolidation,42.0
USLW-APP-20240919-620,Ap250810,Em250810,Ci250810,Nk250810,2024-09-19,Small Business,414452.0,Inventory,58.0
USLW-APP-20240926-896,Ap392890,Em392890,Ci392890,Nk392890,2024-09-26,Small Business,23575.0,Equipment Purchase,64.0
USLW-APP-20240728-408,Ap673665,Em673665,Ci673665,Nk673665,2024-07-28,Small Business,292441.0,Startup Costs,40.0
USLW-APP-20250330-504,Ap940477,Em940477,Ci940477,Nk940477,2025-03-30,Small Business,248710.0,Startup Costs,65.0
USLW-APP-20250305-323,Ap460032,Em460032,Ci460032,Nk460032,2025-03-05,Mortgage,364668.0,Home Purchase,218.0
USLW-APP-20240525-690,Ap469599,Em469599,Ci469599,Nk469599,2024-05-25,Auto,39746.0,Used Car Purchase,44.0
USLW-APP-20240506-816,Ap760960,Em760960,Ci760960,Nk760960,2024-05-06,Personal,31310.0,Vacation,17.0
USLW-APP-20240920-599,Ap850020,Em850020,Ci850020,Nk850020,2024-09-20,Personal,48869.0,Medical Expenses,21.0
USLW-APP-20240512-839,Ap979611,Em979611,Ci979611,Nk979611,2024-05-12,Small Business,444256.0,Inventory,54.0
USLW-APP-20240831-992,Ap271836,Em271836,Ci271836,Nk271836,2024-08-31,Personal,17551.0,Education,22.0
USLW-APP-20250211-181,Ap829903,Em829903,Ci829903,Nk829903,2025-02-11,Personal,14219.0,Home Improvement,53.0
USLW-APP-20241129-319,Ap145714,Em145714,Ci145714,Nk145714,2024-11-29,Small Business,72733.0,Expansion,53.0
USLW-APP-20250320-823,Ap727234,Em727234,Ci727234,Nk727234,2025-03-20,Small Business,14752.0,Equipment Purchase,44.0
USLW-APP-20240402-610,Ap996048,Em996048,Ci996048,Nk996048,2024-04-02,Auto,39177.0,New Car Purchase,68.0
USLW-APP-20240817-271,Ap730271,Em730271,Ci730271,Nk730271,2024-08-17,Personal,1327.0,Home Improvement,56.0
USLW-APP-20241128-924,Ap566960,Em566960,Ci566960,Nk566960,2024-11-28,Personal,6813.0,Debt Consolidation,15.0
USLW-APP-20241029-557,Ap811851,Em811851,Ci811851,Nk811851,2024-10-29,Small Business,70646.0,Expansion,51.0
USLW-APP-20240528-288,Ap224123,Em224123,Ci224123,Nk224123,2024-05-28,Mortgage,341185.0,Home Purchase,296.0
USLW-APP-20240528-488,Ap405628,Em405628,Ci405628,Nk405628,2024-05-28,Mortgage,82531.0,Refinance,352.0
USLW-APP-20240827-307,Ap182989,Em182989,Ci182989,Nk182989,2024-08-27,Auto,35311.0,Refinance,24.0
USLW-APP-20241108-602,Ap398356,Em398356,Ci398356,Nk398356,2024-11-08,Personal,43803.0,Medical Expenses,24.0
USLW-APP-20240801-159,Ap929957,Em929957,Ci929957,Nk929957,2024-08-01,Personal,3738.0,Medical Expenses,55.0
USLW-APP-20240917-250,Ap278274,Em278274,Ci278274,Nk278274,2024-09-17,Auto,44781.0,Refinance,49.0
USLW-APP-20241028-101,Ap787995,Em787995,Ci787995,Nk787995,2024-10-28,Personal,4977.0,Other,22.0
USLW-APP-20250211-946,Ap425352,Em425352,Ci425352,Nk425352,2025-02-11,Personal,29390.0,Other,53.0
USLW-APP-20240802-480,Ap920260,Em920260,Ci920260,Nk920260,2024-08-02,Personal,38673.0,Home Improvement,47.0
USLW-APP-20240729-360,Ap511927,Em511927,Ci511927,Nk511927,2024-07-29,Small Business,181136.0,Equipment Purchase,35.0
USLW-APP-20240706-818,Ap889852,Em889852,Ci889852,Nk889852,2024-07-06,Mortgage,882568.0,Home Purchase,328.0
USLW-APP-20240628-473,Ap983184,Em983184,Ci983184,Nk983184,2024-06-28,Small Business,196096.0,Working Capital,51.0
USLW-APP-20250202-487,Ap231373,Em231373,Ci231373,Nk231373,2025-02-02,Mortgage,197606.0,Refinance,227.0
USLW-APP-20240503-227,Ap538452,Em538452,Ci538452,Nk538452,2024-05-03,Personal,15565.0,Vacation,47.0
USLW-APP-20240812-931,Ap215294,Em215294,Ci215294,Nk215294,2024-08-12,Mortgage,445536.0,Home Purchase,250.0
USLW-APP-20241102-982,Ap559451,Em559451,Ci559451,Nk559451,2024-11-02,Mortgage,960337.0,Refinance,267.0
USLW-APP-20240901-826,Ap748307,Em748307,Ci748307,Nk748307,2024-09-01,Mortgage,98285.0,Home Purchase,317.0
USLW-APP-20241007-312,Ap165726,Em165726,Ci165726,Nk165726,2024-10-07,Small Business,347601.0,Working Capital,46.0
USLW-APP-20240404-984,Ap241564,Em241564,Ci241564,Nk241564,2024-04-04,Personal,25150.0,Other,24.0
USLW-APP-20240802-651,Ap477812,Em477812,Ci477812,Nk477812,2024-08-02,Small Business,265433.0,Expansion,44.0
USLW-APP-20241124-467,Ap368246,Em368246,Ci368246,Nk368246,2024-11-24,Personal,46316.0,Home Improvement,54.0
USLW-APP-20241025-635,Ap805696,Em805696,Ci805696,Nk805696,2024-10-25,Personal,36974.0,Home Improvement,43.0
USLW-APP-20250118-514,Ap218015,Em218015,Ci218015,Nk218015,2025-01-18,Personal,46790.0,Debt Consolidation,46.0
USLW-APP-20241006-610,Ap840674,Em840674,Ci840674,Nk840674,2024-10-06,Small Business,130171.0,Expansion,55.0
USLW-APP-20240518-150,Ap354079,Em354079,Ci354079,Nk354079,2024-05-18,Personal,4198.0,Home Improvement,50.0
USLW-APP-20241122-810,Ap650929,Em650929,Ci650929,Nk650929,2024-11-22,Personal,20832.0,Education,55.0
USLW-APP-20241125-223,Ap789944,Em789944,Ci789944,Nk789944,2024-11-25,Personal,12125.0,Vacation,58.0
USLW-APP-20240408-280,Ap788105,Em788105,Ci788105,Nk788105,2024-04-08,Small Business,133430.0,Startup Costs,47.0
USLW-APP-20250402-584,Ap613758,Em613758,Ci613758,Nk613758,2025-04-02,Auto,21483.0,Refinance,42.0
USLW-APP-20241226-442,Ap465890,Em465890,Ci465890,Nk465890,2024-12-26,Auto,69810.0,Used Car Purchase,42.0
USLW-APP-20250213-815,Ap545101,Em545101,Ci545101,Nk545101,2025-02-13,Personal,39041.0,Vacation,25.0
USLW-APP-20250321-891,Ap136631,Em136631,Ci136631,Nk136631,2025-03-21,Small Business,52431.0,Inventory,65.0
USLW-APP-20240517-701,Ap866577,Em866577,Ci866577,Nk866577,2024-05-17,Auto,71643.0,Used Car Purchase,38.0
USLW-APP-20250102-200,Ap172991,Em172991,Ci172991,Nk172991,2025-01-02,Personal,7993.0,Medical Expenses,43.0
USLW-APP-20250211-616,Ap104014,Em104014,Ci104014,Nk104014,2025-02-11,Personal,32038.0,Other,53.0
USLW-APP-20240723-635,Ap373237,Em373237,Ci373237,Nk373237,2024-07-23,Personal,20188.0,Other,17.0
USLW-APP-20250121-919,Ap118070,Em118070,Ci118070,Nk118070,2025-01-21,Mortgage,969014.0,Home Purchase,259.0
USLW-APP-20241025-104,Ap922209,Em922209,Ci922209,Nk922209,2024-10-25,Small Business,141648.0,Working Capital,73.0
USLW-APP-20241004-542,Ap156958,Em156958,Ci156958,Nk156958,2024-10-04,Small Business,440697.0,Inventory,65.0
USLW-APP-20240912-655,Ap182074,Em182074,Ci182074,Nk182074,2024-09-12,Small Business,285555.0,Working Capital,27.0
USLW-APP-20240923-320,Ap635017,Em635017,Ci635017,Nk635017,2024-09-23,Auto,20362.0,Refinance,27.0
USLW-APP-20241113-840,Ap855073,Em855073,Ci855073,Nk855073,2024-11-13,Small Business,416623.0,Startup Costs,41.0
USLW-APP-20250112-752,Ap276089,Em276089,Ci276089,Nk276089,2025-01-12,Personal,13591.0,Home Improvement,31.0
USLW-APP-20241114-262,Ap297392,Em297392,Ci297392,Nk297392,2024-11-14,Personal,28868.0,Medical Expenses,40.0
USLW-APP-20240423-966,Ap258823,Em258823,Ci258823,Nk258823,2024-04-23,Personal,19791.0,Debt Consolidation,35.0
USLW-APP-20240809-818,Ap730152,Em730152,Ci730152,Nk730152,2024-08-09,Small Business,338161.0,Startup Costs,26.0
USLW-APP-20240913-251,Ap493002,Em493002,Ci493002,Nk493002,2024-09-13,Personal,11741.0,Home Improvement,27.0
USLW-APP-20250315-288,Ap833429,Em833429,Ci833429,Nk833429,2025-03-15,Personal,12634.0,Other,13.0
USLW-APP-20241224-876,Ap598863,Em598863,Ci598863,Nk598863,2024-12-24,Small Business,235473.0,Expansion,36.0
USLW-APP-20241208-917,Ap467654,Em467654,Ci467654,Nk467654,2024-12-08,Small Business,469554.0,Inventory,58.0
USLW-APP-20240902-403,Ap679036,Em679036,Ci679036,Nk679036,2024-09-02,Auto,19318.0,Used Car Purchase,63.0
USLW-APP-20250305-617,Ap630089,Em630089,Ci630089,Nk630089,2025-03-05,Personal,25363.0,Vacation,21.0
USLW-APP-20240915-176,Ap250262,Em250262,Ci250262,Nk250262,2024-09-15,Small Business,27405.0,Equipment Purchase,79.0
USLW-APP-20241023-896,Ap542905,Em542905,Ci542905,Nk542905,2024-10-23,Mortgage,419047.0,Home Purchase,289.0
USLW-APP-20240830-326,Ap335362,Em335362,Ci335362,Nk335362,2024-08-30,Personal,32285.0,Debt Consolidation,34.0
USLW-APP-20241119-744,Ap544209,Em544209,Ci544209,Nk544209,2024-11-19,Personal,19936.0,Education,53.0
USLW-APP-20240917-399,Ap653880,Em653880,Ci653880,Nk653880,2024-09-17,Auto,39845.0,New Car Purchase,64.0
USLW-APP-20250113-803,Ap897079,Em897079,Ci897079,Nk897079,2025-01-13,Mortgage,589099.0,Refinance,283.0
USLW-APP-20240909-477,Ap764076,Em764076,Ci764076,Nk764076,2024-09-09,Small Business,174311.0,Equipment Purchase,50.0
USLW-APP-20240610-132,Ap319963,Em319963,Ci319963,Nk319963,2024-06-10,Auto,56263.0,Refinance,27.0
USLW-APP-20240529-953,Ap580761,Em580761,Ci580761,Nk580761,2024-05-29,Personal,22704.0,Education,55.0
USLW-APP-20240416-574,Ap348710,Em348710,Ci348710,Nk348710,2024-04-16,Personal,39065.0,Education,48.0
USLW-APP-20250218-886,Ap320984,Em320984,Ci320984,Nk320984,2025-02-18,Auto,9874.0,New Car Purchase,50.0
USLW-APP-20240707-840,Ap997059,Em997059,Ci997059,Nk997059,2024-07-07,Personal,46198.0,Home Improvement,19.0
USLW-APP-20241002-853,Ap956748,Em956748,Ci956748,Nk956748,2024-10-02,Mortgage,910632.0,Refinance,295.0
USLW-APP-20240416-559,Ap882355,Em882355,Ci882355,Nk882355,2024-04-16,Personal,23108.0,Education,48.0
USLW-APP-20241011-200,Ap364512,Em364512,Ci364512,Nk364512,2024-10-11,Personal,43588.0,Home Improvement,18.0
USLW-APP-20241217-524,Ap701863,Em701863,Ci701863,Nk701863,2024-12-17,Small Business,66752.0,Working Capital,82.0
USLW-APP-20240730-280,Ap368799,Em368799,Ci368799,Nk368799,2024-07-30,Mortgage,490693.0,Home Purchase,324.0
USLW-APP-20240624-659,Ap337549,Em337549,Ci337549,Nk337549,2024-06-24,Personal,8562.0,Medical Expenses,23.0
USLW-APP-20241117-597,Ap694319,Em694319,Ci694319,Nk694319,2024-11-17,Personal,22932.0,Home Improvement,19.0
USLW-APP-20240720-756,Ap584299,Em584299,Ci584299,Nk584299,2024-07-20,Mortgage,483825.0,Home Purchase,200.0
USLW-APP-20240922-548,Ap712210,Em712210,Ci712210,Nk712210,2024-09-22,Personal,47363.0,Debt Consolidation,33.0
USLW-APP-20240422-193,Ap548982,Em548982,Ci548982,Nk548982,2024-04-22,Personal,30568.0,Other,50.0
USLW-APP-20250129-729,Ap224046,Em224046,Ci224046,Nk224046,2025-01-29,Personal,15117.0,Other,27.0
USLW-APP-20240515-914,Ap506619,Em506619,Ci506619,Nk506619,2024-05-15,Small Business,235369.0,Working Capital,54.0
USLW-APP-20240618-797,Ap132097,Em132097,Ci132097,Nk132097,2024-06-18,Personal,1939.0,Home Improvement,50.0
USLW-APP-20240715-161,Ap766326,Em766326,Ci766326,Nk766326,2024-07-15,Small Business,300923.0,Working Capital,29.0
USLW-APP-20240811-498,Ap749150,Em749150,Ci749150,Nk749150,2024-08-11,Personal,14916.0,Vacation,18.0
USLW-APP-20250202-297,Ap330229,Em330229,Ci330229,Nk330229,2025-02-02,Small Business,235723.0,Working Capital,60.0
USLW-APP-20240926-722,Ap218834,Em218834,Ci218834,Nk218834,2024-09-26,Personal,49037.0,Home Improvement,12.0
USLW-APP-20241111-397,Ap193848,Em193848,Ci193848,Nk193848,2024-11-11,Personal,32761.0,Vacation,43.0
USLW-APP-20241206-183,Ap152921,Em152921,Ci152921,Nk152921,2024-12-06,Personal,44815.0,Education,29.0
USLW-APP-20250327-145,Ap805086,Em805086,Ci805086,Nk805086,2025-03-27,Personal,5794.0,Vacation,49.0
USLW-APP-20240426-109,Ap750429,Em750429,Ci750429,Nk750429,2024-04-26,Mortgage,931329.0,Home Purchase,212.0
USLW-APP-20240502-158,Ap805660,Em805660,Ci805660,Nk805660,2024-05-02,Small Business,11243.0,Inventory,46.0
USLW-APP-20240602-719,Ap384821,Em384821,Ci384821,Nk384821,2024-06-02,Personal,29406.0,Home Improvement,40.0
USLW-APP-20250123-906,Ap155609,Em155609,Ci155609,Nk155609,2025-01-23,Personal,31628.0,Vacation,22.0
USLW-APP-20240617-301,Ap327897,Em327897,Ci327897,Nk327897,2024-06-17,Auto,49141.0,Refinance,62.0
USLW-APP-20240720-334,Ap131024,Em131024,Ci131024,Nk131024,2024-07-20,Small Business,350650.0,Working Capital,48.0
USLW-APP-20240907-750,Ap170313,Em170313,Ci170313,Nk170313,2024-09-07,Small Business,496477.0,Equipment Purchase,52.0
USLW-APP-20240915-655,Ap489957,Em489957,Ci489957,Nk489957,2024-09-15,Mortgage,447968.0,Refinance,267.0
USLW-APP-20240823-612,Ap284078,Em284078,Ci284078,Nk284078,2024-08-23,Mortgage,644505.0,Home Purchase,285.0
USLW-APP-20240609-927,Ap457429,Em457429,Ci457429,Nk457429,2024-06-09,Small Business,82712.0,Inventory,30.0
USLW-APP-20250202-274,Ap561243,Em561243,Ci561243,Nk561243,2025-02-02,Personal,12489.0,Debt Consolidation,43.0
USLW-APP-20250124-255,Ap213632,Em213632,Ci213632,Nk213632,2025-01-24,Auto,12427.0,Used Car Purchase,68.0
USLW-APP-20240828-261,Ap351451,Em351451,Ci351451,Nk351451,2024-08-28,Small Business,398510.0,Startup Costs,51.0
USLW-APP-20240511-261,Ap103051,Em103051,Ci103051,Nk103051,2024-05-11,Personal,45642.0,Medical Expenses,14.0
USLW-APP-20240729-986,Ap804107,Em804107,Ci804107,Nk804107,2024-07-29,Auto,64870.0,Used Car Purchase,59.0
USLW-APP-20240626-854,Ap476836,Em476836,Ci476836,Nk476836,2024-06-26,Personal,31131.0,Debt Consolidation,27.0
USLW-APP-20241231-190,Ap711523,Em711523,Ci711523,Nk711523,2024-12-31,Personal,42553.0,Other,19.0
USLW-APP-20250218-110,Ap821772,Em821772,Ci821772,Nk821772,2025-02-18,Personal,29836.0,Home Improvement,31.0
USLW-APP-20240529-877,Ap289407,Em289407,Ci289407,Nk289407,2024-05-29,Auto,12693.0,New Car Purchase,32.0
USLW-APP-20250325-579,Ap549395,Em549395,Ci549395,Nk549395,2025-03-25,Personal,35466.0,Vacation,52.0
USLW-APP-20240617-543,Ap562894,Em562894,Ci562894,Nk562894,2024-06-17,Personal,14380.0,Debt Consolidation,16.0
USLW-APP-20240812-665,Ap311810,Em311810,Ci311810,Nk311810,2024-08-12,Personal,14403.0,Education,18.0
USLW-APP-20241013-663,Ap827975,Em827975,Ci827975,Nk827975,2024-10-13,Personal,46648.0,Home Improvement,42.0
USLW-APP-20250214-937,Ap173523,Em173523,Ci173523,Nk173523,2025-02-14,Mortgage,984268.0,Home Purchase,186.0
USLW-APP-20250123-825,Ap860463,Em860463,Ci860463,Nk860463,2025-01-23,Mortgage,721381.0,Refinance,185.0
USLW-APP-20250113-636,Ap194476,Em194476,Ci194476,Nk194476,2025-01-13,Personal,11959.0,Other,35.0
USLW-APP-20250401-330,Ap333841,Em333841,Ci333841,Nk333841,2025-04-01,Small Business,139178.0,Equipment Purchase,83.0
USLW-APP-20250208-267,Ap903451,Em903451,Ci903451,Nk903451,2025-02-08,Mortgage,527820.0,Refinance,202.0
USLW-APP-20240626-339,Ap970045,Em970045,Ci970045,Nk970045,2024-06-26,Personal,20959.0,Other,14.0
USLW-APP-20240919-242,Ap322866,Em322866,Ci322866,Nk322866,2024-09-19,Small Business,210008.0,Equipment Purchase,66.0
USLW-APP-20250124-161,Ap186672,Em186672,Ci186672,Nk186672,2025-01-24,Auto,26050.0,Used Car Purchase,65.0
USLW-APP-20240526-918,Ap698135,Em698135,Ci698135,Nk698135,2024-05-26,Personal,32321.0,Vacation,14.0
USLW-APP-20241117-417,Ap444894,Em444894,Ci444894,Nk444894,2024-11-17,Personal,14705.0,Education,16.0
USLW-APP-20241111-182,Ap834994,Em834994,Ci834994,Nk834994,2024-11-11,Mortgage,238076.0,Home Purchase,231.0
USLW-APP-20240827-433,Ap128251,Em128251,Ci128251,Nk128251,2024-08-27,Small Business,60841.0,Expansion,44.0
USLW-APP-20250219-763,Ap727769,Em727769,Ci727769,Nk727769,2025-02-19,Small Business,423328.0,Equipment Purchase,26.0
USLW-APP-20240425-971,Ap474710,Em474710,Ci474710,Nk474710,2024-04-25,Personal,46999.0,Home Improvement,37.0
USLW-APP-20241110-755,Ap650233,Em650233,Ci650233,Nk650233,2024-11-10,Personal,32980.0,Home Improvement,25.0
USLW-APP-20250124-674,Ap977284,Em977284,Ci977284,Nk977284,2025-01-24,Personal,47345.0,Medical Expenses,54.0
USLW-APP-20241209-242,Ap132217,Em132217,Ci132217,Nk132217,2024-12-09,Personal,34098.0,Home Improvement,17.0
USLW-APP-20240831-401,Ap108308,Em108308,Ci108308,Nk108308,2024-08-31,Personal,6573.0,Education,51.0
USLW-APP-20241127-906,Ap368093,Em368093,Ci368093,Nk368093,2024-11-27,Personal,42983.0,Other,27.0
USLW-APP-20240815-611,Ap283062,Em283062,Ci283062,Nk283062,2024-08-15,Auto,40263.0,Used Car Purchase,37.0
USLW-APP-20240602-490,Ap494366,Em494366,Ci494366,Nk494366,2024-06-02,Personal,38070.0,Home Improvement,38.0
USLW-APP-20240508-447,Ap844840,Em844840,Ci844840,Nk844840,2024-05-08,Personal,22554.0,Debt Consolidation,33.0
USLW-APP-20240802-351,Ap200235,Em200235,Ci200235,Nk200235,2024-08-02,Personal,17462.0,Education,41.0
USLW-APP-20250118-459,Ap174740,Em174740,Ci174740,Nk174740,2025-01-18,Auto,5021.0,Used Car Purchase,45.0
USLW-APP-20240531-467,Ap478496,Em478496,Ci478496,Nk478496,2024-05-31,Small Business,139282.0,Expansion,43.0
USLW-APP-20241120-671,Ap953049,Em953049,Ci953049,Nk953049,2024-11-20,Small Business,490423.0,Startup Costs,53.0
USLW-APP-20250212-723,Ap850201,Em850201,Ci850201,Nk850201,2025-02-12,Personal,19770.0,Debt Consolidation,60.0
USLW-APP-20241112-847,Ap903328,Em903328,Ci903328,Nk903328,2024-11-12,Personal,38288.0,Medical Expenses,41.0
USLW-APP-20240529-913,Ap277247,Em277247,Ci277247,Nk277247,2024-05-29,Personal,13303.0,Education,54.0
USLW-APP-20240409-117,Ap763165,Em763165,Ci763165,Nk763165,2024-04-09,Personal,49428.0,Home Improvement,26.0
USLW-APP-20240902-945,Ap629525,Em629525,Ci629525,Nk629525,2024-09-02,Personal,20909.0,Home Improvement,58.0
USLW-APP-20241027-479,Ap120056,Em120056,Ci120056,Nk120056,2024-10-27,Personal,14926.0,Other,33.0
USLW-APP-20250326-861,Ap276615,Em276615,Ci276615,Nk276615,2025-03-26,Auto,65181.0,Used Car Purchase,53.0
USLW-APP-20241110-822,Ap287628,Em287628,Ci287628,Nk287628,2024-11-10,Personal,1839.0,Education,58.0
USLW-APP-20241013-715,Ap738836,Em738836,Ci738836,Nk738836,2024-10-13,Auto,11046.0,Refinance,49.0
USLW-APP-20240428-698,Ap473632,Em473632,Ci473632,Nk473632,2024-04-28,Mortgage,130381.0,Home Purchase,209.0
USLW-APP-20250216-905,Ap234415,Em234415,Ci234415,Nk234415,2025-02-16,Personal,47388.0,Debt Consolidation,21.0
USLW-APP-20240718-403,Ap506716,Em506716,Ci506716,Nk506716,2024-07-18,Personal,13392.0,Medical Expenses,40.0
USLW-APP-20240516-295,Ap546438,Em546438,Ci546438,Nk546438,2024-05-16,Small Business,481632.0,Working Capital,29.0
USLW-APP-20250225-669,Ap653663,Em653663,Ci653663,Nk653663,2025-02-25,Mortgage,182311.0,Home Purchase,286.0
USLW-APP-20250206-455,Ap765022,Em765022,Ci765022,Nk765022,2025-02-06,Small Business,233831.0,Equipment Purchase,53.0
USLW-APP-20240403-517,Ap641252,Em641252,Ci641252,Nk641252,2024-04-03,Personal,1820.0,Medical Expenses,17.0
USLW-APP-20240416-581,Ap737717,Em737717,Ci737717,Nk737717,2024-04-16,Small Business,90877.0,Working Capital,26.0
USLW-APP-20250211-129,Ap352764,Em352764,Ci352764,Nk352764,2025-02-11,Personal,32985.0,Home Improvement,46.0
USLW-APP-20240413-312,Ap814998,Em814998,Ci814998,Nk814998,2024-04-13,Small Business,206866.0,Startup Costs,56.0
USLW-APP-20240616-968,Ap566882,Em566882,Ci566882,Nk566882,2024-06-16,Small Business,324896.0,Expansion,79.0
USLW-APP-20240603-325,Ap840427,Em840427,Ci840427,Nk840427,2024-06-03,Personal,38055.0,Other,19.0
USLW-APP-20250305-165,Ap612153,Em612153,Ci612153,Nk612153,2025-03-05,Small Business,179225.0,Equipment Purchase,70.0
USLW-APP-20240809-682,Ap167215,Em167215,Ci167215,Nk167215,2024-08-09,Small Business,409057.0,Startup Costs,28.0
USLW-APP-20241128-842,Ap955474,Em955474,Ci955474,Nk955474,2024-11-28,Small Business,314847.0,Working Capital,63.0
USLW-APP-20240722-742,Ap244356,Em244356,Ci244356,Nk244356,2024-07-22,Personal,18656.0,Vacation,59.0
USLW-APP-20240815-125,Ap303861,Em303861,Ci303861,Nk303861,2024-08-15,Personal,48024.0,Other,59.0
USLW-APP-20241211-858,Ap455612,Em455612,Ci455612,Nk455612,2024-12-11,Personal,37813.0,Medical Expenses,15.0
USLW-APP-20250114-860,Ap554605,Em554605,Ci554605,Nk554605,2025-01-14,Small Business,312393.0,Startup Costs,51.0
USLW-APP-20240517-622,Ap109435,Em109435,Ci109435,Nk109435,2024-05-17,Personal,8040.0,Vacation,38.0
USLW-APP-20240518-668,Ap547556,Em547556,Ci547556,Nk547556,2024-05-18,Personal,1360.0,Home Improvement,55.0
USLW-APP-20241005-757,Ap799438,Em799438,Ci799438,Nk799438,2024-10-05,Mortgage,624778.0,Refinance,266.0
USLW-APP-20240523-421,Ap965264,Em965264,Ci965264,Nk965264,2024-05-23,Small Business,30782.0,Inventory,24.0
USLW-APP-20250330-452,Ap675581,Em675581,Ci675581,Nk675581,2025-03-30,Small Business,356323.0,Working Capital,39.0
USLW-APP-20250226-990,Ap178781,Em178781,Ci178781,Nk178781,2025-02-26,Personal,23533.0,Home Improvement,49.0
USLW-APP-20241027-906,Ap291475,Em291475,Ci291475,Nk291475,2024-10-27,Auto,40615.0,Used Car Purchase,48.0
USLW-APP-20241219-649,Ap260196,Em260196,Ci260196,Nk260196,2024-12-19,Small Business,382291.0,Startup Costs,79.0
USLW-APP-20240412-711,Ap326507,Em326507,Ci326507,Nk326507,2024-04-12,Personal,40259.0,Education,35.0
USLW-APP-20241028-607,Ap406063,Em406063,Ci406063,Nk406063,2024-10-28,Mortgage,318391.0,Refinance,194.0
USLW-APP-20250210-462,Ap864121,Em864121,Ci864121,Nk864121,2025-02-10,Personal,48066.0,Medical Expenses,43.0
USLW-APP-20240515-463,Ap876665,Em876665,Ci876665,Nk876665,2024-05-15,Small Business,230857.0,Expansion,72.0
USLW-APP-20240424-375,Ap790607,Em790607,Ci790607,Nk790607,2024-04-24,Personal,37519.0,Education,12.0
USLW-APP-20250219-938,Ap221172,Em221172,Ci221172,Nk221172,2025-02-19,Auto,29990.0,Refinance,30.0
USLW-APP-20241228-857,Ap456902,Em456902,Ci456902,Nk456902,2024-12-28,Personal,9337.0,Other,14.0
USLW-APP-20240407-133,Ap584963,Em584963,Ci584963,Nk584963,2024-04-07,Personal,22143.0,Home Improvement,50.0
USLW-APP-20240731-992,Ap555968,Em555968,Ci555968,Nk555968,2024-07-31,Personal,8128.0,Home Improvement,35.0
USLW-APP-20240414-382,Ap418717,Em418717,Ci418717,Nk418717,2024-04-14,Small Business,464543.0,Startup Costs,67.0
USLW-APP-20250325-112,Ap159101,Em159101,Ci159101,Nk159101,2025-03-25,Personal,8786.0,Other,41.0
USLW-APP-20250323-357,Ap595972,Em595972,Ci595972,Nk595972,2025-03-23,Personal,44939.0,Other,59.0
USLW-APP-20240618-385,Ap388790,Em388790,Ci388790,Nk388790,2024-06-18,Mortgage,213992.0,Home Purchase,344.0
USLW-APP-20250226-487,Ap990617,Em990617,Ci990617,Nk990617,2025-02-26,Small Business,173802.0,Working Capital,77.0
USLW-APP-20241228-987,Ap647337,Em647337,Ci647337,Nk647337,2024-12-28,Mortgage,953659.0,Home Purchase,265.0
USLW-APP-20240813-356,Ap834965,Em834965,Ci834965,Nk834965,2024-08-13,Small Business,231068.0,Expansion,49.0
USLW-APP-20241224-325,Ap460260,Em460260,Ci460260,Nk460260,2024-12-24,Mortgage,863762.0,Refinance,257.0
USLW-APP-20250203-620,Ap983811,Em983811,Ci983811,Nk983811,2025-02-03,Personal,20331.0,Other,57.0
USLW-APP-20240610-205,Ap692673,Em692673,Ci692673,Nk692673,2024-06-10,Personal,35440.0,Medical Expenses,15.0
USLW-APP-20240418-637,Ap750419,Em750419,Ci750419,Nk750419,2024-04-18,Mortgage,50799.0,Refinance,315.0
USLW-APP-20241029-426,Ap533374,Em533374,Ci533374,Nk533374,2024-10-29,Personal,3992.0,Home Improvement,44.0
USLW-APP-20241223-970,Ap820777,Em820777,Ci820777,Nk820777,2024-12-23,Mortgage,200552.0,Home Purchase,234.0
USLW-APP-20250203-146,Ap647577,Em647577,Ci647577,Nk647577,2025-02-03,Personal,26550.0,Education,47.0
USLW-APP-20240828-636,Ap472370,Em472370,Ci472370,Nk472370,2024-08-28,Personal,31882.0,Medical Expenses,40.0
USLW-APP-20240922-189,Ap987225,Em987225,Ci987225,Nk987225,2024-09-22,Personal,8983.0,Vacation,18.0
USLW-APP-20241204-973,Ap371967,Em371967,Ci371967,Nk371967,2024-12-04,Small Business,486350.0,Startup Costs,61.0
USLW-APP-20241226-597,Ap291232,Em291232,Ci291232,Nk291232,2024-12-26,Small Business,51448.0,Equipment Purchase,53.0
USLW-APP-20240511-364,Ap404119,Em404119,Ci404119,Nk404119,2024-05-11,Small Business,230294.0,Expansion,62.0
USLW-APP-20240410-539,Ap109540,Em109540,Ci109540,Nk109540,2024-04-10,Personal,6495.0,Education,53.0
USLW-APP-20240914-376,Ap640652,Em640652,Ci640652,Nk640652,2024-09-14,Mortgage,144566.0,Home Purchase,186.0
USLW-APP-20241122-987,Ap497827,Em497827,Ci497827,Nk497827,2024-11-22,Personal,3523.0,Debt Consolidation,39.0
USLW-APP-20250312-156,Ap651951,Em651951,Ci651951,Nk651951,2025-03-12,Personal,35637.0,Vacation,45.0
USLW-APP-20240727-946,Ap151991,Em151991,Ci151991,Nk151991,2024-07-27,Auto,22632.0,New Car Purchase,67.0
USLW-APP-20240620-138,Ap288751,Em288751,Ci288751,Nk288751,2024-06-20,Mortgage,395560.0,Home Purchase,304.0
USLW-APP-20240507-933,Ap466326,Em466326,Ci466326,Nk466326,2024-05-07,Personal,3467.0,Vacation,42.0
USLW-APP-20250319-430,Ap786337,Em786337,Ci786337,Nk786337,2025-03-19,Small Business,451788.0,Equipment Purchase,38.0
USLW-APP-20250314-138,Ap718992,Em718992,Ci718992,Nk718992,2025-03-14,Personal,17858.0,Vacation,60.0
USLW-APP-20240726-272,Ap149115,Em149115,Ci149115,Nk149115,2024-07-26,Personal,17279.0,Vacation,18.0
USLW-APP-20250307-115,Ap453151,Em453151,Ci453151,Nk453151,2025-03-07,Personal,39232.0,Home Improvement,48.0
USLW-APP-20240813-920,Ap843583,Em843583,Ci843583,Nk843583,2024-08-13,Personal,22598.0,Vacation,50.0
USLW-APP-20240816-627,Ap291962,Em291962,Ci291962,Nk291962,2024-08-16,Mortgage,276056.0,Refinance,217.0
USLW-APP-20250202-535,Ap821747,Em821747,Ci821747,Nk821747,2025-02-02,Small Business,130871.0,Inventory,72.0
USLW-APP-20250314-791,Ap249143,Em249143,Ci249143,Nk249143,2025-03-14,Small Business,186734.0,Startup Costs,54.0
USLW-APP-20240905-499,Ap814635,Em814635,Ci814635,Nk814635,2024-09-05,Personal,43049.0,Other,25.0
USLW-APP-20240528-903,Ap636226,Em636226,Ci636226,Nk636226,2024-05-28,Small Business,378093.0,Expansion,75.0
USLW-APP-20240608-531,Ap453824,Em453824,Ci453824,Nk453824,2024-06-08,Small Business,154268.0,Expansion,40.0
USLW-APP-20250127-487,Ap104000,Em104000,Ci104000,Nk104000,2025-01-27,Mortgage,761646.0,Refinance,201.0
USLW-APP-20241109-134,Ap825948,Em825948,Ci825948,Nk825948,2024-11-09,Personal,35788.0,Other,41.0
USLW-APP-20240527-579,Ap987474,Em987474,Ci987474,Nk987474,2024-05-27,Mortgage,582499.0,Home Purchase,315.0
USLW-APP-20241202-366,Ap455754,Em455754,Ci455754,Nk455754,2024-12-02,Small Business,497299.0,Working Capital,34.0
USLW-APP-20240804-255,Ap351492,Em351492,Ci351492,Nk351492,2024-08-04,Small Business,418194.0,Working Capital,45.0
USLW-APP-20240405-483,Ap990123,Em990123,Ci990123,Nk990123,2024-04-05,Personal,2715.0,Other,34.0
USLW-APP-20250206-166,Ap599522,Em599522,Ci599522,Nk599522,2025-02-06,Auto,47565.0,Refinance,29.0
USLW-APP-20241016-800,Ap591072,Em591072,Ci591072,Nk591072,2024-10-16,Mortgage,348224.0,Home Purchase,319.0
USLW-APP-20240502-394,Ap138304,Em138304,Ci138304,Nk138304,2024-05-02,Personal,13470.0,Debt Consolidation,24.0
USLW-APP-20240514-695,Ap604999,Em604999,Ci604999,Nk604999,2024-05-14,Personal,32385.0,Vacation,18.0
USLW-APP-20250213-405,Ap431593,Em431593,Ci431593,Nk431593,2025-02-13,Mortgage,999916.0,Refinance,276.0
USLW-APP-20241209-629,Ap707274,Em707274,Ci707274,Nk707274,2024-12-09,Personal,27526.0,Other,28.0
USLW-APP-20241006-104,Ap251836,Em251836,Ci251836,Nk251836,2024-10-06,Small Business,40270.0,Expansion,48.0
USLW-APP-20241028-319,Ap208940,Em208940,Ci208940,Nk208940,2024-10-28,Personal,27113.0,Vacation,37.0
USLW-APP-20250316-606,Ap924926,Em924926,Ci924926,Nk924926,2025-03-16,Personal,3944.0,Education,50.0
USLW-APP-20250204-536,Ap365517,Em365517,Ci365517,Nk365517,2025-02-04,Mortgage,205775.0,Home Purchase,328.0
USLW-APP-20250325-307,Ap767521,Em767521,Ci767521,Nk767521,2025-03-25,Auto,69001.0,Used Car Purchase,44.0
USLW-APP-20241120-207,Ap721820,Em721820,Ci721820,Nk721820,2024-11-20,Personal,4967.0,Home Improvement,34.0
USLW-APP-20240624-464,Ap979090,Em979090,Ci979090,Nk979090,2024-06-24,Personal,45251.0,Home Improvement,12.0
USLW-APP-20241113-565,Ap485777,Em485777,Ci485777,Nk485777,2024-11-13,Personal,36095.0,Other,49.0
USLW-APP-20240419-481,Ap724674,Em724674,Ci724674,Nk724674,2024-04-19,Personal,37527.0,Debt Consolidation,59.0
USLW-APP-20240804-501,Ap651638,Em651638,Ci651638,Nk651638,2024-08-04,Small Business,476199.0,Startup Costs,45.0
USLW-APP-20240807-966,Ap717296,Em717296,Ci717296,Nk717296,2024-08-07,Mortgage,244640.0,Home Purchase,306.0
USLW-APP-20240420-154,Ap980729,Em980729,Ci980729,Nk980729,2024-04-20,Personal,30194.0,Medical Expenses,43.0
USLW-APP-20240620-558,Ap649639,Em649639,Ci649639,Nk649639,2024-06-20,Personal,12545.0,Debt Consolidation,52.0
USLW-APP-20241004-791,Ap712956,Em712956,Ci712956,Nk712956,2024-10-04,Small Business,358095.0,Working Capital,62.0
USLW-APP-20240603-694,Ap738873,Em738873,Ci738873,Nk738873,2024-06-03,Small Business,322331.0,Expansion,40.0
USLW-APP-20250215-214,Ap437497,Em437497,Ci437497,Nk437497,2025-02-15,Personal,8202.0,Medical Expenses,28.0
USLW-APP-20240926-570,Ap307869,Em307869,Ci307869,Nk307869,2024-09-26,Mortgage,633381.0,Refinance,257.0
USLW-APP-20241121-865,Ap165953,Em165953,Ci165953,Nk165953,2024-11-21,Small Business,130315.0,Startup Costs,68.0
USLW-APP-20250208-783,Ap943890,Em943890,Ci943890,Nk943890,2025-02-08,Personal,35642.0,Medical Expenses,55.0
USLW-APP-20241101-973,Ap600328,Em600328,Ci600328,Nk600328,2024-11-01,Personal,10594.0,Medical Expenses,32.0
USLW-APP-20241105-488,Ap906790,Em906790,Ci906790,Nk906790,2024-11-05,Personal,20441.0,Education,30.0
USLW-APP-20241129-165,Ap103267,Em103267,Ci103267,Nk103267,2024-11-29,Small Business,281262.0,Startup Costs,80.0
USLW-APP-20240916-674,Ap182745,Em182745,Ci182745,Nk182745,2024-09-16,Personal,32154.0,Home Improvement,46.0
USLW-APP-20241201-243,Ap976020,Em976020,Ci976020,Nk976020,2024-12-01,Personal,22215.0,Vacation,28.0
USLW-APP-20250121-967,Ap924945,Em924945,Ci924945,Nk924945,2025-01-21,Small Business,275643.0,Expansion,40.0
USLW-APP-20250110-514,Ap257164,Em257164,Ci257164,Nk257164,2025-01-10,Personal,22596.0,Other,29.0
USLW-APP-20240619-461,Ap635626,Em635626,Ci635626,Nk635626,2024-06-19,Auto,63251.0,Refinance,61.0
USLW-APP-20240819-266,Ap231484,Em231484,Ci231484,Nk231484,2024-08-19,Small Business,313247.0,Expansion,28.0
USLW-APP-20241213-418,Ap631831,Em631831,Ci631831,Nk631831,2024-12-13,Personal,45045.0,Education,22.0
USLW-APP-20240826-814,Ap992323,Em992323,Ci992323,Nk992323,2024-08-26,Personal,46950.0,Vacation,54.0
USLW-APP-20240717-867,Ap160692,Em160692,Ci160692,Nk160692,2024-07-17,Mortgage,934216.0,Refinance,203.0
USLW-APP-20250109-345,Ap320156,Em320156,Ci320156,Nk320156,2025-01-09,Personal,10816.0,Debt Consolidation,58.0
USLW-APP-20250210-979,Ap323992,Em323992,Ci323992,Nk323992,2025-02-10,Auto,51257.0,Refinance,26.0
USLW-APP-20241108-315,Ap616771,Em616771,Ci616771,Nk616771,2024-11-08,Personal,14580.0,Education,26.0
USLW-APP-20250103-417,Ap930857,Em930857,Ci930857,Nk930857,2025-01-03,Personal,37126.0,Home Improvement,31.0
USLW-APP-20240813-907,Ap663044,Em663044,Ci663044,Nk663044,2024-08-13,Mortgage,483362.0,Refinance,352.0
USLW-APP-20240429-605,Ap643176,Em643176,Ci643176,Nk643176,2024-04-29,Personal,10688.0,Debt Consolidation,36.0
USLW-APP-20240731-764,Ap791095,Em791095,Ci791095,Nk791095,2024-07-31,Mortgage,237409.0,Home Purchase,218.0
USLW-APP-20240617-357,Ap933727,Em933727,Ci933727,Nk933727,2024-06-17,Mortgage,470432.0,Refinance,195.0
USLW-APP-20250131-811,Ap214352,Em214352,Ci214352,Nk214352,2025-01-31,Personal,41800.0,Debt Consolidation,33.0
USLW-APP-20250326-408,Ap969474,Em969474,Ci969474,Nk969474,2025-03-26,Auto,6384.0,Refinance,65.0
USLW-APP-20241026-337,Ap185999,Em185999,Ci185999,Nk185999,2024-10-26,Personal,12816.0,Vacation,31.0
USLW-APP-20250106-354,Ap117955,Em117955,Ci117955,Nk117955,2025-01-06,Small Business,432216.0,Working Capital,36.0
USLW-APP-20250228-524,Ap924273,Em924273,Ci924273,Nk924273,2025-02-28,Personal,18325.0,Education,23.0
USLW-APP-20240906-463,Ap170640,Em170640,Ci170640,Nk170640,2024-09-06,Personal,49288.0,Other,48.0
USLW-APP-20240430-434,Ap296582,Em296582,Ci296582,Nk296582,2024-04-30,Small Business,236122.0,Expansion,29.0
USLW-APP-20240705-817,Ap844086,Em844086,Ci844086,Nk844086,2024-07-05,Personal,31566.0,Home Improvement,33.0
USLW-APP-20240726-764,Ap500573,Em500573,Ci500573,Nk500573,2024-07-26,Personal,3265.0,Home Improvement,39.0
USLW-APP-20240514-219,Ap525695,Em525695,Ci525695,Nk525695,2024-05-14,Small Business,53632.0,Expansion,31.0
USLW-APP-20240613-905,Ap161476,Em161476,Ci161476,Nk161476,2024-06-13,Small Business,297893.0,Inventory,42.0
USLW-APP-20240530-864,Ap406955,Em406955,Ci406955,Nk406955,2024-05-30,Personal,11701.0,Debt Consolidation,55.0
USLW-APP-20240730-618,Ap267280,Em267280,Ci267280,Nk267280,2024-07-30,Personal,30763.0,Education,19.0
USLW-APP-20250102-302,Ap775510,Em775510,Ci775510,Nk775510,2025-01-02,Personal,37693.0,Debt Consolidation,24.0
USLW-APP-20241002-764,Ap695468,Em695468,Ci695468,Nk695468,2024-10-02,Personal,7005.0,Home Improvement,18.0
USLW-APP-20240513-968,Ap798646,Em798646,Ci798646,Nk798646,2024-05-13,Personal,46182.0,Medical Expenses,46.0
USLW-APP-20241228-358,Ap737144,Em737144,Ci737144,Nk737144,2024-12-28,Personal,46648.0,Medical Expenses,18.0
USLW-APP-20250312-396,Ap954882,Em954882,Ci954882,Nk954882,2025-03-12,Auto,68891.0,New Car Purchase,28.0
USLW-APP-20240604-180,Ap514568,Em514568,Ci514568,Nk514568,2024-06-04,Auto,69543.0,Used Car Purchase,57.0
USLW-APP-20250129-412,Ap286141,Em286141,Ci286141,Nk286141,2025-01-29,Auto,20491.0,Used Car Purchase,49.0
USLW-APP-20240415-813,Ap998320,Em998320,Ci998320,Nk998320,2024-04-15,Small Business,55598.0,Working Capital,28.0
USLW-APP-20240825-676,Ap734736,Em734736,Ci734736,Nk734736,2024-08-25,Mortgage,837252.0,Refinance,250.0
USLW-APP-20250109-983,Ap638685,Em638685,Ci638685,Nk638685,2025-01-09,Small Business,198403.0,Working Capital,35.0
USLW-APP-20241019-450,Ap278031,Em278031,Ci278031,Nk278031,2024-10-19,Auto,47660.0,New Car Purchase,43.0
USLW-APP-20240707-723,Ap219180,Em219180,Ci219180,Nk219180,2024-07-07,Personal,6097.0,Vacation,46.0
USLW-APP-20240507-627,Ap166234,Em166234,Ci166234,Nk166234,2024-05-07,Personal,42257.0,Home Improvement,12.0
USLW-APP-20241016-866,Ap664242,Em664242,Ci664242,Nk664242,2024-10-16,Personal,25930.0,Vacation,27.0
USLW-APP-20240826-673,Ap278352,Em278352,Ci278352,Nk278352,2024-08-26,Personal,32798.0,Vacation,41.0
USLW-APP-20240611-264,Ap179459,Em179459,Ci179459,Nk179459,2024-06-11,Small Business,347209.0,Expansion,54.0
USLW-APP-20250303-859,Ap509995,Em509995,Ci509995,Nk509995,2025-03-03,Small Business,212419.0,Expansion,51.0
USLW-APP-20240805-673,Ap295004,Em295004,Ci295004,Nk295004,2024-08-05,Personal,22912.0,Medical Expenses,31.0
USLW-APP-20240822-112,Ap566152,Em566152,Ci566152,Nk566152,2024-08-22,Mortgage,732951.0,Refinance,268.0
USLW-APP-20250130-117,Ap825256,Em825256,Ci825256,Nk825256,2025-01-30,Auto,35759.0,Used Car Purchase,29.0
USLW-APP-20250317-677,Ap159163,Em159163,Ci159163,Nk159163,2025-03-17,Personal,15940.0,Other,19.0
USLW-APP-20241225-371,Ap575853,Em575853,Ci575853,Nk575853,2024-12-25,Mortgage,822197.0,Refinance,184.0
USLW-APP-20240613-737,Ap151934,Em151934,Ci151934,Nk151934,2024-06-13,Personal,22980.0,Education,16.0
USLW-APP-20240915-418,Ap820255,Em820255,Ci820255,Nk820255,2024-09-15,Mortgage,637967.0,Refinance,272.0
USLW-APP-20240911-825,Ap525523,Em525523,Ci525523,Nk525523,2024-09-11,Mortgage,554606.0,Refinance,326.0
USLW-APP-20240825-948,Ap940530,Em940530,Ci940530,Nk940530,2024-08-25,Mortgage,416794.0,Refinance,317.0
USLW-APP-20250310-352,Ap554137,Em554137,Ci554137,Nk554137,2025-03-10,Personal,22607.0,Home Improvement,32.0
USLW-APP-20241126-310,Ap105486,Em105486,Ci105486,Nk105486,2024-11-26,Personal,21494.0,Education,33.0
USLW-APP-20250108-879,Ap239407,Em239407,Ci239407,Nk239407,2025-01-08,Small Business,285794.0,Startup Costs,33.0
USLW-APP-20241116-124,Ap973332,Em973332,Ci973332,Nk973332,2024-11-16,Personal,6852.0,Medical Expenses,41.0
USLW-APP-20240716-115,Ap750308,Em750308,Ci750308,Nk750308,2024-07-16,Mortgage,572039.0,Refinance,308.0
USLW-APP-20240419-687,Ap727083,Em727083,Ci727083,Nk727083,2024-04-19,Small Business,410164.0,Working Capital,36.0
USLW-APP-20250328-524,Ap320184,Em320184,Ci320184,Nk320184,2025-03-28,Personal,41458.0,Other,55.0
USLW-APP-20240909-578,Ap766490,Em766490,Ci766490,Nk766490,2024-09-09,Small Business,235192.0,Equipment Purchase,26.0
USLW-APP-20241211-900,Ap449652,Em449652,Ci449652,Nk449652,2024-12-11,Small Business,304015.0,Inventory,70.0
USLW-APP-20250316-316,Ap861315,Em861315,Ci861315,Nk861315,2025-03-16,Personal,43362.0,Medical Expenses,54.0
USLW-APP-20240628-726,Ap742612,Em742612,Ci742612,Nk742612,2024-06-28,Personal,11727.0,Home Improvement,43.0
USLW-APP-20240506-561,Ap422710,Em422710,Ci422710,Nk422710,2024-05-06,Personal,4816.0,Medical Expenses,34.0
USLW-APP-20240724-568,Ap297775,Em297775,Ci297775,Nk297775,2024-07-24,Personal,5983.0,Other,27.0
USLW-APP-20240530-523,Ap389336,Em389336,Ci389336,Nk389336,2024-05-30,Small Business,223901.0,Startup Costs,25.0
USLW-APP-20240626-855,Ap887494,Em887494,Ci887494,Nk887494,2024-06-26,Small Business,443763.0,Inventory,76.0
USLW-APP-20250327-955,Ap708364,Em708364,Ci708364,Nk708364,2025-03-27,Personal,24374.0,Vacation,19.0
USLW-APP-20240725-530,Ap189780,Em189780,Ci189780,Nk189780,2024-07-25,Personal,26537.0,Medical Expenses,29.0
USLW-APP-20240802-410,Ap252617,Em252617,Ci252617,Nk252617,2024-08-02,Small Business,170345.0,Equipment Purchase,25.0
USLW-APP-20250111-762,Ap645977,Em645977,Ci645977,Nk645977,2025-01-11,Personal,3560.0,Medical Expenses,47.0
USLW-APP-20240404-471,Ap897606,Em897606,Ci897606,Nk897606,2024-04-04,Small Business,311320.0,Startup Costs,24.0
USLW-APP-20240616-113,Ap450605,Em450605,Ci450605,Nk450605,2024-06-16,Mortgage,973845.0,Home Purchase,310.0
USLW-APP-20240721-250,Ap989465,Em989465,Ci989465,Nk989465,2024-07-21,Personal,41925.0,Debt Consolidation,41.0
USLW-APP-20241013-827,Ap633636,Em633636,Ci633636,Nk633636,2024-10-13,Personal,9096.0,Vacation,35.0
USLW-APP-20240812-369,Ap138102,Em138102,Ci138102,Nk138102,2024-08-12,Small Business,164363.0,Expansion,76.0
USLW-APP-20250126-785,Ap174460,Em174460,Ci174460,Nk174460,2025-01-26,Personal,2638.0,Vacation,57.0
USLW-APP-20240531-418,Ap464778,Em464778,Ci464778,Nk464778,2024-05-31,Mortgage,876201.0,Home Purchase,213.0
USLW-APP-20240803-644,Ap189930,Em189930,Ci189930,Nk189930,2024-08-03,Small Business,49603.0,Expansion,84.0
USLW-APP-20240410-250,Ap631089,Em631089,Ci631089,Nk631089,2024-04-10,Personal,41681.0,Vacation,15.0
USLW-APP-20240805-457,Ap727438,Em727438,Ci727438,Nk727438,2024-08-05,Small Business,461783.0,Working Capital,33.0
USLW-APP-20240716-378,Ap827627,Em827627,Ci827627,Nk827627,2024-07-16,Personal,17536.0,Home Improvement,38.0
USLW-APP-20240914-581,Ap279208,Em279208,Ci279208,Nk279208,2024-09-14,Personal,2323.0,Vacation,34.0
USLW-APP-20240730-199,Ap254697,Em254697,Ci254697,Nk254697,2024-07-30,Small Business,99249.0,Startup Costs,65.0
USLW-APP-20240605-256,Ap313945,Em313945,Ci313945,Nk313945,2024-06-05,Small Business,274911.0,Inventory,42.0
USLW-APP-20250117-194,Ap331915,Em331915,Ci331915,Nk331915,2025-01-17,Mortgage,681192.0,Refinance,205.0
USLW-APP-20240515-125,Ap827952,Em827952,Ci827952,Nk827952,2024-05-15,Small Business,52711.0,Expansion,31.0
USLW-APP-20240620-310,Ap308124,Em308124,Ci308124,Nk308124,2024-06-20,Auto,21578.0,Used Car Purchase,40.0
USLW-APP-20240606-513,Ap537477,Em537477,Ci537477,Nk537477,2024-06-06,Personal,22832.0,Education,31.0
USLW-APP-20250101-452,Ap625830,Em625830,Ci625830,Nk625830,2025-01-01,Personal,13731.0,Home Improvement,24.0
USLW-APP-20240708-257,Ap383821,Em383821,Ci383821,Nk383821,2024-07-08,Auto,22765.0,Refinance,42.0
USLW-APP-20250219-116,Ap277804,Em277804,Ci277804,Nk277804,2025-02-19,Small Business,252216.0,Startup Costs,39.0
USLW-APP-20250227-753,Ap805703,Em805703,Ci805703,Nk805703,2025-02-27,Personal,26723.0,Vacation,26.0
USLW-APP-20250225-136,Ap139081,Em139081,Ci139081,Nk139081,2025-02-25,Personal,14614.0,Medical Expenses,38.0
USLW-APP-20241002-175,Ap818216,Em818216,Ci818216,Nk818216,2024-10-02,Personal,49823.0,Medical Expenses,20.0
USLW-APP-20240402-606,Ap455249,Em455249,Ci455249,Nk455249,2024-04-02,Small Business,136415.0,Equipment Purchase,63.0
USLW-APP-20241028-593,Ap319930,Em319930,Ci319930,Nk319930,2024-10-28,Mortgage,552680.0,Home Purchase,322.0
USLW-APP-20240809-204,Ap905497,Em905497,Ci905497,Nk905497,2024-08-09,Mortgage,780423.0,Home Purchase,208.0
USLW-APP-20241003-236,Ap617313,Em617313,Ci617313,Nk617313,2024-10-03,Personal,33249.0,Medical Expenses,34.0
USLW-APP-20240805-325,Ap314532,Em314532,Ci314532,Nk314532,2024-08-05,Small Business,464294.0,Expansion,79.0
USLW-APP-20240516-419,Ap712380,Em712380,Ci712380,Nk712380,2024-05-16,Small Business,467181.0,Startup Costs,48.0
USLW-APP-20240530-762,Ap619332,Em619332,Ci619332,Nk619332,2024-05-30,Small Business,30906.0,Working Capital,45.0
USLW-APP-20240828-197,Ap416837,Em416837,Ci416837,Nk416837,2024-08-28,Small Business,388689.0,Inventory,67.0
USLW-APP-20250103-486,Ap389106,Em389106,Ci389106,Nk389106,2025-01-03,Auto,12980.0,New Car Purchase,62.0
USLW-APP-20240513-578,Ap128295,Em128295,Ci128295,Nk128295,2024-05-13,Small Business,147089.0,Equipment Purchase,66.0
USLW-APP-20240719-630,Ap113807,Em113807,Ci113807,Nk113807,2024-07-19,Personal,49287.0,Vacation,51.0
USLW-APP-20240515-614,Ap535564,Em535564,Ci535564,Nk535564,2024-05-15,Mortgage,319948.0,Refinance,263.0
USLW-APP-20240625-444,Ap257504,Em257504,Ci257504,Nk257504,2024-06-25,Small Business,99834.0,Equipment Purchase,78.0
USLW-APP-20240909-990,Ap338067,Em338067,Ci338067,Nk338067,2024-09-09,Auto,74105.0,New Car Purchase,59.0
USLW-APP-20240621-855,Ap585008,Em585008,Ci585008,Nk585008,2024-06-21,Personal,23891.0,Debt Consolidation,21.0
USLW-APP-20241101-617,Ap792440,Em792440,Ci792440,Nk792440,2024-11-01,Mortgage,655498.0,Refinance,301.0
USLW-APP-20240408-392,Ap494540,Em494540,Ci494540,Nk494540,2024-04-08,Small Business,35772.0,Inventory,49.0
USLW-APP-20240808-648,Ap977699,Em977699,Ci977699,Nk977699,2024-08-08,Personal,9300.0,Debt Consolidation,39.0
USLW-APP-20240707-757,Ap617923,Em617923,Ci617923,Nk617923,2024-07-07,Mortgage,917403.0,Refinance,191.0
USLW-APP-20241011-563,Ap266981,Em266981,Ci266981,Nk266981,2024-10-11,Personal,32277.0,Other,19.0
USLW-APP-20250330-244,Ap844699,Em844699,Ci844699,Nk844699,2025-03-30,Small Business,189717.0,Inventory,25.0
USLW-APP-20241021-790,Ap119870,Em119870,Ci119870,Nk119870,2024-10-21,Personal,10707.0,Home Improvement,41.0
USLW-APP-20240918-506,Ap303196,Em303196,Ci303196,Nk303196,2024-09-18,Small Business,64722.0,Expansion,75.0
USLW-APP-20240426-350,Ap348683,Em348683,Ci348683,Nk348683,2024-04-26,Personal,35856.0,Other,33.0
USLW-APP-20241021-500,Ap334677,Em334677,Ci334677,Nk334677,2024-10-21,Personal,47185.0,Vacation,45.0
USLW-APP-20240729-436,Ap126790,Em126790,Ci126790,Nk126790,2024-07-29,Personal,34910.0,Medical Expenses,48.0
USLW-APP-20240927-669,Ap743162,Em743162,Ci743162,Nk743162,2024-09-27,Small Business,294314.0,Startup Costs,67.0
USLW-APP-20240517-599,Ap911721,Em911721,Ci911721,Nk911721,2024-05-17,Personal,4510.0,Other,33.0
USLW-APP-20250217-437,Ap548345,Em548345,Ci548345,Nk548345,2025-02-17,Small Business,459342.0,Startup Costs,60.0
USLW-APP-20241114-493,Ap849074,Em849074,Ci849074,Nk849074,2024-11-14,Personal,37167.0,Other,22.0
USLW-APP-20240801-525,Ap587462,Em587462,Ci587462,Nk587462,2024-08-01,Personal,40796.0,Medical Expenses,51.0
USLW-APP-20240901-184,Ap639773,Em639773,Ci639773,Nk639773,2024-09-01,Personal,20142.0,Other,29.0
USLW-APP-20241130-483,Ap930914,Em930914,Ci930914,Nk930914,2024-11-30,Small Business,213115.0,Inventory,26.0
USLW-APP-20241109-506,Ap186188,Em186188,Ci186188,Nk186188,2024-11-09,Personal,36437.0,Other,48.0
USLW-APP-20240417-143,Ap629036,Em629036,Ci629036,Nk629036,2024-04-17,Personal,45709.0,Debt Consolidation,60.0
USLW-APP-20240810-263,Ap842129,Em842129,Ci842129,Nk842129,2024-08-10,Personal,47394.0,Other,32.0
USLW-APP-20240910-716,Ap764795,Em764795,Ci764795,Nk764795,2024-09-10,Personal,29361.0,Vacation,31.0
USLW-APP-20240420-876,Ap890141,Em890141,Ci890141,Nk890141,2024-04-20,Auto,74029.0,Used Car Purchase,36.0
USLW-APP-20240905-170,Ap748249,Em748249,Ci748249,Nk748249,2024-09-05,Mortgage,77759.0,Refinance,345.0
USLW-APP-20240531-643,Ap130355,Em130355,Ci130355,Nk130355,2024-05-31,Mortgage,784091.0,Refinance,240.0
USLW-APP-20250207-525,Ap811131,Em811131,Ci811131,Nk811131,2025-02-07,Mortgage,211850.0,Refinance,284.0
USLW-APP-20240615-266,Ap551015,Em551015,Ci551015,Nk551015,2024-06-15,Auto,7401.0,Used Car Purchase,26.0
USLW-APP-20250202-920,Ap506332,Em506332,Ci506332,Nk506332,2025-02-02,Small Business,133276.0,Expansion,50.0
USLW-APP-20240912-132,Ap256542,Em256542,Ci256542,Nk256542,2024-09-12,Personal,28266.0,Debt Consolidation,27.0
USLW-APP-20240414-865,Ap273416,Em273416,Ci273416,Nk273416,2024-04-14,Small Business,89044.0,Startup Costs,26.0
USLW-APP-20240509-752,Ap405062,Em405062,Ci405062,Nk405062,2024-05-09,Personal,47178.0,Education,26.0
USLW-APP-20240822-976,Ap938656,Em938656,Ci938656,Nk938656,2024-08-22,Small Business,380685.0,Expansion,68.0
USLW-APP-20250309-125,Ap663586,Em663586,Ci663586,Nk663586,2025-03-09,Mortgage,454953.0,Refinance,256.0
USLW-APP-20240428-322,Ap601708,Em601708,Ci601708,Nk601708,2024-04-28,Small Business,49034.0,Inventory,59.0
USLW-APP-20240917-366,Ap966651,Em966651,Ci966651,Nk966651,2024-09-17,Small Business,275908.0,Startup Costs,80.0
USLW-APP-20240827-247,Ap161629,Em161629,Ci161629,Nk161629,2024-08-27,Auto,30046.0,Refinance,69.0
USLW-APP-20241025-204,Ap428184,Em428184,Ci428184,Nk428184,2024-10-25,Mortgage,83512.0,Refinance,360.0
USLW-APP-20240919-323,Ap592734,Em592734,Ci592734,Nk592734,2024-09-19,Small Business,292297.0,Equipment Purchase,51.0
USLW-APP-20241006-435,Ap855195,Em855195,Ci855195,Nk855195,2024-10-06,Personal,30217.0,Education,41.0
USLW-APP-20241020-246,Ap390160,Em390160,Ci390160,Nk390160,2024-10-20,Mortgage,835678.0,Refinance,209.0
USLW-APP-20240827-390,Ap648248,Em648248,Ci648248,Nk648248,2024-08-27,Personal,18754.0,Other,47.0
USLW-APP-20240709-994,Ap920023,Em920023,Ci920023,Nk920023,2024-07-09,Mortgage,858926.0,Refinance,356.0
USLW-APP-20241228-918,Ap313920,Em313920,Ci313920,Nk313920,2024-12-28,Auto,29085.0,Used Car Purchase,41.0
USLW-APP-20241025-972,Ap989765,Em989765,Ci989765,Nk989765,2024-10-25,Personal,3675.0,Home Improvement,34.0
USLW-APP-20241226-573,Ap342804,Em342804,Ci342804,Nk342804,2024-12-26,Personal,42157.0,Home Improvement,13.0
USLW-APP-20241205-596,Ap476965,Em476965,Ci476965,Nk476965,2024-12-05,Mortgage,848088.0,Refinance,300.0
USLW-APP-20241019-776,Ap560857,Em560857,Ci560857,Nk560857,2024-10-19,Small Business,123284.0,Expansion,83.0
USLW-APP-20240825-909,Ap922827,Em922827,Ci922827,Nk922827,2024-08-25,Mortgage,600685.0,Home Purchase,239.0
USLW-APP-20240917-620,Ap604492,Em604492,Ci604492,Nk604492,2024-09-17,Personal,23056.0,Vacation,27.0
USLW-APP-20241120-221,Ap753983,Em753983,Ci753983,Nk753983,2024-11-20,Personal,38065.0,Medical Expenses,13.0
USLW-APP-20240817-136,Ap515916,Em515916,Ci515916,Nk515916,2024-08-17,Personal,45220.0,Home Improvement,34.0
USLW-APP-20241104-810,Ap921052,Em921052,Ci921052,Nk921052,2024-11-04,Personal,25556.0,Education,51.0
USLW-APP-20240409-167,Ap858574,Em858574,Ci858574,Nk858574,2024-04-09,Auto,23646.0,Refinance,30.0
USLW-APP-20241028-854,Ap228148,Em228148,Ci228148,Nk228148,2024-10-28,Personal,30558.0,Education,49.0
USLW-APP-20241009-169,Ap906991,Em906991,Ci906991,Nk906991,2024-10-09,Mortgage,552053.0,Refinance,229.0
USLW-APP-20250208-323,Ap586261,Em586261,Ci586261,Nk586261,2025-02-08,Personal,6173.0,Home Improvement,16.0
USLW-APP-20250127-449,Ap455540,Em455540,Ci455540,Nk455540,2025-01-27,Mortgage,215758.0,Home Purchase,214.0
USLW-APP-20240430-360,Ap292714,Em292714,Ci292714,Nk292714,2024-04-30,Personal,18348.0,Vacation,17.0
USLW-APP-20250203-918,Ap831899,Em831899,Ci831899,Nk831899,2025-02-03,Personal,27275.0,Medical Expenses,32.0
USLW-APP-20240406-131,Ap383876,Em383876,Ci383876,Nk383876,2024-04-06,Personal,29219.0,Vacation,26.0
USLW-APP-20240626-955,Ap359747,Em359747,Ci359747,Nk359747,2024-06-26,Personal,23482.0,Home Improvement,18.0
USLW-APP-20240608-368,Ap715650,Em715650,Ci715650,Nk715650,2024-06-08,Personal,28767.0,Vacation,30.0
USLW-APP-20250117-327,Ap523570,Em523570,Ci523570,Nk523570,2025-01-17,Personal,46318.0,Medical Expenses,58.0
USLW-APP-20250110-228,Ap375987,Em375987,Ci375987,Nk375987,2025-01-10,Small Business,105399.0,Expansion,58.0
USLW-APP-20250329-861,Ap738353,Em738353,Ci738353,Nk738353,2025-03-29,Small Business,388182.0,Equipment Purchase,77.0
USLW-APP-20240815-167,Ap958158,Em958158,Ci958158,Nk958158,2024-08-15,Personal,18080.0,Debt Consolidation,43.0
USLW-APP-20250328-748,Ap117640,Em117640,Ci117640,Nk117640,2025-03-28,Small Business,85274.0,Expansion,66.0
USLW-APP-20240726-346,Ap152528,Em152528,Ci152528,Nk152528,2024-07-26,Mortgage,411318.0,Refinance,277.0
USLW-APP-20250130-385,Ap924845,Em924845,Ci924845,Nk924845,2025-01-30,Mortgage,135769.0,Home Purchase,196.0
USLW-APP-20241205-687,Ap359214,Em359214,Ci359214,Nk359214,2024-12-05,Mortgage,644563.0,Home Purchase,192.0
USLW-APP-20240511-783,Ap939070,Em939070,Ci939070,Nk939070,2024-05-11,Small Business,238857.0,Equipment Purchase,36.0
USLW-APP-20240418-507,Ap601108,Em601108,Ci601108,Nk601108,2024-04-18,Mortgage,857487.0,Home Purchase,225.0
USLW-APP-20241104-257,Ap734421,Em734421,Ci734421,Nk734421,2024-11-04,Personal,40886.0,Debt Consolidation,43.0
USLW-APP-20240409-100,Ap468501,Em468501,Ci468501,Nk468501,2024-04-09,Mortgage,887374.0,Refinance,330.0
USLW-APP-20250309-129,Ap824226,Em824226,Ci824226,Nk824226,2025-03-09,Personal,33777.0,Home Improvement,48.0
USLW-APP-20250101-644,Ap250159,Em250159,Ci250159,Nk250159,2025-01-01,Personal,22499.0,Vacation,39.0
USLW-APP-20240531-993,Ap272502,Em272502,Ci272502,Nk272502,2024-05-31,Small Business,443860.0,Equipment Purchase,54.0
USLW-APP-20250309-370,Ap255576,Em255576,Ci255576,Nk255576,2025-03-09,Personal,42216.0,Education,26.0
USLW-APP-20240923-601,Ap965291,Em965291,Ci965291,Nk965291,2024-09-23,Personal,19998.0,Home Improvement,48.0
USLW-APP-20241208-473,Ap986089,Em986089,Ci986089,Nk986089,2024-12-08,Mortgage,484492.0,Refinance,276.0
USLW-APP-20240428-361,Ap111023,Em111023,Ci111023,Nk111023,2024-04-28,Small Business,313639.0,Startup Costs,44.0
USLW-APP-20240703-477,Ap645735,Em645735,Ci645735,Nk645735,2024-07-03,Small Business,27616.0,Expansion,25.0
USLW-APP-20241004-793,Ap488043,Em488043,Ci488043,Nk488043,2024-10-04,Personal,20362.0,Other,35.0
USLW-APP-20240403-319,Ap386103,Em386103,Ci386103,Nk386103,2024-04-03,Mortgage,189924.0,Home Purchase,185.0
USLW-APP-20250304-237,Ap166203,Em166203,Ci166203,Nk166203,2025-03-04,Small Business,363957.0,Working Capital,65.0
USLW-APP-20240719-945,Ap260775,Em260775,Ci260775,Nk260775,2024-07-19,Personal,43490.0,Other,32.0
USLW-APP-20240805-121,Ap109337,Em109337,Ci109337,Nk109337,2024-08-05,Personal,3000.0,Debt Consolidation,54.0
USLW-APP-20241230-632,Ap670715,Em670715,Ci670715,Nk670715,2024-12-30,Small Business,450793.0,Startup Costs,71.0
USLW-APP-20240829-482,Ap614723,Em614723,Ci614723,Nk614723,2024-08-29,Personal,27935.0,Vacation,32.0
USLW-APP-20240627-714,Ap423673,Em423673,Ci423673,Nk423673,2024-06-27,Auto,58775.0,Refinance,38.0
USLW-APP-20241013-360,Ap464167,Em464167,Ci464167,Nk464167,2024-10-13,Small Business,292339.0,Equipment Purchase,24.0
USLW-APP-20240510-312,Ap446809,Em446809,Ci446809,Nk446809,2024-05-10,Mortgage,665635.0,Refinance,296.0
USLW-APP-20240510-260,Ap730075,Em730075,Ci730075,Nk730075,2024-05-10,Personal,38234.0,Debt Consolidation,14.0
USLW-APP-20240720-310,Ap787281,Em787281,Ci787281,Nk787281,2024-07-20,Small Business,398325.0,Inventory,33.0
USLW-APP-20240922-639,Ap395451,Em395451,Ci395451,Nk395451,2024-09-22,Mortgage,397695.0,Refinance,220.0
USLW-APP-20241106-473,Ap520571,Em520571,Ci520571,Nk520571,2024-11-06,Mortgage,348041.0,Refinance,217.0
USLW-APP-20250331-628,Ap227016,Em227016,Ci227016,Nk227016,2025-03-31,Auto,35820.0,Used Car Purchase,46.0
USLW-APP-20250115-693,Ap891267,Em891267,Ci891267,Nk891267,2025-01-15,Personal,2901.0,Medical Expenses,27.0
USLW-APP-20250327-623,Ap644447,Em644447,Ci644447,Nk644447,2025-03-27,Personal,11253.0,Vacation,45.0
USLW-APP-20241005-368,Ap597562,Em597562,Ci597562,Nk597562,2024-10-05,Personal,20049.0,Other,16.0
USLW-APP-20240602-642,Ap802965,Em802965,Ci802965,Nk802965,2024-06-02,Auto,18245.0,Refinance,64.0
USLW-APP-20240508-406,Ap483934,Em483934,Ci483934,Nk483934,2024-05-08,Personal,28264.0,Other,27.0
USLW-APP-20240828-932,Ap992048,Em992048,Ci992048,Nk992048,2024-08-28,Personal,33614.0,Education,41.0
USLW-APP-20241225-355,Ap965184,Em965184,Ci965184,Nk965184,2024-12-25,Mortgage,195446.0,Refinance,199.0
USLW-APP-20241105-172,Ap417428,Em417428,Ci417428,Nk417428,2024-11-05,Small Business,143376.0,Expansion,64.0
USLW-APP-20250128-227,Ap419187,Em419187,Ci419187,Nk419187,2025-01-28,Personal,29387.0,Debt Consolidation,20.0
USLW-APP-20241225-518,Ap790907,Em790907,Ci790907,Nk790907,2024-12-25,Mortgage,426121.0,Home Purchase,347.0
USLW-APP-20240904-495,Ap983439,Em983439,Ci983439,Nk983439,2024-09-04,Personal,13827.0,Home Improvement,34.0
USLW-APP-20250222-930,Ap182844,Em182844,Ci182844,Nk182844,2025-02-22,Mortgage,728650.0,Home Purchase,290.0
USLW-APP-20240827-820,Ap651820,Em651820,Ci651820,Nk651820,2024-08-27,Personal,19801.0,Vacation,59.0
USLW-APP-20240826-810,Ap265421,Em265421,Ci265421,Nk265421,2024-08-26,Personal,22188.0,Other,25.0
USLW-APP-20250219-699,Ap222402,Em222402,Ci222402,Nk222402,2025-02-19,Auto,58097.0,Used Car Purchase,53.0
USLW-APP-20250301-103,Ap218012,Em218012,Ci218012,Nk218012,2025-03-01,Personal,26468.0,Debt Consolidation,22.0
USLW-APP-20240731-640,Ap538661,Em538661,Ci538661,Nk538661,2024-07-31,Small Business,267239.0,Expansion,39.0
USLW-APP-20240429-934,Ap498929,Em498929,Ci498929,Nk498929,2024-04-29,Small Business,259978.0,Working Capital,59.0
USLW-APP-20250202-345,Ap680466,Em680466,Ci680466,Nk680466,2025-02-02,Personal,27012.0,Vacation,58.0
USLW-APP-20240627-704,Ap673695,Em673695,Ci673695,Nk673695,2024-06-27,Small Business,303785.0,Inventory,78.0
USLW-APP-20250301-642,Ap563556,Em563556,Ci563556,Nk563556,2025-03-01,Personal,44616.0,Education,17.0
USLW-APP-20250105-346,Ap675278,Em675278,Ci675278,Nk675278,2025-01-05,Personal,18661.0,Medical Expenses,16.0
USLW-APP-20250201-324,Ap229473,Em229473,Ci229473,Nk229473,2025-02-01,Mortgage,716182.0,Home Purchase,310.0
USLW-APP-20250204-940,Ap578007,Em578007,Ci578007,Nk578007,2025-02-04,Personal,48408.0,Vacation,33.0
USLW-APP-20240414-875,Ap944573,Em944573,Ci944573,Nk944573,2024-04-14,Small Business,174031.0,Working Capital,83.0
USLW-APP-20240605-630,Ap517009,Em517009,Ci517009,Nk517009,2024-06-05,Mortgage,907616.0,Home Purchase,252.0
USLW-APP-20240717-685,Ap418714,Em418714,Ci418714,Nk418714,2024-07-17,Mortgage,490300.0,Refinance,324.0
USLW-APP-20240819-824,Ap326156,Em326156,Ci326156,Nk326156,2024-08-19,Small Business,120204.0,Working Capital,70.0
USLW-APP-20250320-213,Ap268964,Em268964,Ci268964,Nk268964,2025-03-20,Personal,5431.0,Debt Consolidation,37.0
USLW-APP-20240502-853,Ap625303,Em625303,Ci625303,Nk625303,2024-05-02,Personal,11154.0,Home Improvement,41.0
USLW-APP-20241231-951,Ap161813,Em161813,Ci161813,Nk161813,2024-12-31,Small Business,435606.0,Equipment Purchase,39.0
USLW-APP-20241208-683,Ap127712,Em127712,Ci127712,Nk127712,2024-12-08,Small Business,158172.0,Equipment Purchase,63.0
USLW-APP-20250203-174,Ap724785,Em724785,Ci724785,Nk724785,2025-02-03,Personal,9460.0,Vacation,46.0
USLW-APP-20250111-345,Ap867214,Em867214,Ci867214,Nk867214,2025-01-11,Mortgage,105029.0,Home Purchase,320.0
USLW-APP-20240718-484,Ap212816,Em212816,Ci212816,Nk212816,2024-07-18,Small Business,466353.0,Equipment Purchase,77.0
USLW-APP-20250402-826,Ap228778,Em228778,Ci228778,Nk228778,2025-04-02,Personal,29685.0,Other,54.0
USLW-APP-20250321-554,Ap686580,Em686580,Ci686580,Nk686580,2025-03-21,Mortgage,739703.0,Home Purchase,353.0
USLW-APP-20240823-373,Ap385977,Em385977,Ci385977,Nk385977,2024-08-23,Personal,2271.0,Debt Consolidation,40.0
USLW-APP-20240913-592,Ap235230,Em235230,Ci235230,Nk235230,2024-09-13,Personal,25678.0,Medical Expenses,28.0
USLW-APP-20250121-116,Ap818040,Em818040,Ci818040,Nk818040,2025-01-21,Auto,28495.0,Refinance,33.0
USLW-APP-20240912-546,Ap906741,Em906741,Ci906741,Nk906741,2024-09-12,Personal,8124.0,Debt Consolidation,29.0
USLW-APP-20241020-579,Ap369114,Em369114,Ci369114,Nk369114,2024-10-20,Small Business,257789.0,Inventory,72.0
USLW-APP-20240406-306,Ap434618,Em434618,Ci434618,Nk434618,2024-04-06,Mortgage,691754.0,Refinance,353.0
USLW-APP-20240512-160,Ap932972,Em932972,Ci932972,Nk932972,2024-05-12,Personal,46599.0,Other,58.0
USLW-APP-20240527-371,Ap251456,Em251456,Ci251456,Nk251456,2024-05-27,Personal,45471.0,Medical Expenses,57.0
USLW-APP-20241026-753,Ap904449,Em904449,Ci904449,Nk904449,2024-10-26,Auto,64326.0,New Car Purchase,38.0
USLW-APP-20250131-877,Ap962312,Em962312,Ci962312,Nk962312,2025-01-31,Mortgage,592161.0,Home Purchase,286.0
USLW-APP-20241222-219,Ap205570,Em205570,Ci205570,Nk205570,2024-12-22,Personal,47881.0,Home Improvement,14.0
USLW-APP-20240905-351,Ap370846,Em370846,Ci370846,Nk370846,2024-09-05,Personal,49217.0,Medical Expenses,39.0
USLW-APP-20240606-273,Ap100404,Em100404,Ci100404,Nk100404,2024-06-06,Personal,26718.0,Vacation,35.0
USLW-APP-20241119-770,Ap803286,Em803286,Ci803286,Nk803286,2024-11-19,Personal,19795.0,Debt Consolidation,26.0
USLW-APP-20240419-286,Ap374907,Em374907,Ci374907,Nk374907,2024-04-19,Personal,21435.0,Home Improvement,30.0
USLW-APP-20240617-614,Ap773744,Em773744,Ci773744,Nk773744,2024-06-17,Personal,37088.0,Other,49.0
USLW-APP-20240713-467,Ap815460,Em815460,Ci815460,Nk815460,2024-07-13,Personal,43971.0,Debt Consolidation,40.0
USLW-APP-20241201-469,Ap984574,Em984574,Ci984574,Nk984574,2024-12-01,Personal,46053.0,Vacation,49.0
USLW-APP-20250321-126,Ap765220,Em765220,Ci765220,Nk765220,2025-03-21,Personal,12546.0,Debt Consolidation,23.0
USLW-APP-20240710-470,Ap335365,Em335365,Ci335365,Nk335365,2024-07-10,Personal,44968.0,Home Improvement,30.0
USLW-APP-20250110-373,Ap442786,Em442786,Ci442786,Nk442786,2025-01-10,Small Business,85351.0,Working Capital,84.0
USLW-APP-20240818-425,Ap150612,Em150612,Ci150612,Nk150612,2024-08-18,Mortgage,279464.0,Refinance,289.0
USLW-APP-20240602-244,Ap910006,Em910006,Ci910006,Nk910006,2024-06-02,Personal,33076.0,Medical Expenses,49.0
USLW-APP-20240904-230,Ap909956,Em909956,Ci909956,Nk909956,2024-09-04,Personal,36394.0,Education,24.0
USLW-APP-20241112-817,Ap300244,Em300244,Ci300244,Nk300244,2024-11-12,Small Business,238056.0,Inventory,63.0
USLW-APP-20250216-372,Ap897348,Em897348,Ci897348,Nk897348,2025-02-16,Personal,7613.0,Home Improvement,51.0
USLW-APP-20250223-365,Ap104809,Em104809,Ci104809,Nk104809,2025-02-23,Small Business,475312.0,Working Capital,31.0
USLW-APP-20240702-770,Ap263273,Em263273,Ci263273,Nk263273,2024-07-02,Personal,44221.0,Debt Consolidation,46.0
USLW-APP-20240605-288,Ap808690,Em808690,Ci808690,Nk808690,2024-06-05,Personal,24640.0,Home Improvement,23.0
USLW-APP-20241018-324,Ap244528,Em244528,Ci244528,Nk244528,2024-10-18,Mortgage,391762.0,Home Purchase,294.0
USLW-APP-20250207-328,Ap606964,Em606964,Ci606964,Nk606964,2025-02-07,Personal,40489.0,Other,21.0
USLW-APP-20241019-590,Ap549613,Em549613,Ci549613,Nk549613,2024-10-19,Personal,20688.0,Other,27.0
USLW-APP-20240914-788,Ap138765,Em138765,Ci138765,Nk138765,2024-09-14,Personal,22316.0,Education,22.0
USLW-APP-20240921-104,Ap931538,Em931538,Ci931538,Nk931538,2024-09-21,Small Business,356689.0,Startup Costs,39.0
USLW-APP-20241018-359,Ap416076,Em416076,Ci416076,Nk416076,2024-10-18,Small Business,374136.0,Equipment Purchase,67.0
USLW-APP-20240519-343,Ap943523,Em943523,Ci943523,Nk943523,2024-05-19,Small Business,108994.0,Inventory,53.0
USLW-APP-20241030-210,Ap646237,Em646237,Ci646237,Nk646237,2024-10-30,Personal,7736.0,Other,42.0
USLW-APP-20240503-829,Ap301152,Em301152,Ci301152,Nk301152,2024-05-03,Personal,17927.0,Debt Consolidation,47.0
USLW-APP-20241125-497,Ap399888,Em399888,Ci399888,Nk399888,2024-11-25,Small Business,34465.0,Working Capital,29.0
USLW-APP-20240526-589,Ap800903,Em800903,Ci800903,Nk800903,2024-05-26,Personal,11481.0,Education,26.0
USLW-APP-20240712-336,Ap994751,Em994751,Ci994751,Nk994751,2024-07-12,Small Business,201281.0,Startup Costs,33.0
USLW-APP-20241128-267,Ap192193,Em192193,Ci192193,Nk192193,2024-11-28,Small Business,104984.0,Startup Costs,41.0
USLW-APP-20240609-145,Ap136187,Em136187,Ci136187,Nk136187,2024-06-09,Small Business,337582.0,Equipment Purchase,44.0
USLW-APP-20240615-238,Ap605950,Em605950,Ci605950,Nk605950,2024-06-15,Mortgage,594636.0,Home Purchase,272.0
USLW-APP-20240913-968,Ap238311,Em238311,Ci238311,Nk238311,2024-09-13,Mortgage,943532.0,Refinance,217.0
USLW-APP-20240702-674,Ap900921,Em900921,Ci900921,Nk900921,2024-07-02,Mortgage,152501.0,Refinance,262.0
USLW-APP-20241023-373,Ap608153,Em608153,Ci608153,Nk608153,2024-10-23,Mortgage,552163.0,Refinance,265.0
USLW-APP-20240607-260,Ap289089,Em289089,Ci289089,Nk289089,2024-06-07,Personal,21080.0,Home Improvement,55.0
USLW-APP-20250307-473,Ap686165,Em686165,Ci686165,Nk686165,2025-03-07,Small Business,406446.0,Working Capital,47.0
USLW-APP-20240609-215,Ap536341,Em536341,Ci536341,Nk536341,2024-06-09,Personal,23520.0,Home Improvement,46.0
USLW-APP-20240926-191,Ap412066,Em412066,Ci412066,Nk412066,2024-09-26,Small Business,225543.0,Equipment Purchase,54.0
USLW-APP-20240807-312,Ap718362,Em718362,Ci718362,Nk718362,2024-08-07,Small Business,246346.0,Inventory,78.0
USLW-APP-20240825-537,Ap787409,Em787409,Ci787409,Nk787409,2024-08-25,Personal,15433.0,Home Improvement,29.0
USLW-APP-20241130-106,Ap661419,Em661419,Ci661419,Nk661419,2024-11-30,Small Business,468189.0,Equipment Purchase,37.0
USLW-APP-20240504-995,Ap740053,Em740053,Ci740053,Nk740053,2024-05-04,Mortgage,971016.0,Home Purchase,279.0
USLW-APP-20250225-557,Ap960395,Em960395,Ci960395,Nk960395,2025-02-25,Small Business,458962.0,Equipment Purchase,80.0
USLW-APP-20240429-691,Ap731172,Em731172,Ci731172,Nk731172,2024-04-29,Mortgage,285541.0,Refinance,240.0
USLW-APP-20250306-735,Ap225917,Em225917,Ci225917,Nk225917,2025-03-06,Personal,11113.0,Other,16.0
USLW-APP-20250214-954,Ap910717,Em910717,Ci910717,Nk910717,2025-02-14,Mortgage,818167.0,Refinance,318.0
USLW-APP-20250324-854,Ap399770,Em399770,Ci399770,Nk399770,2025-03-24,Personal,10850.0,Debt Consolidation,47.0
USLW-APP-20250318-543,Ap798168,Em798168,Ci798168,Nk798168,2025-03-18,Personal,6010.0,Other,21.0
USLW-APP-20240810-611,Ap581680,Em581680,Ci581680,Nk581680,2024-08-10,Auto,19993.0,Refinance,27.0
USLW-APP-20240630-688,Ap381342,Em381342,Ci381342,Nk381342,2024-06-30,Personal,6989.0,Debt Consolidation,34.0
USLW-APP-20241104-850,Ap639542,Em639542,Ci639542,Nk639542,2024-11-04,Auto,72769.0,New Car Purchase,33.0
USLW-APP-20240626-279,Ap144238,Em144238,Ci144238,Nk144238,2024-06-26,Auto,42745.0,New Car Purchase,38.0
USLW-APP-20240922-931,Ap101252,Em101252,Ci101252,Nk101252,2024-09-22,Personal,18861.0,Education,17.0
USLW-APP-20240618-637,Ap926196,Em926196,Ci926196,Nk926196,2024-06-18,Small Business,189506.0,Expansion,81.0
USLW-APP-20240412-852,Ap964141,Em964141,Ci964141,Nk964141,2024-04-12,Auto,57336.0,New Car Purchase,71.0
USLW-APP-20241217-233,Ap585450,Em585450,Ci585450,Nk585450,2024-12-17,Personal,44078.0,Vacation,42.0
USLW-APP-20241115-302,Ap415826,Em415826,Ci415826,Nk415826,2024-11-15,Personal,17417.0,Debt Consolidation,28.0
USLW-APP-20250213-651,Ap421638,Em421638,Ci421638,Nk421638,2025-02-13,Small Business,276591.0,Equipment Purchase,62.0
USLW-APP-20250313-889,Ap705605,Em705605,Ci705605,Nk705605,2025-03-13,Small Business,117285.0,Inventory,32.0
USLW-APP-20250115-693,Ap427359,Em427359,Ci427359,Nk427359,2025-01-15,Personal,6095.0,Vacation,27.0
USLW-APP-20241221-394,Ap702875,Em702875,Ci702875,Nk702875,2024-12-21,Personal,2617.0,Home Improvement,20.0
USLW-APP-20240519-235,Ap106949,Em106949,Ci106949,Nk106949,2024-05-19,Small Business,107480.0,Equipment Purchase,44.0
USLW-APP-20250211-524,Ap863185,Em863185,Ci863185,Nk863185,2025-02-11,Small Business,239560.0,Startup Costs,38.0
USLW-APP-20241026-873,Ap417537,Em417537,Ci417537,Nk417537,2024-10-26,Small Business,492171.0,Expansion,39.0
USLW-APP-20240704-244,Ap828913,Em828913,Ci828913,Nk828913,2024-07-04,Personal,21727.0,Medical Expenses,52.0
USLW-APP-20240423-333,Ap762301,Em762301,Ci762301,Nk762301,2024-04-23,Small Business,95393.0,Expansion,37.0
USLW-APP-20241201-896,Ap650222,Em650222,Ci650222,Nk650222,2024-12-01,Mortgage,713141.0,Refinance,307.0
USLW-APP-20250117-250,Ap880722,Em880722,Ci880722,Nk880722,2025-01-17,Personal,35359.0,Medical Expenses,51.0
USLW-APP-20240426-661,Ap555102,Em555102,Ci555102,Nk555102,2024-04-26,Small Business,147232.0,Working Capital,34.0
USLW-APP-20240818-459,Ap437889,Em437889,Ci437889,Nk437889,2024-08-18,Personal,35684.0,Debt Consolidation,49.0
USLW-APP-20240707-338,Ap576467,Em576467,Ci576467,Nk576467,2024-07-07,Personal,19487.0,Education,48.0
USLW-APP-20241129-638,Ap456600,Em456600,Ci456600,Nk456600,2024-11-29,Personal,41606.0,Education,49.0
USLW-APP-20240511-485,Ap415557,Em415557,Ci415557,Nk415557,2024-05-11,Personal,5556.0,Debt Consolidation,31.0
USLW-APP-20240428-541,Ap983671,Em983671,Ci983671,Nk983671,2024-04-28,Small Business,493761.0,Equipment Purchase,29.0
USLW-APP-20250106-437,Ap404462,Em404462,Ci404462,Nk404462,2025-01-06,Auto,8004.0,Used Car Purchase,34.0
USLW-APP-20250305-217,Ap350875,Em350875,Ci350875,Nk350875,2025-03-05,Personal,32745.0,Vacation,41.0
USLW-APP-20240422-689,Ap563389,Em563389,Ci563389,Nk563389,2024-04-22,Personal,21956.0,Debt Consolidation,40.0
USLW-APP-20240508-970,Ap170390,Em170390,Ci170390,Nk170390,2024-05-08,Mortgage,282433.0,Home Purchase,206.0
USLW-APP-20240506-621,Ap807689,Em807689,Ci807689,Nk807689,2024-05-06,Personal,45894.0,Vacation,44.0
USLW-APP-20250111-216,Ap353490,Em353490,Ci353490,Nk353490,2025-01-11,Personal,28940.0,Home Improvement,34.0
USLW-APP-20250127-627,Ap667376,Em667376,Ci667376,Nk667376,2025-01-27,Personal,39415.0,Medical Expenses,43.0
USLW-APP-20240603-192,Ap347940,Em347940,Ci347940,Nk347940,2024-06-03,Small Business,128815.0,Working Capital,82.0
USLW-APP-20250309-154,Ap465340,Em465340,Ci465340,Nk465340,2025-03-09,Mortgage,466600.0,Refinance,322.0
USLW-APP-20240413-588,Ap533027,Em533027,Ci533027,Nk533027,2024-04-13,Personal,46865.0,Home Improvement,58.0
USLW-APP-20240920-905,Ap608041,Em608041,Ci608041,Nk608041,2024-09-20,Personal,14329.0,Medical Expenses,46.0
USLW-APP-20241010-575,Ap417623,Em417623,Ci417623,Nk417623,2024-10-10,Small Business,492864.0,Startup Costs,73.0
USLW-APP-20240909-352,Ap316464,Em316464,Ci316464,Nk316464,2024-09-09,Personal,46197.0,Medical Expenses,17.0
USLW-APP-20241019-297,Ap842729,Em842729,Ci842729,Nk842729,2024-10-19,Mortgage,423423.0,Refinance,335.0
USLW-APP-20250116-883,Ap610736,Em610736,Ci610736,Nk610736,2025-01-16,Mortgage,939353.0,Home Purchase,246.0
USLW-APP-20241005-811,Ap906395,Em906395,Ci906395,Nk906395,2024-10-05,Personal,16407.0,Debt Consolidation,28.0
USLW-APP-20250313-511,Ap417267,Em417267,Ci417267,Nk417267,2025-03-13,Small Business,376428.0,Startup Costs,72.0
USLW-APP-20241024-917,Ap750199,Em750199,Ci750199,Nk750199,2024-10-24,Mortgage,823968.0,Home Purchase,259.0
USLW-APP-20250328-278,Ap988900,Em988900,Ci988900,Nk988900,2025-03-28,Small Business,45873.0,Equipment Purchase,67.0
USLW-APP-20250220-313,Ap323777,Em323777,Ci323777,Nk323777,2025-02-20,Personal,44708.0,Home Improvement,46.0
USLW-APP-20240505-792,Ap959909,Em959909,Ci959909,Nk959909,2024-05-05,Personal,37896.0,Vacation,50.0
USLW-APP-20240831-636,Ap900820,Em900820,Ci900820,Nk900820,2024-08-31,Personal,15950.0,Education,17.0
USLW-APP-20240712-700,Ap105569,Em105569,Ci105569,Nk105569,2024-07-12,Personal,22619.0,Vacation,30.0
USLW-APP-20250112-779,Ap694124,Em694124,Ci694124,Nk694124,2025-01-12,Personal,1887.0,Education,57.0
USLW-APP-20240427-835,Ap728861,Em728861,Ci728861,Nk728861,2024-04-27,Small Business,36103.0,Expansion,56.0
USLW-APP-20240413-275,Ap529802,Em529802,Ci529802,Nk529802,2024-04-13,Small Business,345543.0,Expansion,59.0
USLW-APP-20250310-455,Ap358090,Em358090,Ci358090,Nk358090,2025-03-10,Personal,8171.0,Vacation,53.0
USLW-APP-20240805-596,Ap767375,Em767375,Ci767375,Nk767375,2024-08-05,Personal,41807.0,Medical Expenses,30.0
USLW-APP-20241126-841,Ap145002,Em145002,Ci145002,Nk145002,2024-11-26,Small Business,439310.0,Inventory,67.0
USLW-APP-20241116-236,Ap871954,Em871954,Ci871954,Nk871954,2024-11-16,Auto,42249.0,New Car Purchase,46.0
USLW-APP-20240603-937,Ap761614,Em761614,Ci761614,Nk761614,2024-06-03,Mortgage,422889.0,Refinance,245.0
USLW-APP-20250102-397,Ap779574,Em779574,Ci779574,Nk779574,2025-01-02,Personal,45377.0,Other,16.0
USLW-APP-20240422-505,Ap598870,Em598870,Ci598870,Nk598870,2024-04-22,Personal,22440.0,Home Improvement,18.0
USLW-APP-20240528-309,Ap311791,Em311791,Ci311791,Nk311791,2024-05-28,Personal,37317.0,Vacation,30.0
USLW-APP-20241006-999,Ap302846,Em302846,Ci302846,Nk302846,2024-10-06,Personal,48007.0,Home Improvement,35.0
USLW-APP-20240603-606,Ap761450,Em761450,Ci761450,Nk761450,2024-06-03,Small Business,429913.0,Working Capital,79.0
USLW-APP-20240902-842,Ap766997,Em766997,Ci766997,Nk766997,2024-09-02,Mortgage,174988.0,Home Purchase,353.0
USLW-APP-20240923-333,Ap777775,Em777775,Ci777775,Nk777775,2024-09-23,Personal,37802.0,Vacation,38.0
USLW-APP-20241022-708,Ap124071,Em124071,Ci124071,Nk124071,2024-10-22,Personal,25049.0,Vacation,16.0
USLW-APP-20240911-461,Ap682531,Em682531,Ci682531,Nk682531,2024-09-11,Auto,60221.0,Used Car Purchase,53.0
USLW-APP-20250204-437,Ap994647,Em994647,Ci994647,Nk994647,2025-02-04,Personal,41723.0,Other,39.0
USLW-APP-20240908-206,Ap272312,Em272312,Ci272312,Nk272312,2024-09-08,Mortgage,801175.0,Refinance,193.0
USLW-APP-20240421-234,Ap357218,Em357218,Ci357218,Nk357218,2024-04-21,Small Business,480786.0,Expansion,30.0
USLW-APP-20240807-532,Ap314879,Em314879,Ci314879,Nk314879,2024-08-07,Mortgage,996293.0,Refinance,266.0
USLW-APP-20240408-115,Ap463714,Em463714,Ci463714,Nk463714,2024-04-08,Personal,6923.0,Other,23.0
USLW-APP-20241226-367,Ap526650,Em526650,Ci526650,Nk526650,2024-12-26,Small Business,41857.0,Equipment Purchase,55.0
USLW-APP-20240630-843,Ap431868,Em431868,Ci431868,Nk431868,2024-06-30,Personal,49978.0,Medical Expenses,27.0
USLW-APP-20240604-566,Ap962129,Em962129,Ci962129,Nk962129,2024-06-04,Personal,1206.0,Education,51.0
USLW-APP-20240705-198,Ap653020,Em653020,Ci653020,Nk653020,2024-07-05,Personal,39994.0,Debt Consolidation,53.0
USLW-APP-20241204-670,Ap745753,Em745753,Ci745753,Nk745753,2024-12-04,Personal,7121.0,Medical Expenses,57.0
USLW-APP-20240907-130,Ap517170,Em517170,Ci517170,Nk517170,2024-09-07,Mortgage,628282.0,Home Purchase,188.0
USLW-APP-20240710-243,Ap157108,Em157108,Ci157108,Nk157108,2024-07-10,Personal,27013.0,Home Improvement,28.0
USLW-APP-20250212-979,Ap580721,Em580721,Ci580721,Nk580721,2025-02-12,Personal,45896.0,Other,13.0
USLW-APP-20241102-945,Ap211195,Em211195,Ci211195,Nk211195,2024-11-02,Personal,29717.0,Debt Consolidation,47.0
USLW-APP-20250131-301,Ap989513,Em989513,Ci989513,Nk989513,2025-01-31,Small Business,390357.0,Expansion,60.0
USLW-APP-20240927-724,Ap136668,Em136668,Ci136668,Nk136668,2024-09-27,Personal,16221.0,Education,51.0
USLW-APP-20240611-392,Ap385205,Em385205,Ci385205,Nk385205,2024-06-11,Personal,47879.0,Debt Consolidation,14.0
USLW-APP-20240815-491,Ap441396,Em441396,Ci441396,Nk441396,2024-08-15,Small Business,495112.0,Startup Costs,48.0
USLW-APP-20240811-574,Ap664037,Em664037,Ci664037,Nk664037,2024-08-11,Small Business,118209.0,Expansion,77.0
USLW-APP-20241214-132,Ap230560,Em230560,Ci230560,Nk230560,2024-12-14,Auto,47314.0,New Car Purchase,48.0
USLW-APP-20250209-294,Ap466824,Em466824,Ci466824,Nk466824,2025-02-09,Mortgage,961299.0,Home Purchase,357.0
USLW-APP-20240816-996,Ap247979,Em247979,Ci247979,Nk247979,2024-08-16,Small Business,218734.0,Working Capital,75.0
USLW-APP-20240807-412,Ap249849,Em249849,Ci249849,Nk249849,2024-08-07,Personal,43344.0,Home Improvement,56.0
USLW-APP-20250301-499,Ap848589,Em848589,Ci848589,Nk848589,2025-03-01,Personal,20073.0,Other,53.0
USLW-APP-20240509-180,Ap151745,Em151745,Ci151745,Nk151745,2024-05-09,Small Business,373838.0,Working Capital,57.0
USLW-APP-20241209-794,Ap470608,Em470608,Ci470608,Nk470608,2024-12-09,Personal,39823.0,Debt Consolidation,59.0
USLW-APP-20240927-637,Ap191865,Em191865,Ci191865,Nk191865,2024-09-27,Personal,24685.0,Education,22.0
USLW-APP-20241228-899,Ap998860,Em998860,Ci998860,Nk998860,2024-12-28,Auto,65634.0,Refinance,51.0
USLW-APP-20250226-883,Ap312890,Em312890,Ci312890,Nk312890,2025-02-26,Auto,73602.0,Refinance,26.0
USLW-APP-20240727-814,Ap123624,Em123624,Ci123624,Nk123624,2024-07-27,Personal,14838.0,Vacation,28.0
USLW-APP-20240513-769,Ap123321,Em123321,Ci123321,Nk123321,2024-05-13,Mortgage,955932.0,Home Purchase,234.0
USLW-APP-20241108-457,Ap503704,Em503704,Ci503704,Nk503704,2024-11-08,Personal,38515.0,Debt Consolidation,13.0
USLW-APP-20241001-305,Ap909006,Em909006,Ci909006,Nk909006,2024-10-01,Personal,39824.0,Vacation,44.0
USLW-APP-20240430-797,Ap274293,Em274293,Ci274293,Nk274293,2024-04-30,Personal,38715.0,Home Improvement,38.0
USLW-APP-20240619-493,Ap883415,Em883415,Ci883415,Nk883415,2024-06-19,Auto,39875.0,New Car Purchase,36.0
USLW-APP-20250108-846,Ap286717,Em286717,Ci286717,Nk286717,2025-01-08,Personal,23505.0,Medical Expenses,52.0
USLW-APP-20240902-317,Ap480975,Em480975,Ci480975,Nk480975,2024-09-02,Personal,14796.0,Education,12.0
USLW-APP-20241225-413,Ap283868,Em283868,Ci283868,Nk283868,2024-12-25,Small Business,125972.0,Working Capital,83.0
USLW-APP-20250101-917,Ap759792,Em759792,Ci759792,Nk759792,2025-01-01,Personal,4752.0,Home Improvement,47.0
USLW-APP-20240605-358,Ap195257,Em195257,Ci195257,Nk195257,2024-06-05,Small Business,108987.0,Equipment Purchase,59.0
USLW-APP-20250306-868,Ap688579,Em688579,Ci688579,Nk688579,2025-03-06,Small Business,139939.0,Equipment Purchase,68.0
USLW-APP-20250222-133,Ap310176,Em310176,Ci310176,Nk310176,2025-02-22,Personal,1913.0,Debt Consolidation,60.0
USLW-APP-20241227-507,Ap290471,Em290471,Ci290471,Nk290471,2024-12-27,Personal,12714.0,Other,59.0
USLW-APP-20240505-136,Ap572930,Em572930,Ci572930,Nk572930,2024-05-05,Mortgage,998524.0,Home Purchase,190.0
USLW-APP-20250110-940,Ap936860,Em936860,Ci936860,Nk936860,2025-01-10,Personal,19095.0,Education,13.0
USLW-APP-20240423-408,Ap843091,Em843091,Ci843091,Nk843091,2024-04-23,Small Business,327380.0,Startup Costs,61.0
USLW-APP-20250324-320,Ap618862,Em618862,Ci618862,Nk618862,2025-03-24,Personal,47361.0,Vacation,19.0
USLW-APP-20250330-206,Ap575774,Em575774,Ci575774,Nk575774,2025-03-30,Small Business,86867.0,Equipment Purchase,57.0
USLW-APP-20250301-178,Ap735605,Em735605,Ci735605,Nk735605,2025-03-01,Personal,28634.0,Medical Expenses,14.0
USLW-APP-20250111-519,Ap239789,Em239789,Ci239789,Nk239789,2025-01-11,Mortgage,314248.0,Refinance,202.0
USLW-APP-20240921-159,Ap489593,Em489593,Ci489593,Nk489593,2024-09-21,Auto,66010.0,Refinance,27.0
USLW-APP-20240722-783,Ap915131,Em915131,Ci915131,Nk915131,2024-07-22,Personal,2784.0,Vacation,49.0
USLW-APP-20250215-184,Ap173686,Em173686,Ci173686,Nk173686,2025-02-15,Auto,44597.0,Used Car Purchase,51.0
USLW-APP-20240703-252,Ap167661,Em167661,Ci167661,Nk167661,2024-07-03,Auto,61153.0,Used Car Purchase,40.0
USLW-APP-20240721-371,Ap668535,Em668535,Ci668535,Nk668535,2024-07-21,Personal,25917.0,Medical Expenses,43.0
USLW-APP-20240430-160,Ap345121,Em345121,Ci345121,Nk345121,2024-04-30,Auto,11036.0,Used Car Purchase,67.0
USLW-APP-20240607-732,Ap772108,Em772108,Ci772108,Nk772108,2024-06-07,Personal,25972.0,Other,48.0
USLW-APP-20240914-264,Ap467257,Em467257,Ci467257,Nk467257,2024-09-14,Auto,66835.0,Refinance,66.0
USLW-APP-20240726-207,Ap366765,Em366765,Ci366765,Nk366765,2024-07-26,Personal,18291.0,Medical Expenses,17.0
USLW-APP-20240926-518,Ap246106,Em246106,Ci246106,Nk246106,2024-09-26,Small Business,60908.0,Inventory,26.0
USLW-APP-20250328-147,Ap358930,Em358930,Ci358930,Nk358930,2025-03-28,Personal,25887.0,Medical Expenses,54.0
USLW-APP-20241002-193,Ap760482,Em760482,Ci760482,Nk760482,2024-10-02,Personal,18937.0,Medical Expenses,18.0
USLW-APP-20240628-100,Ap904462,Em904462,Ci904462,Nk904462,2024-06-28,Small Business,118830.0,Equipment Purchase,67.0
USLW-APP-20240417-205,Ap969270,Em969270,Ci969270,Nk969270,2024-04-17,Mortgage,698943.0,Home Purchase,274.0
USLW-APP-20241028-221,Ap971149,Em971149,Ci971149,Nk971149,2024-10-28,Auto,73223.0,Used Car Purchase,60.0
USLW-APP-20240829-760,Ap548874,Em548874,Ci548874,Nk548874,2024-08-29,Personal,46663.0,Vacation,48.0
USLW-APP-20240413-971,Ap662926,Em662926,Ci662926,Nk662926,2024-04-13,Personal,45691.0,Home Improvement,55.0
USLW-APP-20240824-464,Ap953499,Em953499,Ci953499,Nk953499,2024-08-24,Personal,26144.0,Other,31.0
USLW-APP-20240925-723,Ap218033,Em218033,Ci218033,Nk218033,2024-09-25,Personal,39440.0,Debt Consolidation,54.0
USLW-APP-20250114-563,Ap730265,Em730265,Ci730265,Nk730265,2025-01-14,Personal,28980.0,Medical Expenses,26.0
USLW-APP-20240515-792,Ap713157,Em713157,Ci713157,Nk713157,2024-05-15,Personal,23928.0,Debt Consolidation,20.0
USLW-APP-20240520-691,Ap729474,Em729474,Ci729474,Nk729474,2024-05-20,Mortgage,220013.0,Refinance,227.0
USLW-APP-20241110-891,Ap921106,Em921106,Ci921106,Nk921106,2024-11-10,Mortgage,520812.0,Home Purchase,338.0
USLW-APP-20250319-452,Ap266926,Em266926,Ci266926,Nk266926,2025-03-19,Personal,13546.0,Education,55.0
USLW-APP-20250221-832,Ap670559,Em670559,Ci670559,Nk670559,2025-02-21,Personal,37537.0,Debt Consolidation,25.0
USLW-APP-20240403-663,Ap960120,Em960120,Ci960120,Nk960120,2024-04-03,Mortgage,405959.0,Refinance,296.0
USLW-APP-20241029-682,Ap531734,Em531734,Ci531734,Nk531734,2024-10-29,Personal,37525.0,Debt Consolidation,48.0
USLW-APP-20241214-454,Ap473220,Em473220,Ci473220,Nk473220,2024-12-14,Personal,24052.0,Home Improvement,50.0
USLW-APP-20241019-194,Ap765627,Em765627,Ci765627,Nk765627,2024-10-19,Auto,63632.0,Refinance,60.0
USLW-APP-20250210-914,Ap321897,Em321897,Ci321897,Nk321897,2025-02-10,Auto,63689.0,Refinance,42.0
USLW-APP-20250119-437,Ap101062,Em101062,Ci101062,Nk101062,2025-01-19,Small Business,231466.0,Startup Costs,43.0
USLW-APP-20240709-852,Ap347736,Em347736,Ci347736,Nk347736,2024-07-09,Small Business,252720.0,Working Capital,46.0
USLW-APP-20241217-910,Ap674736,Em674736,Ci674736,Nk674736,2024-12-17,Small Business,277482.0,Inventory,42.0
USLW-APP-20250329-187,Ap195462,Em195462,Ci195462,Nk195462,2025-03-29,Small Business,431555.0,Equipment Purchase,38.0
USLW-APP-20241223-206,Ap499445,Em499445,Ci499445,Nk499445,2024-12-23,Mortgage,428587.0,Refinance,354.0
USLW-APP-20240512-832,Ap550009,Em550009,Ci550009,Nk550009,2024-05-12,Personal,20765.0,Education,23.0
USLW-APP-20240815-748,Ap870173,Em870173,Ci870173,Nk870173,2024-08-15,Small Business,237329.0,Inventory,76.0
USLW-APP-20240907-970,Ap672203,Em672203,Ci672203,Nk672203,2024-09-07,Auto,19667.0,Used Car Purchase,55.0
USLW-APP-20240801-598,Ap366776,Em366776,Ci366776,Nk366776,2024-08-01,Personal,33829.0,Home Improvement,28.0
USLW-APP-20241214-547,Ap728880,Em728880,Ci728880,Nk728880,2024-12-14,Personal,19837.0,Debt Consolidation,57.0
USLW-APP-20241003-573,Ap758956,Em758956,Ci758956,Nk758956,2024-10-03,Personal,39688.0,Medical Expenses,41.0
USLW-APP-20240827-591,Ap471923,Em471923,Ci471923,Nk471923,2024-08-27,Personal,13576.0,Other,49.0
USLW-APP-20250123-830,Ap499384,Em499384,Ci499384,Nk499384,2025-01-23,Personal,7072.0,Vacation,28.0
USLW-APP-20240602-561,Ap732387,Em732387,Ci732387,Nk732387,2024-06-02,Personal,15552.0,Education,55.0
USLW-APP-20241016-399,Ap631849,Em631849,Ci631849,Nk631849,2024-10-16,Small Business,386912.0,Working Capital,41.0
USLW-APP-20240427-616,Ap567010,Em567010,Ci567010,Nk567010,2024-04-27,Mortgage,307461.0,Refinance,308.0
USLW-APP-20241215-446,Ap706440,Em706440,Ci706440,Nk706440,2024-12-15,Personal,8112.0,Education,29.0
USLW-APP-20240506-517,Ap749324,Em749324,Ci749324,Nk749324,2024-05-06,Personal,48786.0,Medical Expenses,58.0
USLW-APP-20250201-990,Ap486193,Em486193,Ci486193,Nk486193,2025-02-01,Small Business,23363.0,Startup Costs,44.0
USLW-APP-20250117-750,Ap126734,Em126734,Ci126734,Nk126734,2025-01-17,Personal,11465.0,Education,33.0
USLW-APP-20241011-607,Ap126069,Em126069,Ci126069,Nk126069,2024-10-11,Mortgage,645493.0,Home Purchase,211.0
USLW-APP-20240709-151,Ap835265,Em835265,Ci835265,Nk835265,2024-07-09,Small Business,114507.0,Working Capital,74.0
USLW-APP-20240821-493,Ap637198,Em637198,Ci637198,Nk637198,2024-08-21,Small Business,363121.0,Inventory,80.0
USLW-APP-20240924-421,Ap435623,Em435623,Ci435623,Nk435623,2024-09-24,Small Business,236441.0,Working Capital,57.0
USLW-APP-20240915-777,Ap570951,Em570951,Ci570951,Nk570951,2024-09-15,Personal,45297.0,Home Improvement,54.0
USLW-APP-20241122-177,Ap181264,Em181264,Ci181264,Nk181264,2024-11-22,Mortgage,75489.0,Home Purchase,183.0
USLW-APP-20240424-690,Ap123275,Em123275,Ci123275,Nk123275,2024-04-24,Personal,6641.0,Vacation,43.0
USLW-APP-20240709-701,Ap696562,Em696562,Ci696562,Nk696562,2024-07-09,Small Business,425880.0,Equipment Purchase,63.0
USLW-APP-20250123-724,Ap574665,Em574665,Ci574665,Nk574665,2025-01-23,Auto,70096.0,New Car Purchase,38.0
USLW-APP-20240407-651,Ap462920,Em462920,Ci462920,Nk462920,2024-04-07,Mortgage,535952.0,Home Purchase,271.0
USLW-APP-20241224-943,Ap291076,Em291076,Ci291076,Nk291076,2024-12-24,Auto,52117.0,Refinance,26.0
USLW-APP-20240729-863,Ap294053,Em294053,Ci294053,Nk294053,2024-07-29,Small Business,212066.0,Inventory,61.0
USLW-APP-20241225-570,Ap809913,Em809913,Ci809913,Nk809913,2024-12-25,Personal,8269.0,Medical Expenses,29.0
USLW-APP-20250326-238,Ap672735,Em672735,Ci672735,Nk672735,2025-03-26,Small Business,157951.0,Expansion,63.0
USLW-APP-20240515-842,Ap699991,Em699991,Ci699991,Nk699991,2024-05-15,Small Business,182837.0,Equipment Purchase,73.0
USLW-APP-20241219-582,Ap962522,Em962522,Ci962522,Nk962522,2024-12-19,Personal,46590.0,Home Improvement,23.0
USLW-APP-20250125-561,Ap903692,Em903692,Ci903692,Nk903692,2025-01-25,Personal,27545.0,Home Improvement,46.0
USLW-APP-20240703-463,Ap212581,Em212581,Ci212581,Nk212581,2024-07-03,Small Business,333024.0,Inventory,82.0
USLW-APP-20241115-119,Ap365956,Em365956,Ci365956,Nk365956,2024-11-15,Personal,7802.0,Medical Expenses,25.0
USLW-APP-20250304-491,Ap521240,Em521240,Ci521240,Nk521240,2025-03-04,Personal,14344.0,Education,38.0
USLW-APP-20241213-173,Ap814016,Em814016,Ci814016,Nk814016,2024-12-13,Personal,48600.0,Medical Expenses,37.0
USLW-APP-20240529-510,Ap216421,Em216421,Ci216421,Nk216421,2024-05-29,Mortgage,890024.0,Refinance,240.0
USLW-APP-20250127-349,Ap625893,Em625893,Ci625893,Nk625893,2025-01-27,Personal,9713.0,Debt Consolidation,29.0
USLW-APP-20250305-998,Ap564374,Em564374,Ci564374,Nk564374,2025-03-05,Small Business,88846.0,Working Capital,72.0
USLW-APP-20240810-181,Ap172303,Em172303,Ci172303,Nk172303,2024-08-10,Personal,14971.0,Medical Expenses,56.0
USLW-APP-20240808-389,Ap258211,Em258211,Ci258211,Nk258211,2024-08-08,Personal,7902.0,Other,22.0
USLW-APP-20240814-241,Ap287210,Em287210,Ci287210,Nk287210,2024-08-14,Personal,44574.0,Medical Expenses,18.0
USLW-APP-20250402-738,Ap886237,Em886237,Ci886237,Nk886237,2025-04-02,Mortgage,793103.0,Refinance,188.0
USLW-APP-20241229-884,Ap962557,Em962557,Ci962557,Nk962557,2024-12-29,Personal,31822.0,Other,13.0
USLW-APP-20250113-128,Ap244990,Em244990,Ci244990,Nk244990,2025-01-13,Personal,14744.0,Vacation,21.0
USLW-APP-20240713-931,Ap258518,Em258518,Ci258518,Nk258518,2024-07-13,Personal,29130.0,Home Improvement,12.0
USLW-APP-20241128-306,Ap224040,Em224040,Ci224040,Nk224040,2024-11-28,Small Business,86192.0,Inventory,77.0
USLW-APP-20241210-105,Ap768406,Em768406,Ci768406,Nk768406,2024-12-10,Personal,29584.0,Vacation,18.0
USLW-APP-20250223-310,Ap623138,Em623138,Ci623138,Nk623138,2025-02-23,Mortgage,491101.0,Refinance,189.0
USLW-APP-20240504-299,Ap518034,Em518034,Ci518034,Nk518034,2024-05-04,Personal,18616.0,Home Improvement,12.0
USLW-APP-20240527-606,Ap856254,Em856254,Ci856254,Nk856254,2024-05-27,Small Business,71021.0,Working Capital,39.0
USLW-APP-20240721-410,Ap890756,Em890756,Ci890756,Nk890756,2024-07-21,Personal,28454.0,Vacation,17.0
USLW-APP-20250114-353,Ap962755,Em962755,Ci962755,Nk962755,2025-01-14,Personal,45011.0,Other,16.0
USLW-APP-20241130-463,Ap895543,Em895543,Ci895543,Nk895543,2024-11-30,Personal,23700.0,Vacation,19.0
USLW-APP-20250312-141,Ap640677,Em640677,Ci640677,Nk640677,2025-03-12,Personal,24469.0,Vacation,30.0
USLW-APP-20240927-716,Ap746465,Em746465,Ci746465,Nk746465,2024-09-27,Small Business,488643.0,Expansion,48.0
USLW-APP-20240518-771,Ap403571,Em403571,Ci403571,Nk403571,2024-05-18,Personal,33884.0,Home Improvement,30.0
USLW-APP-20240416-301,Ap784106,Em784106,Ci784106,Nk784106,2024-04-16,Personal,35748.0,Medical Expenses,42.0
USLW-APP-20240819-946,Ap222883,Em222883,Ci222883,Nk222883,2024-08-19,Personal,50000.0,Medical Expenses,28.0
USLW-APP-20250125-208,Ap843246,Em843246,Ci843246,Nk843246,2025-01-25,Small Business,54368.0,Inventory,56.0
USLW-APP-20240525-989,Ap862501,Em862501,Ci862501,Nk862501,2024-05-25,Small Business,217253.0,Expansion,47.0
USLW-APP-20241107-464,Ap487952,Em487952,Ci487952,Nk487952,2024-11-07,Mortgage,297670.0,Refinance,310.0
USLW-APP-20240609-331,Ap212221,Em212221,Ci212221,Nk212221,2024-06-09,Mortgage,504456.0,Home Purchase,213.0
USLW-APP-20241106-467,Ap899666,Em899666,Ci899666,Nk899666,2024-11-06,Personal,4411.0,Other,53.0
USLW-APP-20240616-790,Ap360669,Em360669,Ci360669,Nk360669,2024-06-16,Personal,16876.0,Home Improvement,43.0
USLW-APP-20241016-757,Ap859224,Em859224,Ci859224,Nk859224,2024-10-16,Auto,59268.0,Refinance,49.0
USLW-APP-20241228-888,Ap939873,Em939873,Ci939873,Nk939873,2024-12-28,Personal,41018.0,Education,41.0
USLW-APP-20250213-907,Ap625134,Em625134,Ci625134,Nk625134,2025-02-13,Personal,49294.0,Vacation,42.0
USLW-APP-20240908-826,Ap635242,Em635242,Ci635242,Nk635242,2024-09-08,Auto,18807.0,Used Car Purchase,47.0
USLW-APP-20241024-789,Ap441383,Em441383,Ci441383,Nk441383,2024-10-24,Auto,6934.0,Refinance,30.0
USLW-APP-20241028-621,Ap344761,Em344761,Ci344761,Nk344761,2024-10-28,Auto,28356.0,Used Car Purchase,49.0
USLW-APP-20250227-794,Ap932946,Em932946,Ci932946,Nk932946,2025-02-27,Personal,12907.0,Other,19.0
USLW-APP-20240413-889,Ap974668,Em974668,Ci974668,Nk974668,2024-04-13,Personal,42475.0,Education,22.0
USLW-APP-20240727-691,Ap984011,Em984011,Ci984011,Nk984011,2024-07-27,Small Business,174972.0,Expansion,63.0
USLW-APP-20241226-391,Ap237541,Em237541,Ci237541,Nk237541,2024-12-26,Personal,47324.0,Education,34.0
USLW-APP-20240725-272,Ap928533,Em928533,Ci928533,Nk928533,2024-07-25,Small Business,129272.0,Inventory,40.0
USLW-APP-20240618-502,Ap164323,Em164323,Ci164323,Nk164323,2024-06-18,Personal,19277.0,Medical Expenses,32.0
USLW-APP-20241006-254,Ap716210,Em716210,Ci716210,Nk716210,2024-10-06,Personal,2902.0,Debt Consolidation,56.0
USLW-APP-20250311-367,Ap289139,Em289139,Ci289139,Nk289139,2025-03-11,Auto,52832.0,Used Car Purchase,71.0
USLW-APP-20240907-744,Ap280448,Em280448,Ci280448,Nk280448,2024-09-07,Small Business,399696.0,Startup Costs,70.0
USLW-APP-20240511-329,Ap800947,Em800947,Ci800947,Nk800947,2024-05-11,Small Business,337801.0,Startup Costs,37.0
USLW-APP-20240918-585,Ap335659,Em335659,Ci335659,Nk335659,2024-09-18,Personal,43280.0,Education,42.0
USLW-APP-20250205-260,Ap489678,Em489678,Ci489678,Nk489678,2025-02-05,Personal,27519.0,Home Improvement,57.0
USLW-APP-20250328-817,Ap954016,Em954016,Ci954016,Nk954016,2025-03-28,Mortgage,914954.0,Refinance,223.0
USLW-APP-20240702-654,Ap204537,Em204537,Ci204537,Nk204537,2024-07-02,Personal,6412.0,Other,24.0
USLW-APP-20241102-480,Ap964909,Em964909,Ci964909,Nk964909,2024-11-02,Mortgage,90287.0,Home Purchase,318.0
USLW-APP-20241017-998,Ap341983,Em341983,Ci341983,Nk341983,2024-10-17,Auto,20560.0,Used Car Purchase,68.0
USLW-APP-20240605-834,Ap666821,Em666821,Ci666821,Nk666821,2024-06-05,Personal,40812.0,Education,31.0
USLW-APP-20240419-688,Ap888260,Em888260,Ci888260,Nk888260,2024-04-19,Personal,3582.0,Debt Consolidation,39.0
USLW-APP-20240701-548,Ap101917,Em101917,Ci101917,Nk101917,2024-07-01,Small Business,251877.0,Expansion,47.0
USLW-APP-20241010-116,Ap382762,Em382762,Ci382762,Nk382762,2024-10-10,Personal,37393.0,Other,29.0
USLW-APP-20241107-759,Ap656542,Em656542,Ci656542,Nk656542,2024-11-07,Personal,45805.0,Vacation,25.0
USLW-APP-20240717-489,Ap886275,Em886275,Ci886275,Nk886275,2024-07-17,Small Business,116318.0,Inventory,57.0
USLW-APP-20240627-436,Ap467436,Em467436,Ci467436,Nk467436,2024-06-27,Personal,45833.0,Education,21.0
USLW-APP-20241218-606,Ap609930,Em609930,Ci609930,Nk609930,2024-12-18,Personal,6092.0,Debt Consolidation,38.0
USLW-APP-20240502-360,Ap671650,Em671650,Ci671650,Nk671650,2024-05-02,Personal,29422.0,Home Improvement,31.0
USLW-APP-20250124-121,Ap382272,Em382272,Ci382272,Nk382272,2025-01-24,Small Business,335537.0,Working Capital,41.0
USLW-APP-20240712-492,Ap485925,Em485925,Ci485925,Nk485925,2024-07-12,Personal,36599.0,Debt Consolidation,36.0
USLW-APP-20250101-200,Ap866641,Em866641,Ci866641,Nk866641,2025-01-01,Mortgage,169979.0,Home Purchase,250.0
USLW-APP-20250114-890,Ap814743,Em814743,Ci814743,Nk814743,2025-01-14,Personal,7611.0,Education,50.0
USLW-APP-20241008-263,Ap689833,Em689833,Ci689833,Nk689833,2024-10-08,Small Business,226001.0,Expansion,29.0
USLW-APP-20241031-681,Ap182180,Em182180,Ci182180,Nk182180,2024-10-31,Personal,24070.0,Education,32.0
USLW-APP-20250106-230,Ap712246,Em712246,Ci712246,Nk712246,2025-01-06,Mortgage,948984.0,Refinance,328.0
USLW-APP-20241209-955,Ap503081,Em503081,Ci503081,Nk503081,2024-12-09,Personal,41747.0,Vacation,29.0
USLW-APP-20250329-147,Ap401953,Em401953,Ci401953,Nk401953,2025-03-29,Small Business,289675.0,Expansion,28.0
USLW-APP-20250115-571,Ap478892,Em478892,Ci478892,Nk478892,2025-01-15,Personal,32752.0,Education,48.0
USLW-APP-20240805-368,Ap105287,Em105287,Ci105287,Nk105287,2024-08-05,Small Business,152204.0,Equipment Purchase,73.0
USLW-APP-20250315-936,Ap357665,Em357665,Ci357665,Nk357665,2025-03-15,Small Business,77378.0,Working Capital,48.0
USLW-APP-20250124-669,Ap108512,Em108512,Ci108512,Nk108512,2025-01-24,Mortgage,980613.0,Home Purchase,312.0
USLW-APP-20250217-447,Ap756702,Em756702,Ci756702,Nk756702,2025-02-17,Personal,30193.0,Debt Consolidation,32.0
USLW-APP-20250329-706,Ap556292,Em556292,Ci556292,Nk556292,2025-03-29,Auto,12110.0,Refinance,43.0
USLW-APP-20240503-816,Ap208872,Em208872,Ci208872,Nk208872,2024-05-03,Personal,3238.0,Home Improvement,13.0
USLW-APP-20240406-800,Ap872042,Em872042,Ci872042,Nk872042,2024-04-06,Small Business,476158.0,Inventory,35.0
USLW-APP-20250101-488,Ap193070,Em193070,Ci193070,Nk193070,2025-01-01,Mortgage,112451.0,Home Purchase,214.0
USLW-APP-20250127-183,Ap704055,Em704055,Ci704055,Nk704055,2025-01-27,Personal,27617.0,Home Improvement,22.0
USLW-APP-20250117-540,Ap722117,Em722117,Ci722117,Nk722117,2025-01-17,Mortgage,213249.0,Refinance,354.0
USLW-APP-20241009-307,Ap529474,Em529474,Ci529474,Nk529474,2024-10-09,Personal,49796.0,Debt Consolidation,60.0
USLW-APP-20241121-549,Ap142078,Em142078,Ci142078,Nk142078,2024-11-21,Personal,10096.0,Education,40.0
USLW-APP-20240430-863,Ap468432,Em468432,Ci468432,Nk468432,2024-04-30,Auto,41440.0,Refinance,72.0
USLW-APP-20240831-584,Ap707812,Em707812,Ci707812,Nk707812,2024-08-31,Small Business,229487.0,Inventory,28.0
USLW-APP-20250321-666,Ap327645,Em327645,Ci327645,Nk327645,2025-03-21,Personal,39098.0,Other,43.0
USLW-APP-20250120-898,Ap636507,Em636507,Ci636507,Nk636507,2025-01-20,Personal,7821.0,Debt Consolidation,19.0
USLW-APP-20250312-659,Ap886667,Em886667,Ci886667,Nk886667,2025-03-12,Personal,1213.0,Vacation,16.0
USLW-APP-20240424-333,Ap405073,Em405073,Ci405073,Nk405073,2024-04-24,Personal,16082.0,Education,22.0
USLW-APP-20241029-891,Ap227309,Em227309,Ci227309,Nk227309,2024-10-29,Small Business,288865.0,Inventory,59.0
USLW-APP-20240804-437,Ap429588,Em429588,Ci429588,Nk429588,2024-08-04,Personal,24363.0,Debt Consolidation,22.0
USLW-APP-20240613-643,Ap763927,Em763927,Ci763927,Nk763927,2024-06-13,Personal,4771.0,Debt Consolidation,13.0
USLW-APP-20240424-470,Ap988266,Em988266,Ci988266,Nk988266,2024-04-24,Small Business,54457.0,Inventory,74.0
USLW-APP-20240609-806,Ap564008,Em564008,Ci564008,Nk564008,2024-06-09,Small Business,16439.0,Equipment Purchase,57.0
USLW-APP-20241219-758,Ap820801,Em820801,Ci820801,Nk820801,2024-12-19,Auto,73847.0,Refinance,68.0
USLW-APP-20241007-892,Ap446699,Em446699,Ci446699,Nk446699,2024-10-07,Personal,6361.0,Debt Consolidation,14.0
USLW-APP-20250312-886,Ap435842,Em435842,Ci435842,Nk435842,2025-03-12,Small Business,372474.0,Inventory,71.0
USLW-APP-20240719-362,Ap486594,Em486594,Ci486594,Nk486594,2024-07-19,Personal,28905.0,Home Improvement,59.0
USLW-APP-20241001-347,Ap872608,Em872608,Ci872608,Nk872608,2024-10-01,Personal,26488.0,Vacation,14.0
USLW-APP-20240618-369,Ap760775,Em760775,Ci760775,Nk760775,2024-06-18,Small Business,484840.0,Inventory,76.0
USLW-APP-20240901-157,Ap791519,Em791519,Ci791519,Nk791519,2024-09-01,Small Business,130915.0,Working Capital,77.0
USLW-APP-20240628-997,Ap143925,Em143925,Ci143925,Nk143925,2024-06-28,Personal,38883.0,Education,60.0
USLW-APP-20240630-209,Ap237023,Em237023,Ci237023,Nk237023,2024-06-30,Mortgage,625722.0,Refinance,224.0
USLW-APP-20240815-562,Ap187388,Em187388,Ci187388,Nk187388,2024-08-15,Auto,52681.0,Used Car Purchase,48.0
USLW-APP-20240413-345,Ap632295,Em632295,Ci632295,Nk632295,2024-04-13,Mortgage,730198.0,Home Purchase,282.0
USLW-APP-20240918-455,Ap357802,Em357802,Ci357802,Nk357802,2024-09-18,Personal,31176.0,Vacation,33.0
USLW-APP-20240613-601,Ap535048,Em535048,Ci535048,Nk535048,2024-06-13,Personal,18031.0,Vacation,60.0
USLW-APP-20240410-769,Ap158596,Em158596,Ci158596,Nk158596,2024-04-10,Mortgage,513822.0,Refinance,311.0
USLW-APP-20240730-872,Ap451005,Em451005,Ci451005,Nk451005,2024-07-30,Personal,45263.0,Home Improvement,46.0
USLW-APP-20240425-534,Ap879554,Em879554,Ci879554,Nk879554,2024-04-25,Small Business,258488.0,Inventory,27.0
USLW-APP-20240804-166,Ap973172,Em973172,Ci973172,Nk973172,2024-08-04,Personal,19569.0,Vacation,48.0
USLW-APP-20240628-910,Ap639812,Em639812,Ci639812,Nk639812,2024-06-28,Auto,40948.0,Refinance,34.0
USLW-APP-20241112-553,Ap622244,Em622244,Ci622244,Nk622244,2024-11-12,Small Business,364361.0,Expansion,52.0
USLW-APP-20240630-538,Ap512498,Em512498,Ci512498,Nk512498,2024-06-30,Personal,25538.0,Vacation,18.0
USLW-APP-20241027-174,Ap779290,Em779290,Ci779290,Nk779290,2024-10-27,Auto,23258.0,Refinance,37.0
USLW-APP-20240409-574,Ap599097,Em599097,Ci599097,Nk599097,2024-04-09,Personal,31047.0,Education,48.0
USLW-APP-20240528-506,Ap749789,Em749789,Ci749789,Nk749789,2024-05-28,Auto,12421.0,New Car Purchase,48.0
USLW-APP-20240427-430,Ap907043,Em907043,Ci907043,Nk907043,2024-04-27,Personal,17662.0,Education,30.0
USLW-APP-20241201-477,Ap248056,Em248056,Ci248056,Nk248056,2024-12-01,Personal,36511.0,Education,46.0
USLW-APP-20250123-431,Ap114060,Em114060,Ci114060,Nk114060,2025-01-23,Personal,20656.0,Education,52.0
USLW-APP-20240420-879,Ap838345,Em838345,Ci838345,Nk838345,2024-04-20,Small Business,345931.0,Working Capital,67.0
USLW-APP-20240725-926,Ap577272,Em577272,Ci577272,Nk577272,2024-07-25,Small Business,376252.0,Startup Costs,41.0
USLW-APP-20240918-683,Ap618545,Em618545,Ci618545,Nk618545,2024-09-18,Personal,11015.0,Debt Consolidation,30.0
USLW-APP-20240528-681,Ap929735,Em929735,Ci929735,Nk929735,2024-05-28,Small Business,273116.0,Working Capital,32.0
USLW-APP-20250121-294,Ap290279,Em290279,Ci290279,Nk290279,2025-01-21,Small Business,77773.0,Expansion,78.0
USLW-APP-20241118-561,Ap830406,Em830406,Ci830406,Nk830406,2024-11-18,Small Business,156716.0,Equipment Purchase,65.0
USLW-APP-20240409-289,Ap784647,Em784647,Ci784647,Nk784647,2024-04-09,Personal,48542.0,Education,21.0
USLW-APP-20250118-212,Ap139711,Em139711,Ci139711,Nk139711,2025-01-18,Auto,65994.0,Used Car Purchase,70.0
USLW-APP-20240411-854,Ap243026,Em243026,Ci243026,Nk243026,2024-04-11,Auto,62237.0,Refinance,25.0
USLW-APP-20240810-512,Ap435484,Em435484,Ci435484,Nk435484,2024-08-10,Mortgage,218774.0,Refinance,228.0
USLW-APP-20241104-202,Ap565317,Em565317,Ci565317,Nk565317,2024-11-04,Personal,24738.0,Other,40.0
USLW-APP-20250218-281,Ap318134,Em318134,Ci318134,Nk318134,2025-02-18,Small Business,446251.0,Startup Costs,25.0
USLW-APP-20240624-674,Ap202974,Em202974,Ci202974,Nk202974,2024-06-24,Small Business,327612.0,Equipment Purchase,69.0
USLW-APP-20241228-861,Ap249646,Em249646,Ci249646,Nk249646,2024-12-28,Personal,24623.0,Other,25.0
USLW-APP-20250114-700,Ap502400,Em502400,Ci502400,Nk502400,2025-01-14,Personal,32965.0,Education,43.0
USLW-APP-20240910-325,Ap250168,Em250168,Ci250168,Nk250168,2024-09-10,Small Business,433236.0,Expansion,74.0
USLW-APP-20240515-654,Ap692016,Em692016,Ci692016,Nk692016,2024-05-15,Personal,3966.0,Education,32.0
USLW-APP-20241126-962,Ap789376,Em789376,Ci789376,Nk789376,2024-11-26,Small Business,250109.0,Expansion,52.0
USLW-APP-20250221-846,Ap635534,Em635534,Ci635534,Nk635534,2025-02-21,Personal,25624.0,Debt Consolidation,43.0
USLW-APP-20240505-639,Ap538774,Em538774,Ci538774,Nk538774,2024-05-05,Personal,11259.0,Medical Expenses,59.0
USLW-APP-20250105-209,Ap611937,Em611937,Ci611937,Nk611937,2025-01-05,Auto,74169.0,New Car Purchase,33.0
USLW-APP-20240528-847,Ap511597,Em511597,Ci511597,Nk511597,2024-05-28,Personal,20684.0,Education,16.0
USLW-APP-20241110-785,Ap192263,Em192263,Ci192263,Nk192263,2024-11-10,Small Business,402101.0,Inventory,60.0
USLW-APP-20250118-191,Ap635590,Em635590,Ci635590,Nk635590,2025-01-18,Mortgage,800273.0,Home Purchase,224.0
USLW-APP-20250209-859,Ap953938,Em953938,Ci953938,Nk953938,2025-02-09,Personal,2684.0,Debt Consolidation,21.0
USLW-APP-20241225-804,Ap665445,Em665445,Ci665445,Nk665445,2024-12-25,Personal,12943.0,Home Improvement,57.0
USLW-APP-20250401-510,Ap679205,Em679205,Ci679205,Nk679205,2025-04-01,Personal,4926.0,Education,34.0
USLW-APP-20240602-711,Ap323810,Em323810,Ci323810,Nk323810,2024-06-02,Small Business,490219.0,Equipment Purchase,63.0
USLW-APP-20241127-284,Ap196646,Em196646,Ci196646,Nk196646,2024-11-27,Personal,10532.0,Vacation,28.0
USLW-APP-20241125-611,Ap445266,Em445266,Ci445266,Nk445266,2024-11-25,Personal,4876.0,Education,38.0
USLW-APP-20250203-588,Ap910951,Em910951,Ci910951,Nk910951,2025-02-03,Mortgage,233423.0,Refinance,235.0
USLW-APP-20241212-974,Ap590025,Em590025,Ci590025,Nk590025,2024-12-12,Small Business,392318.0,Equipment Purchase,60.0
USLW-APP-20241030-780,Ap580703,Em580703,Ci580703,Nk580703,2024-10-30,Personal,3550.0,Other,56.0
USLW-APP-20250317-611,Ap443054,Em443054,Ci443054,Nk443054,2025-03-17,Personal,40885.0,Debt Consolidation,50.0
USLW-APP-20240730-999,Ap957756,Em957756,Ci957756,Nk957756,2024-07-30,Small Business,69060.0,Working Capital,36.0
USLW-APP-20240414-371,Ap367552,Em367552,Ci367552,Nk367552,2024-04-14,Personal,31745.0,Vacation,35.0
USLW-APP-20241004-979,Ap159379,Em159379,Ci159379,Nk159379,2024-10-04,Personal,23950.0,Other,36.0
USLW-APP-20241018-601,Ap125053,Em125053,Ci125053,Nk125053,2024-10-18,Personal,3434.0,Home Improvement,52.0
USLW-APP-20240606-405,Ap502662,Em502662,Ci502662,Nk502662,2024-06-06,Mortgage,937154.0,Home Purchase,317.0
USLW-APP-20240605-951,Ap756282,Em756282,Ci756282,Nk756282,2024-06-05,Small Business,401717.0,Equipment Purchase,82.0
USLW-APP-20241202-175,Ap198723,Em198723,Ci198723,Nk198723,2024-12-02,Mortgage,652668.0,Refinance,238.0
USLW-APP-20240817-113,Ap675644,Em675644,Ci675644,Nk675644,2024-08-17,Auto,67701.0,Used Car Purchase,55.0
USLW-APP-20250208-239,Ap372933,Em372933,Ci372933,Nk372933,2025-02-08,Small Business,413361.0,Equipment Purchase,30.0
USLW-APP-20241031-141,Ap984152,Em984152,Ci984152,Nk984152,2024-10-31,Personal,18528.0,Medical Expenses,37.0
USLW-APP-20240412-521,Ap953088,Em953088,Ci953088,Nk953088,2024-04-12,Personal,14752.0,Debt Consolidation,28.0
USLW-APP-20250111-424,Ap930460,Em930460,Ci930460,Nk930460,2025-01-11,Mortgage,65086.0,Home Purchase,351.0
USLW-APP-20240818-560,Ap950916,Em950916,Ci950916,Nk950916,2024-08-18,Personal,2403.0,Home Improvement,32.0
USLW-APP-20241213-398,Ap132154,Em132154,Ci132154,Nk132154,2024-12-13,Personal,24877.0,Education,24.0
USLW-APP-20250119-890,Ap313942,Em313942,Ci313942,Nk313942,2025-01-19,Personal,2931.0,Medical Expenses,27.0
USLW-APP-20240727-396,Ap364480,Em364480,Ci364480,Nk364480,2024-07-27,Personal,18122.0,Vacation,19.0
USLW-APP-20250317-739,Ap465821,Em465821,Ci465821,Nk465821,2025-03-17,Personal,48036.0,Medical Expenses,12.0
USLW-APP-20240930-629,Ap954211,Em954211,Ci954211,Nk954211,2024-09-30,Small Business,15971.0,Expansion,77.0
USLW-APP-20250207-564,Ap381173,Em381173,Ci381173,Nk381173,2025-02-07,Personal,2875.0,Medical Expenses,28.0
USLW-APP-20250312-886,Ap945633,Em945633,Ci945633,Nk945633,2025-03-12,Auto,68749.0,New Car Purchase,25.0
USLW-APP-20240828-446,Ap132265,Em132265,Ci132265,Nk132265,2024-08-28,Personal,2885.0,Other,12.0
USLW-APP-20240923-140,Ap465060,Em465060,Ci465060,Nk465060,2024-09-23,Mortgage,215002.0,Home Purchase,223.0
USLW-APP-20250117-952,Ap343322,Em343322,Ci343322,Nk343322,2025-01-17,Personal,16923.0,Other,17.0
USLW-APP-20250114-912,Ap274944,Em274944,Ci274944,Nk274944,2025-01-14,Small Business,201975.0,Working Capital,81.0
USLW-APP-20240427-553,Ap670485,Em670485,Ci670485,Nk670485,2024-04-27,Mortgage,921080.0,Refinance,261.0
USLW-APP-20241230-677,Ap548396,Em548396,Ci548396,Nk548396,2024-12-30,Personal,36689.0,Education,18.0
USLW-APP-20241029-699,Ap254782,Em254782,Ci254782,Nk254782,2024-10-29,Small Business,455254.0,Equipment Purchase,73.0
USLW-APP-20241208-987,Ap784846,Em784846,Ci784846,Nk784846,2024-12-08,Personal,11148.0,Vacation,55.0
USLW-APP-20241209-139,Ap171907,Em171907,Ci171907,Nk171907,2024-12-09,Personal,39815.0,Other,45.0
USLW-APP-20240808-619,Ap302967,Em302967,Ci302967,Nk302967,2024-08-08,Mortgage,699277.0,Home Purchase,278.0
USLW-APP-20240612-210,Ap950867,Em950867,Ci950867,Nk950867,2024-06-12,Small Business,85491.0,Expansion,26.0
USLW-APP-20240814-963,Ap402775,Em402775,Ci402775,Nk402775,2024-08-14,Small Business,64667.0,Working Capital,78.0
USLW-APP-20241030-352,Ap491182,Em491182,Ci491182,Nk491182,2024-10-30,Personal,26437.0,Medical Expenses,41.0
USLW-APP-20240825-797,Ap856892,Em856892,Ci856892,Nk856892,2024-08-25,Personal,41768.0,Home Improvement,36.0
USLW-APP-20241230-324,Ap382247,Em382247,Ci382247,Nk382247,2024-12-30,Small Business,353791.0,Inventory,58.0
USLW-APP-20250204-111,Ap164772,Em164772,Ci164772,Nk164772,2025-02-04,Small Business,78138.0,Startup Costs,60.0
USLW-APP-20241105-633,Ap226108,Em226108,Ci226108,Nk226108,2024-11-05,Personal,28301.0,Medical Expenses,56.0
USLW-APP-20240724-601,Ap114382,Em114382,Ci114382,Nk114382,2024-07-24,Mortgage,292525.0,Refinance,351.0
USLW-APP-20241005-462,Ap184291,Em184291,Ci184291,Nk184291,2024-10-05,Personal,44373.0,Other,18.0
USLW-APP-20240421-456,Ap463339,Em463339,Ci463339,Nk463339,2024-04-21,Personal,27951.0,Medical Expenses,14.0
USLW-APP-20241129-899,Ap759116,Em759116,Ci759116,Nk759116,2024-11-29,Mortgage,802245.0,Refinance,247.0
USLW-APP-20240403-802,Ap382753,Em382753,Ci382753,Nk382753,2024-04-03,Personal,23735.0,Home Improvement,57.0
USLW-APP-20250106-140,Ap247550,Em247550,Ci247550,Nk247550,2025-01-06,Small Business,164028.0,Inventory,70.0
USLW-APP-20250121-680,Ap332050,Em332050,Ci332050,Nk332050,2025-01-21,Personal,3366.0,Vacation,48.0
USLW-APP-20240604-810,Ap532882,Em532882,Ci532882,Nk532882,2024-06-04,Personal,28199.0,Home Improvement,47.0
USLW-APP-20240719-928,Ap437827,Em437827,Ci437827,Nk437827,2024-07-19,Small Business,40896.0,Inventory,73.0
USLW-APP-20241024-696,Ap592313,Em592313,Ci592313,Nk592313,2024-10-24,Personal,8675.0,Other,13.0
USLW-APP-20240904-325,Ap486858,Em486858,Ci486858,Nk486858,2024-09-04,Personal,43072.0,Medical Expenses,48.0
USLW-APP-20240420-104,Ap754618,Em754618,Ci754618,Nk754618,2024-04-20,Mortgage,589307.0,Refinance,271.0
USLW-APP-20241024-990,Ap695603,Em695603,Ci695603,Nk695603,2024-10-24,Personal,10673.0,Education,16.0
USLW-APP-20241014-398,Ap964266,Em964266,Ci964266,Nk964266,2024-10-14,Mortgage,943583.0,Refinance,359.0
USLW-APP-20250228-735,Ap488349,Em488349,Ci488349,Nk488349,2025-02-28,Small Business,256087.0,Working Capital,47.0
USLW-APP-20240922-385,Ap114153,Em114153,Ci114153,Nk114153,2024-09-22,Personal,40380.0,Other,35.0
USLW-APP-20240527-635,Ap700613,Em700613,Ci700613,Nk700613,2024-05-27,Personal,16495.0,Other,20.0
USLW-APP-20240621-602,Ap340773,Em340773,Ci340773,Nk340773,2024-06-21,Auto,46744.0,New Car Purchase,30.0
USLW-APP-20240726-755,Ap155318,Em155318,Ci155318,Nk155318,2024-07-26,Personal,30160.0,Home Improvement,12.0
USLW-APP-20241110-281,Ap494030,Em494030,Ci494030,Nk494030,2024-11-10,Personal,33942.0,Medical Expenses,26.0
USLW-APP-20240723-122,Ap477177,Em477177,Ci477177,Nk477177,2024-07-23,Small Business,358027.0,Expansion,28.0
USLW-APP-20240518-367,Ap176077,Em176077,Ci176077,Nk176077,2024-05-18,Small Business,460327.0,Expansion,30.0
USLW-APP-20241126-550,Ap976906,Em976906,Ci976906,Nk976906,2024-11-26,Mortgage,997786.0,Home Purchase,260.0
USLW-APP-20240814-937,Ap233515,Em233515,Ci233515,Nk233515,2024-08-14,Mortgage,854088.0,Home Purchase,254.0
USLW-APP-20250313-304,Ap306988,Em306988,Ci306988,Nk306988,2025-03-13,Auto,20812.0,New Car Purchase,72.0
USLW-APP-20240913-463,Ap959751,Em959751,Ci959751,Nk959751,2024-09-13,Personal,48122.0,Education,53.0
USLW-APP-20240810-896,Ap225885,Em225885,Ci225885,Nk225885,2024-08-10,Small Business,440407.0,Inventory,32.0
USLW-APP-20240912-904,Ap996209,Em996209,Ci996209,Nk996209,2024-09-12,Personal,3267.0,Education,38.0
USLW-APP-20250325-495,Ap641656,Em641656,Ci641656,Nk641656,2025-03-25,Mortgage,676936.0,Home Purchase,298.0
USLW-APP-20240605-557,Ap770688,Em770688,Ci770688,Nk770688,2024-06-05,Mortgage,400311.0,Refinance,290.0
USLW-APP-20250215-929,Ap288014,Em288014,Ci288014,Nk288014,2025-02-15,Small Business,50005.0,Equipment Purchase,33.0
USLW-APP-20241117-669,Ap191751,Em191751,Ci191751,Nk191751,2024-11-17,Personal,4605.0,Education,19.0
USLW-APP-20241225-196,Ap330203,Em330203,Ci330203,Nk330203,2024-12-25,Mortgage,684415.0,Home Purchase,337.0
USLW-APP-20240924-786,Ap913738,Em913738,Ci913738,Nk913738,2024-09-24,Auto,49533.0,Refinance,26.0
USLW-APP-20250227-287,Ap795275,Em795275,Ci795275,Nk795275,2025-02-27,Small Business,104102.0,Inventory,66.0
USLW-APP-20241029-202,Ap923651,Em923651,Ci923651,Nk923651,2024-10-29,Mortgage,919106.0,Home Purchase,204.0
USLW-APP-20240720-531,Ap311951,Em311951,Ci311951,Nk311951,2024-07-20,Mortgage,484862.0,Refinance,327.0
USLW-APP-20250317-164,Ap605155,Em605155,Ci605155,Nk605155,2025-03-17,Auto,42170.0,Refinance,63.0
USLW-APP-20241007-814,Ap295716,Em295716,Ci295716,Nk295716,2024-10-07,Small Business,65820.0,Inventory,37.0
USLW-APP-20240627-628,Ap684567,Em684567,Ci684567,Nk684567,2024-06-27,Personal,36699.0,Debt Consolidation,26.0
USLW-APP-20250205-459,Ap415172,Em415172,Ci415172,Nk415172,2025-02-05,Personal,16066.0,Home Improvement,33.0
USLW-APP-20241114-150,Ap990695,Em990695,Ci990695,Nk990695,2024-11-14,Auto,8267.0,Used Car Purchase,49.0
USLW-APP-20240909-367,Ap100126,Em100126,Ci100126,Nk100126,2024-09-09,Personal,43191.0,Home Improvement,22.0
USLW-APP-20250204-187,Ap938761,Em938761,Ci938761,Nk938761,2025-02-04,Personal,6650.0,Medical Expenses,37.0
USLW-APP-20241220-322,Ap127632,Em127632,Ci127632,Nk127632,2024-12-20,Auto,34112.0,New Car Purchase,26.0
USLW-APP-20250207-521,Ap600315,Em600315,Ci600315,Nk600315,2025-02-07,Personal,29277.0,Vacation,46.0
USLW-APP-20250124-362,Ap820670,Em820670,Ci820670,Nk820670,2025-01-24,Personal,23014.0,Debt Consolidation,53.0
USLW-APP-20240722-545,Ap209945,Em209945,Ci209945,Nk209945,2024-07-22,Personal,36495.0,Vacation,40.0
USLW-APP-20240416-745,Ap417320,Em417320,Ci417320,Nk417320,2024-04-16,Small Business,376117.0,Inventory,62.0
USLW-APP-20240922-257,Ap350869,Em350869,Ci350869,Nk350869,2024-09-22,Personal,44925.0,Education,44.0
USLW-APP-20250224-770,Ap841426,Em841426,Ci841426,Nk841426,2025-02-24,Personal,36406.0,Education,41.0
USLW-APP-20250201-794,Ap598716,Em598716,Ci598716,Nk598716,2025-02-01,Small Business,307444.0,Working Capital,73.0
USLW-APP-20240708-268,Ap275399,Em275399,Ci275399,Nk275399,2024-07-08,Personal,16151.0,Vacation,37.0
USLW-APP-20240717-516,Ap562120,Em562120,Ci562120,Nk562120,2024-07-17,Personal,15032.0,Vacation,45.0
USLW-APP-20250222-603,Ap234869,Em234869,Ci234869,Nk234869,2025-02-22,Small Business,305857.0,Working Capital,76.0
USLW-APP-20240906-385,Ap278954,Em278954,Ci278954,Nk278954,2024-09-06,Personal,9584.0,Medical Expenses,49.0
USLW-APP-20240826-297,Ap769078,Em769078,Ci769078,Nk769078,2024-08-26,Personal,27819.0,Vacation,58.0
USLW-APP-20250125-263,Ap134560,Em134560,Ci134560,Nk134560,2025-01-25,Mortgage,620297.0,Refinance,311.0
USLW-APP-20240621-211,Ap963021,Em963021,Ci963021,Nk963021,2024-06-21,Auto,26314.0,Refinance,51.0
USLW-APP-20240611-685,Ap384260,Em384260,Ci384260,Nk384260,2024-06-11,Personal,7399.0,Debt Consolidation,47.0
USLW-APP-20240813-969,Ap232717,Em232717,Ci232717,Nk232717,2024-08-13,Mortgage,483501.0,Home Purchase,279.0
USLW-APP-20240724-452,Ap278595,Em278595,Ci278595,Nk278595,2024-07-24,Personal,35245.0,Education,26.0
USLW-APP-20250318-467,Ap748373,Em748373,Ci748373,Nk748373,2025-03-18,Personal,5452.0,Debt Consolidation,52.0
USLW-APP-20250123-348,Ap479862,Em479862,Ci479862,Nk479862,2025-01-23,Personal,12173.0,Education,35.0
USLW-APP-20250112-218,Ap905688,Em905688,Ci905688,Nk905688,2025-01-12,Personal,31832.0,Vacation,32.0
USLW-APP-20240914-781,Ap594592,Em594592,Ci594592,Nk594592,2024-09-14,Small Business,422429.0,Equipment Purchase,64.0
USLW-APP-20240613-162,Ap200158,Em200158,Ci200158,Nk200158,2024-06-13,Auto,45826.0,Refinance,72.0
USLW-APP-20250217-535,Ap808533,Em808533,Ci808533,Nk808533,2025-02-17,Mortgage,860244.0,Home Purchase,341.0
USLW-APP-20241019-431,Ap268502,Em268502,Ci268502,Nk268502,2024-10-19,Personal,16522.0,Debt Consolidation,28.0
USLW-APP-20240502-366,Ap532498,Em532498,Ci532498,Nk532498,2024-05-02,Personal,6631.0,Vacation,17.0
USLW-APP-20240610-141,Ap430388,Em430388,Ci430388,Nk430388,2024-06-10,Small Business,299449.0,Working Capital,70.0
USLW-APP-20240525-616,Ap767054,Em767054,Ci767054,Nk767054,2024-05-25,Mortgage,627902.0,Home Purchase,247.0
USLW-APP-20241103-551,Ap418408,Em418408,Ci418408,Nk418408,2024-11-03,Personal,11435.0,Vacation,19.0
USLW-APP-20241219-723,Ap568276,Em568276,Ci568276,Nk568276,2024-12-19,Personal,43878.0,Education,12.0
USLW-APP-20250223-466,Ap157545,Em157545,Ci157545,Nk157545,2025-02-23,Personal,10640.0,Vacation,25.0
USLW-APP-20240828-958,Ap611411,Em611411,Ci611411,Nk611411,2024-08-28,Personal,38847.0,Home Improvement,55.0
USLW-APP-20240705-544,Ap925656,Em925656,Ci925656,Nk925656,2024-07-05,Small Business,404872.0,Inventory,80.0
USLW-APP-20240803-652,Ap984377,Em984377,Ci984377,Nk984377,2024-08-03,Personal,2579.0,Medical Expenses,29.0
USLW-APP-20250124-438,Ap113224,Em113224,Ci113224,Nk113224,2025-01-24,Personal,8593.0,Education,57.0
USLW-APP-20240430-414,Ap140738,Em140738,Ci140738,Nk140738,2024-04-30,Mortgage,426440.0,Refinance,335.0
USLW-APP-20241013-774,Ap950163,Em950163,Ci950163,Nk950163,2024-10-13,Small Business,150320.0,Working Capital,65.0
USLW-APP-20240707-428,Ap280760,Em280760,Ci280760,Nk280760,2024-07-07,Personal,25773.0,Home Improvement,53.0
USLW-APP-20240821-597,Ap863978,Em863978,Ci863978,Nk863978,2024-08-21,Personal,17604.0,Home Improvement,43.0
USLW-APP-20241229-651,Ap566725,Em566725,Ci566725,Nk566725,2024-12-29,Personal,8424.0,Education,41.0
USLW-APP-20241009-792,Ap763937,Em763937,Ci763937,Nk763937,2024-10-09,Personal,36957.0,Other,37.0
USLW-APP-20241114-620,Ap632358,Em632358,Ci632358,Nk632358,2024-11-14,Small Business,199914.0,Working Capital,48.0
USLW-APP-20250212-377,Ap226161,Em226161,Ci226161,Nk226161,2025-02-12,Small Business,74231.0,Equipment Purchase,50.0
USLW-APP-20250305-261,Ap632954,Em632954,Ci632954,Nk632954,2025-03-05,Auto,5976.0,New Car Purchase,45.0
USLW-APP-20240617-173,Ap944193,Em944193,Ci944193,Nk944193,2024-06-17,Personal,19077.0,Home Improvement,51.0
USLW-APP-20241126-410,Ap398512,Em398512,Ci398512,Nk398512,2024-11-26,Small Business,358292.0,Equipment Purchase,25.0
USLW-APP-20250125-968,Ap762143,Em762143,Ci762143,Nk762143,2025-01-25,Personal,26461.0,Medical Expenses,25.0
USLW-APP-20240623-312,Ap666202,Em666202,Ci666202,Nk666202,2024-06-23,Small Business,129436.0,Expansion,30.0
USLW-APP-20240902-274,Ap301579,Em301579,Ci301579,Nk301579,2024-09-02,Personal,37877.0,Other,48.0
USLW-APP-20240414-866,Ap752026,Em752026,Ci752026,Nk752026,2024-04-14,Personal,27041.0,Home Improvement,34.0
USLW-APP-20241020-753,Ap871253,Em871253,Ci871253,Nk871253,2024-10-20,Small Business,213598.0,Startup Costs,51.0
USLW-APP-20240824-652,Ap604471,Em604471,Ci604471,Nk604471,2024-08-24,Personal,18349.0,Home Improvement,37.0
USLW-APP-20240806-810,Ap429670,Em429670,Ci429670,Nk429670,2024-08-06,Personal,42816.0,Debt Consolidation,41.0
USLW-APP-20250328-848,Ap906388,Em906388,Ci906388,Nk906388,2025-03-28,Personal,47404.0,Vacation,46.0
USLW-APP-20240516-576,Ap318967,Em318967,Ci318967,Nk318967,2024-05-16,Personal,2957.0,Other,31.0
USLW-APP-20240914-831,Ap932672,Em932672,Ci932672,Nk932672,2024-09-14,Mortgage,170230.0,Refinance,315.0
USLW-APP-20240502-728,Ap483152,Em483152,Ci483152,Nk483152,2024-05-02,Mortgage,384486.0,Home Purchase,284.0
USLW-APP-20250329-181,Ap194270,Em194270,Ci194270,Nk194270,2025-03-29,Personal,9215.0,Vacation,34.0
USLW-APP-20240705-581,Ap891189,Em891189,Ci891189,Nk891189,2024-07-05,Mortgage,560394.0,Refinance,296.0
USLW-APP-20250330-220,Ap643385,Em643385,Ci643385,Nk643385,2025-03-30,Personal,45187.0,Vacation,48.0
USLW-APP-20240827-216,Ap765755,Em765755,Ci765755,Nk765755,2024-08-27,Personal,32201.0,Medical Expenses,44.0
USLW-APP-20241215-961,Ap247313,Em247313,Ci247313,Nk247313,2024-12-15,Personal,2386.0,Home Improvement,14.0
USLW-APP-20240530-990,Ap990324,Em990324,Ci990324,Nk990324,2024-05-30,Personal,7291.0,Education,16.0
USLW-APP-20241210-331,Ap258768,Em258768,Ci258768,Nk258768,2024-12-10,Personal,43478.0,Vacation,27.0
USLW-APP-20240521-355,Ap346726,Em346726,Ci346726,Nk346726,2024-05-21,Personal,25935.0,Home Improvement,32.0
USLW-APP-20241118-815,Ap956912,Em956912,Ci956912,Nk956912,2024-11-18,Auto,34334.0,Refinance,36.0
USLW-APP-20240909-623,Ap670451,Em670451,Ci670451,Nk670451,2024-09-09,Personal,46805.0,Vacation,33.0
USLW-APP-20250219-656,Ap119816,Em119816,Ci119816,Nk119816,2025-02-19,Small Business,345095.0,Working Capital,32.0
USLW-APP-20240531-958,Ap857907,Em857907,Ci857907,Nk857907,2024-05-31,Small Business,47344.0,Equipment Purchase,67.0
USLW-APP-20241022-842,Ap414997,Em414997,Ci414997,Nk414997,2024-10-22,Small Business,125933.0,Inventory,71.0
USLW-APP-20240919-528,Ap255989,Em255989,Ci255989,Nk255989,2024-09-19,Personal,5598.0,Home Improvement,16.0
USLW-APP-20240506-463,Ap721019,Em721019,Ci721019,Nk721019,2024-05-06,Personal,4831.0,Vacation,17.0
USLW-APP-20240423-436,Ap776926,Em776926,Ci776926,Nk776926,2024-04-23,Small Business,148609.0,Equipment Purchase,26.0
USLW-APP-20240522-364,Ap306524,Em306524,Ci306524,Nk306524,2024-05-22,Mortgage,578226.0,Refinance,228.0
USLW-APP-20250219-779,Ap687111,Em687111,Ci687111,Nk687111,2025-02-19,Personal,14688.0,Home Improvement,23.0
USLW-APP-20241003-235,Ap251878,Em251878,Ci251878,Nk251878,2024-10-03,Small Business,160344.0,Startup Costs,38.0
USLW-APP-20250216-372,Ap830880,Em830880,Ci830880,Nk830880,2025-02-16,Small Business,416398.0,Equipment Purchase,63.0
USLW-APP-20250127-555,Ap626047,Em626047,Ci626047,Nk626047,2025-01-27,Personal,26785.0,Medical Expenses,39.0
USLW-APP-20240612-529,Ap881452,Em881452,Ci881452,Nk881452,2024-06-12,Personal,6832.0,Other,39.0
USLW-APP-20241213-719,Ap535165,Em535165,Ci535165,Nk535165,2024-12-13,Small Business,306926.0,Inventory,37.0
USLW-APP-20241230-540,Ap978806,Em978806,Ci978806,Nk978806,2024-12-30,Personal,45141.0,Vacation,35.0
USLW-APP-20241107-827,Ap233554,Em233554,Ci233554,Nk233554,2024-11-07,Personal,46908.0,Home Improvement,43.0
USLW-APP-20250211-232,Ap910874,Em910874,Ci910874,Nk910874,2025-02-11,Small Business,336888.0,Equipment Purchase,28.0
USLW-APP-20240825-485,Ap551282,Em551282,Ci551282,Nk551282,2024-08-25,Personal,48551.0,Other,60.0
USLW-APP-20241102-709,Ap193501,Em193501,Ci193501,Nk193501,2024-11-02,Personal,40108.0,Education,19.0
USLW-APP-20250312-924,Ap364223,Em364223,Ci364223,Nk364223,2025-03-12,Small Business,405398.0,Working Capital,35.0
USLW-APP-20250402-440,Ap159676,Em159676,Ci159676,Nk159676,2025-04-02,Personal,41933.0,Medical Expenses,60.0
USLW-APP-20240918-191,Ap841804,Em841804,Ci841804,Nk841804,2024-09-18,Personal,8724.0,Home Improvement,43.0
USLW-APP-20250309-154,Ap273532,Em273532,Ci273532,Nk273532,2025-03-09,Mortgage,549308.0,Home Purchase,195.0
USLW-APP-20241213-470,Ap714685,Em714685,Ci714685,Nk714685,2024-12-13,Small Business,27982.0,Expansion,34.0
USLW-APP-20250306-933,Ap697135,Em697135,Ci697135,Nk697135,2025-03-06,Personal,43719.0,Debt Consolidation,33.0
USLW-APP-20240809-704,Ap717895,Em717895,Ci717895,Nk717895,2024-08-09,Personal,5527.0,Home Improvement,45.0
USLW-APP-20240424-654,Ap320178,Em320178,Ci320178,Nk320178,2024-04-24,Personal,29204.0,Vacation,47.0
USLW-APP-20240418-843,Ap249521,Em249521,Ci249521,Nk249521,2024-04-18,Small Business,140057.0,Inventory,30.0
USLW-APP-20250118-177,Ap526752,Em526752,Ci526752,Nk526752,2025-01-18,Personal,40152.0,Medical Expenses,22.0
USLW-APP-20250209-188,Ap688365,Em688365,Ci688365,Nk688365,2025-02-09,Small Business,133352.0,Working Capital,67.0
USLW-APP-20250201-179,Ap924690,Em924690,Ci924690,Nk924690,2025-02-01,Personal,1771.0,Home Improvement,25.0
USLW-APP-20250101-859,Ap803662,Em803662,Ci803662,Nk803662,2025-01-01,Personal,2075.0,Home Improvement,40.0
USLW-APP-20241123-783,Ap357009,Em357009,Ci357009,Nk357009,2024-11-23,Personal,19807.0,Education,30.0
USLW-APP-20241206-430,Ap237717,Em237717,Ci237717,Nk237717,2024-12-06,Small Business,447594.0,Inventory,30.0
USLW-APP-20240825-691,Ap481915,Em481915,Ci481915,Nk481915,2024-08-25,Mortgage,926728.0,Home Purchase,325.0
USLW-APP-20250207-760,Ap662288,Em662288,Ci662288,Nk662288,2025-02-07,Auto,39658.0,Refinance,57.0
USLW-APP-20240426-868,Ap651025,Em651025,Ci651025,Nk651025,2024-04-26,Personal,42072.0,Debt Consolidation,58.0
USLW-APP-20240530-360,Ap897917,Em897917,Ci897917,Nk897917,2024-05-30,Personal,35749.0,Home Improvement,18.0
USLW-APP-20241220-696,Ap400709,Em400709,Ci400709,Nk400709,2024-12-20,Personal,12666.0,Debt Consolidation,17.0
USLW-APP-20240716-678,Ap951587,Em951587,Ci951587,Nk951587,2024-07-16,Personal,12431.0,Other,47.0
USLW-APP-20240505-935,Ap286240,Em286240,Ci286240,Nk286240,2024-05-05,Personal,36554.0,Debt Consolidation,29.0
USLW-APP-20240706-268,Ap676775,Em676775,Ci676775,Nk676775,2024-07-06,Mortgage,721315.0,Refinance,249.0
USLW-APP-20250118-582,Ap374486,Em374486,Ci374486,Nk374486,2025-01-18,Personal,11313.0,Education,15.0
USLW-APP-20240913-362,Ap402950,Em402950,Ci402950,Nk402950,2024-09-13,Small Business,158179.0,Equipment Purchase,48.0
USLW-APP-20240501-937,Ap410914,Em410914,Ci410914,Nk410914,2024-05-01,Small Business,357158.0,Inventory,29.0
USLW-APP-20241117-360,Ap178623,Em178623,Ci178623,Nk178623,2024-11-17,Auto,10717.0,New Car Purchase,60.0
USLW-APP-20240602-815,Ap465321,Em465321,Ci465321,Nk465321,2024-06-02,Personal,48653.0,Education,57.0
USLW-APP-20240801-328,Ap962061,Em962061,Ci962061,Nk962061,2024-08-01,Personal,44861.0,Debt Consolidation,48.0
USLW-APP-20241109-337,Ap283675,Em283675,Ci283675,Nk283675,2024-11-09,Personal,43515.0,Medical Expenses,32.0
USLW-APP-20240627-276,Ap837334,Em837334,Ci837334,Nk837334,2024-06-27,Small Business,406703.0,Working Capital,74.0
USLW-APP-20250130-942,Ap730235,Em730235,Ci730235,Nk730235,2025-01-30,Personal,1675.0,Home Improvement,49.0
USLW-APP-20240727-155,Ap912831,Em912831,Ci912831,Nk912831,2024-07-27,Small Business,217370.0,Working Capital,62.0
USLW-APP-20250104-450,Ap752465,Em752465,Ci752465,Nk752465,2025-01-04,Personal,24789.0,Home Improvement,57.0
USLW-APP-20240712-196,Ap316454,Em316454,Ci316454,Nk316454,2024-07-12,Personal,46648.0,Other,41.0
USLW-APP-20240923-997,Ap209575,Em209575,Ci209575,Nk209575,2024-09-23,Personal,13536.0,Other,38.0
USLW-APP-20250228-437,Ap997336,Em997336,Ci997336,Nk997336,2025-02-28,Personal,12919.0,Medical Expenses,49.0
USLW-APP-20250108-809,Ap307606,Em307606,Ci307606,Nk307606,2025-01-08,Personal,1210.0,Medical Expenses,47.0
USLW-APP-20241212-495,Ap605815,Em605815,Ci605815,Nk605815,2024-12-12,Small Business,183234.0,Expansion,33.0
USLW-APP-20250128-926,Ap392822,Em392822,Ci392822,Nk392822,2025-01-28,Small Business,218531.0,Equipment Purchase,28.0
USLW-APP-20240818-290,Ap176218,Em176218,Ci176218,Nk176218,2024-08-18,Auto,20454.0,New Car Purchase,46.0
USLW-APP-20250318-326,Ap687518,Em687518,Ci687518,Nk687518,2025-03-18,Personal,37441.0,Other,44.0
USLW-APP-20240714-515,Ap870044,Em870044,Ci870044,Nk870044,2024-07-14,Personal,38915.0,Vacation,17.0
USLW-APP-20241229-502,Ap436199,Em436199,Ci436199,Nk436199,2024-12-29,Personal,14777.0,Debt Consolidation,36.0
USLW-APP-20240729-328,Ap549589,Em549589,Ci549589,Nk549589,2024-07-29,Personal,45962.0,Other,20.0
USLW-APP-20250123-194,Ap786840,Em786840,Ci786840,Nk786840,2025-01-23,Personal,34754.0,Home Improvement,50.0
USLW-APP-20250101-887,Ap578446,Em578446,Ci578446,Nk578446,2025-01-01,Personal,12520.0,Debt Consolidation,14.0
USLW-APP-20240723-675,Ap562052,Em562052,Ci562052,Nk562052,2024-07-23,Small Business,421704.0,Startup Costs,50.0
USLW-APP-20240816-608,Ap434402,Em434402,Ci434402,Nk434402,2024-08-16,Auto,61570.0,Used Car Purchase,25.0
USLW-APP-20240923-721,Ap139986,Em139986,Ci139986,Nk139986,2024-09-23,Personal,10974.0,Home Improvement,12.0
USLW-APP-20250131-379,Ap779520,Em779520,Ci779520,Nk779520,2025-01-31,Mortgage,708192.0,Home Purchase,323.0
USLW-APP-20241006-393,Ap447739,Em447739,Ci447739,Nk447739,2024-10-06,Small Business,119248.0,Startup Costs,70.0
USLW-APP-20250125-702,Ap725646,Em725646,Ci725646,Nk725646,2025-01-25,Personal,7411.0,Debt Consolidation,40.0
USLW-APP-20240830-574,Ap572327,Em572327,Ci572327,Nk572327,2024-08-30,Personal,23992.0,Debt Consolidation,59.0
USLW-APP-20240914-758,Ap427073,Em427073,Ci427073,Nk427073,2024-09-14,Small Business,86650.0,Equipment Purchase,80.0
USLW-APP-20240527-154,Ap697794,Em697794,Ci697794,Nk697794,2024-05-27,Personal,6487.0,Education,19.0
USLW-APP-20241230-919,Ap134911,Em134911,Ci134911,Nk134911,2024-12-30,Small Business,461877.0,Equipment Purchase,26.0
USLW-APP-20240711-826,Ap973559,Em973559,Ci973559,Nk973559,2024-07-11,Small Business,426808.0,Inventory,57.0
USLW-APP-20240823-239,Ap525037,Em525037,Ci525037,Nk525037,2024-08-23,Personal,47827.0,Vacation,56.0
USLW-APP-20250224-563,Ap830399,Em830399,Ci830399,Nk830399,2025-02-24,Personal,3738.0,Medical Expenses,39.0
USLW-APP-20241024-399,Ap999885,Em999885,Ci999885,Nk999885,2024-10-24,Small Business,45833.0,Inventory,68.0
USLW-APP-20241029-952,Ap708746,Em708746,Ci708746,Nk708746,2024-10-29,Personal,31876.0,Other,23.0
USLW-APP-20250207-741,Ap112175,Em112175,Ci112175,Nk112175,2025-02-07,Personal,17694.0,Education,28.0
USLW-APP-20240801-859,Ap416915,Em416915,Ci416915,Nk416915,2024-08-01,Personal,49163.0,Home Improvement,54.0
USLW-APP-20241202-217,Ap599876,Em599876,Ci599876,Nk599876,2024-12-02,Personal,6682.0,Education,42.0
USLW-APP-20250126-751,Ap745588,Em745588,Ci745588,Nk745588,2025-01-26,Auto,35703.0,New Car Purchase,50.0
USLW-APP-20250201-868,Ap711213,Em711213,Ci711213,Nk711213,2025-02-01,Mortgage,176903.0,Refinance,341.0
USLW-APP-20241018-674,Ap868734,Em868734,Ci868734,Nk868734,2024-10-18,Personal,38471.0,Home Improvement,42.0
USLW-APP-20240717-852,Ap166358,Em166358,Ci166358,Nk166358,2024-07-17,Personal,32222.0,Education,33.0
USLW-APP-20250215-403,Ap510543,Em510543,Ci510543,Nk510543,2025-02-15,Small Business,448094.0,Equipment Purchase,70.0
USLW-APP-20250203-488,Ap147057,Em147057,Ci147057,Nk147057,2025-02-03,Personal,15438.0,Home Improvement,37.0
USLW-APP-20240716-138,Ap368294,Em368294,Ci368294,Nk368294,2024-07-16,Personal,33045.0,Home Improvement,28.0
USLW-APP-20241221-879,Ap890857,Em890857,Ci890857,Nk890857,2024-12-21,Mortgage,770723.0,Refinance,279.0
USLW-APP-20240511-646,Ap354726,Em354726,Ci354726,Nk354726,2024-05-11,Auto,60831.0,Refinance,47.0
USLW-APP-20250301-297,Ap378176,Em378176,Ci378176,Nk378176,2025-03-01,Personal,46422.0,Other,50.0
USLW-APP-20240523-111,Ap626486,Em626486,Ci626486,Nk626486,2024-05-23,Personal,30276.0,Other,52.0
USLW-APP-20240617-299,Ap808754,Em808754,Ci808754,Nk808754,2024-06-17,Mortgage,481401.0,Home Purchase,312.0
USLW-APP-20250213-364,Ap267292,Em267292,Ci267292,Nk267292,2025-02-13,Small Business,184536.0,Working Capital,78.0
USLW-APP-20240405-104,Ap244931,Em244931,Ci244931,Nk244931,2024-04-05,Personal,26952.0,Debt Consolidation,22.0
USLW-APP-20240927-692,Ap543676,Em543676,Ci543676,Nk543676,2024-09-27,Small Business,189707.0,Expansion,55.0
USLW-APP-20240519-849,Ap262491,Em262491,Ci262491,Nk262491,2024-05-19,Small Business,446256.0,Expansion,65.0
USLW-APP-20240908-758,Ap481009,Em481009,Ci481009,Nk481009,2024-09-08,Personal,48123.0,Education,32.0
USLW-APP-20240618-377,Ap501921,Em501921,Ci501921,Nk501921,2024-06-18,Personal,28296.0,Education,18.0
USLW-APP-20240925-416,Ap360910,Em360910,Ci360910,Nk360910,2024-09-25,Personal,9504.0,Education,32.0
USLW-APP-20241113-125,Ap123236,Em123236,Ci123236,Nk123236,2024-11-13,Small Business,318801.0,Startup Costs,44.0
USLW-APP-20240515-405,Ap187955,Em187955,Ci187955,Nk187955,2024-05-15,Personal,44536.0,Education,38.0
USLW-APP-20240531-162,Ap840874,Em840874,Ci840874,Nk840874,2024-05-31,Small Business,345383.0,Inventory,77.0
USLW-APP-20250212-810,Ap727433,Em727433,Ci727433,Nk727433,2025-02-12,Personal,47675.0,Debt Consolidation,51.0
USLW-APP-20240601-450,Ap770718,Em770718,Ci770718,Nk770718,2024-06-01,Small Business,151605.0,Inventory,63.0
USLW-APP-20250303-714,Ap330785,Em330785,Ci330785,Nk330785,2025-03-03,Small Business,439815.0,Startup Costs,68.0
USLW-APP-20240629-903,Ap194914,Em194914,Ci194914,Nk194914,2024-06-29,Personal,13663.0,Home Improvement,34.0
USLW-APP-20240701-997,Ap989302,Em989302,Ci989302,Nk989302,2024-07-01,Mortgage,305428.0,Refinance,326.0
USLW-APP-20241125-341,Ap307990,Em307990,Ci307990,Nk307990,2024-11-25,Auto,58130.0,Used Car Purchase,57.0
USLW-APP-20240701-361,Ap478387,Em478387,Ci478387,Nk478387,2024-07-01,Personal,39017.0,Education,34.0
USLW-APP-20240513-594,Ap638884,Em638884,Ci638884,Nk638884,2024-05-13,Personal,5589.0,Debt Consolidation,46.0
USLW-APP-20240603-426,Ap756639,Em756639,Ci756639,Nk756639,2024-06-03,Small Business,351370.0,Expansion,35.0
USLW-APP-20241227-292,Ap294269,Em294269,Ci294269,Nk294269,2024-12-27,Small Business,214526.0,Startup Costs,46.0
USLW-APP-20240406-152,Ap997928,Em997928,Ci997928,Nk997928,2024-04-06,Personal,41021.0,Debt Consolidation,35.0
USLW-APP-20250107-527,Ap492417,Em492417,Ci492417,Nk492417,2025-01-07,Personal,45174.0,Vacation,49.0
USLW-APP-20250117-124,Ap238155,Em238155,Ci238155,Nk238155,2025-01-17,Personal,22196.0,Education,48.0
USLW-APP-20241128-434,Ap220674,Em220674,Ci220674,Nk220674,2024-11-28,Auto,40135.0,Refinance,69.0
USLW-APP-20240503-427,Ap881817,Em881817,Ci881817,Nk881817,2024-05-03,Mortgage,735176.0,Home Purchase,265.0
USLW-APP-20240718-487,Ap864757,Em864757,Ci864757,Nk864757,2024-07-18,Auto,34275.0,Used Car Purchase,50.0
USLW-APP-20240710-228,Ap356713,Em356713,Ci356713,Nk356713,2024-07-10,Personal,25578.0,Education,21.0
USLW-APP-20240519-602,Ap541501,Em541501,Ci541501,Nk541501,2024-05-19,Personal,38735.0,Education,49.0
USLW-APP-20250301-181,Ap643351,Em643351,Ci643351,Nk643351,2025-03-01,Auto,25389.0,New Car Purchase,72.0
USLW-APP-20250123-150,Ap167642,Em167642,Ci167642,Nk167642,2025-01-23,Personal,17041.0,Debt Consolidation,57.0
USLW-APP-20240627-202,Ap190093,Em190093,Ci190093,Nk190093,2024-06-27,Small Business,11387.0,Working Capital,45.0
USLW-APP-20241124-372,Ap607606,Em607606,Ci607606,Nk607606,2024-11-24,Personal,32263.0,Other,52.0
USLW-APP-20250122-918,Ap317215,Em317215,Ci317215,Nk317215,2025-01-22,Personal,20417.0,Education,17.0
USLW-APP-20241128-934,Ap807280,Em807280,Ci807280,Nk807280,2024-11-28,Personal,38463.0,Education,44.0
USLW-APP-20240817-303,Ap783889,Em783889,Ci783889,Nk783889,2024-08-17,Small Business,336329.0,Equipment Purchase,77.0
USLW-APP-20250204-947,Ap135954,Em135954,Ci135954,Nk135954,2025-02-04,Mortgage,765392.0,Refinance,253.0
USLW-APP-20240812-431,Ap127856,Em127856,Ci127856,Nk127856,2024-08-12,Personal,40204.0,Debt Consolidation,36.0
USLW-APP-20240429-742,Ap626861,Em626861,Ci626861,Nk626861,2024-04-29,Personal,8953.0,Home Improvement,41.0
USLW-APP-20241229-712,Ap659655,Em659655,Ci659655,Nk659655,2024-12-29,Small Business,376491.0,Expansion,82.0
USLW-APP-20240531-507,Ap595553,Em595553,Ci595553,Nk595553,2024-05-31,Personal,33728.0,Home Improvement,20.0
USLW-APP-20240407-297,Ap862092,Em862092,Ci862092,Nk862092,2024-04-07,Small Business,332274.0,Equipment Purchase,49.0
USLW-APP-20240612-227,Ap986040,Em986040,Ci986040,Nk986040,2024-06-12,Personal,47248.0,Medical Expenses,56.0
USLW-APP-20241128-282,Ap422918,Em422918,Ci422918,Nk422918,2024-11-28,Personal,1678.0,Education,34.0
USLW-APP-20250109-207,Ap123752,Em123752,Ci123752,Nk123752,2025-01-09,Small Business,83797.0,Startup Costs,76.0
USLW-APP-20241213-586,Ap941461,Em941461,Ci941461,Nk941461,2024-12-13,Mortgage,196390.0,Refinance,302.0
USLW-APP-20240520-859,Ap248757,Em248757,Ci248757,Nk248757,2024-05-20,Personal,22305.0,Other,23.0
USLW-APP-20240814-766,Ap413837,Em413837,Ci413837,Nk413837,2024-08-14,Personal,27503.0,Home Improvement,45.0
USLW-APP-20240907-458,Ap216739,Em216739,Ci216739,Nk216739,2024-09-07,Personal,3299.0,Home Improvement,54.0
USLW-APP-20250305-640,Ap942393,Em942393,Ci942393,Nk942393,2025-03-05,Small Business,229681.0,Startup Costs,81.0
USLW-APP-20240412-131,Ap338009,Em338009,Ci338009,Nk338009,2024-04-12,Personal,19084.0,Vacation,39.0
USLW-APP-20240408-380,Ap880316,Em880316,Ci880316,Nk880316,2024-04-08,Mortgage,645187.0,Refinance,250.0
USLW-APP-20250115-543,Ap307980,Em307980,Ci307980,Nk307980,2025-01-15,Personal,6916.0,Vacation,41.0
USLW-APP-20241103-437,Ap356609,Em356609,Ci356609,Nk356609,2024-11-03,Personal,24053.0,Other,60.0
USLW-APP-20240526-241,Ap488822,Em488822,Ci488822,Nk488822,2024-05-26,Personal,26387.0,Debt Consolidation,21.0
USLW-APP-20241114-476,Ap436676,Em436676,Ci436676,Nk436676,2024-11-14,Auto,42330.0,New Car Purchase,70.0
USLW-APP-20240920-816,Ap444138,Em444138,Ci444138,Nk444138,2024-09-20,Personal,42902.0,Debt Consolidation,32.0
USLW-APP-20250106-655,Ap418277,Em418277,Ci418277,Nk418277,2025-01-06,Personal,45588.0,Home Improvement,31.0
USLW-APP-20250123-355,Ap618271,Em618271,Ci618271,Nk618271,2025-01-23,Auto,33065.0,Used Car Purchase,42.0
USLW-APP-20250220-393,Ap423412,Em423412,Ci423412,Nk423412,2025-02-20,Personal,29737.0,Debt Consolidation,24.0
USLW-APP-20240404-113,Ap585417,Em585417,Ci585417,Nk585417,2024-04-04,Auto,27361.0,Refinance,64.0
USLW-APP-20250122-331,Ap531459,Em531459,Ci531459,Nk531459,2025-01-22,Auto,64317.0,Refinance,67.0
USLW-APP-20250101-121,Ap288456,Em288456,Ci288456,Nk288456,2025-01-01,Mortgage,466675.0,Home Purchase,354.0
USLW-APP-20240913-673,Ap655941,Em655941,Ci655941,Nk655941,2024-09-13,Small Business,189988.0,Equipment Purchase,30.0
USLW-APP-20240905-592,Ap257729,Em257729,Ci257729,Nk257729,2024-09-05,Small Business,412028.0,Working Capital,64.0
USLW-APP-20250401-871,Ap328504,Em328504,Ci328504,Nk328504,2025-04-01,Personal,32593.0,Other,50.0
USLW-APP-20241010-638,Ap746117,Em746117,Ci746117,Nk746117,2024-10-10,Personal,41955.0,Debt Consolidation,19.0
USLW-APP-20250203-703,Ap752665,Em752665,Ci752665,Nk752665,2025-02-03,Personal,49324.0,Debt Consolidation,41.0
USLW-APP-20240802-690,Ap625910,Em625910,Ci625910,Nk625910,2024-08-02,Personal,20512.0,Home Improvement,16.0
USLW-APP-20250225-170,Ap673044,Em673044,Ci673044,Nk673044,2025-02-25,Personal,30013.0,Other,14.0
USLW-APP-20240713-371,Ap140809,Em140809,Ci140809,Nk140809,2024-07-13,Personal,20255.0,Home Improvement,34.0
USLW-APP-20240807-693,Ap641013,Em641013,Ci641013,Nk641013,2024-08-07,Auto,18791.0,Used Car Purchase,53.0
USLW-APP-20240426-742,Ap816756,Em816756,Ci816756,Nk816756,2024-04-26,Personal,4377.0,Debt Consolidation,33.0
USLW-APP-20240913-354,Ap151226,Em151226,Ci151226,Nk151226,2024-09-13,Personal,30377.0,Education,35.0
USLW-APP-20240827-945,Ap599512,Em599512,Ci599512,Nk599512,2024-08-27,Small Business,213714.0,Working Capital,67.0
USLW-APP-20240429-701,Ap705470,Em705470,Ci705470,Nk705470,2024-04-29,Small Business,100266.0,Startup Costs,77.0
USLW-APP-20240827-282,Ap575781,Em575781,Ci575781,Nk575781,2024-08-27,Auto,13702.0,New Car Purchase,71.0
USLW-APP-20250122-258,Ap129402,Em129402,Ci129402,Nk129402,2025-01-22,Personal,47419.0,Other,37.0
USLW-APP-20241116-354,Ap104263,Em104263,Ci104263,Nk104263,2024-11-16,Mortgage,825894.0,Refinance,358.0
USLW-APP-20240517-439,Ap851883,Em851883,Ci851883,Nk851883,2024-05-17,Mortgage,976897.0,Refinance,198.0
USLW-APP-20240514-389,Ap277900,Em277900,Ci277900,Nk277900,2024-05-14,Personal,8536.0,Home Improvement,23.0
USLW-APP-20241025-706,Ap672212,Em672212,Ci672212,Nk672212,2024-10-25,Personal,47072.0,Vacation,19.0
USLW-APP-20250110-199,Ap436326,Em436326,Ci436326,Nk436326,2025-01-10,Personal,44341.0,Medical Expenses,28.0
USLW-APP-20240409-717,Ap324137,Em324137,Ci324137,Nk324137,2024-04-09,Auto,12915.0,Used Car Purchase,57.0
USLW-APP-20241218-604,Ap552268,Em552268,Ci552268,Nk552268,2024-12-18,Mortgage,84268.0,Home Purchase,264.0
USLW-APP-20241117-520,Ap397881,Em397881,Ci397881,Nk397881,2024-11-17,Personal,32908.0,Education,32.0
USLW-APP-20241231-198,Ap463476,Em463476,Ci463476,Nk463476,2024-12-31,Personal,33632.0,Other,13.0
USLW-APP-20250105-156,Ap451707,Em451707,Ci451707,Nk451707,2025-01-05,Mortgage,528771.0,Home Purchase,294.0
USLW-APP-20250104-503,Ap784733,Em784733,Ci784733,Nk784733,2025-01-04,Auto,25674.0,Used Car Purchase,48.0
USLW-APP-20241221-809,Ap610585,Em610585,Ci610585,Nk610585,2024-12-21,Small Business,75945.0,Expansion,73.0
USLW-APP-20240516-291,Ap791757,Em791757,Ci791757,Nk791757,2024-05-16,Personal,38116.0,Home Improvement,35.0
USLW-APP-20240811-806,Ap490719,Em490719,Ci490719,Nk490719,2024-08-11,Mortgage,910686.0,Home Purchase,254.0
USLW-APP-20240618-228,Ap579361,Em579361,Ci579361,Nk579361,2024-06-18,Small Business,242287.0,Inventory,49.0
USLW-APP-20240713-734,Ap201371,Em201371,Ci201371,Nk201371,2024-07-13,Personal,44677.0,Vacation,21.0
USLW-APP-20240418-546,Ap662997,Em662997,Ci662997,Nk662997,2024-04-18,Personal,34859.0,Medical Expenses,37.0
USLW-APP-20241112-246,Ap292192,Em292192,Ci292192,Nk292192,2024-11-12,Personal,2737.0,Vacation,42.0
USLW-APP-20250219-816,Ap250322,Em250322,Ci250322,Nk250322,2025-02-19,Personal,48857.0,Other,24.0
USLW-APP-20250224-669,Ap121172,Em121172,Ci121172,Nk121172,2025-02-24,Small Business,174226.0,Expansion,34.0
USLW-APP-20240920-267,Ap635843,Em635843,Ci635843,Nk635843,2024-09-20,Small Business,299046.0,Startup Costs,37.0
USLW-APP-20241211-685,Ap677564,Em677564,Ci677564,Nk677564,2024-12-11,Personal,11401.0,Home Improvement,20.0
USLW-APP-20250321-596,Ap681780,Em681780,Ci681780,Nk681780,2025-03-21,Personal,38108.0,Education,50.0
USLW-APP-20240510-171,Ap808362,Em808362,Ci808362,Nk808362,2024-05-10,Personal,34060.0,Medical Expenses,36.0
USLW-APP-20241021-592,Ap613319,Em613319,Ci613319,Nk613319,2024-10-21,Small Business,131976.0,Inventory,35.0
USLW-APP-20240415-417,Ap880298,Em880298,Ci880298,Nk880298,2024-04-15,Personal,31939.0,Medical Expenses,33.0
USLW-APP-20250301-872,Ap976031,Em976031,Ci976031,Nk976031,2025-03-01,Personal,32118.0,Other,37.0
USLW-APP-20240617-250,Ap322320,Em322320,Ci322320,Nk322320,2024-06-17,Personal,15950.0,Debt Consolidation,24.0
USLW-APP-20240627-676,Ap517978,Em517978,Ci517978,Nk517978,2024-06-27,Mortgage,509153.0,Refinance,220.0
USLW-APP-20241224-640,Ap111046,Em111046,Ci111046,Nk111046,2024-12-24,Auto,64367.0,Used Car Purchase,54.0
USLW-APP-20240914-381,Ap328071,Em328071,Ci328071,Nk328071,2024-09-14,Personal,49600.0,Other,57.0
USLW-APP-20240827-433,Ap478165,Em478165,Ci478165,Nk478165,2024-08-27,Personal,7247.0,Home Improvement,31.0
USLW-APP-20241020-498,Ap808662,Em808662,Ci808662,Nk808662,2024-10-20,Personal,3632.0,Other,25.0
USLW-APP-20240729-828,Ap516366,Em516366,Ci516366,Nk516366,2024-07-29,Auto,51114.0,New Car Purchase,70.0
USLW-APP-20241104-631,Ap366997,Em366997,Ci366997,Nk366997,2024-11-04,Personal,10855.0,Medical Expenses,27.0
USLW-APP-20240828-443,Ap745188,Em745188,Ci745188,Nk745188,2024-08-28,Small Business,466232.0,Expansion,45.0
USLW-APP-20241108-985,Ap582615,Em582615,Ci582615,Nk582615,2024-11-08,Mortgage,592245.0,Home Purchase,287.0
USLW-APP-20240826-314,Ap515008,Em515008,Ci515008,Nk515008,2024-08-26,Auto,46919.0,New Car Purchase,29.0
USLW-APP-20250304-296,Ap683417,Em683417,Ci683417,Nk683417,2025-03-04,Personal,2201.0,Vacation,35.0
USLW-APP-20240505-980,Ap861379,Em861379,Ci861379,Nk861379,2024-05-05,Small Business,304021.0,Equipment Purchase,76.0
USLW-APP-20241121-966,Ap305550,Em305550,Ci305550,Nk305550,2024-11-21,Personal,2171.0,Home Improvement,42.0
USLW-APP-20240506-337,Ap344883,Em344883,Ci344883,Nk344883,2024-05-06,Personal,5667.0,Vacation,39.0
USLW-APP-20240914-364,Ap738418,Em738418,Ci738418,Nk738418,2024-09-14,Personal,29381.0,Debt Consolidation,31.0
USLW-APP-20241123-302,Ap560514,Em560514,Ci560514,Nk560514,2024-11-23,Personal,2498.0,Debt Consolidation,40.0
USLW-APP-20240902-926,Ap771210,Em771210,Ci771210,Nk771210,2024-09-02,Auto,48019.0,Used Car Purchase,29.0
USLW-APP-20240930-536,Ap221789,Em221789,Ci221789,Nk221789,2024-09-30,Small Business,280880.0,Expansion,77.0
USLW-APP-20250123-544,Ap779418,Em779418,Ci779418,Nk779418,2025-01-23,Mortgage,176611.0,Home Purchase,271.0
USLW-APP-20241110-351,Ap800780,Em800780,Ci800780,Nk800780,2024-11-10,Personal,12826.0,Education,44.0
USLW-APP-20240705-219,Ap663178,Em663178,Ci663178,Nk663178,2024-07-05,Personal,38393.0,Debt Consolidation,32.0
USLW-APP-20240716-177,Ap166017,Em166017,Ci166017,Nk166017,2024-07-16,Personal,26178.0,Medical Expenses,37.0
USLW-APP-20241008-380,Ap278376,Em278376,Ci278376,Nk278376,2024-10-08,Mortgage,658765.0,Refinance,194.0
USLW-APP-20240815-912,Ap788281,Em788281,Ci788281,Nk788281,2024-08-15,Mortgage,940771.0,Home Purchase,357.0
USLW-APP-20240829-301,Ap599137,Em599137,Ci599137,Nk599137,2024-08-29,Auto,55290.0,New Car Purchase,48.0
USLW-APP-20240902-258,Ap756884,Em756884,Ci756884,Nk756884,2024-09-02,Personal,28518.0,Vacation,31.0
USLW-APP-20240627-241,Ap724712,Em724712,Ci724712,Nk724712,2024-06-27,Small Business,231145.0,Equipment Purchase,72.0
USLW-APP-20240808-510,Ap901480,Em901480,Ci901480,Nk901480,2024-08-08,Mortgage,817949.0,Refinance,217.0
USLW-APP-20240407-266,Ap793264,Em793264,Ci793264,Nk793264,2024-04-07,Personal,36583.0,Other,32.0
USLW-APP-20240704-913,Ap941344,Em941344,Ci941344,Nk941344,2024-07-04,Personal,37928.0,Vacation,38.0
USLW-APP-20241231-852,Ap658296,Em658296,Ci658296,Nk658296,2024-12-31,Personal,24252.0,Other,14.0
USLW-APP-20250228-887,Ap493276,Em493276,Ci493276,Nk493276,2025-02-28,Personal,17550.0,Other,16.0
USLW-APP-20240604-728,Ap830026,Em830026,Ci830026,Nk830026,2024-06-04,Auto,72832.0,New Car Purchase,69.0
USLW-APP-20240725-363,Ap707847,Em707847,Ci707847,Nk707847,2024-07-25,Personal,13457.0,Vacation,17.0
USLW-APP-20240505-893,Ap155337,Em155337,Ci155337,Nk155337,2024-05-05,Small Business,15824.0,Inventory,84.0
USLW-APP-20250219-897,Ap997048,Em997048,Ci997048,Nk997048,2025-02-19,Small Business,225675.0,Working Capital,84.0
USLW-APP-20241219-150,Ap375494,Em375494,Ci375494,Nk375494,2024-12-19,Mortgage,808603.0,Home Purchase,319.0
USLW-APP-20240730-821,Ap124354,Em124354,Ci124354,Nk124354,2024-07-30,Small Business,151856.0,Inventory,80.0
USLW-APP-20240613-200,Ap145186,Em145186,Ci145186,Nk145186,2024-06-13,Mortgage,215211.0,Refinance,349.0
USLW-APP-20240802-801,Ap652433,Em652433,Ci652433,Nk652433,2024-08-02,Personal,11430.0,Other,31.0
USLW-APP-20241027-993,Ap527236,Em527236,Ci527236,Nk527236,2024-10-27,Small Business,407944.0,Working Capital,52.0
USLW-APP-20250321-537,Ap710411,Em710411,Ci710411,Nk710411,2025-03-21,Personal,21388.0,Debt Consolidation,14.0
USLW-APP-20241207-508,Ap599883,Em599883,Ci599883,Nk599883,2024-12-07,Auto,12705.0,New Car Purchase,45.0
USLW-APP-20241118-989,Ap830546,Em830546,Ci830546,Nk830546,2024-11-18,Auto,5410.0,New Car Purchase,37.0
USLW-APP-20240505-538,Ap840829,Em840829,Ci840829,Nk840829,2024-05-05,Personal,12802.0,Medical Expenses,12.0
USLW-APP-20250316-616,Ap644869,Em644869,Ci644869,Nk644869,2025-03-16,Mortgage,554943.0,Home Purchase,344.0
USLW-APP-20241127-254,Ap713217,Em713217,Ci713217,Nk713217,2024-11-27,Small Business,425192.0,Equipment Purchase,75.0
USLW-APP-20240909-688,Ap385195,Em385195,Ci385195,Nk385195,2024-09-09,Mortgage,963983.0,Home Purchase,265.0
USLW-APP-20250214-733,Ap675762,Em675762,Ci675762,Nk675762,2025-02-14,Personal,46383.0,Vacation,55.0
USLW-APP-20250214-836,Ap716036,Em716036,Ci716036,Nk716036,2025-02-14,Personal,14304.0,Debt Consolidation,14.0
USLW-APP-20240707-369,Ap225995,Em225995,Ci225995,Nk225995,2024-07-07,Mortgage,83638.0,Refinance,196.0
USLW-APP-20250325-178,Ap345690,Em345690,Ci345690,Nk345690,2025-03-25,Personal,30982.0,Medical Expenses,25.0
USLW-APP-20250201-848,Ap431770,Em431770,Ci431770,Nk431770,2025-02-01,Mortgage,783527.0,Home Purchase,257.0
USLW-APP-20240705-487,Ap893392,Em893392,Ci893392,Nk893392,2024-07-05,Small Business,39001.0,Working Capital,82.0
USLW-APP-20240923-162,Ap528988,Em528988,Ci528988,Nk528988,2024-09-23,Personal,18321.0,Other,23.0
USLW-APP-20240402-429,Ap280553,Em280553,Ci280553,Nk280553,2024-04-02,Small Business,425803.0,Inventory,79.0
USLW-APP-20250315-666,Ap660696,Em660696,Ci660696,Nk660696,2025-03-15,Personal,3936.0,Medical Expenses,27.0
USLW-APP-20240724-988,Ap980438,Em980438,Ci980438,Nk980438,2024-07-24,Personal,45644.0,Medical Expenses,21.0
USLW-APP-20250323-642,Ap359568,Em359568,Ci359568,Nk359568,2025-03-23,Small Business,427259.0,Startup Costs,39.0
USLW-APP-20241028-875,Ap419278,Em419278,Ci419278,Nk419278,2024-10-28,Personal,17362.0,Other,34.0
USLW-APP-20241102-793,Ap251563,Em251563,Ci251563,Nk251563,2024-11-02,Small Business,275741.0,Working Capital,28.0
USLW-APP-20241230-118,Ap756701,Em756701,Ci756701,Nk756701,2024-12-30,Mortgage,214227.0,Home Purchase,230.0
USLW-APP-20250310-666,Ap799983,Em799983,Ci799983,Nk799983,2025-03-10,Small Business,499968.0,Inventory,74.0
USLW-APP-20241007-422,Ap714615,Em714615,Ci714615,Nk714615,2024-10-07,Personal,15132.0,Other,33.0
USLW-APP-20241107-364,Ap493554,Em493554,Ci493554,Nk493554,2024-11-07,Personal,29503.0,Medical Expenses,58.0
USLW-APP-20241007-934,Ap302503,Em302503,Ci302503,Nk302503,2024-10-07,Personal,44773.0,Education,42.0
USLW-APP-20241228-442,Ap243326,Em243326,Ci243326,Nk243326,2024-12-28,Personal,21114.0,Vacation,27.0
USLW-APP-20240622-508,Ap807220,Em807220,Ci807220,Nk807220,2024-06-22,Small Business,122958.0,Inventory,80.0
USLW-APP-20250215-892,Ap111344,Em111344,Ci111344,Nk111344,2025-02-15,Personal,9594.0,Education,44.0
USLW-APP-20240605-729,Ap494966,Em494966,Ci494966,Nk494966,2024-06-05,Personal,20432.0,Education,29.0
USLW-APP-20241027-307,Ap692245,Em692245,Ci692245,Nk692245,2024-10-27,Personal,39603.0,Debt Consolidation,42.0
USLW-APP-20241014-361,Ap205423,Em205423,Ci205423,Nk205423,2024-10-14,Small Business,490759.0,Inventory,59.0
USLW-APP-20240922-448,Ap420197,Em420197,Ci420197,Nk420197,2024-09-22,Mortgage,896318.0,Home Purchase,308.0
USLW-APP-20250401-299,Ap564071,Em564071,Ci564071,Nk564071,2025-04-01,Personal,22203.0,Other,13.0
USLW-APP-20240731-489,Ap771256,Em771256,Ci771256,Nk771256,2024-07-31,Small Business,13026.0,Startup Costs,32.0
USLW-APP-20240614-153,Ap286833,Em286833,Ci286833,Nk286833,2024-06-14,Small Business,300811.0,Working Capital,76.0
USLW-APP-20240404-941,Ap817912,Em817912,Ci817912,Nk817912,2024-04-04,Auto,48724.0,New Car Purchase,58.0
USLW-APP-20241021-205,Ap875435,Em875435,Ci875435,Nk875435,2024-10-21,Personal,27811.0,Medical Expenses,40.0
USLW-APP-20241214-874,Ap177454,Em177454,Ci177454,Nk177454,2024-12-14,Personal,32695.0,Medical Expenses,31.0
USLW-APP-20250112-565,Ap357594,Em357594,Ci357594,Nk357594,2025-01-12,Small Business,404427.0,Startup Costs,44.0
USLW-APP-20250222-141,Ap611897,Em611897,Ci611897,Nk611897,2025-02-22,Small Business,386413.0,Inventory,75.0
USLW-APP-20240618-773,Ap452744,Em452744,Ci452744,Nk452744,2024-06-18,Small Business,63146.0,Working Capital,73.0
USLW-APP-20250120-545,Ap616142,Em616142,Ci616142,Nk616142,2025-01-20,Small Business,483208.0,Startup Costs,82.0
USLW-APP-20250118-270,Ap137641,Em137641,Ci137641,Nk137641,2025-01-18,Mortgage,951454.0,Home Purchase,301.0
USLW-APP-20240427-815,Ap653999,Em653999,Ci653999,Nk653999,2024-04-27,Personal,8496.0,Other,22.0
USLW-APP-20240531-467,Ap956774,Em956774,Ci956774,Nk956774,2024-05-31,Personal,39643.0,Medical Expenses,38.0
USLW-APP-20250112-322,Ap469040,Em469040,Ci469040,Nk469040,2025-01-12,Small Business,25646.0,Startup Costs,78.0
USLW-APP-20250113-718,Ap767542,Em767542,Ci767542,Nk767542,2025-01-13,Small Business,413391.0,Working Capital,73.0
USLW-APP-20241012-919,Ap712121,Em712121,Ci712121,Nk712121,2024-10-12,Personal,3769.0,Home Improvement,51.0
USLW-APP-20240520-163,Ap418420,Em418420,Ci418420,Nk418420,2024-05-20,Personal,4016.0,Vacation,12.0
USLW-APP-20250122-294,Ap381685,Em381685,Ci381685,Nk381685,2025-01-22,Personal,16295.0,Vacation,54.0
USLW-APP-20241102-290,Ap980889,Em980889,Ci980889,Nk980889,2024-11-02,Personal,3230.0,Vacation,53.0
USLW-APP-20240827-571,Ap575526,Em575526,Ci575526,Nk575526,2024-08-27,Small Business,26480.0,Equipment Purchase,39.0
USLW-APP-20241120-558,Ap144813,Em144813,Ci144813,Nk144813,2024-11-20,Personal,9175.0,Education,60.0
USLW-APP-20241024-229,Ap792558,Em792558,Ci792558,Nk792558,2024-10-24,Small Business,101666.0,Startup Costs,81.0
USLW-APP-20240808-676,Ap764180,Em764180,Ci764180,Nk764180,2024-08-08,Personal,1069.0,Other,60.0
USLW-APP-20240918-888,Ap386214,Em386214,Ci386214,Nk386214,2024-09-18,Personal,12534.0,Home Improvement,30.0
USLW-APP-20240424-409,Ap442703,Em442703,Ci442703,Nk442703,2024-04-24,Personal,13294.0,Vacation,35.0
USLW-APP-20240616-995,Ap304615,Em304615,Ci304615,Nk304615,2024-06-16,Personal,11647.0,Other,43.0
USLW-APP-20250208-657,Ap576657,Em576657,Ci576657,Nk576657,2025-02-08,Personal,22172.0,Other,28.0
USLW-APP-20240910-654,Ap666074,Em666074,Ci666074,Nk666074,2024-09-10,Small Business,178344.0,Working Capital,39.0
USLW-APP-20250101-876,Ap850294,Em850294,Ci850294,Nk850294,2025-01-01,Personal,18947.0,Debt Consolidation,19.0
USLW-APP-20250225-135,Ap855164,Em855164,Ci855164,Nk855164,2025-02-25,Personal,5987.0,Other,27.0
USLW-APP-20250104-576,Ap499953,Em499953,Ci499953,Nk499953,2025-01-04,Personal,41936.0,Home Improvement,25.0
USLW-APP-20241108-378,Ap922494,Em922494,Ci922494,Nk922494,2024-11-08,Auto,34763.0,Refinance,61.0
USLW-APP-20240915-351,Ap938003,Em938003,Ci938003,Nk938003,2024-09-15,Small Business,235034.0,Inventory,29.0
USLW-APP-20241013-732,Ap387654,Em387654,Ci387654,Nk387654,2024-10-13,Personal,24494.0,Vacation,58.0
USLW-APP-20240605-564,Ap381570,Em381570,Ci381570,Nk381570,2024-06-05,Mortgage,476618.0,Home Purchase,304.0
USLW-APP-20240504-478,Ap137265,Em137265,Ci137265,Nk137265,2024-05-04,Mortgage,479577.0,Home Purchase,205.0
USLW-APP-20250309-371,Ap349321,Em349321,Ci349321,Nk349321,2025-03-09,Small Business,358159.0,Expansion,28.0
USLW-APP-20241026-698,Ap166150,Em166150,Ci166150,Nk166150,2024-10-26,Mortgage,973568.0,Home Purchase,212.0
USLW-APP-20240914-559,Ap711600,Em711600,Ci711600,Nk711600,2024-09-14,Mortgage,320897.0,Refinance,214.0
USLW-APP-20240531-435,Ap189613,Em189613,Ci189613,Nk189613,2024-05-31,Personal,18277.0,Home Improvement,51.0
USLW-APP-20241030-342,Ap437054,Em437054,Ci437054,Nk437054,2024-10-30,Personal,14856.0,Medical Expenses,44.0
USLW-APP-20250218-313,Ap938807,Em938807,Ci938807,Nk938807,2025-02-18,Small Business,471554.0,Inventory,83.0
USLW-APP-20250317-945,Ap221826,Em221826,Ci221826,Nk221826,2025-03-17,Personal,47093.0,Other,33.0
USLW-APP-20240703-645,Ap659723,Em659723,Ci659723,Nk659723,2024-07-03,Auto,41227.0,Refinance,29.0
USLW-APP-20240417-719,Ap982875,Em982875,Ci982875,Nk982875,2024-04-17,Personal,10186.0,Debt Consolidation,20.0
USLW-APP-20241019-379,Ap550348,Em550348,Ci550348,Nk550348,2024-10-19,Small Business,10832.0,Startup Costs,72.0
USLW-APP-20241119-793,Ap310017,Em310017,Ci310017,Nk310017,2024-11-19,Personal,28969.0,Home Improvement,53.0
USLW-APP-20240423-514,Ap234055,Em234055,Ci234055,Nk234055,2024-04-23,Small Business,261239.0,Working Capital,48.0
USLW-APP-20240915-503,Ap590457,Em590457,Ci590457,Nk590457,2024-09-15,Personal,8329.0,Vacation,15.0
USLW-APP-20250315-496,Ap776022,Em776022,Ci776022,Nk776022,2025-03-15,Personal,14246.0,Other,23.0
USLW-APP-20240830-922,Ap909942,Em909942,Ci909942,Nk909942,2024-08-30,Personal,21910.0,Vacation,43.0
USLW-APP-20250109-891,Ap833547,Em833547,Ci833547,Nk833547,2025-01-09,Personal,11149.0,Debt Consolidation,24.0
USLW-APP-20250120-860,Ap796358,Em796358,Ci796358,Nk796358,2025-01-20,Personal,15079.0,Debt Consolidation,23.0
USLW-APP-20240815-885,Ap550062,Em550062,Ci550062,Nk550062,2024-08-15,Mortgage,274061.0,Home Purchase,294.0
USLW-APP-20240516-245,Ap194071,Em194071,Ci194071,Nk194071,2024-05-16,Mortgage,814493.0,Refinance,218.0
USLW-APP-20240615-608,Ap893072,Em893072,Ci893072,Nk893072,2024-06-15,Personal,26193.0,Education,47.0
USLW-APP-20250126-701,Ap406691,Em406691,Ci406691,Nk406691,2025-01-26,Personal,41785.0,Home Improvement,54.0
USLW-APP-20240829-430,Ap941052,Em941052,Ci941052,Nk941052,2024-08-29,Personal,14827.0,Debt Consolidation,39.0
USLW-APP-20240428-332,Ap246389,Em246389,Ci246389,Nk246389,2024-04-28,Mortgage,812144.0,Home Purchase,226.0
USLW-APP-20250215-594,Ap739896,Em739896,Ci739896,Nk739896,2025-02-15,Personal,18033.0,Other,28.0
USLW-APP-20250329-200,Ap369708,Em369708,Ci369708,Nk369708,2025-03-29,Mortgage,767891.0,Home Purchase,339.0
USLW-APP-20250312-126,Ap782705,Em782705,Ci782705,Nk782705,2025-03-12,Personal,21770.0,Home Improvement,34.0
USLW-APP-20241002-931,Ap738112,Em738112,Ci738112,Nk738112,2024-10-02,Personal,3094.0,Education,53.0
USLW-APP-20240421-808,Ap354444,Em354444,Ci354444,Nk354444,2024-04-21,Small Business,354942.0,Expansion,81.0
USLW-APP-20240717-335,Ap703561,Em703561,Ci703561,Nk703561,2024-07-17,Small Business,378456.0,Inventory,47.0
USLW-APP-20250309-900,Ap961291,Em961291,Ci961291,Nk961291,2025-03-09,Mortgage,610271.0,Home Purchase,309.0
USLW-APP-20241019-513,Ap311837,Em311837,Ci311837,Nk311837,2024-10-19,Personal,8699.0,Other,34.0
USLW-APP-20250225-100,Ap210017,Em210017,Ci210017,Nk210017,2025-02-25,Personal,47674.0,Other,33.0
USLW-APP-20250113-864,Ap223618,Em223618,Ci223618,Nk223618,2025-01-13,Personal,31429.0,Vacation,43.0
USLW-APP-20240608-291,Ap559297,Em559297,Ci559297,Nk559297,2024-06-08,Personal,22982.0,Medical Expenses,55.0
USLW-APP-20240604-290,Ap225341,Em225341,Ci225341,Nk225341,2024-06-04,Small Business,380265.0,Inventory,30.0
USLW-APP-20250329-371,Ap915862,Em915862,Ci915862,Nk915862,2025-03-29,Small Business,371994.0,Inventory,37.0
USLW-APP-20241106-437,Ap830892,Em830892,Ci830892,Nk830892,2024-11-06,Auto,16478.0,Used Car Purchase,54.0
USLW-APP-20240724-149,Ap652076,Em652076,Ci652076,Nk652076,2024-07-24,Personal,31736.0,Vacation,15.0
USLW-APP-20241108-142,Ap850865,Em850865,Ci850865,Nk850865,2024-11-08,Mortgage,960667.0,Refinance,333.0
USLW-APP-20240426-538,Ap541759,Em541759,Ci541759,Nk541759,2024-04-26,Small Business,351736.0,Inventory,72.0
USLW-APP-20240419-143,Ap955778,Em955778,Ci955778,Nk955778,2024-04-19,Personal,20690.0,Medical Expenses,58.0
USLW-APP-20240906-633,Ap982554,Em982554,Ci982554,Nk982554,2024-09-06,Auto,74196.0,New Car Purchase,46.0
USLW-APP-20240410-166,Ap664262,Em664262,Ci664262,Nk664262,2024-04-10,Mortgage,177096.0,Home Purchase,330.0
USLW-APP-20240617-882,Ap993741,Em993741,Ci993741,Nk993741,2024-06-17,Personal,42017.0,Vacation,28.0
USLW-APP-20240904-571,Ap640659,Em640659,Ci640659,Nk640659,2024-09-04,Personal,41100.0,Education,14.0
USLW-APP-20250226-867,Ap931516,Em931516,Ci931516,Nk931516,2025-02-26,Small Business,107462.0,Startup Costs,71.0
USLW-APP-20250109-342,Ap522845,Em522845,Ci522845,Nk522845,2025-01-09,Personal,29499.0,Medical Expenses,23.0
USLW-APP-20240417-515,Ap806544,Em806544,Ci806544,Nk806544,2024-04-17,Mortgage,710618.0,Home Purchase,299.0
USLW-APP-20240808-500,Ap424060,Em424060,Ci424060,Nk424060,2024-08-08,Small Business,461198.0,Startup Costs,48.0
USLW-APP-20240926-668,Ap698260,Em698260,Ci698260,Nk698260,2024-09-26,Auto,15775.0,New Car Purchase,53.0
USLW-APP-20240628-692,Ap293259,Em293259,Ci293259,Nk293259,2024-06-28,Mortgage,739075.0,Home Purchase,231.0
USLW-APP-20240424-200,Ap375128,Em375128,Ci375128,Nk375128,2024-04-24,Personal,21194.0,Debt Consolidation,58.0
USLW-APP-20240622-294,Ap919471,Em919471,Ci919471,Nk919471,2024-06-22,Small Business,316154.0,Inventory,27.0
USLW-APP-20240906-756,Ap709719,Em709719,Ci709719,Nk709719,2024-09-06,Personal,18042.0,Vacation,42.0
USLW-APP-20240826-386,Ap970123,Em970123,Ci970123,Nk970123,2024-08-26,Personal,49048.0,Education,27.0
USLW-APP-20250220-633,Ap945038,Em945038,Ci945038,Nk945038,2025-02-20,Mortgage,599052.0,Home Purchase,189.0
USLW-APP-20241002-449,Ap503832,Em503832,Ci503832,Nk503832,2024-10-02,Mortgage,76401.0,Refinance,218.0
USLW-APP-20240603-849,Ap989097,Em989097,Ci989097,Nk989097,2024-06-03,Small Business,241284.0,Equipment Purchase,65.0
USLW-APP-20240920-938,Ap729661,Em729661,Ci729661,Nk729661,2024-09-20,Auto,54344.0,Refinance,72.0
USLW-APP-20240914-634,Ap281144,Em281144,Ci281144,Nk281144,2024-09-14,Personal,5634.0,Medical Expenses,39.0
USLW-APP-20240707-805,Ap911006,Em911006,Ci911006,Nk911006,2024-07-07,Small Business,373505.0,Startup Costs,63.0
USLW-APP-20240618-676,Ap350195,Em350195,Ci350195,Nk350195,2024-06-18,Mortgage,773554.0,Home Purchase,180.0
USLW-APP-20240722-832,Ap243748,Em243748,Ci243748,Nk243748,2024-07-22,Mortgage,883867.0,Refinance,252.0
USLW-APP-20241219-567,Ap504032,Em504032,Ci504032,Nk504032,2024-12-19,Personal,20231.0,Home Improvement,27.0
USLW-APP-20240407-561,Ap132733,Em132733,Ci132733,Nk132733,2024-04-07,Personal,5224.0,Debt Consolidation,31.0
USLW-APP-20240804-927,Ap841040,Em841040,Ci841040,Nk841040,2024-08-04,Personal,18331.0,Education,28.0
USLW-APP-20250208-123,Ap626338,Em626338,Ci626338,Nk626338,2025-02-08,Auto,72633.0,Refinance,68.0
USLW-APP-20240503-423,Ap209996,Em209996,Ci209996,Nk209996,2024-05-03,Mortgage,179721.0,Refinance,261.0
USLW-APP-20241123-768,Ap658221,Em658221,Ci658221,Nk658221,2024-11-23,Personal,6387.0,Medical Expenses,55.0
USLW-APP-20240430-476,Ap649239,Em649239,Ci649239,Nk649239,2024-04-30,Personal,45266.0,Medical Expenses,32.0
USLW-APP-20241220-230,Ap656701,Em656701,Ci656701,Nk656701,2024-12-20,Personal,26017.0,Home Improvement,46.0
USLW-APP-20250209-781,Ap265873,Em265873,Ci265873,Nk265873,2025-02-09,Auto,51382.0,Used Car Purchase,53.0
USLW-APP-20250209-354,Ap810979,Em810979,Ci810979,Nk810979,2025-02-09,Personal,6465.0,Home Improvement,38.0
USLW-APP-20240914-901,Ap999005,Em999005,Ci999005,Nk999005,2024-09-14,Mortgage,834991.0,Home Purchase,190.0
USLW-APP-20250313-440,Ap533816,Em533816,Ci533816,Nk533816,2025-03-13,Small Business,444920.0,Expansion,74.0
USLW-APP-20241210-198,Ap813135,Em813135,Ci813135,Nk813135,2024-12-10,Mortgage,62044.0,Home Purchase,321.0
USLW-APP-20241214-144,Ap321888,Em321888,Ci321888,Nk321888,2024-12-14,Auto,31763.0,New Car Purchase,43.0
USLW-APP-20250106-185,Ap885332,Em885332,Ci885332,Nk885332,2025-01-06,Mortgage,467958.0,Home Purchase,254.0
USLW-APP-20240728-293,Ap845453,Em845453,Ci845453,Nk845453,2024-07-28,Mortgage,915134.0,Refinance,185.0
USLW-APP-20240428-203,Ap867950,Em867950,Ci867950,Nk867950,2024-04-28,Personal,4263.0,Debt Consolidation,22.0
USLW-APP-20240817-758,Ap266472,Em266472,Ci266472,Nk266472,2024-08-17,Mortgage,433365.0,Refinance,268.0
USLW-APP-20240805-108,Ap497710,Em497710,Ci497710,Nk497710,2024-08-05,Mortgage,524252.0,Refinance,273.0
USLW-APP-20250321-984,Ap311760,Em311760,Ci311760,Nk311760,2025-03-21,Personal,27825.0,Debt Consolidation,13.0
USLW-APP-20241120-954,Ap222744,Em222744,Ci222744,Nk222744,2024-11-20,Small Business,408241.0,Equipment Purchase,52.0
USLW-APP-20241221-230,Ap975863,Em975863,Ci975863,Nk975863,2024-12-21,Mortgage,491223.0,Home Purchase,202.0
USLW-APP-20240917-439,Ap830051,Em830051,Ci830051,Nk830051,2024-09-17,Mortgage,341995.0,Refinance,315.0
USLW-APP-20240826-678,Ap601946,Em601946,Ci601946,Nk601946,2024-08-26,Mortgage,430843.0,Refinance,283.0
USLW-APP-20241120-834,Ap143001,Em143001,Ci143001,Nk143001,2024-11-20,Small Business,347077.0,Equipment Purchase,69.0
USLW-APP-20240825-559,Ap691652,Em691652,Ci691652,Nk691652,2024-08-25,Small Business,370120.0,Expansion,47.0
USLW-APP-20240509-101,Ap931460,Em931460,Ci931460,Nk931460,2024-05-09,Personal,3233.0,Medical Expenses,14.0
USLW-APP-20250329-704,Ap338506,Em338506,Ci338506,Nk338506,2025-03-29,Mortgage,332210.0,Refinance,338.0
USLW-APP-20241112-107,Ap853019,Em853019,Ci853019,Nk853019,2024-11-12,Personal,33305.0,Medical Expenses,34.0
USLW-APP-20240718-447,Ap530789,Em530789,Ci530789,Nk530789,2024-07-18,Personal,43501.0,Home Improvement,30.0
USLW-APP-20240726-235,Ap756166,Em756166,Ci756166,Nk756166,2024-07-26,Personal,43725.0,Vacation,31.0
USLW-APP-20240404-396,Ap811998,Em811998,Ci811998,Nk811998,2024-04-04,Mortgage,93201.0,Home Purchase,304.0
USLW-APP-20240705-954,Ap752589,Em752589,Ci752589,Nk752589,2024-07-05,Personal,33796.0,Debt Consolidation,29.0
USLW-APP-20250114-468,Ap599722,Em599722,Ci599722,Nk599722,2025-01-14,Personal,1441.0,Education,56.0
USLW-APP-20241106-936,Ap785117,Em785117,Ci785117,Nk785117,2024-11-06,Mortgage,682115.0,Refinance,196.0
USLW-APP-20240828-489,Ap658924,Em658924,Ci658924,Nk658924,2024-08-28,Mortgage,337236.0,Refinance,249.0
USLW-APP-20240714-356,Ap835457,Em835457,Ci835457,Nk835457,2024-07-14,Personal,30579.0,Other,26.0
USLW-APP-20240910-706,Ap279352,Em279352,Ci279352,Nk279352,2024-09-10,Personal,34308.0,Other,45.0
USLW-APP-20250101-547,Ap910694,Em910694,Ci910694,Nk910694,2025-01-01,Small Business,345975.0,Working Capital,44.0
USLW-APP-20240610-781,Ap966867,Em966867,Ci966867,Nk966867,2024-06-10,Personal,15459.0,Debt Consolidation,30.0
USLW-APP-20240605-419,Ap293283,Em293283,Ci293283,Nk293283,2024-06-05,Small Business,377713.0,Startup Costs,84.0
USLW-APP-20240606-917,Ap550195,Em550195,Ci550195,Nk550195,2024-06-06,Personal,20061.0,Vacation,38.0
USLW-APP-20240403-928,Ap869884,Em869884,Ci869884,Nk869884,2024-04-03,Personal,32536.0,Debt Consolidation,22.0
USLW-APP-20240928-615,Ap531413,Em531413,Ci531413,Nk531413,2024-09-28,Personal,18683.0,Vacation,60.0
USLW-APP-20241026-311,Ap403988,Em403988,Ci403988,Nk403988,2024-10-26,Mortgage,931684.0,Refinance,272.0
USLW-APP-20240526-742,Ap426898,Em426898,Ci426898,Nk426898,2024-05-26,Personal,23001.0,Vacation,20.0
USLW-APP-20250207-611,Ap963561,Em963561,Ci963561,Nk963561,2025-02-07,Small Business,161965.0,Expansion,27.0
USLW-APP-20240916-207,Ap402186,Em402186,Ci402186,Nk402186,2024-09-16,Personal,7980.0,Medical Expenses,36.0
USLW-APP-20240804-502,Ap161665,Em161665,Ci161665,Nk161665,2024-08-04,Small Business,149813.0,Working Capital,62.0
USLW-APP-20240405-127,Ap346584,Em346584,Ci346584,Nk346584,2024-04-05,Personal,41312.0,Debt Consolidation,17.0
USLW-APP-20241021-319,Ap216953,Em216953,Ci216953,Nk216953,2024-10-21,Small Business,330438.0,Inventory,74.0
USLW-APP-20241219-666,Ap576072,Em576072,Ci576072,Nk576072,2024-12-19,Small Business,174051.0,Working Capital,57.0
USLW-APP-20240512-699,Ap782736,Em782736,Ci782736,Nk782736,2024-05-12,Small Business,268866.0,Working Capital,83.0
USLW-APP-20240602-260,Ap286626,Em286626,Ci286626,Nk286626,2024-06-02,Personal,10547.0,Vacation,25.0
USLW-APP-20240613-703,Ap245271,Em245271,Ci245271,Nk245271,2024-06-13,Auto,52848.0,New Car Purchase,53.0
USLW-APP-20240613-480,Ap218533,Em218533,Ci218533,Nk218533,2024-06-13,Mortgage,501890.0,Home Purchase,316.0
USLW-APP-20240726-795,Ap698069,Em698069,Ci698069,Nk698069,2024-07-26,Personal,30992.0,Other,44.0
USLW-APP-20241103-145,Ap565966,Em565966,Ci565966,Nk565966,2024-11-03,Mortgage,310284.0,Refinance,300.0
USLW-APP-20250107-304,Ap166262,Em166262,Ci166262,Nk166262,2025-01-07,Small Business,113803.0,Working Capital,41.0
USLW-APP-20250227-652,Ap933032,Em933032,Ci933032,Nk933032,2025-02-27,Personal,12166.0,Debt Consolidation,51.0
USLW-APP-20240620-249,Ap176898,Em176898,Ci176898,Nk176898,2024-06-20,Personal,21836.0,Home Improvement,42.0
USLW-APP-20240929-395,Ap555699,Em555699,Ci555699,Nk555699,2024-09-29,Mortgage,204611.0,Refinance,284.0
USLW-APP-20240718-519,Ap249369,Em249369,Ci249369,Nk249369,2024-07-18,Small Business,315895.0,Equipment Purchase,28.0
USLW-APP-20240627-214,Ap654736,Em654736,Ci654736,Nk654736,2024-06-27,Small Business,134663.0,Expansion,68.0
USLW-APP-20250204-283,Ap388316,Em388316,Ci388316,Nk388316,2025-02-04,Personal,12583.0,Education,14.0
USLW-APP-20240929-715,Ap107657,Em107657,Ci107657,Nk107657,2024-09-29,Personal,26288.0,Medical Expenses,33.0
USLW-APP-20250218-929,Ap577602,Em577602,Ci577602,Nk577602,2025-02-18,Mortgage,453799.0,Home Purchase,184.0
USLW-APP-20250224-551,Ap880977,Em880977,Ci880977,Nk880977,2025-02-24,Personal,8637.0,Vacation,22.0
USLW-APP-20241013-199,Ap474999,Em474999,Ci474999,Nk474999,2024-10-13,Small Business,176081.0,Inventory,61.0
USLW-APP-20250318-737,Ap784191,Em784191,Ci784191,Nk784191,2025-03-18,Mortgage,328916.0,Home Purchase,355.0
USLW-APP-20240803-863,Ap107906,Em107906,Ci107906,Nk107906,2024-08-03,Personal,20692.0,Education,18.0
USLW-APP-20240710-945,Ap423557,Em423557,Ci423557,Nk423557,2024-07-10,Small Business,77775.0,Expansion,60.0
USLW-APP-20241027-385,Ap678316,Em678316,Ci678316,Nk678316,2024-10-27,Small Business,355717.0,Inventory,69.0
USLW-APP-20250315-758,Ap893719,Em893719,Ci893719,Nk893719,2025-03-15,Personal,28317.0,Medical Expenses,17.0
USLW-APP-20240702-950,Ap395804,Em395804,Ci395804,Nk395804,2024-07-02,Small Business,168677.0,Equipment Purchase,74.0
USLW-APP-20250227-242,Ap568974,Em568974,Ci568974,Nk568974,2025-02-27,Personal,35752.0,Debt Consolidation,51.0
USLW-APP-20240610-887,Ap946936,Em946936,Ci946936,Nk946936,2024-06-10,Mortgage,573737.0,Home Purchase,348.0
USLW-APP-20250212-903,Ap815080,Em815080,Ci815080,Nk815080,2025-02-12,Personal,37191.0,Medical Expenses,47.0
USLW-APP-20241226-336,Ap727267,Em727267,Ci727267,Nk727267,2024-12-26,Personal,17955.0,Other,59.0
USLW-APP-20240805-571,Ap134701,Em134701,Ci134701,Nk134701,2024-08-05,Personal,18930.0,Education,15.0
USLW-APP-20240507-710,Ap183300,Em183300,Ci183300,Nk183300,2024-05-07,Small Business,393502.0,Equipment Purchase,72.0
USLW-APP-20240929-136,Ap865537,Em865537,Ci865537,Nk865537,2024-09-29,Personal,23863.0,Other,20.0
USLW-APP-20250310-962,Ap773034,Em773034,Ci773034,Nk773034,2025-03-10,Small Business,408218.0,Equipment Purchase,61.0
USLW-APP-20250309-730,Ap183560,Em183560,Ci183560,Nk183560,2025-03-09,Mortgage,423240.0,Home Purchase,246.0
USLW-APP-20240422-970,Ap342615,Em342615,Ci342615,Nk342615,2024-04-22,Small Business,374535.0,Working Capital,84.0
USLW-APP-20240515-213,Ap143642,Em143642,Ci143642,Nk143642,2024-05-15,Personal,29404.0,Vacation,59.0
USLW-APP-20240909-879,Ap617083,Em617083,Ci617083,Nk617083,2024-09-09,Mortgage,135904.0,Refinance,225.0
USLW-APP-20241226-566,Ap591036,Em591036,Ci591036,Nk591036,2024-12-26,Personal,18756.0,Home Improvement,29.0
USLW-APP-20240723-239,Ap427304,Em427304,Ci427304,Nk427304,2024-07-23,Mortgage,831134.0,Home Purchase,353.0
USLW-APP-20241222-162,Ap904034,Em904034,Ci904034,Nk904034,2024-12-22,Mortgage,160667.0,Home Purchase,335.0
USLW-APP-20240623-291,Ap465464,Em465464,Ci465464,Nk465464,2024-06-23,Personal,35614.0,Vacation,19.0
USLW-APP-20250202-594,Ap713089,Em713089,Ci713089,Nk713089,2025-02-02,Small Business,375196.0,Equipment Purchase,50.0
