application_id,application_date,loan_type,loan_amount_requested_usd,loan_purpose,repayment_tenure_months,applicant_ssn,applicant_full_name,applicant_date_of_birth,applicant_gender,applicant_marital_status,applicant_level_of_education,applicant_street_address,applicant_city,applicant_state,applicant_zip_code,applicant_phone_number,applicant_email_address,employment_type,employer_name,duration_of_employment_years,monthly_income_usd,bank_account_number,next_of_kin_full_name,next_of_kin_relationship,next_of_kin_phone_number
USLW-APP-20241029-280,2024-10-29,Personal,44776.0,Debt Consolidation,25.0,842-01-0289,Matthew Jackson,1991-12-31,Female,Single,Doctorate,50689 Blackwell Path Suite 267,Kimberlyfurt,Arkansas,33674.0,001563265846974117,pwashington@calderon.com,Hourly,Harris-Jackson Corp.,7.7,17041.0,98441561.0,Amber Mccormick,Sibling,746557406215729
USLW-APP-20241106-963,2024-11-06,Small Business,366657.0,Equipment Purchase,47.0,235-21-6513,Brian Terry,1983-11-25,Female,Divorced,Bachelor's Degree,569 Douglas Roads Apt. 305,Kingville,Michigan,62572.0,6578968421,rosskari@gmail.com,Salaried,"Davis, Hernandez and Perry Corp.",6.6,18107.0,43092350.0,Natalie Lowe,Spouse,14061354533448
USLW-APP-20240815-890,2024-08-15,Small Business,62235.0,Expansion,25.0,426-59-7331,Bobby Aguirre,2002-07-23,Female,Separated,Doctorate,68607 Michelle Light Apt. 572,Port Martin,Arkansas,95461.0,001124908061495483,greg76@keith.net,Salaried,Clark-Martinez Corp.,26.4,26559.0,60210791.0,Erika Flores,Spouse,2391912367
USLW-APP-20250328-608,2025-03-28,Personal,48734.0,Home Improvement,56.0,411-40-6357,Amy Smith,1982-11-26,Female,Single,Associate's Degree,836 Castillo Roads,South Devinberg,Texas,57049.0,13049014065,collinsisaac@smith-williams.biz,Self-Employed,Mcconnell LLC LLC,7.6,6863.0,62723558.0,Jerry Zhang,Sibling,69583450416433
USLW-APP-20240802-408,2024-08-02,Mortgage,445307.0,Refinance,335.0,241-54-9602,Kristen Hale,2007-03-26,Other,Divorced,Associate's Degree,611 Linda Lights,Madisonchester,Oklahoma,88284.0,001148172337471056,spencermelissa@barnes.com,Hourly,Rice-Brown Corp.,9.9,6183.0,22790259.0,Drew Preston,Friend,3955043536
USLW-APP-20240908-814,2024-09-08,Small Business,179624.0,Startup Costs,79.0,572-79-6307,Brittney Rodriguez,1949-12-19,Female,Divorced,High School Diploma,989 Cristina Cove,Adamland,Oregon,54323.0,1751528764,alexanderbarbara@parker.info,Self-Employed,Brown-Lopez LLC,12.0,16883.0,72130843.0,Lisa Hines,Sibling,1253948230644
USLW-APP-20250129-750,2025-01-29,Personal,1900.0,Home Improvement,23.0,301-32-8248,Cindy Allen,1992-03-28,Female,Separated,Associate's Degree,9142 Paige Curve Apt. 168,New David,North Carolina,43570.0,959399083788285,gordon79@gmail.com,Hourly,"Rodriguez, Richardson and Morris Corp.",28.1,4085.0,25024511.0,Carl Brown,Sibling,69078333769293
USLW-APP-20240426-908,2024-04-26,Small Business,98833.0,Expansion,79.0,692-76-8399,Amy Dudley,1990-11-18,Other,Widowed,Master's Degree,1955 Hicks Manors Suite 892,North Darrenside,Texas,63731.0,587102987830446,ebrooks@bentley.com,Self-Employed,"Jackson, Kelly and Gregory LLC",15.1,18068.0,107879244.0,Miss Jacqueline Watson MD,Parent,98057388009905
USLW-APP-20240720-379,2024-07-20,Small Business,386383.0,Equipment Purchase,49.0,566-60-4912,Gregory Rodriguez,1991-03-01,Male,Single,Associate's Degree,0674 Byrd Brooks,East Ebonyport,Oklahoma,87965.0,870983355769318,elutz@quinn.com,Salaried,Garrett PLC Corp.,26.8,17970.0,78287091.0,David Hanson,Sibling,01238710630855
USLW-APP-20240727-366,2024-07-27,Small Business,109661.0,Expansion,31.0,184-89-9934,Martin Huynh,1955-08-28,Female,Separated,Associate's Degree,845 Kelly Pike Suite 835,Millerborough,Oregon,89140.0,001094734652642769,tammy83@yahoo.com,Salaried,Compton Ltd Corp.,5.3,12243.0,32957493.0,Darrell Griffith,Spouse,6140192544
USLW-APP-20241110-500,2024-11-10,Mortgage,142374.0,Refinance,200.0,544-99-8148,Terri King,1976-12-12,Male,Married,High School Diploma,289 Joshua Parkways,Jaclynfort,Arkansas,60603.0,001563367391173851,rmiller@hughes-thompson.com,Salaried,Ashley-Wilson Corp.,17.9,4642.0,59947541.0,Jacqueline Meyer,Parent,922965748162558
USLW-APP-20240415-708,2024-04-15,Mortgage,856258.0,Home Purchase,284.0,381-19-9182,Dawn Randall,1991-02-13,Female,Separated,Doctorate,3231 James Track,North Markfurt,Nevada,61695.0,89863039966595,markwinters@hotmail.com,Hourly,"Arroyo, Lindsey and Cox Corp.",24.2,19812.0,29797035.0,Jessica Pollard,Parent,8640595443
USLW-APP-20240723-276,2024-07-23,Small Business,389256.0,Inventory,71.0,897-39-7755,Angela Nelson,2004-09-04,Female,Married,High School Diploma,7477 Barry Corners,Marcusshire,Alabama,59470.0,0014341669641312,thull@turner.net,Salaried,"Owen, Glass and Wheeler Corp.",28.0,12317.0,21328059.0,George Schmidt,Spouse,17758092288
USLW-APP-20240406-854,2024-04-06,Personal,27834.0,Other,22.0,755-35-1733,Carrie Flores,2004-08-29,Other,Separated,Associate's Degree,97622 Kimberly Village,New Jeffery,Illinois,41828.0,00164334277243785,baldwinamanda@hotmail.com,Self-Employed,Bush-Brooks LLC,19.1,21459.0,32569593.0,Roger Gray,Friend,0943753181483
USLW-APP-20241203-556,2024-12-03,Small Business,304718.0,Working Capital,47.0,217-98-8303,Edward Sherman,1978-08-12,Other,Single,High School Diploma,918 Roberts Key Apt. 896,Lake Leahmouth,Alaska,86836.0,26062035758328,bryanmontoya@gmail.com,Salaried,Smith Ltd Corp.,20.6,15612.0,69947311.0,Charles Hale,Sibling,288427285456503
USLW-APP-20240602-906,2024-06-02,Personal,20962.0,Education,27.0,044-76-8656,Anthony Campbell,1954-05-18,Male,Single,High School Diploma,8894 Kara Street Suite 643,Thompsontown,South Dakota,84738.0,0019273555711488,yrobinson@ayers-thompson.info,Salaried,Harvey-Jennings Corp.,16.6,12016.0,112133807.0,Steven Stephenson,Spouse,6267915670
USLW-APP-20241121-743,2024-11-21,Auto,5569.0,Used Car Purchase,71.0,249-40-2776,Danielle Lucas,1983-01-25,Female,Divorced,Some College,2825 Santana Trafficway Apt. 794,New Ralph,Kansas,96013.0,8176512060,fgrimes@yahoo.com,Salaried,Young Group Corp.,26.8,16503.0,78315730.0,Tracey Allen,Parent,0010053629814884
USLW-APP-20240924-333,2024-09-24,Personal,20783.0,Home Improvement,30.0,636-59-8182,Samuel Beard,1991-11-12,Male,Divorced,Associate's Degree,4922 Teresa View,Heatherside,Connecticut,46700.0,4369148765397,eschneider@clayton.org,Self-Employed,Deleon Inc LLC,4.1,24094.0,95524038.0,Eric Fernandez,Friend,475810965242135
USLW-APP-20250324-439,2025-03-24,Mortgage,575763.0,Home Purchase,318.0,409-71-0489,William Barron PhD,1987-11-22,Female,Single,Master's Degree,692 Scott Lake,Phillipsshire,Oklahoma,97342.0,3685533900646,wendy52@gmail.com,Salaried,Peck Ltd Corp.,8.4,20751.0,85512254.0,Gerald Smith,Sibling,25526177306007
USLW-APP-20240606-112,2024-06-06,Auto,71937.0,New Car Purchase,35.0,770-63-4407,Meghan Chen,1970-11-28,Other,Married,Master's Degree,1714 Wayne Canyon Suite 193,Mcmahonburgh,Iowa,2069.0,0966979950564,cruzshannon@leblanc.com,Self-Employed,"Luna, Trevino and Moon LLC",11.4,8358.0,59236498.0,Randy Smith,Parent,614492672845406
USLW-APP-20240626-646,2024-06-26,Personal,38490.0,Education,36.0,010-22-8401,Joel Pope,2006-05-17,Other,Married,Doctorate,32762 Justin Garden Suite 621,Prattbury,Rhode Island,68858.0,0049141911665,nicole43@hotmail.com,Salaried,Horton-Cohen Corp.,15.3,10277.0,73100089.0,Paul Avila,Spouse,1257891483
USLW-APP-20241116-817,2024-11-16,Personal,46041.0,Debt Consolidation,36.0,236-77-2371,Lawrence Ramos,1986-07-31,Female,Married,Some College,11980 John Green,Ramoschester,Nebraska,77095.0,3781484505,vthompson@wilkins.com,Hourly,"Munoz, Reyes and Humphrey Corp.",24.6,22838.0,114028253.0,Jose Owens,Parent,4402667757148
USLW-APP-20250106-998,2025-01-06,Personal,12890.0,Education,51.0,572-91-3459,Tim Jenkins,1973-07-05,Other,Widowed,Doctorate,66996 Kathleen Summit Apt. 125,Younghaven,Connecticut,46073.0,1452401617,richard09@mcdaniel.com,Salaried,Scott-Garrett Corp.,13.0,28001.0,98618433.0,Michael Hoffman,Spouse,001608873332929708
USLW-APP-20241127-111,2024-11-27,Personal,41130.0,Education,36.0,252-91-3748,Jenna Fisher,1985-04-30,Female,Single,Associate's Degree,16621 Stephens Forest,Lake Josephland,Nebraska,45015.0,12164894137998,amanda85@yahoo.com,Salaried,Parker Inc Corp.,16.8,10725.0,22429614.0,Tyler Gibbs,Sibling,285427939449437
USLW-APP-20250301-860,2025-03-01,Personal,3167.0,Other,17.0,564-41-6191,Jessica Quinn,1967-01-21,Male,Widowed,Associate's Degree,3217 Ricardo Prairie Suite 807,Rodriguezland,Washington,87847.0,3946015094,ashley72@johnson-morales.org,Salaried,"Hughes, Davis and Ramirez Corp.",25.7,16882.0,92258129.0,Matthew Davis,Parent,12309478322670
USLW-APP-20240924-193,2024-09-24,Small Business,275830.0,Equipment Purchase,84.0,292-57-7046,Erica Martinez,1984-05-29,Female,Separated,Doctorate,884 Jerome Land,West David,Oklahoma,1442.0,3561570412,jessekirk@hotmail.com,Salaried,"Macias, Reese and Pacheco Corp.",16.6,18827.0,96243130.0,Patricia Smith,Sibling,001078333870429358
USLW-APP-20240519-284,2024-05-19,Personal,17121.0,Debt Consolidation,40.0,132-70-5666,Courtney Adams,1954-01-25,Other,Married,Bachelor's Degree,5912 Jensen Knoll Suite 538,New Zacharyside,Iowa,28378.0,672041479860392,pthomas@burton.com,Self-Employed,Barnett-Campbell LLC,8.0,12215.0,101875998.0,Megan Hunt,Parent,6529506609
USLW-APP-20240718-990,2024-07-18,Auto,19096.0,Refinance,24.0,489-64-8826,Dr. Richard Erickson,1988-01-08,Female,Separated,Doctorate,9779 Wilkerson View Apt. 280,Gibbsstad,Wisconsin,55641.0,9580083319075,elizabeth41@bell-oneal.com,Self-Employed,"Davidson, Patel and Wilson LLC",10.1,18109.0,40851015.0,William Miller,Friend,8162619496
USLW-APP-20241214-343,2024-12-14,Personal,17325.0,Medical Expenses,36.0,257-82-3650,Daniel Pace,1988-05-15,Female,Divorced,Doctorate,6987 Michael Villages Suite 809,Vangborough,South Dakota,80294.0,064444265081995,josemartinez@barnett.com,Hourly,Lee-Patel Corp.,28.2,21875.0,39487416.0,Raven Fry,Sibling,9756263297
USLW-APP-20241103-315,2024-11-03,Small Business,394092.0,Startup Costs,70.0,820-40-3374,Stephanie Johnson,1987-05-06,Other,Married,Some College,21449 Carrie Via Suite 457,Greenport,North Carolina,20790.0,92344868947122,allisonsmith@yahoo.com,Hourly,"Walsh, Sullivan and Tucker Corp.",16.3,12880.0,51104997.0,Gregory Stewart,Parent,0019070379726
USLW-APP-20250120-454,2025-01-20,Personal,20039.0,Education,57.0,830-09-3708,Tiffany Scott,1966-03-28,Other,Single,Bachelor's Degree,58609 Diaz Summit Apt. 020,Riosmouth,Michigan,82794.0,13666417108,davisjacqueline@watson-evans.com,Salaried,Welch-Cox Corp.,3.9,27883.0,124715873.0,Steven Porter,Sibling,3755920186
USLW-APP-20241203-771,2024-12-03,Small Business,69818.0,Inventory,47.0,538-23-0704,Morgan Perez,1997-07-14,Female,Married,Some College,360 Wells Ridges Apt. 558,East James,South Dakota,50958.0,0922559947,pnixon@weaver-rice.org,Salaried,Taylor-Garcia Corp.,15.4,18489.0,100858000.0,Kristen Perez,Friend,803331588323566
USLW-APP-20241128-866,2024-11-28,Personal,43948.0,Medical Expenses,54.0,822-79-4711,Jeffrey Thomas,1993-07-29,Female,Married,Some College,993 Matthew Circle,New Rebeccabury,Illinois,76999.0,162338634636872,kathleen09@yahoo.com,Hourly,Moore-Ferguson Corp.,28.0,19977.0,71984029.0,Kimberly King,Spouse,181808957594048
USLW-APP-20240628-775,2024-06-28,Personal,17915.0,Other,52.0,568-09-9653,Danielle Gallegos,1992-11-18,Other,Married,Doctorate,7571 Monica Valleys Apt. 237,Wongfurt,California,53002.0,8622963155097,gchan@yahoo.com,Salaried,Hoover Group Corp.,16.7,21063.0,14591194.0,Daniel Peterson,Parent,515014072323745
USLW-APP-20241203-453,2024-12-03,Small Business,119728.0,Inventory,55.0,349-81-0910,Sonya Thomas,1990-09-01,Other,Divorced,Master's Degree,848 Brewer Squares,North Michaeltown,Michigan,87027.0,2498321304364,james82@hotmail.com,Salaried,Parker-Love Corp.,17.1,26775.0,128145834.0,Shawn Mcdonald,Friend,2025241505207
USLW-APP-20250319-324,2025-03-19,Personal,34082.0,Medical Expenses,45.0,234-50-2064,Jennifer Moses,1987-02-22,Male,Separated,Master's Degree,1849 Karen Shoal Suite 082,Bowenmouth,Oregon,32480.0,1482645449725340,jamesanderson@harrison.org,Self-Employed,"Sanchez, Wallace and Warren LLC",10.5,16166.0,36848595.0,Jennifer Villarreal,Spouse,198612225315282
USLW-APP-20240808-617,2024-08-08,Personal,21850.0,Medical Expenses,46.0,158-28-2397,Jeffrey Davis,1979-12-11,Other,Separated,Associate's Degree,066 Peterson Cliffs,Evelynside,Wisconsin,47990.0,77631920487489,karenjones@hotmail.com,Self-Employed,"Green, Anthony and Brown LLC",11.4,23958.0,100120961.0,Jacob Baker,Sibling,6306867145
USLW-APP-20240710-265,2024-07-10,Small Business,380900.0,Expansion,32.0,500-72-1999,Jessica Le,1999-08-24,Other,Divorced,Bachelor's Degree,70151 Jamie Drive Suite 797,Sandraside,Alabama,10365.0,460004194003417,denisemoore@miller-castillo.com,Salaried,"Hernandez, Payne and Walker Corp.",5.1,16041.0,11614553.0,Rachel Buchanan,Sibling,1484757556
USLW-APP-20250213-625,2025-02-13,Personal,9987.0,Education,52.0,339-39-0844,Michael Ryan,1972-05-24,Male,Single,Associate's Degree,5956 Wood Mission,Nancystad,Kansas,36006.0,7272340285213,vochoa@hotmail.com,Salaried,Hendricks LLC Corp.,2.1,19462.0,69488854.0,Robert Crawford,Friend,16917772582
USLW-APP-20240531-131,2024-05-31,Personal,39952.0,Debt Consolidation,18.0,233-13-4814,Ashley Dunn,1966-10-05,Other,Divorced,Associate's Degree,92786 Christopher Creek,Port Sherryberg,South Carolina,57817.0,3103560664,david67@holder-savage.com,Salaried,"Pacheco, Grimes and Blake Corp.",6.5,18343.0,60819736.0,Dana Riggs,Sibling,1673603593924458
USLW-APP-20241210-120,2024-12-10,Personal,49584.0,Education,41.0,782-59-0343,Sarah Jordan,2000-12-01,Male,Divorced,Bachelor's Degree,24275 Sean Manor,Port Stephanie,Illinois,585.0,1336006902,akim@hart-gilmore.org,Salaried,Gutierrez Ltd Corp.,16.7,4067.0,24513625.0,Paige Wood,Parent,8947114823
USLW-APP-20241020-771,2024-10-20,Personal,44652.0,Other,13.0,701-19-4072,Mark David,1952-09-01,Male,Single,Some College,7959 Jennifer River Suite 428,Norrischester,Wisconsin,62674.0,7384640554,ncarter@hotmail.com,Self-Employed,Underwood-Cross LLC,8.5,17264.0,128254408.0,Thomas Stanton,Sibling,1610133682
USLW-APP-20250320-747,2025-03-20,Mortgage,256583.0,Home Purchase,323.0,648-33-5474,Sara Brown,1991-05-21,Female,Widowed,High School Diploma,95170 Justin Spur Apt. 819,Eugeneview,Rhode Island,4408.0,15417824234303,clarkcharles@larsen.com,Salaried,Ford-Chan Corp.,7.2,5842.0,49498741.0,Amber Bush,Friend,1647737210872566
USLW-APP-20240603-323,2024-06-03,Personal,3172.0,Vacation,54.0,886-31-0112,Pamela Brewer,1959-10-02,Female,Divorced,Bachelor's Degree,41940 Solis Heights,Wendyhaven,South Dakota,35953.0,644623174272227,susangibbs@lee-bruce.com,Salaried,"Cooper, Rios and Smith Corp.",25.4,20589.0,70170096.0,Eric Wright,Sibling,2408549041762
USLW-APP-20241222-422,2024-12-22,Personal,40865.0,Debt Consolidation,35.0,550-24-2976,Sabrina Kim,2003-07-24,Male,Divorced,Master's Degree,381 Wallace Squares Apt. 760,New Sandrabury,Iowa,61413.0,6834175051,ericferguson@thomas-johnson.info,Self-Employed,Gomez Inc LLC,16.8,10764.0,75240617.0,Katherine Graham,Friend,5118950789
USLW-APP-20240810-866,2024-08-10,Mortgage,714420.0,Home Purchase,316.0,862-08-7345,Frank Herrera,1955-09-04,Other,Divorced,Some College,4334 Baker Expressway,South Amanda,Wisconsin,3707.0,0019082351767,smithrachel@hotmail.com,Salaried,Thomas Group Corp.,20.3,25793.0,40743178.0,Jordan Carrillo,Spouse,975046284413227
USLW-APP-20240513-631,2024-05-13,Personal,37461.0,Other,51.0,129-68-5312,Sharon White,1983-05-06,Male,Single,High School Diploma,01628 Lori Village,Nicholasborough,Iowa,85937.0,11981359319251,heatherprice@yahoo.com,Self-Employed,Haney and Sons LLC,11.1,10821.0,33062060.0,Judith Vargas,Friend,134475709276868
USLW-APP-20250113-545,2025-01-13,Small Business,316028.0,Expansion,81.0,886-93-5498,Eric Gaines,1967-01-03,Other,Divorced,Master's Degree,829 Jade Well Apt. 452,Tuckerberg,Florida,51814.0,1900825326956,pamelagriffin@hotmail.com,Salaried,"Robertson, Horne and Simmons Corp.",15.3,11370.0,100112173.0,Kimberly Black,Friend,4371995450076
USLW-APP-20241019-587,2024-10-19,Mortgage,386320.0,Home Purchase,286.0,215-24-4217,Joshua Moore,2006-05-06,Female,Separated,Associate's Degree,8229 Michelle Cape Suite 949,Mccoyton,Colorado,12474.0,5599520837,gmiller@garcia-johnson.com,Salaried,Taylor-Garcia Corp.,1.3,2459.0,26708551.0,Laura Neal,Spouse,6297779275
USLW-APP-20250202-605,2025-02-02,Mortgage,978768.0,Refinance,258.0,408-82-1120,Shelby Hunter,1993-08-07,Female,Divorced,Some College,39538 Brian Prairie,New Amber,Louisiana,73932.0,03623882667918,cristian00@nixon-kim.com,Salaried,"Jones, Thomas and Boyle Corp.",22.1,22780.0,64208110.0,Shannon Smith,Parent,8925223541
USLW-APP-20241011-701,2024-10-11,Personal,42928.0,Debt Consolidation,21.0,572-20-6451,Steven Wallace,1975-04-12,Other,Single,Bachelor's Degree,220 Patrick Island,Weeksborough,North Carolina,71729.0,00129281356076383,gleblanc@gmail.com,Salaried,Meyers-Powell Corp.,23.6,11182.0,77297901.0,Peter Chapman,Parent,0014543289916
USLW-APP-20240903-769,2024-09-03,Small Business,440274.0,Startup Costs,80.0,888-13-9509,Carolyn Ortiz,1994-11-10,Other,Divorced,Some College,486 Buckley Shore,Nicholasmouth,North Carolina,63914.0,616944159497890,lesliemorgan@knapp.info,Self-Employed,Zimmerman-Franklin LLC,14.6,19886.0,26583527.0,Jeffrey Ewing,Parent,1297628310964909
USLW-APP-20240405-392,2024-04-05,Mortgage,925643.0,Refinance,239.0,562-48-7174,Dr. Austin Rhodes Jr.,1973-03-13,Female,Widowed,Some College,67625 Michael Inlet Apt. 416,Lake Kimberly,Ohio,1216.0,0639293062,christopherpratt@gmail.com,Salaried,Beck and Sons Corp.,12.5,15672.0,17820189.0,Sabrina Atkins,Spouse,607802272552958
USLW-APP-20241211-894,2024-12-11,Personal,19311.0,Home Improvement,32.0,707-23-3861,Jessica Henderson,1962-06-21,Female,Single,Some College,6086 Patel Route,Port Timothy,Virginia,13097.0,0019246387272483,deborah12@clarke-hutchinson.com,Self-Employed,Gonzalez and Sons LLC,15.8,4438.0,19156466.0,Michael Holland,Sibling,0012129511996
USLW-APP-20241001-107,2024-10-01,Mortgage,340867.0,Refinance,212.0,402-45-1508,Micheal Herman,1997-09-12,Other,Separated,Doctorate,41308 Jonathan Rue Suite 701,North Raymondfort,Virginia,67626.0,0019053226762,jordankimberly@hotmail.com,Self-Employed,Robertson-Sullivan LLC,1.8,6202.0,19527749.0,Anthony Logan,Friend,3537311074
USLW-APP-20250307-917,2025-03-07,Personal,11142.0,Debt Consolidation,52.0,295-07-8482,BENJAMIN MARTINEZ,1965-12-06,Female,Separated,Some College,855 Bush Villages,South Carmen,Illinois,92951.0,5369848775,ojohnson@walsh.com,Salaried,Atkinson-Spencer Corp.,26.9,13756.0,51327923.0,Scott Miller,Spouse,159483672059280
USLW-APP-20240503-183,2024-05-03,Small Business,178313.0,Inventory,50.0,509-21-1015,Mitchell Stone,1989-07-16,Male,Divorced,Master's Degree,154 Brandon Square,East Claudiaside,South Carolina,50194.0,9686111629,walshmark@carter.com,Salaried,Benitez Group Corp.,29.4,23930.0,39287551.0,Jesus Moore,Friend,2843188896
USLW-APP-20240702-226,2024-07-02,Small Business,411960.0,Working Capital,35.0,083-35-0958,Thomas Jackson,1997-12-02,Female,Married,Master's Degree,9227 Kathy Prairie Apt. 487,Port Rebecca,Michigan,79173.0,10897717997410,petersalazar@hotmail.com,Self-Employed,"Pope, White and Wolfe LLC",3.2,11361.0,109853035.0,Angela Palmer,Sibling,0643721954374
USLW-APP-20240525-547,2024-05-25,Personal,44337.0,Vacation,40.0,432-79-5173,Gloria Mendez,1964-08-21,Male,Widowed,Doctorate,060 Wolfe Lodge Suite 687,South Kaitlynstad,Oklahoma,47397.0,1438726947,aprilgarrison@cooper-ellis.com,Salaried,Smith Inc Corp.,9.6,27125.0,45228481.0,Kimberly Pennington,Sibling,1729744949942454
USLW-APP-20241114-664,2024-11-14,Personal,13306.0,Medical Expenses,30.0,118-28-1378,Amy Reeves,1966-07-31,Other,Divorced,Bachelor's Degree,1997 Morton Shore,West Erinview,Wisconsin,36264.0,083501304667885,kyle39@yahoo.com,Self-Employed,Mahoney and Sons LLC,13.5,9160.0,90977813.0,Tina Lara,Spouse,00110402497729738
USLW-APP-20250207-643,2025-02-07,Small Business,225205.0,Inventory,39.0,595-15-8735,April Mckenzie,1962-03-30,Male,Widowed,Associate's Degree,242 Clark Forge,Port Susanburgh,Virginia,79802.0,5058432997229,heathervillegas@daniels.net,Salaried,Mueller PLC Corp.,17.2,14158.0,71854269.0,David Leonard,Spouse,1247769839454795
USLW-APP-20241212-194,2024-12-12,Small Business,485544.0,Inventory,26.0,467-14-8894,Shane Bennett,1949-12-10,Male,Single,Bachelor's Degree,11354 Tara Street,Collinsmouth,Michigan,20540.0,9210302779,zmorrow@gmail.com,Salaried,Yang-Nielsen Corp.,16.8,28049.0,84892917.0,Michele Moreno,Parent,4147580407
USLW-APP-20250111-244,2025-01-11,Mortgage,160791.0,Refinance,199.0,086-31-1134,Lori Martin,1992-11-17,Female,Married,Master's Degree,015 Elizabeth Rapids,Camachoshire,Florida,35120.0,5019451663344,stonetravis@henderson-khan.com,Self-Employed,Costa-Scott LLC,16.7,10025.0,34788084.0,Sharon Foster,Friend,139817705006586
USLW-APP-20240717-162,2024-07-17,Personal,8898.0,Debt Consolidation,59.0,781-94-5845,Maria Allen,1985-02-01,Female,Single,Associate's Degree,34543 Amber Gateway,Lake Michelle,Nebraska,63930.0,4932876819,hinesomar@hotmail.com,Salaried,"Romero, Robertson and Mcguire Corp.",27.9,27979.0,104799709.0,Matthew Guzman,Sibling,1861558350251825
USLW-APP-20241022-602,2024-10-22,Mortgage,268106.0,Refinance,198.0,239-49-6622,David Thompson,1989-08-15,Other,Widowed,Some College,109 Dominique Plaza Suite 629,Port Aprilmouth,Hawaii,734.0,001980656060638494,williamnewman@yahoo.com,Self-Employed,Coleman-Wood LLC,17.9,9242.0,87276734.0,Louis Wagner,Spouse,4110195226676
USLW-APP-20250323-537,2025-03-23,Personal,3751.0,Debt Consolidation,26.0,431-38-8989,Alan Martin,2005-10-15,Other,Married,Some College,0647 Martinez Square,North Natalie,North Carolina,90552.0,8359519342441,kimcynthia@hotmail.com,Salaried,"Carter, Bell and Hess Corp.",19.4,23224.0,57504821.0,Gregory Holland,Sibling,1929254793
USLW-APP-20250311-296,2025-03-11,Personal,47597.0,Education,50.0,268-17-3155,Arthur Scott,2001-05-31,Other,Single,Associate's Degree,618 Scott Loaf Suite 482,Kimberlyburgh,North Carolina,44973.0,799964332933064,brian79@yahoo.com,Salaried,Johnson Group Corp.,6.8,15200.0,28757649.0,Timothy Ferguson,Spouse,51986553599042
USLW-APP-20241115-255,2024-11-15,Auto,62155.0,Used Car Purchase,34.0,215-06-5203,Courtney Knight,2006-10-16,Other,Widowed,Doctorate,1305 Kenneth Fork,Rodneyburgh,North Carolina,83303.0,467249800311164,kterrell@yahoo.com,Salaried,Foster-Hunter Corp.,4.7,25361.0,44400064.0,Cheryl Coleman,Parent,8869595387
USLW-APP-20240805-434,2024-08-05,Small Business,105555.0,Equipment Purchase,38.0,437-78-8093,Melissa Hill,1950-08-12,Other,Married,Some College,28789 Carter Pass,Kathyburgh,Oklahoma,67808.0,687319680124614,michelle69@yahoo.com,Self-Employed,Gordon LLC LLC,18.8,3616.0,98362789.0,Carol Wilson,Parent,19867769933049
USLW-APP-20250328-191,2025-03-28,Personal,23405.0,Vacation,24.0,740-96-0857,Derrick Oneill,1957-12-01,Female,Single,High School Diploma,9340 Edward Garden,East Barry,Arkansas,82653.0,6300714181,nfrancis@yahoo.com,Hourly,"Jones, Chen and Barnett Corp.",5.0,18149.0,83563069.0,Deanna Johnson,Sibling,020772142891729
USLW-APP-20241011-581,2024-10-11,Personal,4009.0,Debt Consolidation,21.0,617-53-7457,Randy Moore,1976-04-21,Female,Divorced,Some College,70984 Jason Hollow Apt. 572,North Julie,Nevada,33201.0,776555795887190,cynthiajohnson@gmail.com,Salaried,Gray Ltd Corp.,20.6,2471.0,19626718.0,Joseph Woods,Parent,7929753140
USLW-APP-20250402-765,2025-04-02,Small Business,129166.0,Working Capital,60.0,103-51-6353,Connie Harrell,1950-05-07,Other,Divorced,Associate's Degree,93425 Don Creek Suite 542,Hartborough,Colorado,14313.0,0019681565495,dylancoleman@wilson.com,Salaried,Jordan LLC Corp.,20.1,7306.0,118111205.0,Jonathan Martin,Friend,224327497333380
USLW-APP-20241227-316,2024-12-27,Small Business,384960.0,Expansion,65.0,419-92-5222,Michael Mullins,1962-04-24,Male,Divorced,High School Diploma,33842 Roach Stravenue Suite 154,New Valerietown,Arkansas,72381.0,11695024472347,hardintyler@gmail.com,Self-Employed,"Peterson, Steele and Wood LLC",12.9,18929.0,78368842.0,Robert Lee,Sibling,6853629895
USLW-APP-20240909-340,2024-09-09,Personal,19327.0,Education,38.0,747-25-9027,Jessica Crosby,1995-02-12,Female,Separated,High School Diploma,0675 Amber Islands Suite 255,Leslieberg,Nebraska,8615.0,63337491199242,david97@yahoo.com,Salaried,Wright PLC Corp.,8.1,10356.0,36223576.0,Kristen Hooper,Parent,6097043917
USLW-APP-20241102-314,2024-11-02,Mortgage,158279.0,Home Purchase,354.0,645-90-7998,Jill Bradford,1959-10-23,Male,Separated,High School Diploma,3589 Kristin Ways,Michelleport,Colorado,69218.0,57993034216010,travismendez@gmail.com,Salaried,Hall-Murray Corp.,29.0,23259.0,62056377.0,Tina Smith,Sibling,3687500745
USLW-APP-20241003-717,2024-10-03,Personal,26448.0,Medical Expenses,26.0,128-23-1213,Michael Stevenson,1983-04-28,Other,Single,Doctorate,024 Bush Springs Apt. 811,Marthafort,Arkansas,53095.0,4554202531516,kwise@gmail.com,Salaried,"Mullins, Wallace and Medina Corp.",17.3,24478.0,90530470.0,Alicia Stewart,Sibling,19068170677
USLW-APP-20250123-708,2025-01-23,Mortgage,361836.0,Refinance,281.0,527-77-3793,Chloe Steele,1989-06-07,Other,Widowed,Doctorate,297 Katie Forge Apt. 169,Rushmouth,Wisconsin,21318.0,0220252508139,smithdeborah@smith.com,Salaried,Gonzalez Inc Corp.,22.0,3619.0,83454149.0,Tami Mendez,Friend,0805241786
USLW-APP-20250126-171,2025-01-26,Small Business,237446.0,Working Capital,30.0,157-07-9817,John Simmons,1991-03-08,Male,Divorced,Master's Degree,31004 Thomas Ferry Suite 720,East Marialand,Wisconsin,71775.0,9682386818,raymond32@gonzalez-morton.net,Hourly,"Gibbs, Valentine and Alvarez Corp.",12.7,28987.0,82261142.0,Christopher Hughes,Parent,4818255263
USLW-APP-20241210-385,2024-12-10,Mortgage,68720.0,Refinance,242.0,261-21-8380,John Benitez,1987-11-16,Other,Widowed,Doctorate,1154 Kelli Squares Apt. 111,North Kirk,Virginia,73683.0,1109365400,mpratt@gmail.com,Salaried,"Barton, Hess and Lewis Corp.",10.1,5704.0,13474814.0,Joshua Turner,Sibling,1317329425720954
USLW-APP-20240527-927,2024-05-27,Personal,39307.0,Home Improvement,33.0,608-80-3503,Dana Curtis,1998-06-04,Female,Separated,Associate's Degree,790 Eric Courts Apt. 444,South Nicole,South Dakota,83864.0,0043093056,jessicagreen@ramirez-johnson.com,Salaried,Swanson-Thompson Corp.,18.0,6468.0,10338953.0,William Porter,Friend,4736363973
USLW-APP-20240406-516,2024-04-06,Personal,17747.0,Vacation,60.0,382-42-2772,Jacqueline Ellis,1955-06-26,Female,Single,Doctorate,588 Hall Trafficway Suite 647,Langtown,Iowa,75870.0,115823393217599,nancy15@hotmail.com,Salaried,Richard Inc Corp.,4.0,15095.0,51017440.0,Donna Santos,Friend,00184417070290353
USLW-APP-20240525-822,2024-05-25,Personal,29983.0,Education,22.0,017-78-9454,David Jackson,1981-06-28,Female,Separated,Doctorate,00716 Tonya Camp Apt. 863,Rebeccafort,Oregon,16840.0,8261153265,omiller@rivers.com,Hourly,Burns Group Corp.,27.2,28784.0,66112932.0,Katherine Williams,Parent,29977483271758
USLW-APP-20240511-394,2024-05-11,Small Business,31654.0,Inventory,60.0,012-13-1875,Cody Branch,1964-11-10,Female,Divorced,Some College,96340 Paul Trafficway,Timothystad,Iowa,46415.0,8264580897,floresgeorge@hotmail.com,Salaried,Malone-Howard Corp.,15.9,24716.0,61586644.0,Nicole Bennett,Spouse,6604761544968
USLW-APP-20240720-955,2024-07-20,Mortgage,59248.0,Home Purchase,358.0,513-14-4447,Karen Velasquez,1959-11-08,Female,Widowed,High School Diploma,64152 Denise Inlet,Rebeccachester,Rhode Island,66578.0,0010390352045519,mossdominic@archer.com,Salaried,Walker Ltd Corp.,1.9,22284.0,24954019.0,Diana Barnes,Friend,293419144840957
USLW-APP-20241110-218,2024-11-10,Small Business,258357.0,Startup Costs,36.0,229-50-5369,William Miller,1991-06-21,Female,Divorced,High School Diploma,419 Amanda Trace,Kaiserport,Connecticut,13360.0,18935785634706,tcardenas@knapp.com,Salaried,Blankenship-Melton Corp.,18.9,9441.0,125242565.0,Karen Ortega,Friend,18391463611047
USLW-APP-20240619-113,2024-06-19,Personal,27310.0,Other,41.0,552-23-9600,Kristy Hawkins,1972-01-17,Male,Divorced,High School Diploma,1318 Carrie Light Suite 466,West Anita,West Virginia,68665.0,6452742614398,angie64@clay-jefferson.org,Salaried,"Simon, Benjamin and Woods Corp.",23.3,26706.0,32784705.0,Cassandra Johnson,Parent,11504643704
USLW-APP-20240517-754,2024-05-17,Mortgage,706013.0,Home Purchase,338.0,231-36-5217,Mark Rosario,1999-07-12,Female,Separated,Bachelor's Degree,87921 Diane Bypass Suite 236,Jessicaberg,Ohio,11367.0,30551386871594,kdavis@dalton-peterson.com,Salaried,"Hawkins, Mcpherson and Johnson Corp.",1.4,3784.0,92027211.0,Lauren Cruz,Sibling,0014201562129
USLW-APP-20240917-842,2024-09-17,Mortgage,550907.0,Refinance,355.0,677-94-8684,Kathryn Bartlett,1962-11-02,Other,Divorced,Master's Degree,73467 Travis Corners Suite 699,Larsonfort,Oregon,69910.0,72434722570953,pgolden@gmail.com,Salaried,Chang-Chase Corp.,28.0,20528.0,102610877.0,Keith Harrison,Parent,1137406179191163
USLW-APP-20240808-656,2024-08-08,Personal,42713.0,Other,35.0,398-71-6973,John Griffith,1972-07-23,Male,Married,Doctorate,6039 Mary Lake,New Shane,New Mexico,5514.0,9672351907,cameron85@yahoo.com,Salaried,"Jimenez, Blanchard and Hernandez Corp.",11.1,9825.0,27946969.0,Nicholas Strickland,Spouse,8725079812
USLW-APP-20240618-138,2024-06-18,Small Business,168776.0,Expansion,84.0,068-56-3916,Jacqueline Byrd,1954-01-12,Female,Single,Some College,94603 Justin Valleys,North Marymouth,Oregon,32728.0,0018043032795860,daniel15@thomas.net,Salaried,"Chavez, Martinez and Jennings Corp.",24.2,27744.0,50199631.0,Johnathan Yang,Parent,4451347008
USLW-APP-20240913-110,2024-09-13,Personal,25029.0,Other,16.0,380-48-2320,Jared Mann,1966-07-27,Male,Married,Doctorate,4671 Stacy Landing,Williamborough,West Virginia,67844.0,4779602729,odavis@yahoo.com,Salaried,Fields Inc Corp.,4.4,22300.0,98536340.0,Tracy Mitchell,Parent,2625431758617
USLW-APP-20241108-249,2024-11-08,Mortgage,746906.0,Home Purchase,312.0,181-95-8000,Daniel Harvey,1998-03-08,Female,Separated,High School Diploma,63706 Roth Mountains Suite 168,Lewisland,Montana,26700.0,06898545837402,hahndanielle@yahoo.com,Self-Employed,"Chapman, Tyler and Obrien LLC",6.7,16837.0,126508431.0,Peggy Hall,Parent,00165572576876053
USLW-APP-20241214-175,2024-12-14,Personal,20301.0,Other,45.0,471-11-5631,Patrick Morris,1990-05-07,Male,Married,High School Diploma,727 Casey Burg,Johntown,Wisconsin,83909.0,7058240693,gtaylor@yahoo.com,Salaried,"Johnson, Larson and Kaiser Corp.",2.5,17512.0,103287513.0,Charles Harrison,Spouse,1085740998612180
USLW-APP-20241129-428,2024-11-29,Personal,16217.0,Education,17.0,464-69-4402,Stephanie Russell DVM,1978-06-04,Other,Widowed,Doctorate,19019 Jason Gateway Suite 240,West Samanthaberg,California,48975.0,1743262731865,rmason@gmail.com,Salaried,"Murray, Walker and Thompson Corp.",25.2,21809.0,65473656.0,Jessica Williamson,Sibling,1975632530166181
USLW-APP-20240816-447,2024-08-16,Mortgage,613929.0,Refinance,331.0,038-35-1691,Michael Patterson,2001-04-12,Other,Widowed,Master's Degree,894 Lawrence Pike,Beckerport,West Virginia,39313.0,0014949205217512,scott63@yahoo.com,Hourly,"Johnson, Mcdonald and Petersen Corp.",28.7,27845.0,35973720.0,Stacy Sutton,Sibling,0010479553513
USLW-APP-20240503-601,2024-05-03,Personal,44202.0,Education,40.0,892-70-5395,Margaret Brown,1983-11-10,Other,Separated,Associate's Degree,4121 Elizabeth Fork,Lake Yvonne,Washington,11877.0,7506531646,elliottsusan@gmail.com,Self-Employed,Warren LLC LLC,11.5,16744.0,117229855.0,Michael Frazier,Spouse,10724943730420
USLW-APP-20240815-885,2024-08-15,Small Business,381394.0,Inventory,71.0,354-04-7331,MELINDA YOUNG,1989-05-19,Male,Divorced,Some College,50152 Amy Hill Apt. 800,Lake Megan,South Carolina,79363.0,28458937615740,dsnyder@anderson.com,Salaried,Kane Group Corp.,7.4,24857.0,47902938.0,Michael Baker,Sibling,185130531932196
USLW-APP-20240404-984,2024-04-04,Small Business,204610.0,Inventory,37.0,169-33-6582,Kathryn Garcia,1983-05-19,Male,Widowed,Some College,86752 Garcia Loaf,Juanton,Montana,84503.0,9716072321,sarah87@wright.org,Salaried,Glover-Rivers Corp.,1.1,17743.0,48775009.0,Robert Mcintyre,Spouse,524612211932084
USLW-APP-20240820-764,2024-08-20,Small Business,358738.0,Equipment Purchase,42.0,552-69-2215,Jodi Rice,1993-01-26,Other,Separated,High School Diploma,017 Emma Mount,East Kaitlinmouth,Washington,2880.0,92768269180037,loriwalker@hotmail.com,Salaried,Griffin Group Corp.,6.8,11349.0,112897114.0,Brittany Harris,Parent,401529716741870
USLW-APP-20241114-932,2024-11-14,Personal,35438.0,Home Improvement,22.0,261-71-0383,Anna Braun,1960-08-23,Female,Married,High School Diploma,05654 Linda Street Suite 963,Port Linda,South Dakota,52791.0,5034342834860,stevensonmatthew@hotmail.com,Salaried,"Reynolds, Haynes and Miranda Corp.",25.3,21287.0,84291990.0,Scott Fisher,Parent,001825414053272618
USLW-APP-20241028-162,2024-10-28,Mortgage,775445.0,Home Purchase,316.0,025-48-9800,Thomas Henry,1955-04-23,Other,Divorced,High School Diploma,71223 Hernandez Dale,Morrisport,Oklahoma,88198.0,47423843083763,amandadavis@gmail.com,Salaried,Peters Ltd Corp.,7.0,24858.0,57391694.0,Savannah Reeves,Sibling,9952088295
USLW-APP-20240608-242,2024-06-08,Small Business,182330.0,Startup Costs,34.0,835-73-0324,Andrew Bennett,1992-12-09,Male,Married,Bachelor's Degree,508 Yang Orchard Apt. 685,Jennifershire,Nebraska,30136.0,7594853761688,john47@gmail.com,Salaried,Boyer-Reed Corp.,10.3,2658.0,87213658.0,Jessica Miller,Parent,13274130023
USLW-APP-20240911-657,2024-09-11,Personal,39052.0,Debt Consolidation,24.0,774-78-4271,Steven Guzman,1953-02-11,Female,Divorced,High School Diploma,9218 Brian Ports,Lake Alexis,Ohio,56821.0,0342965649,qcooper@gmail.com,Self-Employed,Cross-Jackson LLC,18.8,21710.0,35776736.0,Tracy Kelley,Sibling,4692182084367
USLW-APP-20240609-671,2024-06-09,Personal,20415.0,Medical Expenses,58.0,472-55-5913,Heather Edwards,1949-05-31,Female,Married,Some College,987 Jimenez Hills,Amychester,Arkansas,33936.0,93255847919208,cherrypatrick@hotmail.com,Salaried,"Bowen, Taylor and Mccarthy Corp.",16.3,26936.0,113175246.0,Joshua Sanchez,Parent,9333729308
USLW-APP-20250110-654,2025-01-10,Personal,6599.0,Other,58.0,591-85-7233,Jennifer Moreno,1998-01-14,Female,Divorced,Master's Degree,72516 Rita Plaza,East Colleen,Arkansas,63666.0,00147908808662952,oscarmorris@yahoo.com,Salaried,"Brown, Cruz and Davidson Corp.",29.7,19535.0,83686124.0,Hannah Bautista,Parent,7889500921880
USLW-APP-20250306-964,2025-03-06,Personal,32519.0,Home Improvement,46.0,498-72-0694,Jack Chan,1990-12-29,Male,Married,Doctorate,459 Keith Greens Apt. 361,North Robin,Oregon,30436.0,9193621612,paulvasquez@yahoo.com,Salaried,Patel-Sullivan Corp.,18.7,7793.0,44058047.0,James Martin,Sibling,00152785513033895
USLW-APP-20240923-622,2024-09-23,Personal,34447.0,Medical Expenses,39.0,363-84-6055,Vanessa Sutton,1984-06-04,Other,Separated,Associate's Degree,431 Ellis Crossroad,Hinesstad,Alabama,57357.0,8948600953,bellneil@gmail.com,Salaried,Smith-Mckay Corp.,28.7,16565.0,60178037.0,Katherine Taylor,Parent,948648935763265
USLW-APP-20250109-121,2025-01-09,Auto,7071.0,Refinance,27.0,164-82-6116,Felicia Cox,1955-03-17,Male,Separated,Doctorate,77717 Patricia Valley Apt. 783,New Meganton,North Carolina,3701.0,0016085668382089,carrollnicholas@gmail.com,Salaried,Cordova Inc Corp.,18.8,20712.0,20370192.0,Russell Rivera,Sibling,206150249524915
USLW-APP-20250201-268,2025-02-01,Personal,43520.0,Education,18.0,627-40-0162,Ashley Ortega,1978-03-10,Male,Single,Associate's Degree,59889 Schroeder Brook Apt. 615,Fisherhaven,Ohio,95838.0,0646648193,robertsontony@yahoo.com,Self-Employed,Valencia Group LLC,7.8,8155.0,35995313.0,Sherry Diaz,Spouse,4550356766510
USLW-APP-20240616-870,2024-06-16,Personal,7539.0,Vacation,32.0,818-39-8728,Kevin Grant,1963-05-17,Female,Separated,Bachelor's Degree,0982 Smith Islands Apt. 178,Schmidtfort,Illinois,43655.0,4211961637429,matthew71@baker.biz,Salaried,Ramirez Inc Corp.,27.9,2493.0,124855775.0,Jennifer Marshall,Parent,35646981470028
USLW-APP-20241011-449,2024-10-11,Small Business,99549.0,Inventory,83.0,651-31-5066,Susan Clark,1959-07-28,Female,Single,Master's Degree,79346 Emily Mission,Mullenstad,Nevada,21895.0,2404002453,mcmahontodd@gmail.com,Salaried,English LLC Corp.,9.6,11551.0,49411472.0,Heather Hunter,Friend,0647616258
USLW-APP-20250128-116,2025-01-28,Small Business,484954.0,Equipment Purchase,53.0,358-84-3253,Cheryl Mcdaniel,1971-06-07,Other,Married,High School Diploma,58565 Smith Trail Apt. 559,Riceton,Iowa,13155.0,4996835221,smithmackenzie@bush.com,Salaried,Foster-Murray Corp.,11.7,28240.0,100315815.0,Joseph Burke,Spouse,1216362507944707
USLW-APP-20240825-691,2024-08-25,Personal,36356.0,Other,46.0,290-17-2333,Molly Davis,1956-01-29,Female,Married,Associate's Degree,471 Marie Villages Suite 936,Joneston,Montana,44479.0,9198683003043,robert75@saunders.com,Salaried,Garcia PLC Corp.,5.1,11658.0,119155707.0,Anthony Lopez,Friend,27428883533467
USLW-APP-20240409-880,2024-04-09,Personal,3425.0,Medical Expenses,34.0,624-89-7674,Raymond Payne,2000-06-15,Other,Single,Doctorate,311 Matthew Fields Suite 458,Port Jessica,Alaska,3017.0,0580126539,angela30@yahoo.com,Salaried,"Solis, Walter and Hamilton Corp.",19.4,4534.0,35671828.0,James Conley,Parent,22137696714697
USLW-APP-20240617-137,2024-06-17,Personal,31629.0,Education,42.0,206-76-5103,Shane Thomas,2001-12-06,Other,Married,Bachelor's Degree,804 Chen Lake Suite 307,Lake Andrew,Nebraska,2720.0,71883112316702,gallaghermitchell@yahoo.com,Hourly,Love-Singleton Corp.,23.4,8745.0,102114043.0,Julie Gray,Sibling,582210674838551
USLW-APP-20241006-329,2024-10-06,Small Business,137519.0,Expansion,31.0,451-80-0938,Denise Roy,1974-12-08,Female,Widowed,Doctorate,38254 Lee Villages Apt. 180,South Pennyburgh,Iowa,10263.0,8236814561,othomas@gmail.com,Hourly,Padilla PLC Corp.,17.6,3400.0,95031291.0,Roberto Navarro,Spouse,313436260163588
USLW-APP-20241019-840,2024-10-19,Mortgage,883624.0,Home Purchase,326.0,416-85-5318,Bradley Parker,1962-09-20,Female,Widowed,Some College,0015 Bridges Lodge,South Jenniferville,Iowa,49293.0,4788973926975,joneslisa@gmail.com,Salaried,"Farrell, Rodriguez and Burns Corp.",20.9,2775.0,95661881.0,Amber Logan PhD,Parent,985869353537794
USLW-APP-20241001-616,2024-10-01,Mortgage,362496.0,Home Purchase,203.0,495-21-6347,KATHY SMITH,1969-05-11,Other,Single,Bachelor's Degree,380 Erika Plains Apt. 192,Alvaradochester,Oklahoma,7473.0,9820671842,smorton@gmail.com,Salaried,"Miller, Vasquez and Carey Corp.",2.0,13992.0,25115679.0,Anna Hayes,Spouse,001181481208122725
USLW-APP-20240406-621,2024-04-06,Personal,34470.0,Home Improvement,47.0,060-12-7268,Ian Kelly,1974-09-03,Male,Married,Associate's Degree,6541 Bradley Landing Apt. 806,Lewisborough,California,24438.0,001302087477788927,wendy36@olson.com,Self-Employed,Stone Group LLC,10.8,19815.0,12543885.0,Wyatt Henry,Spouse,2193548510
USLW-APP-20240704-877,2024-07-04,Small Business,404738.0,Expansion,42.0,504-07-7615,Matthew Nichols,1976-01-17,Other,Divorced,Associate's Degree,35776 Meagan Bypass Apt. 784,Pricefort,South Dakota,37306.0,1116129327,hho@gmail.com,Hourly,"Gilbert, Morris and Galvan Corp.",3.8,25449.0,39861511.0,Briana Boyd,Sibling,3994887534453
USLW-APP-20240928-264,2024-09-28,Personal,43864.0,Home Improvement,29.0,263-52-3794,Caitlin Anderson,1990-03-23,Female,Married,Bachelor's Degree,67541 Carol Drive,New Raymondton,Nevada,48331.0,16907265845767,cindy65@yahoo.com,Salaried,"Hayes, Ramos and Morgan Corp.",1.7,4073.0,126985821.0,Kathleen Williams,Parent,55510439457491
USLW-APP-20240724-362,2024-07-24,Personal,45262.0,Education,21.0,205-40-0375,Molly Ortega,1960-02-01,Other,Widowed,Doctorate,257 Hernandez Path Apt. 265,Lake Theresaville,Nebraska,69524.0,8339316552,michael47@hotmail.com,Salaried,"Mitchell, Dennis and Simmons Corp.",5.0,19845.0,41367634.0,Angel Williams,Sibling,3968009646
USLW-APP-20250319-863,2025-03-19,Mortgage,794258.0,Refinance,343.0,603-27-0268,Julie Edwards,2003-08-03,Other,Divorced,Bachelor's Degree,88680 Thomas Freeway,Romanhaven,West Virginia,58192.0,29692159906505,williamsdean@moore-harding.com,Salaried,"Aguirre, Santos and Mcdonald Corp.",26.5,24224.0,18167579.0,Christopher Stanley,Sibling,2071779248
USLW-APP-20240813-348,2024-08-13,Small Business,51708.0,Expansion,24.0,112-82-0077,April Wood,1956-10-16,Other,Single,Bachelor's Degree,51458 Brown Canyon Apt. 302,Oscarstad,Alaska,75377.0,7228377217,marcpotter@lopez.info,Salaried,Smith Inc Corp.,10.4,10612.0,11440468.0,Brittany Clarke,Friend,15870461137
USLW-APP-20240701-851,2024-07-01,Small Business,84892.0,Working Capital,24.0,632-88-0924,JOCELYN TODD,1983-08-05,Male,Divorced,High School Diploma,10029 Beverly River,New Taylorton,South Dakota,28992.0,001263112334238043,crystal07@gmail.com,Salaried,Shaw LLC Corp.,13.4,4363.0,89812277.0,Melissa Knapp,Spouse,10402373286
USLW-APP-20250224-795,2025-02-24,Small Business,101300.0,Expansion,32.0,517-75-4522,David Gregory,1994-02-25,Other,Divorced,Some College,8645 Moore Oval Apt. 856,North Erin,Texas,83701.0,85998423129109,austinfigueroa@jackson.net,Salaried,Williams-Dominguez Corp.,5.2,26354.0,61687349.0,Dr. Peter Morrow,Friend,4640670693
USLW-APP-20240828-737,2024-08-28,Personal,24566.0,Medical Expenses,36.0,691-21-3664,Albert Walton,1971-05-14,Other,Divorced,Doctorate,952 April Bypass,North Alexandriaport,New Mexico,50454.0,9453142796,qmack@yahoo.com,Hourly,Williams PLC Corp.,13.1,8857.0,21566471.0,Richard Salazar,Friend,001527171796352677
USLW-APP-20240511-816,2024-05-11,Personal,4625.0,Medical Expenses,57.0,382-14-9741,Ralph Huber,1960-09-15,Male,Separated,Associate's Degree,92734 Taylor Inlet Apt. 370,Sandrachester,Iowa,15073.0,9686897015,rachaelmontgomery@gmail.com,Salaried,Brown and Sons Corp.,16.7,5142.0,129650315.0,Christopher Greer,Spouse,9142475068
USLW-APP-20240406-800,2024-04-06,Personal,31387.0,Vacation,43.0,637-64-5715,Patricia Smith,2007-01-25,Male,Widowed,Bachelor's Degree,228 Ralph Estates,East Aliciafurt,Nevada,51703.0,5950932249,bpearson@hotmail.com,Salaried,Dunn-Benton Corp.,4.7,19767.0,79011703.0,Joshua Miller,Friend,2796837220848
USLW-APP-20240827-297,2024-08-27,Mortgage,883752.0,Home Purchase,337.0,396-81-2562,Joseph Mendez,1994-01-29,Other,Married,Master's Degree,50296 Mason Streets,Daniellemouth,Nebraska,87690.0,001550437057905781,oflynn@hernandez.info,Salaried,"Floyd, Heath and Black Corp.",9.4,16424.0,87364507.0,Victoria Smith,Sibling,68956858157979
USLW-APP-20240528-211,2024-05-28,Mortgage,228855.0,Refinance,259.0,824-34-5363,Gary Benton,1960-08-13,Female,Divorced,Master's Degree,8813 Mills Passage,West Amanda,Alabama,16877.0,1654232221033467,bruceharris@johnson.com,Salaried,Newton-Williams Corp.,10.6,28122.0,99272616.0,David Buckley,Parent,17790691933
USLW-APP-20240510-222,2024-05-10,Personal,44061.0,Home Improvement,36.0,346-89-9172,Brandon Rios,1977-07-15,Male,Widowed,Doctorate,73001 Pratt Extensions,Port Amandaville,Wisconsin,51120.0,0827696739,browneric@hernandez.net,Salaried,White Inc Corp.,11.5,21447.0,25075793.0,Rhonda Young,Sibling,3221058429
USLW-APP-20250209-962,2025-02-09,Personal,27368.0,Debt Consolidation,51.0,490-78-0183,Alexis Pena,1980-07-21,Other,Single,Bachelor's Degree,37641 Lawrence Center,Port Adrienne,Wisconsin,72857.0,7236535347,greenmichelle@wang-armstrong.com,Salaried,Randolph and Sons Corp.,1.7,28000.0,63516793.0,Christina Johnson,Spouse,9349872670
USLW-APP-20240405-753,2024-04-05,Auto,37321.0,New Car Purchase,71.0,689-98-5227,Yolanda Tran,1962-03-01,Other,Single,High School Diploma,11444 Rickey Gateway,Port Victorbury,Rhode Island,45634.0,7005894243912,tmeyer@woodward-anderson.info,Salaried,"Brown, Bates and Nelson Corp.",13.6,16059.0,58106008.0,Lauren Butler,Parent,15712424771
USLW-APP-20240417-498,2024-04-17,Small Business,316908.0,Inventory,65.0,266-09-5577,Robert Holmes,1982-09-15,Other,Separated,High School Diploma,242 Paul Alley Suite 819,New Brandonville,California,85696.0,8348784788,michaelroy@allen-stephens.com,Salaried,Peterson-Stone Corp.,1.2,14689.0,103365037.0,James Bowman,Sibling,068684120168795
USLW-APP-20240607-999,2024-06-07,Personal,35171.0,Vacation,23.0,529-04-4701,Mr. Brian Phillips,1996-04-25,Other,Separated,Some College,4778 Myers Harbor Apt. 556,Port Elizabeth,Montana,97916.0,3445100208605,nicoletaylor@mendez.com,Self-Employed,Robinson-Norris LLC,11.9,6976.0,83846980.0,Melanie Johnson,Parent,998324679447286
USLW-APP-20240713-370,2024-07-13,Personal,38569.0,Debt Consolidation,30.0,545-65-5485,Edward Wong,2003-09-14,Male,Divorced,Associate's Degree,852 Sims Trail,West Markmouth,Oklahoma,92375.0,926173066173117,rodriguezsharon@smith-osborn.com,Salaried,"Frey, Patterson and Campbell Corp.",25.9,22083.0,89607466.0,Tyler Ford,Sibling,0012036081397512
USLW-APP-20241003-651,2024-10-03,Personal,36155.0,Education,23.0,023-34-9687,Samantha Harris,1993-04-22,Female,Widowed,Associate's Degree,99424 Beard Hollow,Paulberg,West Virginia,59039.0,6679295641,hayescrystal@cole.org,Salaried,Jackson Inc Corp.,1.3,8182.0,47437940.0,Kelly Palmer,Sibling,11676628530
USLW-APP-20240924-542,2024-09-24,Small Business,487414.0,Working Capital,38.0,231-52-6092,Luke Bush,1987-07-06,Other,Single,Some College,31409 Karen Ways,North Miketon,Kansas,44578.0,7465269463814,elijah06@ibarra.net,Salaried,Martin and Sons Corp.,10.1,27943.0,53534811.0,Crystal Williams,Parent,001532895698773435
USLW-APP-20240531-376,2024-05-31,Personal,25367.0,Home Improvement,60.0,818-74-6996,ROBERT MATHIS,1951-05-21,Other,Single,High School Diploma,181 Christina Springs,Mistyberg,Nevada,52605.0,8394439421,cbrooks@hotmail.com,Salaried,Bryant Inc Corp.,12.6,5673.0,32149612.0,Shannon Blackburn,Spouse,82204512164797
USLW-APP-20250401-837,2025-04-01,Personal,19038.0,Home Improvement,53.0,698-91-6162,Brian Bell,1994-05-15,Male,Married,Associate's Degree,181 Elizabeth Villages,Port Kenneth,North Carolina,82727.0,5588203446,nmiller@wright-valentine.com,Salaried,Thomas-Anthony Corp.,23.1,5505.0,122694886.0,Alexander Perez,Spouse,85517533400025
USLW-APP-20241020-743,2024-10-20,Small Business,82548.0,Working Capital,37.0,706-14-9041,Brett Thomas,1970-07-01,Other,Widowed,Associate's Degree,4100 Samantha Mountains,New Mariahtown,Iowa,52478.0,160400262578068,fking@hotmail.com,Salaried,"Forbes, Mitchell and Martin Corp.",20.7,4476.0,49031836.0,Leah Adams,Friend,46286819792458
USLW-APP-20240822-764,2024-08-22,Personal,43869.0,Education,36.0,578-61-0477,Amanda Hernandez,1969-06-10,Female,Married,Doctorate,3555 Mario Island,East Marktown,Rhode Island,51069.0,1342738128,virginiahill@reed.com,Salaried,"Wood, Golden and Pacheco Corp.",21.1,16306.0,104637159.0,Martin Jenkins,Friend,48477454146734
USLW-APP-20241024-686,2024-10-24,Personal,44550.0,Home Improvement,31.0,472-73-3779,Jillian Simmons,1981-06-30,Female,Widowed,Associate's Degree,29992 Anna Mission Apt. 985,Lake Devinchester,South Dakota,18748.0,42818383841980,iferguson@reyes-gomez.com,Salaried,Warren-Turner Corp.,14.7,4172.0,117517389.0,John Diaz,Parent,9239401143
USLW-APP-20240619-179,2024-06-19,Small Business,141300.0,Equipment Purchase,47.0,517-36-7352,Jerry Barton,1994-04-11,Female,Separated,High School Diploma,4086 Corey Mount Apt. 785,Port Bryce,North Carolina,60564.0,8891418969,moonjulie@lewis-brown.biz,Salaried,Ward Group Corp.,19.0,15210.0,94071906.0,Carlos Schultz,Spouse,48302809758861
USLW-APP-20240512-844,2024-05-12,Small Business,220243.0,Inventory,43.0,618-45-3108,Dennis Mccarthy,1953-05-11,Female,Widowed,Doctorate,32064 Sherri Plains Apt. 782,New Jonathanview,Iowa,37977.0,7624088849,donnacoffey@gomez.com,Salaried,Smith Group Corp.,21.8,24406.0,59893200.0,Tonya Williams,Friend,8952188019
USLW-APP-20250322-322,2025-03-22,Personal,34703.0,Other,45.0,026-02-4383,Abigail Mcbride,1971-04-06,Other,Divorced,Bachelor's Degree,92841 Leslie Field Apt. 085,Samanthatown,West Virginia,73672.0,4535318765,jasmine20@dunn.biz,Salaried,Benjamin Inc Corp.,23.5,3742.0,67702448.0,Kathryn Russell,Sibling,831709720929213
USLW-APP-20250207-479,2025-02-07,Personal,24303.0,Education,58.0,678-42-9499,Geoffrey Williams,1964-09-24,Other,Widowed,Some College,0405 Morgan Drive Suite 204,Briannafort,Illinois,33043.0,0013973057333617,bowersmaria@bean.com,Salaried,Williams-Deleon Corp.,11.8,15845.0,36549713.0,William David,Spouse,1987565780
USLW-APP-20240716-838,2024-07-16,Small Business,162498.0,Working Capital,35.0,680-91-5613,Sherry Hall,1970-03-17,Female,Single,Associate's Degree,9594 Griffith Mill Suite 339,East Karenberg,Nebraska,74355.0,0016648876451397,silvasarah@hotmail.com,Self-Employed,"Bennett, Gardner and Scott LLC",12.9,20916.0,64818542.0,Kristin Kennedy,Friend,22022189172630
USLW-APP-20240722-271,2024-07-22,Personal,47886.0,Debt Consolidation,59.0,598-31-7728,Vickie Whitehead,1962-10-06,Female,Widowed,Some College,4351 Ray Mountain,Port Brianland,Hawaii,9356.0,93063837654553,david99@mckenzie-martinez.net,Salaried,"Chavez, Hurley and Miller Corp.",18.3,17245.0,10613649.0,Sandra Hall,Friend,63403767375878
USLW-APP-20241128-354,2024-11-28,Small Business,413757.0,Working Capital,66.0,358-56-4498,Brian Tanner,1990-03-27,Other,Divorced,High School Diploma,15211 Brown Wells,New Sean,Nevada,93331.0,6834750326,michellepetersen@moore.com,Self-Employed,"Ramos, Williams and Young LLC",19.0,10148.0,99910583.0,Deborah Johnson,Parent,8585108055
USLW-APP-20250325-978,2025-03-25,Personal,45628.0,Debt Consolidation,36.0,639-66-6899,Monica Frazier,2000-09-28,Female,Divorced,Doctorate,1261 Zimmerman Spurs Apt. 820,Davidfort,Texas,70608.0,4152571449282,thompsonkenneth@contreras-smith.com,Self-Employed,Lee and Sons LLC,8.2,14739.0,37295590.0,Kimberly Beasley,Parent,13465976033718
USLW-APP-20250111-945,2025-01-11,Auto,47375.0,New Car Purchase,30.0,858-78-7487,SHERYL PEARSON,1959-07-27,Male,Widowed,Associate's Degree,440 Johnson Street,Marissahaven,California,90953.0,6333910484,robinlewis@bond.com,Hourly,Davidson Group Corp.,25.6,21906.0,20359896.0,Cindy Flowers,Parent,5613706289
USLW-APP-20240910-472,2024-09-10,Mortgage,850257.0,Home Purchase,300.0,068-46-0095,Mckenzie Edwards,1962-05-05,Other,Divorced,Bachelor's Degree,33309 Jeffrey Ports,Lake Andreatown,Nevada,68745.0,152232172469099,jennifer11@sanchez.com,Self-Employed,Lynn and Sons LLC,7.8,7498.0,62072526.0,Joseph Jones,Friend,6333291411
USLW-APP-20240903-650,2024-09-03,Personal,35112.0,Debt Consolidation,44.0,763-62-1145,Tammy Anderson,1958-04-23,Female,Divorced,Bachelor's Degree,043 Wilson Passage,Port Davidmouth,Illinois,89435.0,38920147784231,ubush@hotmail.com,Hourly,Weiss-Newman Corp.,25.3,24100.0,114465049.0,Megan Hawkins,Spouse,10896873201333
USLW-APP-20241201-401,2024-12-01,Mortgage,880294.0,Refinance,285.0,295-85-8902,Joshua Browning,1970-01-31,Other,Married,Some College,04159 Ashley Ways Suite 696,Maldonadochester,South Dakota,41081.0,54205592666047,patricia51@hayes.org,Salaried,Lewis and Sons Corp.,18.6,5233.0,68507804.0,Amber Watson,Spouse,00115871454970764
USLW-APP-20250113-661,2025-01-13,Personal,35651.0,Home Improvement,58.0,637-90-9671,Joseph Ramirez,1957-03-21,Female,Divorced,Master's Degree,9131 Garcia Alley,Smithville,West Virginia,40899.0,9017937662587,robertsonlaurie@hotmail.com,Hourly,"Ruiz, Davis and Myers Corp.",22.4,3038.0,96479483.0,Katrina Montgomery,Parent,3998950738
USLW-APP-20240930-712,2024-09-30,Small Business,464904.0,Expansion,61.0,704-94-4270,Carly Larson,1950-05-29,Female,Divorced,Bachelor's Degree,5814 Kathy Loaf,Selenaport,Texas,69177.0,5267391837,coryschultz@foster-fleming.com,Salaried,"Arnold, Bailey and Hernandez Corp.",12.1,15569.0,39251529.0,Michele Curtis,Friend,138414235998439
USLW-APP-20240620-888,2024-06-20,Auto,51152.0,Used Car Purchase,66.0,017-19-1046,Michael Rodriguez,1973-03-23,Other,Married,Master's Degree,255 Michael Forks Apt. 152,South Megan,Montana,94892.0,7467643051,stanleyjanet@yahoo.com,Salaried,"Bond, Smith and Patton Corp.",23.2,13287.0,13488224.0,Carolyn Bell,Spouse,1559756894486075
USLW-APP-20250307-990,2025-03-07,Personal,47489.0,Vacation,45.0,437-42-4039,Amy Garcia,1974-03-11,Male,Married,Some College,4363 Amber Crossing Apt. 814,Kelleyburgh,Wisconsin,5008.0,0017528871761792,mercadochristopher@hotmail.com,Salaried,Rodriguez Ltd Corp.,8.9,27079.0,67420047.0,Christopher Miller,Sibling,2280538628
USLW-APP-20240514-870,2024-05-14,Personal,37374.0,Education,54.0,876-23-4215,James Cochran,1961-07-24,Male,Widowed,Some College,2519 Peterson Cliff,West Alicia,Illinois,63090.0,2551519872,scottrice@hotmail.com,Hourly,"Hunter, Carroll and Diaz Corp.",14.8,16883.0,64460220.0,Robin Hutchinson,Sibling,0521949371065
USLW-APP-20240912-275,2024-09-12,Personal,2136.0,Medical Expenses,32.0,261-70-4221,HANNAH HOPKINS,1985-11-04,Female,Widowed,Doctorate,209 Paul Prairie Suite 186,Reyeshaven,West Virginia,14306.0,0019448849500994,samuel77@woodward-drake.com,Salaried,"Davis, Harris and Logan Corp.",19.7,11344.0,57988722.0,Terri Boyd,Parent,3504365945
USLW-APP-20241022-820,2024-10-22,Personal,8259.0,Education,36.0,679-01-0201,Cody Green,1966-12-10,Other,Single,Some College,779 Stephen Hollow Suite 541,North Daltonchester,Oklahoma,53659.0,0204605714,garyrojas@johnson.com,Salaried,"Wright, Jones and Meza Corp.",4.3,12081.0,110325219.0,Jeremy Erickson,Spouse,64785940026311
USLW-APP-20240416-330,2024-04-16,Auto,58596.0,Used Car Purchase,57.0,607-72-0140,Cindy Osborn,1979-11-30,Female,Divorced,High School Diploma,919 Bell Ford,Port Raymondchester,Rhode Island,71569.0,7126112053,david61@hotmail.com,Self-Employed,Peters PLC LLC,18.8,22630.0,109809364.0,Tara Bailey,Sibling,7227660399
USLW-APP-20250311-608,2025-03-11,Small Business,188361.0,Inventory,29.0,176-07-3341,William Jones,1972-09-07,Other,Separated,Bachelor's Degree,5039 Savannah Trail,Lake Gregorymouth,Connecticut,47544.0,2097022362,nathanhicks@gmail.com,Salaried,Hanson-Johnson Corp.,15.3,6118.0,54780884.0,Connie Martinez,Spouse,0013033891332902
USLW-APP-20250120-139,2025-01-20,Personal,31886.0,Vacation,16.0,755-53-1208,Crystal Miller,1950-01-12,Female,Married,High School Diploma,29691 Strickland Rapid,West Alexandrabury,Iowa,81703.0,0014987962936402,raymond23@cortez.com,Salaried,Carter-Perez Corp.,12.8,12091.0,23234840.0,Rodney Mcdaniel,Spouse,568596838386187
USLW-APP-20240624-112,2024-06-24,Mortgage,326504.0,Refinance,248.0,883-40-7232,Sarah Benton,1968-12-08,Other,Widowed,Some College,50464 Krystal Expressway Apt. 696,Tammychester,Iowa,67855.0,1954765559332843,bruce39@hotmail.com,Salaried,Moore and Sons Corp.,7.4,4027.0,90931066.0,Jonathan Crane,Sibling,6574439648
USLW-APP-20240406-357,2024-04-06,Mortgage,385146.0,Refinance,201.0,486-04-0850,Bryan Hayes,1990-02-16,Other,Married,Some College,05301 Sandra Mountain Apt. 550,West Johnland,Mississippi,75188.0,879753666669651,johnsonjames@vazquez-lewis.com,Self-Employed,Schmidt Inc LLC,19.8,21913.0,75960395.0,Robert Gonzalez,Friend,9653837676
USLW-APP-20250206-386,2025-02-06,Mortgage,857300.0,Home Purchase,197.0,048-08-5960,David Martinez,1969-04-22,Other,Single,Some College,4748 Morales Village,Lake Gregorytown,Alaska,31175.0,14103965381,sheila29@hubbard.biz,Salaried,"Collier, Wilson and Brown Corp.",10.5,29185.0,54399330.0,Michelle Franklin,Sibling,4974333947
USLW-APP-20250201-184,2025-02-01,Small Business,321772.0,Inventory,52.0,312-85-7656,Stephen Evans,1981-05-10,Male,Widowed,Some College,30810 Tiffany Gateway Suite 259,Scottchester,North Carolina,15839.0,0945075239,landerson@rodriguez.com,Salaried,Gonzalez PLC Corp.,11.4,6760.0,46497994.0,Eric Lambert,Friend,849557512703785
USLW-APP-20241101-931,2024-11-01,Personal,26567.0,Home Improvement,53.0,534-36-8585,Sherri Barron,1992-06-23,Female,Divorced,High School Diploma,1578 Holland Turnpike Apt. 543,North Alexisshire,Ohio,35713.0,155978886939335,riverastacy@gmail.com,Self-Employed,Rogers Group LLC,13.3,14443.0,103083704.0,Danielle Torres,Parent,26631198332620
USLW-APP-20250324-146,2025-03-24,Personal,14638.0,Other,52.0,320-01-0362,William Marsh,2000-02-20,Other,Divorced,Doctorate,29355 William Manor,Nicolehaven,Alaska,15897.0,7243530750,michael33@phillips.com,Hourly,Martin-Soto Corp.,3.4,16665.0,108080236.0,Katrina Powers,Spouse,04804282843750
USLW-APP-20240514-852,2024-05-14,Small Business,197155.0,Expansion,49.0,726-74-2469,Juan Mcbride,1972-10-26,Other,Widowed,Bachelor's Degree,742 Hood Junction Suite 158,Christophermouth,Arkansas,6421.0,13629674235122,kennethmorris@blackwell-carter.com,Salaried,"Hansen, Duffy and Braun Corp.",13.0,28371.0,98966716.0,Julia Bradshaw,Parent,894656916407525
USLW-APP-20241031-844,2024-10-31,Personal,41295.0,Other,51.0,680-42-9774,James Taylor,2005-04-17,Male,Divorced,High School Diploma,778 Smith Burg Apt. 743,Martinshire,Oklahoma,32124.0,8148539544,davidpayne@williams.biz,Salaried,"Thomas, Holland and Olsen Corp.",0.8,13791.0,75103806.0,Donna Gallegos,Spouse,838563954483033
USLW-APP-20240505-897,2024-05-05,Personal,6146.0,Vacation,37.0,629-67-7290,Jacqueline Delacruz,1995-12-06,Female,Widowed,Bachelor's Degree,21579 Lisa Estates Apt. 168,West Nicolemouth,Iowa,19949.0,273740808635965,ewagner@harper.net,Salaried,"Moses, Barnes and Page Corp.",2.2,14393.0,49758591.0,Meagan Garcia,Friend,00180093652699263
USLW-APP-20250104-498,2025-01-04,Personal,39789.0,Medical Expenses,26.0,086-37-8624,Katherine Sullivan,1960-12-03,Female,Divorced,Bachelor's Degree,914 Rodriguez Stravenue Suite 379,Penachester,Florida,5362.0,6212838688,lisawall@yahoo.com,Salaried,"Gallagher, Smith and Pena Corp.",14.8,10445.0,129824015.0,Larry Martin,Friend,7957634613204
USLW-APP-20240726-840,2024-07-26,Personal,36803.0,Debt Consolidation,29.0,620-63-0022,Alicia Moore,1964-03-08,Female,Widowed,Doctorate,20061 Lee Curve,South Jasonfort,Nebraska,547.0,5462945689,michael68@hotmail.com,Salaried,"Huerta, Sullivan and Rogers Corp.",2.8,18872.0,107337799.0,Robert Barry,Parent,48263710378062
USLW-APP-20240608-370,2024-06-08,Personal,25735.0,Home Improvement,53.0,890-72-8273,Sara Lawrence,1990-04-08,Female,Widowed,Associate's Degree,8658 John Hills Suite 014,Traceymouth,Wisconsin,71924.0,9679526552,maxwellkatrina@ryan.com,Salaried,Grant-Vaughn Corp.,1.7,11139.0,65768455.0,George Johnson,Spouse,9391487979
USLW-APP-20250329-384,2025-03-29,Mortgage,132998.0,Home Purchase,290.0,200-83-3392,Michael Nichols DDS,2006-03-21,Other,Separated,High School Diploma,14913 Johnson Track,Michelleport,Rhode Island,29727.0,7916641816,steven13@yahoo.com,Salaried,Page-Washington Corp.,3.2,26535.0,79052733.0,Daniel Mata Jr.,Spouse,111938795619607
USLW-APP-20241124-676,2024-11-24,Auto,30883.0,Used Car Purchase,33.0,319-60-7510,Katrina Meyer,1979-07-10,Other,Single,Master's Degree,5706 Austin Harbor,Sotoborough,Oklahoma,11328.0,747803895602745,roy03@watson-estrada.com,Self-Employed,"Brown, Brady and Elliott LLC",15.2,19131.0,128435984.0,Sheila Reed,Spouse,61395025817205
USLW-APP-20250116-633,2025-01-16,Personal,15213.0,Vacation,41.0,339-62-7539,Lauren Allen,1996-09-11,Other,Widowed,Some College,2090 Beverly Turnpike,South Brianna,Virginia,22598.0,62093476249609,hannah04@yahoo.com,Hourly,"Norton, Leon and Phillips Corp.",28.4,6534.0,59407984.0,Micheal Kim,Friend,905869859532248
USLW-APP-20241218-865,2024-12-18,Auto,34042.0,Used Car Purchase,65.0,774-69-7158,Victor Rollins,1983-09-02,Male,Married,High School Diploma,5203 Zhang Knoll,Ashleystad,Alabama,9955.0,17726702742342,bowersjohn@lane.biz,Salaried,Howe-Smith Corp.,18.1,6123.0,90550557.0,Vernon Taylor,Sibling,3332166112
USLW-APP-20240923-455,2024-09-23,Personal,45201.0,Education,37.0,533-07-7891,Andrew Klein,1994-03-06,Female,Married,High School Diploma,11465 Walter Mall Suite 283,Ballardfort,Iowa,69708.0,3935289986,pamela09@gmail.com,Salaried,Arnold-Brown Corp.,6.5,27143.0,59355117.0,Chad Krause Jr.,Sibling,0012139976369135
USLW-APP-20240624-227,2024-06-24,Personal,36764.0,Debt Consolidation,41.0,873-58-5835,Ellen Rodriguez,1996-02-24,Female,Married,High School Diploma,346 Alejandro Villages,South Alejandroside,Wisconsin,89695.0,07353962830380,keith22@wilson.com,Salaried,Rodriguez-Doyle Corp.,21.4,19056.0,75887465.0,Allison Benitez,Sibling,17133413876317
USLW-APP-20241023-325,2024-10-23,Personal,47149.0,Debt Consolidation,13.0,240-02-8060,Patricia Ortiz,1972-08-11,Male,Widowed,High School Diploma,935 Phillips Forge,Lake Melissa,Wisconsin,75205.0,1684973008,davisjoel@yahoo.com,Salaried,Martinez-Jackson Corp.,28.6,20047.0,60396262.0,Jeff Cole,Parent,0012945471027
USLW-APP-20241116-612,2024-11-16,Small Business,69387.0,Inventory,25.0,699-84-4815,Susan Pearson,2001-07-04,Male,Widowed,Master's Degree,433 Thomas Club Suite 932,Ruthtown,California,88831.0,851795671763307,drodriguez@yahoo.com,Salaried,Phillips-Sandoval Corp.,14.1,8662.0,119797880.0,William Kim,Sibling,112060487125328
USLW-APP-20250131-138,2025-01-31,Auto,46598.0,Refinance,61.0,664-07-0642,Ronald Cole,1982-11-13,Male,Married,Master's Degree,286 Shannon Mountains,Stevensborough,Connecticut,83687.0,5682359767,zmason@gmail.com,Salaried,Stephens LLC Corp.,18.9,23911.0,20406710.0,Gabriel Hopkins,Parent,924416452138400
USLW-APP-20241230-578,2024-12-30,Personal,32634.0,Education,37.0,706-29-1483,Kiara Wheeler,1957-08-15,Male,Separated,Master's Degree,867 Terri Park Suite 538,Lake Angelaton,Connecticut,22487.0,0016517785098425,leeangela@yahoo.com,Salaried,Charles-Holt Corp.,3.1,11036.0,66941857.0,Bradley Shaffer,Sibling,2773801664
USLW-APP-20250201-239,2025-02-01,Personal,1228.0,Vacation,24.0,741-68-5499,Sheila Simpson,1963-12-08,Other,Widowed,Master's Degree,254 Timothy Locks Suite 911,New Marcusburgh,Louisiana,58817.0,11669849338,lknapp@sanders.com,Salaried,Perez-Clayton Corp.,17.1,15743.0,71165893.0,Eugene Wilkinson,Friend,4071699173767
USLW-APP-20250129-701,2025-01-29,Personal,10118.0,Vacation,49.0,795-84-7828,Ann Allen,1972-09-09,Male,Single,Associate's Degree,900 Campbell Parkway Apt. 217,Lake Joshuaberg,Nevada,10918.0,418388574558926,lquinn@snyder-walker.com,Salaried,"Walker, Lynn and Miller Corp.",22.3,19992.0,115061251.0,Michael Mejia,Parent,3111157702391
USLW-APP-20240726-194,2024-07-26,Small Business,387791.0,Inventory,78.0,077-48-4129,Lauren Mills,1989-11-04,Other,Single,Associate's Degree,65264 Vasquez Park,Lake Joseside,Arkansas,79181.0,2505783574,bfarrell@ramirez-stark.com,Salaried,"Cortez, Richardson and Weber Corp.",4.9,25574.0,77405049.0,Amber Carr,Sibling,4723946721
USLW-APP-20240510-893,2024-05-10,Personal,47171.0,Vacation,56.0,327-01-9577,Natalie Long,1985-05-08,Male,Separated,Associate's Degree,9043 Nicholas Burg,South Thomas,Oklahoma,10920.0,9775833470,milesjonathan@mccoy-spears.com,Hourly,"Casey, Carter and Potter Corp.",23.6,10611.0,18649372.0,Larry Lopez,Friend,79750598285847
USLW-APP-20250226-869,2025-02-26,Personal,9355.0,Vacation,14.0,622-93-1138,Eric Rios,1960-08-01,Other,Separated,Bachelor's Degree,2968 Deborah Via,Lake Ronald,Nebraska,38431.0,6806620948,cpatel@hotmail.com,Salaried,Mcconnell-Hill Corp.,25.6,28638.0,88520450.0,Timothy Aguilar,Spouse,8130721507
USLW-APP-20250210-513,2025-02-10,Personal,4162.0,Home Improvement,39.0,091-47-4365,Justin Freeman,1955-05-11,Female,Married,Master's Degree,03477 Rice Stream,Fosterburgh,Wisconsin,15046.0,5409419382690,rogersandrew@gmail.com,Hourly,Duncan-Tate Corp.,26.0,20191.0,92360114.0,David Fuller,Spouse,65247673517032
USLW-APP-20241211-365,2024-12-11,Auto,15105.0,Used Car Purchase,71.0,351-07-7003,Pamela Mcdaniel,1977-04-18,Female,Widowed,High School Diploma,3000 Mary Spurs,West Philip,Wisconsin,3414.0,184997545901061,nguyencassandra@gmail.com,Self-Employed,Williams-Klein LLC,14.5,18813.0,17172086.0,Catherine Villa,Sibling,0016104453622
USLW-APP-20241127-218,2024-11-27,Mortgage,930329.0,Home Purchase,209.0,493-44-3618,Jennifer Johnson,1991-04-24,Other,Married,Associate's Degree,923 Victor Pine,Port Patriciaborough,Oregon,39295.0,0014207479669769,acunningham@hotmail.com,Self-Employed,Wang-Brown LLC,3.4,5856.0,61637865.0,Christy Leblanc,Friend,0552031857
USLW-APP-20241105-997,2024-11-05,Small Business,399952.0,Expansion,32.0,583-77-2806,Brad Duncan,1999-01-13,Female,Divorced,Some College,126 Shaffer Wells,South Alec,South Dakota,37236.0,154485041269134,iking@hotmail.com,Salaried,"Gill, Alvarez and Allen Corp.",28.0,26811.0,93317276.0,Ryan Jimenez,Sibling,2840950180
USLW-APP-20241204-455,2024-12-04,Mortgage,967343.0,Refinance,332.0,206-06-3942,Victoria Sanders,1963-09-18,Male,Married,Bachelor's Degree,45960 Kelly Street Suite 134,Sandrafurt,Montana,56100.0,137404503483394,mary13@nelson.org,Salaried,Burke PLC Corp.,21.8,29974.0,63354573.0,Andrea Olson,Sibling,3512134225
USLW-APP-20240718-878,2024-07-18,Mortgage,700869.0,Refinance,240.0,852-56-0685,Heather Moore,1961-02-08,Female,Separated,Some College,551 Brandon Forks,East Robyn,Alaska,8271.0,12018893948,warneremily@gmail.com,Salaried,Hernandez LLC Corp.,14.6,13955.0,88964951.0,Gary Dougherty,Parent,16578987821382
USLW-APP-20250208-178,2025-02-08,Personal,24046.0,Education,60.0,158-35-9409,Danielle Johnson,1975-03-03,Other,Divorced,Bachelor's Degree,791 Garcia Stream,New Kimberly,Oklahoma,80094.0,0018203936588538,webbsharon@gmail.com,Salaried,"Mayo, Smith and Smith Corp.",21.2,7841.0,123523642.0,Kimberly Valencia,Sibling,0588054329194
USLW-APP-20241122-127,2024-11-22,Small Business,29827.0,Equipment Purchase,83.0,078-24-2107,Steven Aguirre,1959-07-29,Other,Single,Master's Degree,3407 Vazquez Burgs Apt. 890,Benjaminside,Nebraska,49346.0,18396880128,bkerr@henderson.org,Self-Employed,Thomas LLC LLC,13.4,9678.0,127818010.0,Cassandra Wells,Parent,6474232823
USLW-APP-20250330-679,2025-03-30,Personal,3626.0,Medical Expenses,49.0,446-79-3455,Beverly Green,1982-03-29,Other,Married,Associate's Degree,473 Lisa Manors,Annefurt,Illinois,27298.0,9585820158,lisa48@miller-white.com,Self-Employed,Weeks PLC LLC,6.8,13387.0,21746411.0,Kenneth Arias,Spouse,162490268161788
USLW-APP-20250319-193,2025-03-19,Personal,35549.0,Education,26.0,579-34-8951,Alexander Beard,1955-01-16,Male,Divorced,Master's Degree,18100 Nicole Shores,Jamieshire,Washington,37553.0,127331221326614,carlymorrison@neal.com,Self-Employed,"Bauer, Potter and Mayer LLC",17.9,20464.0,40858089.0,Amber Ortega,Spouse,3141306134381
USLW-APP-20240806-653,2024-08-06,Small Business,275179.0,Expansion,53.0,302-85-7559,Diana Stewart,1971-04-10,Other,Separated,Associate's Degree,2995 Luna Shores Apt. 840,Schmidtmouth,Alabama,10378.0,4102450211848,taylorsophia@yahoo.com,Self-Employed,"Wilson, West and Hughes LLC",4.1,16358.0,88091536.0,Jeffrey Stewart,Spouse,8603505235586
USLW-APP-20241226-727,2024-12-26,Personal,47597.0,Other,50.0,193-32-0689,Christine Clay,1972-12-07,Other,Single,Some College,5738 Autumn Shores,Jonesshire,Oklahoma,10039.0,1427222507669018,dmarks@yahoo.com,Salaried,"White, Anderson and Mcmahon Corp.",24.9,17290.0,127557119.0,Laura Wells,Parent,81669833429522
USLW-APP-20241001-107,2024-10-01,Small Business,194502.0,Working Capital,39.0,005-74-3592,Jennifer Sheppard,1971-01-20,Female,Single,Master's Degree,3058 Perry Freeway Suite 772,East Brandon,Rhode Island,64715.0,25070729073939,kylerice@jackson-jenkins.com,Salaried,"Crawford, Garner and David Corp.",19.0,19142.0,30314135.0,Steven Pittman,Sibling,001987444438295393
USLW-APP-20241121-893,2024-11-21,Personal,29990.0,Medical Expenses,45.0,878-47-2263,Todd Johnson,1978-06-18,Female,Separated,High School Diploma,67813 Lucas Stream Apt. 446,Christineton,Colorado,30101.0,0897216040,jacksonjoshua@holt-miller.com,Hourly,Ramirez-Taylor Corp.,11.3,13918.0,67674110.0,Donald Lynch,Sibling,1532107900754305
USLW-APP-20240924-158,2024-09-24,Small Business,190050.0,Inventory,84.0,192-96-1583,Teresa Jackson,1996-01-02,Other,Widowed,Some College,24991 Regina Harbors,Christensenburgh,Rhode Island,59876.0,3237906558,kylebridges@walker-edwards.com,Salaried,"Alvarado, Garcia and Berg Corp.",21.9,20740.0,50424241.0,Paula Martin,Parent,2746150418
USLW-APP-20250302-896,2025-03-02,Personal,23834.0,Home Improvement,51.0,200-37-2475,Megan Tucker,1967-02-22,Female,Divorced,Doctorate,35303 Heidi Dale Apt. 806,East Mariabury,Montana,56560.0,16038749379,michaelwoodard@yahoo.com,Salaried,"Maldonado, Sanders and Chan Corp.",10.7,26866.0,88049494.0,Brian Scott,Sibling,10470898835369
USLW-APP-20241010-394,2024-10-10,Mortgage,683153.0,Refinance,272.0,321-21-7384,Jason Campbell,1962-06-21,Other,Divorced,Bachelor's Degree,09268 Hinton Springs Suite 804,North Reneetown,Oregon,56443.0,8210096943,antoniokelly@hart.info,Salaried,Reynolds-Wang Corp.,3.3,21517.0,91971339.0,Lisa Harris,Spouse,31923304077569
USLW-APP-20241014-258,2024-10-14,Personal,5100.0,Medical Expenses,38.0,695-62-1798,Ian Russell,1970-01-19,Other,Separated,Some College,021 Parker Turnpike,Beanfort,Texas,69465.0,001383037640811837,martinandrew@gmail.com,Self-Employed,"Brooks, Elliott and Jackson LLC",14.0,11868.0,41297199.0,Rebecca Williams,Parent,1667203531
USLW-APP-20240711-359,2024-07-11,Mortgage,475812.0,Refinance,320.0,125-18-6184,John Mclaughlin,1978-08-12,Other,Separated,Bachelor's Degree,6409 Zachary Expressway,West Michael,North Carolina,39113.0,371762717024239,bjames@robinson.org,Salaried,Moss LLC Corp.,14.9,19912.0,57176615.0,John Sims,Spouse,1726559753136
USLW-APP-20250218-661,2025-02-18,Personal,26790.0,Education,21.0,877-05-0908,Tanya Phillips,1977-10-25,Female,Separated,Doctorate,563 Daryl Fork Apt. 668,Veronicaberg,West Virginia,38111.0,5536759419,fvelazquez@dominguez.org,Salaried,Jenkins-Green Corp.,18.0,3272.0,122246603.0,Cindy Mccarthy,Friend,00136967392204876
USLW-APP-20240423-384,2024-04-23,Personal,41453.0,Vacation,49.0,333-28-6725,Tiffany Wilson,1975-04-06,Male,Single,Associate's Degree,1311 Owens Mountains,Port Annetteshire,Michigan,93924.0,9730933463,rthomas@gmail.com,Salaried,"Robertson, Peters and Humphrey Corp.",8.2,25746.0,117668937.0,Hunter Mendez,Parent,6156181696
USLW-APP-20240816-180,2024-08-16,Small Business,247601.0,Equipment Purchase,42.0,757-57-9349,Heather Brown,1996-08-16,Other,Divorced,Master's Degree,0142 Mariah Parkway,West Molly,Oklahoma,39327.0,0732982367,yrobertson@yahoo.com,Salaried,Holmes-Sparks Corp.,26.5,20047.0,44538800.0,Jaclyn Flores,Spouse,25470300511241
USLW-APP-20240714-177,2024-07-14,Mortgage,330862.0,Refinance,320.0,045-50-7527,Tony Duke,1964-10-14,Female,Separated,Doctorate,0566 Amanda Green Apt. 943,Thomasfort,Illinois,28957.0,6834181996,veronicasmith@martinez-smith.com,Salaried,"Burns, Jones and Johnson Corp.",24.0,21325.0,110448808.0,Fernando Henderson,Spouse,12667951912654
USLW-APP-20240613-304,2024-06-13,Personal,4139.0,Debt Consolidation,42.0,652-73-4004,Shawn Cooper,1958-04-22,Other,Separated,Associate's Degree,192 Christine Plains,Davidmouth,Rhode Island,61640.0,52627134712249,tthomas@yahoo.com,Salaried,"Mason, Smith and Gray Corp.",27.2,18030.0,103024145.0,Frederick Morgan,Parent,869637424246203
USLW-APP-20241231-155,2024-12-31,Personal,4412.0,Other,16.0,109-05-4250,Ryan Henderson,2005-01-03,Other,Divorced,Some College,10783 Amanda Way Apt. 264,South Jennifer,Arkansas,55433.0,0011870267572,xjimenez@gmail.com,Salaried,"Ruiz, Rodgers and Newman Corp.",15.6,20363.0,14190922.0,Bobby Buckley,Friend,17769137072156
USLW-APP-20240718-154,2024-07-18,Small Business,256174.0,Working Capital,40.0,856-86-1517,Cheryl Ellison,1998-06-23,Other,Widowed,Bachelor's Degree,2139 Shaun Common,Shelleyhaven,Texas,64106.0,7451637691,crodriguez@gmail.com,Salaried,Watson-Wright Corp.,6.7,9886.0,122277193.0,Andrea Williams,Sibling,7222726985
USLW-APP-20250122-279,2025-01-22,Small Business,117700.0,Equipment Purchase,65.0,721-66-6080,Edgar Lewis,1976-04-18,Other,Separated,Bachelor's Degree,46321 Kim Hills Suite 201,Nelsonshire,Nevada,10749.0,0387182052,benjaminmiller@gmail.com,Self-Employed,Waters Group LLC,19.6,12386.0,93276113.0,Joe Kelly,Sibling,8242171035
USLW-APP-20240406-722,2024-04-06,Personal,2941.0,Home Improvement,15.0,461-87-5530,Rodney Manning,1967-10-27,Other,Single,Associate's Degree,1667 Anthony Hill Apt. 818,Hicksside,Iowa,35541.0,100332998188146,thomasbenjamin@smith.com,Salaried,"Johns, Harrison and Church Corp.",0.9,14485.0,27913086.0,Travis Thornton DVM,Spouse,108915456891821
USLW-APP-20250306-892,2025-03-06,Personal,23907.0,Education,23.0,175-58-9444,Bobby Taylor DVM,1969-12-16,Female,Divorced,Some College,37850 Jeanne Stream,South Staceyburgh,Nebraska,34534.0,460738010001187,williamsjames@hotmail.com,Salaried,"Kirk, Brewer and Conley Corp.",24.4,9724.0,21019067.0,Ian Barrera,Sibling,001969225110259466
USLW-APP-20250314-473,2025-03-14,Small Business,151820.0,Expansion,80.0,156-62-7552,Paul Becker,1969-11-29,Male,Widowed,Associate's Degree,21475 Amy Grove,New Jocelyn,Oklahoma,95027.0,0015252839575551,nhubbard@santos-holmes.info,Self-Employed,"Vega, Ayala and Macias LLC",11.6,9063.0,63237564.0,Robert Howard,Friend,8681984662
USLW-APP-20241203-730,2024-12-03,Small Business,326549.0,Expansion,61.0,025-51-1092,Lauren Ward,1950-03-29,Male,Divorced,Master's Degree,2628 Hanna Courts,Russomouth,Arkansas,55346.0,1793636356844380,johnhughes@jordan.com,Salaried,Montgomery-Scott Corp.,14.2,5676.0,61566224.0,Michael Wilkins,Parent,0012391450093
USLW-APP-20241110-659,2024-11-10,Personal,25437.0,Medical Expenses,53.0,698-99-3888,Michael Johnson,1992-06-03,Male,Divorced,Master's Degree,9780 Lauren Pike Apt. 283,Maryton,North Carolina,85518.0,0014292755879,christensenjohn@yahoo.com,Salaried,Quinn Inc Corp.,13.7,3249.0,86254524.0,Amanda Choi,Sibling,1313692062217
USLW-APP-20250315-101,2025-03-15,Small Business,97674.0,Expansion,66.0,835-29-9509,Leslie Duarte,2001-01-14,Female,Widowed,Bachelor's Degree,769 Lara Burgs Suite 272,Owenview,Hawaii,39014.0,784127317633377,cunninghamchristian@yahoo.com,Salaried,Nelson and Sons Corp.,19.1,23860.0,61728512.0,Lisa Moyer,Sibling,15760419426
USLW-APP-20241029-984,2024-10-29,Mortgage,851503.0,Home Purchase,305.0,274-89-2819,Veronica Wilson,1992-11-23,Female,Separated,Doctorate,25356 Angela Stravenue Apt. 805,West Omar,Iowa,16633.0,6279862013,yriley@yahoo.com,Self-Employed,Ramirez Group LLC,17.4,24839.0,92220937.0,Jessica Palmer,Spouse,1566592268
USLW-APP-20240502-629,2024-05-02,Mortgage,531925.0,Refinance,297.0,115-66-3874,Susan Chavez,1976-09-09,Female,Divorced,Associate's Degree,9153 Denise Via Suite 773,Lake Amandaland,Oklahoma,12827.0,7684456311,johnsonsarah@jacobs.com,Self-Employed,"Rush, Johnson and Miller LLC",7.7,23620.0,105106537.0,Eric Summers,Friend,06161625934585
USLW-APP-20240815-994,2024-08-15,Mortgage,432830.0,Home Purchase,315.0,870-78-7506,Robert Moore,1996-02-11,Female,Separated,Doctorate,7601 Walsh Estate,Port Wesley,California,71013.0,2905423751,sheri79@pratt.biz,Hourly,Deleon Group Corp.,14.5,17652.0,121277699.0,Timothy Wolfe,Parent,217860465823026
USLW-APP-20250301-305,2025-03-01,Auto,15700.0,Used Car Purchase,28.0,769-43-1531,Meghan Hunt,1992-10-29,Female,Single,High School Diploma,248 Cox Vista Suite 715,South Cindyfort,Oregon,57944.0,14818331055,zcarpenter@brown.org,Salaried,Martinez-Richard Corp.,15.9,18332.0,10643402.0,Scott Delacruz,Sibling,655584569966036
USLW-APP-20241225-692,2024-12-25,Small Business,117320.0,Inventory,37.0,373-09-2936,Clifford Lynch,1990-09-05,Male,Married,Master's Degree,078 Robinson Causeway Apt. 330,South Derekmouth,Hawaii,35812.0,176246824008014,mcgeejonathon@miller.info,Salaried,Lutz Inc Corp.,3.4,7828.0,74637881.0,Ashley Allen,Parent,230805129226012
USLW-APP-20241126-514,2024-11-26,Personal,49775.0,Education,19.0,314-78-8808,Mary Mcdonald,1969-10-25,Male,Single,Doctorate,6990 Frazier Spurs,Turnerburgh,Nevada,54995.0,9530807186836,ewilliams@yahoo.com,Hourly,"Smith, Carr and Mullen Corp.",4.6,9502.0,49009237.0,Steven Hernandez,Sibling,82997002521626
USLW-APP-20240513-501,2024-05-13,Small Business,156987.0,Expansion,36.0,195-11-8584,Lynn Wheeler,1986-08-10,Female,Married,Doctorate,51162 Jacob Square,Smithborough,Arkansas,86600.0,041433885661886,gordonkatie@mcclain-perry.net,Self-Employed,Odonnell-Robbins LLC,7.2,5575.0,31404031.0,Mary Baker,Parent,340699582170642
USLW-APP-20241115-683,2024-11-15,Small Business,422405.0,Working Capital,48.0,096-76-6497,Isaac Suarez,1973-09-02,Female,Divorced,Doctorate,155 Lopez Square Apt. 181,Leeport,Wisconsin,13384.0,1977629744220200,jennifer41@gmail.com,Hourly,"Lucas, Moses and Graham Corp.",12.4,18496.0,39721237.0,Cindy Phillips,Spouse,533748552706214
USLW-APP-20241206-430,2024-12-06,Mortgage,316303.0,Refinance,330.0,656-14-5298,Dean Hale,1979-04-21,Other,Separated,Doctorate,91367 Tammy Hills Apt. 573,Erinmouth,Mississippi,11777.0,203977962583962,lisacarlson@miller-peterson.com,Salaried,Mills-Perez Corp.,13.4,18669.0,10378489.0,Elizabeth Norris,Spouse,8468890679
USLW-APP-20250317-584,2025-03-17,Small Business,121630.0,Expansion,76.0,095-33-3486,Tom Wang,1988-10-06,Female,Divorced,Doctorate,70012 James Prairie Apt. 941,Hollyfort,Connecticut,21001.0,5263591493,jamesramirez@brewer.com,Salaried,Bishop-Brown Corp.,26.3,5407.0,128899708.0,Brian Bridges,Friend,6444291582
USLW-APP-20241001-475,2024-10-01,Small Business,42024.0,Expansion,63.0,441-89-6208,Monique Henderson,1998-10-24,Male,Separated,Bachelor's Degree,63185 Edward Islands Suite 525,South Jaredton,Wisconsin,21393.0,15108082192,mchambers@gmail.com,Salaried,"Krause, Barnes and Miller Corp.",24.1,26794.0,40366351.0,Sarah Hines,Parent,127093809818903
USLW-APP-20240824-666,2024-08-24,Auto,53407.0,New Car Purchase,41.0,257-87-9840,Rachel Townsend,2005-09-10,Male,Divorced,Some College,80151 David Grove,Debraton,Nevada,70497.0,66651713080996,hartmatthew@yahoo.com,Salaried,"Jennings, Freeman and Phillips Corp.",6.7,21289.0,95291594.0,Paul Gonzalez,Spouse,99795238857529
USLW-APP-20240714-590,2024-07-14,Personal,27197.0,Medical Expenses,17.0,307-55-0095,Dylan Kelley,1988-09-30,Female,Single,Master's Degree,9118 Hernandez Court Apt. 197,New Aliciaside,Illinois,62503.0,00165815853847657,michaeladouglas@brown-king.net,Hourly,"Jones, Tucker and Campbell Corp.",24.0,19595.0,107279857.0,Sydney Morgan,Sibling,2500187390
USLW-APP-20241023-596,2024-10-23,Personal,1067.0,Education,35.0,627-03-0673,Samuel Chavez,2003-08-28,Female,Separated,Master's Degree,9426 Mcdonald Route Apt. 027,Lake Haroldburgh,Vermont,94126.0,5142310647,robertscarmen@gmail.com,Salaried,"Hoffman, Lopez and Schultz Corp.",3.3,18050.0,89693807.0,Dominique Faulkner,Spouse,743742002742723
USLW-APP-20240916-485,2024-09-16,Personal,41649.0,Vacation,58.0,592-20-8699,Mary Alexander,1972-04-18,Female,Married,Associate's Degree,342 James Knolls Apt. 444,Brianhaven,South Carolina,35630.0,6117393981825,sgonzales@gmail.com,Salaried,Walker-Sandoval Corp.,18.5,19830.0,66691194.0,Justin Huynh,Spouse,0016292704307
USLW-APP-20240715-109,2024-07-15,Auto,36310.0,Refinance,66.0,812-35-0015,Robert Figueroa,2005-01-13,Other,Divorced,Doctorate,900 Martin Wells Suite 836,Burtonchester,Oregon,43318.0,7753180521,martinrandall@gmail.com,Salaried,Moore-Reyes Corp.,2.5,21741.0,23017944.0,John Conley,Sibling,8201223408
USLW-APP-20240612-455,2024-06-12,Personal,35366.0,Other,40.0,082-01-0211,Louis Rush,1985-11-14,Male,Single,Some College,517 Richardson Isle,West Ryanton,Alabama,37478.0,171548172345944,julia75@yahoo.com,Salaried,Hall-Charles Corp.,13.5,14800.0,28107037.0,Robert Spears,Parent,5874139953237
USLW-APP-20250217-950,2025-02-17,Small Business,298831.0,Expansion,55.0,231-34-6629,Bobby Roy,1992-10-08,Male,Widowed,Bachelor's Degree,27161 Morgan Spur Apt. 059,East Christine,North Carolina,80429.0,4417176325,gholland@gmail.com,Salaried,"Oliver, Garrett and Martin Corp.",18.5,14039.0,92976090.0,Jonathan White,Friend,153443256689345
USLW-APP-20241103-509,2024-11-03,Personal,4193.0,Other,29.0,013-33-1088,Molly Archer,1997-10-05,Male,Separated,Doctorate,68489 Daniel Estate,Brianfurt,North Carolina,57835.0,20124522345309,gcarter@hamilton.org,Salaried,"Jordan, King and Bell Corp.",7.3,22917.0,68042165.0,Vincent Smith,Parent,936865122468309
USLW-APP-20241115-103,2024-11-15,Mortgage,221183.0,Refinance,331.0,004-80-2902,Shannon Webb,1989-09-23,Female,Single,Some College,0551 Zavala Ranch,Maryhaven,Oregon,73243.0,5867870725831,malonetammy@gmail.com,Salaried,Gilmore-Donaldson Corp.,15.2,23154.0,58824982.0,Kathryn Cordova,Friend,127976364969262
USLW-APP-20240729-524,2024-07-29,Mortgage,722284.0,Home Purchase,284.0,766-28-2102,Jeffrey Cline,2006-05-19,Other,Single,Master's Degree,17111 Jennifer Overpass Suite 244,Edwardshaven,Arkansas,81027.0,87878675416436,kathleen02@yahoo.com,Salaried,Wells-Medina Corp.,2.7,6825.0,27848067.0,Christopher Larsen,Parent,00162153239495842
USLW-APP-20250330-799,2025-03-30,Personal,30765.0,Medical Expenses,32.0,623-95-1412,Kyle Johnson,1973-10-08,Female,Divorced,Bachelor's Degree,078 Thompson Wall Suite 626,Kimmouth,Florida,3717.0,1916317809408,eyoung@gmail.com,Salaried,Jensen and Sons Corp.,3.6,27101.0,68574691.0,Shawn Moore,Friend,7736520401
USLW-APP-20240527-894,2024-05-27,Personal,21796.0,Vacation,34.0,577-17-9768,Stephanie Harris,1988-12-14,Other,Separated,High School Diploma,43945 Cynthia Oval Apt. 246,Allenside,Illinois,67273.0,953426766532582,bennettjeffery@hotmail.com,Self-Employed,Dominguez-Sutton LLC,10.0,24919.0,47348961.0,Patricia Cochran,Spouse,12769543930792
USLW-APP-20240725-710,2024-07-25,Small Business,83278.0,Expansion,34.0,447-34-2170,Tyler Edwards,1990-11-11,Other,Separated,Associate's Degree,97913 Kidd Roads Suite 554,Owenport,Wisconsin,8177.0,193264691700055,nthomas@williams.net,Self-Employed,Baker Group LLC,7.0,12070.0,37431082.0,Mark Nixon,Parent,10208728089806
USLW-APP-20240908-495,2024-09-08,Personal,1088.0,Other,16.0,351-54-3974,Michelle Lawson,1954-10-31,Other,Separated,Associate's Degree,9484 Moss Crossroad,West Patrickland,Oregon,9984.0,2969701225504,wendy60@garrison.com,Salaried,"Perry, Smith and Sanchez Corp.",17.3,3273.0,34472277.0,Grace Mccormick,Spouse,825308612422843
USLW-APP-20240619-584,2024-06-19,Small Business,70569.0,Expansion,30.0,858-78-3644,Courtney David,1959-08-29,Other,Married,Some College,0223 Conner Crest,Lake Frederickchester,North Carolina,34439.0,0064511901746,robertdavis@odonnell.com,Self-Employed,Patterson-Jacobson LLC,5.8,18355.0,94126152.0,Ricardo Miller,Parent,1908570114
USLW-APP-20241225-564,2024-12-25,Small Business,390586.0,Startup Costs,30.0,208-39-0515,Diana Sullivan,1999-10-27,Other,Separated,Doctorate,94953 Corey Loaf,North Christopher,Illinois,12301.0,6233118901,jlewis@yahoo.com,Salaried,Miller LLC Corp.,23.1,10216.0,68510590.0,Stephen Carlson,Sibling,035297217916995
USLW-APP-20240512-733,2024-05-12,Personal,35407.0,Other,18.0,439-66-3127,Alexis Lambert,1984-10-01,Male,Divorced,Associate's Degree,0347 Hill Spring Apt. 266,Brandyshire,Vermont,63636.0,1346169378970,jim17@hotmail.com,Self-Employed,Smith-Ward LLC,15.9,3352.0,83279557.0,Audrey Higgins,Sibling,9026006186270
USLW-APP-20240407-944,2024-04-07,Personal,1121.0,Debt Consolidation,47.0,360-04-3436,JOHN ROBERTS,1968-03-27,Female,Widowed,Associate's Degree,83502 Brent Fort Apt. 204,Gregorytown,Nevada,85634.0,7448118291,cherylwalker@shepherd.com,Salaried,"White, Sims and Marshall Corp.",22.2,16236.0,107266051.0,Fernando Montgomery,Friend,602408776695086
USLW-APP-20241115-780,2024-11-15,Mortgage,495989.0,Refinance,263.0,415-37-3740,Kelly Reed,1985-05-11,Female,Married,Master's Degree,0407 Guzman Parkways,East Conniefort,Illinois,29142.0,26092545171105,duranalicia@hotmail.com,Salaried,"Griffin, Mendez and Chang Corp.",6.6,8533.0,37255446.0,Nicholas Clark,Spouse,271295140995074
USLW-APP-20240604-857,2024-06-04,Personal,31265.0,Vacation,60.0,280-03-7357,Troy Mills,1965-09-28,Male,Single,Bachelor's Degree,01479 Blair Station Suite 690,Jamesberg,Colorado,54436.0,0013775264605593,willie14@mcbride.net,Salaried,Wood-May Corp.,22.9,12082.0,64283193.0,Jackie Mcintosh,Spouse,9510145208427
USLW-APP-20250217-287,2025-02-17,Auto,33629.0,Used Car Purchase,33.0,525-52-7572,Ms. Angela Davenport,1967-12-27,Female,Married,Some College,97957 Elizabeth Glen,Port Kristyfort,Louisiana,36766.0,12943760137,patricia72@smith-cunningham.com,Salaried,White-Martin Corp.,16.9,5595.0,71919528.0,Ashley Morales,Parent,92872798539934
USLW-APP-20241218-272,2024-12-18,Mortgage,738247.0,Home Purchase,289.0,064-45-1727,Brian Bailey,1995-06-28,Female,Widowed,Some College,536 Theresa Pines,Collinsshire,California,4914.0,001503727554437697,evansjoel@gmail.com,Salaried,"Robles, Evans and George Corp.",2.8,15726.0,84867528.0,Elizabeth Hodges,Spouse,6278082709235
USLW-APP-20241009-933,2024-10-09,Mortgage,575361.0,Home Purchase,303.0,081-50-1282,ROBIN SPARKS,1978-05-20,Other,Widowed,Some College,5274 Vazquez Keys Apt. 738,West Arthur,Iowa,57420.0,0014356085271,julialivingston@hotmail.com,Salaried,"Jones, Mcmahon and Burgess Corp.",24.4,9875.0,98945740.0,Lynn Mitchell,Parent,131093562267872
USLW-APP-20241115-164,2024-11-15,Personal,22028.0,Other,45.0,340-81-6519,Jesus Robinson,1987-07-18,Other,Single,High School Diploma,017 Mitchell Springs,Murphytown,West Virginia,52944.0,8580472478,xlindsey@gmail.com,Hourly,Hancock Inc Corp.,13.8,26505.0,118652609.0,Frank Davis,Sibling,1718629333829004
USLW-APP-20240915-541,2024-09-15,Small Business,273895.0,Expansion,41.0,555-04-9813,Dr. Hannah Carr MD,1950-09-15,Other,Widowed,Associate's Degree,95082 Fox Freeway,New David,Florida,47079.0,8870701902,john27@yahoo.com,Salaried,Smith and Sons Corp.,26.3,24561.0,29212510.0,Melinda Kelley,Parent,100810702519599
USLW-APP-20240523-230,2024-05-23,Auto,67846.0,Used Car Purchase,27.0,090-68-1424,David Wright,1965-08-20,Male,Single,Some College,6144 Thompson Garden,West Benjamin,South Carolina,78483.0,19890167370671,atucker@hotmail.com,Salaried,Patterson Inc Corp.,11.7,24079.0,50119530.0,Jacob Ramos,Sibling,3652733971393
USLW-APP-20241012-768,2024-10-12,Auto,15501.0,Used Car Purchase,43.0,849-67-3733,Arthur Bailey,1992-10-13,Other,Widowed,Bachelor's Degree,2075 Ortiz Ports,Jacksonville,West Virginia,49511.0,197893947029645,christianwilkins@hotmail.com,Salaried,Johnston and Sons Corp.,8.3,25698.0,105762793.0,Jerry Parker,Parent,10115064928839
USLW-APP-20240828-772,2024-08-28,Personal,10094.0,Vacation,46.0,025-33-1206,Kevin Owens,1997-05-24,Female,Single,Doctorate,629 Zachary Estates Apt. 181,North Cassidyfurt,West Virginia,24929.0,0676695577118,gibbsronald@hotmail.com,Salaried,Alvarado-Johnson Corp.,10.4,17496.0,17255288.0,John Griffin,Sibling,8253766988
USLW-APP-20241019-610,2024-10-19,Mortgage,878248.0,Home Purchase,214.0,202-25-0507,Karen Mcdowell,1956-04-25,Female,Widowed,Doctorate,1983 Elijah Drives,Heidiside,Nebraska,30921.0,6583226382,westandrew@harris.com,Salaried,Parsons-Torres Corp.,19.9,24447.0,36645248.0,Dalton Hubbard,Friend,8913578853
USLW-APP-20250302-614,2025-03-02,Mortgage,288694.0,Refinance,360.0,181-13-9553,Kenneth Harris,1957-12-24,Female,Separated,Associate's Degree,53368 Adam Ridge,East Melinda,Rhode Island,68405.0,0167578836,sandra83@yahoo.com,Salaried,Taylor LLC Corp.,9.4,18794.0,68894009.0,Tamara Welch,Spouse,8088968484328
USLW-APP-20240816-230,2024-08-16,Personal,6719.0,Vacation,49.0,799-06-7173,Alexis Le DDS,1966-07-07,Male,Single,Doctorate,630 Garcia Keys,Jonathanport,South Dakota,26614.0,849892582422826,erin81@lewis.biz,Salaried,Zimmerman-Anderson Corp.,4.8,17961.0,48517869.0,Michele Patel,Parent,8537241866
USLW-APP-20240810-195,2024-08-10,Small Business,330841.0,Inventory,63.0,482-35-0022,Nancy Collier DVM,1966-09-04,Male,Separated,Doctorate,6542 Justin View Apt. 644,Danielchester,Rhode Island,20502.0,07582754480727,hgonzalez@yahoo.com,Self-Employed,Bryant Group LLC,17.9,21507.0,13640428.0,Jeff Williams,Parent,8191699568
USLW-APP-20250227-473,2025-02-27,Mortgage,185256.0,Refinance,200.0,010-25-8625,Christina Evans,2000-10-13,Other,Single,Master's Degree,22466 Singh Mall,Elizabethmouth,Alabama,67485.0,0014913982571549,ryanalvarez@chapman-romero.com,Salaried,"Perez, West and Martin Corp.",21.4,12539.0,32691652.0,Roger Martinez,Sibling,835373728410106
USLW-APP-20240623-684,2024-06-23,Personal,13624.0,Medical Expenses,16.0,681-31-3488,Kimberly Levine,1990-07-20,Male,Divorced,High School Diploma,0599 Tamara Inlet Apt. 896,New Lauren,Oklahoma,84506.0,17831203541273,robertholmes@yahoo.com,Salaried,Hudson Group Corp.,11.9,18214.0,32139936.0,Melissa Davidson,Spouse,161698592099916
USLW-APP-20240920-411,2024-09-20,Personal,35180.0,Education,17.0,807-52-5863,Alan Velazquez,1980-05-15,Other,Married,Doctorate,603 Johnson Pass,Maryside,Mississippi,85121.0,8614672108,stevensnicholas@gmail.com,Salaried,"Jones, Cohen and Singh Corp.",22.3,8478.0,45265350.0,Mary Wright,Parent,5622145712
USLW-APP-20240409-296,2024-04-09,Small Business,128161.0,Expansion,62.0,148-83-5283,Felicia Doyle,1993-06-09,Male,Married,Bachelor's Degree,85781 Melanie Views Suite 005,Perezmouth,Wisconsin,69494.0,62573565678947,donna72@nolan.com,Salaried,Sanchez-Smith Corp.,29.9,28628.0,125645489.0,Briana Johnson,Friend,7233265545
USLW-APP-20240616-567,2024-06-16,Small Business,416022.0,Equipment Purchase,50.0,525-29-7225,Sheryl Shields,1990-08-15,Other,Separated,High School Diploma,663 Taylor Plain Apt. 455,New Douglasburgh,Ohio,78932.0,0016367346834,davidfoley@hernandez-mckee.biz,Self-Employed,Park-Smith LLC,3.0,12070.0,81909667.0,Sarah Stewart,Parent,3914305550
USLW-APP-20250320-487,2025-03-20,Personal,29385.0,Home Improvement,50.0,546-96-1601,Daniel Hayes,1999-04-20,Other,Divorced,Doctorate,9927 Villanueva Extensions Apt. 817,Port Erin,Oregon,62249.0,3249356097,avilawendy@yahoo.com,Self-Employed,Smith and Sons LLC,12.9,16769.0,69237830.0,Taylor Green,Parent,298579737707291
USLW-APP-20240809-173,2024-08-09,Personal,12178.0,Debt Consolidation,26.0,612-57-9864,Christopher King,1974-02-24,Male,Widowed,Some College,907 Frost View,West Shirley,Oregon,2551.0,8190532862,scox@hotmail.com,Salaried,Macdonald Ltd Corp.,6.2,24907.0,106668155.0,Michele Vincent,Spouse,3185869406
USLW-APP-20241016-234,2024-10-16,Mortgage,101494.0,Home Purchase,316.0,619-44-8133,Robin Powers,1970-08-23,Female,Divorced,Associate's Degree,70655 Jeff Walks,South Jennifer,Arkansas,24324.0,983758790912508,batesjustin@bennett.org,Salaried,"Castaneda, Eaton and Weeks Corp.",7.1,21722.0,96307830.0,Michael Kirk,Parent,8414849253
USLW-APP-20241223-626,2024-12-23,Small Business,414441.0,Startup Costs,31.0,683-28-5947,Ruben Dickerson,1955-02-15,Female,Widowed,High School Diploma,14147 Nguyen Street Apt. 718,Whiteburgh,Illinois,5523.0,9541479337,teresa41@hotmail.com,Hourly,"Ball, Cervantes and Shaffer Corp.",1.5,13526.0,28868402.0,Ryan Gonzales,Sibling,16885029640
USLW-APP-20240906-242,2024-09-06,Small Business,55492.0,Inventory,79.0,303-28-9719,Matthew Hall,1975-01-18,Other,Widowed,Doctorate,896 Church Estates Suite 961,Myerschester,Kansas,71149.0,4686756835716,jay28@yahoo.com,Salaried,Nguyen LLC Corp.,25.1,7722.0,32546626.0,Haley Spencer,Friend,0012989792164439
USLW-APP-20240408-746,2024-04-08,Personal,22055.0,Education,60.0,686-17-1656,David Mcdonald,1954-05-15,Female,Separated,Associate's Degree,6530 Day Crescent,Johnsonmouth,Florida,62310.0,4658073444,madisonpayne@yahoo.com,Salaried,Weaver LLC Corp.,15.8,10498.0,110373290.0,Heather Kerr,Sibling,7789662149
USLW-APP-20250119-605,2025-01-19,Personal,4812.0,Vacation,15.0,640-18-6642,James Lopez,1956-12-29,Male,Widowed,Master's Degree,81662 Jason Ville,West Wesleyburgh,Colorado,67355.0,4310262407,petersentyler@cook.org,Salaried,Buchanan-Butler Corp.,28.2,10641.0,78469631.0,Hunter Russell MD,Spouse,174852057998796
USLW-APP-20240917-681,2024-09-17,Personal,49304.0,Education,12.0,613-18-2037,Michael Alvarez,1982-06-14,Male,Widowed,High School Diploma,5823 Bentley Rapid,Port Tracey,West Virginia,3677.0,66558302707078,crawfordjeffrey@bruce-hughes.net,Salaried,Rogers LLC Corp.,20.3,4681.0,28924838.0,George Lewis,Friend,0019592424117236
USLW-APP-20241224-328,2024-12-24,Small Business,274296.0,Equipment Purchase,41.0,074-32-7784,Martha King,1952-11-16,Female,Single,High School Diploma,381 Ramirez Crossing Apt. 746,New Melissa,Wisconsin,10831.0,00182309839824195,christophermarquez@bowman.net,Salaried,King and Sons Corp.,19.6,26533.0,22423843.0,Jessica Berry,Spouse,110865975617988
USLW-APP-20240708-619,2024-07-08,Personal,28363.0,Home Improvement,54.0,628-69-8891,Brittney Robinson,1978-07-05,Female,Single,Some College,811 Sarah Hollow,Johnnyberg,Nebraska,76633.0,5260669386,sstanley@wallace.com,Self-Employed,"Trevino, Gregory and Smith LLC",14.7,17171.0,51070869.0,Emma Moore MD,Parent,0015331645804
USLW-APP-20240719-918,2024-07-19,Small Business,372126.0,Expansion,74.0,184-18-1652,Eric Schmidt,1965-09-01,Female,Single,Associate's Degree,42845 Martinez Way,Lake Patrick,Rhode Island,91497.0,9794089279,cboone@weeks.net,Hourly,Graham Ltd Corp.,25.7,25806.0,124053357.0,Abigail Williams,Friend,2890502438
USLW-APP-20250307-987,2025-03-07,Mortgage,174560.0,Home Purchase,235.0,496-99-8761,Jeremiah Mccoy,1968-10-26,Male,Separated,Master's Degree,39897 Thomas Shores,Jenniferborough,North Carolina,83197.0,4252688229,andersonmaria@wells-cole.info,Hourly,Velasquez-Smith Corp.,19.4,28339.0,107690258.0,Melissa Ramirez,Spouse,8437951760
USLW-APP-20250223-852,2025-02-23,Personal,16468.0,Education,48.0,881-12-5639,Alexander Mclaughlin,1950-07-06,Male,Married,Doctorate,998 Diaz Ways Suite 803,New Jasonshire,Illinois,7743.0,6102771078,summerslisa@gmail.com,Salaried,Spencer-Rogers Corp.,15.2,20374.0,116881061.0,Tyler Howard,Sibling,7707481348
USLW-APP-20240415-769,2024-04-15,Auto,26337.0,Refinance,66.0,750-23-2872,Sharon Conner,1996-12-18,Other,Married,Associate's Degree,7635 Trujillo Port Suite 935,Smithview,Washington,71122.0,9524861662,julie41@cooper.org,Salaried,"Chase, Gordon and Patel Corp.",16.4,9219.0,112306647.0,Jacqueline Murray,Spouse,81712826481254
USLW-APP-20240920-573,2024-09-20,Personal,5610.0,Home Improvement,36.0,419-59-2482,Michael Robertson,2000-12-26,Female,Married,Master's Degree,6803 Valerie Vista Suite 120,Lake Mark,Texas,46829.0,5816725209144,jeremiah79@yahoo.com,Hourly,Franco-Peters Corp.,28.2,10397.0,98390764.0,Adrian Hopkins,Friend,6288682218
USLW-APP-20240903-192,2024-09-03,Small Business,190195.0,Inventory,43.0,002-51-0230,Jill Alexander,1969-02-09,Female,Married,Bachelor's Degree,3684 Wise Lock,North Carolinefort,Arkansas,61768.0,1242537204511516,melanie64@golden.net,Salaried,"Mullins, Allen and Stone Corp.",12.6,22683.0,109451178.0,Justin Phelps,Friend,8974339324
USLW-APP-20241015-272,2024-10-15,Mortgage,451647.0,Refinance,238.0,143-69-1549,Tim Chandler,2002-03-08,Male,Widowed,Bachelor's Degree,86135 George Terrace Apt. 964,South Davidside,Rhode Island,12935.0,8517340853,quinnsusan@hotmail.com,Salaried,"Kirby, Perry and Cooper Corp.",1.7,25016.0,49048146.0,Matthew Stone,Spouse,090973642134357
USLW-APP-20250217-555,2025-02-17,Personal,22061.0,Medical Expenses,23.0,063-80-6831,Michelle Herring,1970-02-26,Female,Widowed,Some College,71774 Bennett Cliff,South Meagan,Alaska,11699.0,2054213207,charlesjones@pearson.com,Hourly,"Torres, Williams and Mendez Corp.",0.6,3380.0,11536547.0,Selena Gomez,Spouse,12676812507306
USLW-APP-20240405-275,2024-04-05,Personal,47294.0,Medical Expenses,51.0,130-83-6141,Heather Dodson,1993-01-19,Other,Widowed,Some College,89184 Richardson Center Suite 470,Lake Rachelhaven,Iowa,75067.0,90290889157701,laurensmith@velasquez-osborne.com,Salaried,"Humphrey, Baker and Hood Corp.",9.1,16838.0,31430199.0,Sara Ray,Friend,5685817470
USLW-APP-20250304-472,2025-03-04,Personal,40518.0,Home Improvement,22.0,579-37-4733,Laurie Henderson,1963-07-29,Male,Married,Doctorate,57739 Smith Mount Apt. 192,West Anthony,Virginia,79857.0,1020173226,matthewalvarez@hansen-lawrence.com,Salaried,Cardenas-Howell Corp.,2.6,12014.0,55542869.0,Courtney Clark,Spouse,0004932161
USLW-APP-20250110-791,2025-01-10,Personal,35181.0,Education,59.0,657-23-2698,Amy Ball,1973-10-24,Female,Widowed,Associate's Degree,4016 Janet Squares Suite 609,South Kevin,Oregon,3288.0,23674886023474,richardpena@yahoo.com,Salaried,Wilcox PLC Corp.,19.9,27321.0,71860101.0,Chad Sandoval,Parent,19362856625610
USLW-APP-20241021-877,2024-10-21,Small Business,499928.0,Working Capital,54.0,863-79-4336,Juan Cox,1986-06-01,Female,Separated,Associate's Degree,397 Perry Highway Apt. 497,Sosaton,Hawaii,11058.0,59475625850809,qponce@santos.net,Self-Employed,"Hill, Ayers and Case LLC",2.2,12960.0,111926031.0,Gregory Chan,Friend,4178126677
USLW-APP-20250326-333,2025-03-26,Personal,22547.0,Debt Consolidation,57.0,517-78-4952,Terry Gillespie,1961-10-29,Other,Single,High School Diploma,3064 Jones Summit Suite 486,Port Brendaberg,Connecticut,20883.0,0366250162,kimberlyhayes@morris-sparks.com,Hourly,Robinson Ltd Corp.,25.2,12152.0,59361114.0,Stephen Pugh,Spouse,0102227891
USLW-APP-20240618-892,2024-06-18,Personal,1268.0,Medical Expenses,57.0,674-17-2956,Janice Flores,1950-12-09,Male,Single,Doctorate,87380 Downs Drive Suite 328,Thorntonside,Nevada,23011.0,0882045037,gabriella79@gmail.com,Self-Employed,"Orozco, Garcia and Morris LLC",10.5,11075.0,38939156.0,David Jimenez,Friend,1387529592260498
USLW-APP-20240824-467,2024-08-24,Small Business,462617.0,Equipment Purchase,64.0,101-46-2897,Tanya Herring,1969-02-20,Other,Married,Doctorate,40552 Erica Springs Suite 972,Mckenzieville,Montana,64911.0,53294550462071,fosterrichard@smith.com,Salaried,Beltran Inc Corp.,25.0,8842.0,22491066.0,Stephanie Olson,Spouse,1024912782845638
USLW-APP-20250124-645,2025-01-24,Small Business,202375.0,Equipment Purchase,44.0,269-61-2292,David Nelson,1969-06-12,Female,Separated,Master's Degree,40502 Singh Hills Suite 743,Stephanieside,Alaska,54998.0,80475744245804,zgriffith@davis.com,Salaried,Buchanan-White Corp.,23.7,16830.0,87750412.0,Gregory York,Sibling,491063551736225
USLW-APP-20250128-257,2025-01-28,Personal,9952.0,Education,21.0,370-73-8295,Benjamin Garcia,1988-10-14,Female,Divorced,Master's Degree,202 Lopez Hills Apt. 368,South Paulstad,Vermont,47187.0,1663971205,ieaton@higgins-foley.info,Self-Employed,"Jackson, Garcia and Atkinson LLC",11.6,17242.0,48047737.0,Cynthia Baker,Parent,6117327638
USLW-APP-20240508-503,2024-05-08,Small Business,10017.0,Equipment Purchase,64.0,884-83-7868,Jonathan Smith,1996-07-09,Male,Divorced,Some College,7737 Jennifer Orchard,Silvahaven,Illinois,11826.0,223560022465728,stricklanddustin@hotmail.com,Salaried,"Fitzgerald, Ward and Brown Corp.",8.0,12748.0,91178572.0,Kevin Richards III,Sibling,641862429187678
USLW-APP-20241010-263,2024-10-10,Personal,24135.0,Debt Consolidation,36.0,476-53-3943,James Pennington,2004-09-18,Other,Widowed,Associate's Degree,3687 Clark Turnpike Apt. 236,Lake Stacey,Oklahoma,52905.0,13200873733,tylerramos@yahoo.com,Self-Employed,"Cole, Haynes and Khan LLC",1.4,6541.0,40554804.0,Michael Mcclure,Friend,143687017993779
USLW-APP-20241125-877,2024-11-25,Mortgage,969602.0,Refinance,349.0,814-67-1547,Melanie Durham,1957-05-10,Female,Single,Some College,221 Jessica Brook Suite 015,Lake Christopher,Wisconsin,23983.0,0706371446,sarah05@gmail.com,Salaried,Boyer Inc Corp.,29.7,11299.0,19149897.0,Melissa Clark,Friend,235730207076326
USLW-APP-20240624-178,2024-06-24,Personal,34531.0,Home Improvement,28.0,880-40-1458,Meghan Buchanan,1965-02-19,Male,Separated,Doctorate,50462 Bartlett Manors Suite 623,Christopherport,Wisconsin,30485.0,544890491208295,lopezdaniel@martinez-petersen.net,Salaried,"Martinez, Maynard and Ross Corp.",24.3,29987.0,42190486.0,Elizabeth Boyer,Friend,23304127944845
USLW-APP-20241127-954,2024-11-27,Auto,66781.0,Refinance,32.0,889-78-3683,Debra Cowan,1975-09-10,Male,Married,Some College,68002 Jeffrey Summit,North Ronald,Oklahoma,63961.0,1655462289,krystalburke@gmail.com,Self-Employed,"Sharp, Cunningham and Jensen LLC",8.6,18934.0,121459129.0,Brian Glenn,Friend,0502664632
USLW-APP-20250109-386,2025-01-09,Personal,44654.0,Vacation,32.0,239-64-9659,Luke Allen,1980-01-31,Other,Married,High School Diploma,793 Chad Hills Apt. 064,Lake Jacob,Hawaii,55201.0,0012614660123,hcampbell@yahoo.com,Salaried,Fry Ltd Corp.,26.6,7158.0,124647200.0,Kimberly Kent,Parent,001821621574674969
USLW-APP-20240702-449,2024-07-02,Personal,36055.0,Home Improvement,43.0,780-10-8077,Eric Richardson,1950-06-06,Other,Widowed,Associate's Degree,8694 Dustin Springs Suite 374,Doylechester,Wisconsin,86674.0,00156577642203451,chrisfritz@gmail.com,Salaried,Porter Ltd Corp.,1.4,21619.0,126574559.0,Susan Yoder,Parent,1765583263103975
USLW-APP-20241221-205,2024-12-21,Personal,7646.0,Medical Expenses,57.0,483-45-5301,Phillip Wilson,1969-05-08,Male,Widowed,Some College,029 Bowman Wells,Randyside,Rhode Island,32225.0,8440712248,jhudson@villa.org,Hourly,Strickland-Crane Corp.,24.6,18402.0,43425273.0,Chad Lane,Friend,0884123510428
USLW-APP-20241124-314,2024-11-24,Small Business,349241.0,Expansion,45.0,059-09-9962,Michele Horton,1972-08-08,Female,Widowed,High School Diploma,98772 Gregory Manor Apt. 587,West Jonathon,Washington,9164.0,0563755272,dennis16@wilcox.info,Hourly,"Macdonald, Wright and Mcdonald Corp.",25.8,26985.0,20215710.0,Donald Eaton,Friend,22975054094354
USLW-APP-20241112-232,2024-11-12,Personal,8105.0,Vacation,36.0,610-41-9622,Elizabeth Kramer,2005-09-17,Male,Separated,Doctorate,74606 Samantha Parkway Apt. 840,West Stacy,Vermont,93178.0,1338624282,gillrichard@day.com,Self-Employed,Salinas LLC LLC,9.6,14250.0,57059994.0,William Carr,Sibling,0102061327
USLW-APP-20240819-824,2024-08-19,Small Business,254010.0,Equipment Purchase,43.0,458-99-7589,Jeffrey Stewart,1972-12-19,Female,Widowed,Some College,51904 Hernandez Canyon,East Nathan,Colorado,55496.0,9564072295308,maldonadojeffrey@shannon-ford.com,Salaried,Holmes Inc Corp.,18.9,26142.0,73868428.0,Kathryn Jordan,Parent,0019650759085
USLW-APP-20240515-948,2024-05-15,Personal,11279.0,Education,26.0,199-54-4805,Jack Morales,1979-10-21,Male,Widowed,Associate's Degree,109 Amber Mills Apt. 665,Lake Feliciabury,Nevada,40330.0,6359798154,trujillobrett@simpson.com,Salaried,Gonzales LLC Corp.,11.2,17063.0,94659836.0,Tina Martin,Sibling,0014951702336560
USLW-APP-20240606-720,2024-06-06,Small Business,391260.0,Working Capital,57.0,575-48-1779,Misty Walter,1965-11-12,Other,Single,Some College,73344 John Place,Singletonville,Nebraska,87948.0,19194486809014,rgreen@gmail.com,Salaried,Shepard Ltd Corp.,7.3,5692.0,48654492.0,Eric Mcknight,Sibling,72466356703724
USLW-APP-20240527-411,2024-05-27,Small Business,455414.0,Working Capital,70.0,709-43-5911,Sean Jackson,1991-06-20,Other,Widowed,Bachelor's Degree,9812 Horn Prairie Apt. 167,Romerotown,Vermont,19936.0,080361615217075,khernandez@hotmail.com,Salaried,Anderson-Taylor Corp.,4.5,9890.0,76968286.0,Felicia Buchanan,Friend,220660602654545
USLW-APP-20240626-427,2024-06-26,Small Business,452657.0,Startup Costs,50.0,658-31-4653,Michael Ryan,1956-08-16,Male,Single,Some College,05254 Griffith Springs Apt. 157,Turnermouth,Ohio,71945.0,00184360812870852,destinycarpenter@gmail.com,Self-Employed,Garcia and Sons LLC,4.4,19460.0,10397185.0,Alyssa Howard,Spouse,9616621464
USLW-APP-20240411-546,2024-04-11,Personal,3010.0,Home Improvement,24.0,094-94-5833,Kristina Jones,1989-01-14,Male,Widowed,Bachelor's Degree,6349 Kevin Land,Port Kyle,Nevada,42030.0,11614567908979,sheaclinton@flores.com,Salaried,Hart and Sons Corp.,15.9,22935.0,72956690.0,Brooke Williams,Spouse,1046282394
USLW-APP-20241021-447,2024-10-21,Small Business,332155.0,Startup Costs,75.0,709-46-8959,Noah Harris,1968-08-27,Female,Widowed,Associate's Degree,321 Mcguire Hills Apt. 121,West Scottview,West Virginia,20070.0,0013519271327475,smithjennifer@frazier.com,Self-Employed,Johnson-Stout LLC,16.5,9794.0,38490860.0,Denise Edwards,Parent,001515194938663348
USLW-APP-20240726-342,2024-07-26,Auto,9060.0,Used Car Purchase,67.0,245-71-5575,Jenna Smith,1992-05-27,Female,Separated,Master's Degree,565 Heather Parkway,New Laurabury,Kansas,9170.0,00138292501283702,russelldavid@yahoo.com,Salaried,Herman-Elliott Corp.,25.5,18573.0,54635832.0,Daniel Morgan,Sibling,114727447654438
USLW-APP-20240403-948,2024-04-03,Small Business,457232.0,Startup Costs,79.0,459-17-9794,Stacey Williams,1978-10-20,Female,Divorced,Master's Degree,492 Whitney Ways Apt. 921,Lake Joseph,Montana,18220.0,1604115542,davidjenkins@douglas.com,Salaried,"Patrick, Coleman and Daugherty Corp.",22.2,14392.0,124361405.0,Sean Bean,Friend,8933247154424
USLW-APP-20250227-117,2025-02-27,Small Business,196784.0,Startup Costs,40.0,063-18-4947,Annette Smith,1957-12-03,Male,Single,Bachelor's Degree,1299 Margaret Cliff,Lake Peter,Alaska,41404.0,625872775073947,phaynes@smith.com,Salaried,Walker Group Corp.,27.0,13828.0,18799293.0,Theresa Dawson,Friend,9015821112
USLW-APP-20240729-302,2024-07-29,Auto,34466.0,New Car Purchase,60.0,183-23-7749,Sarah Huff,1984-02-25,Male,Widowed,Bachelor's Degree,43111 Fred Radial Suite 945,Lake Margaretbury,Texas,14132.0,110430007157209,ann70@yahoo.com,Hourly,Smith-Thomas Corp.,21.1,9383.0,86673118.0,Christine Thomas,Sibling,001108288367594413
USLW-APP-20240624-727,2024-06-24,Personal,38512.0,Other,59.0,162-17-4013,Beverly Manning,2004-06-04,Other,Widowed,Doctorate,295 Adriana Locks,Ginaside,Alaska,24554.0,10273025091,ftaylor@walters.org,Salaried,"Adams, Martin and Shields Corp.",2.2,12785.0,26397988.0,Kimberly James,Spouse,5257948473
USLW-APP-20240813-233,2024-08-13,Auto,16398.0,Used Car Purchase,47.0,388-58-7837,Amber Moore,1951-11-03,Male,Separated,Some College,77741 Norton Fort Suite 620,East Elizabethberg,North Carolina,9711.0,84413820102104,crosbystacy@shields.com,Salaried,Barton Inc Corp.,23.7,8423.0,15351320.0,Cheryl Berg,Sibling,0019311369206251
USLW-APP-20250101-494,2025-01-01,Personal,24849.0,Home Improvement,34.0,049-12-8811,Steve Benson,1972-06-11,Other,Widowed,Some College,988 Karen Greens,New Sarah,Mississippi,19973.0,3404513748,boonesarah@reese.info,Self-Employed,Campbell-Nolan LLC,1.5,4127.0,28635428.0,Suzanne Coleman,Sibling,562982377108606
USLW-APP-20250215-594,2025-02-15,Auto,26746.0,Refinance,40.0,488-79-2865,Carol Cameron,1967-10-22,Male,Divorced,Some College,4226 Tony Knolls Apt. 262,Jasonton,Colorado,93496.0,0745241160,aaron13@salazar.org,Self-Employed,Lucas-Waters LLC,18.0,24146.0,55402271.0,Kelly Jones,Sibling,007343853768270
USLW-APP-20240619-577,2024-06-19,Personal,15435.0,Vacation,26.0,743-43-7937,Melissa Garrett,1980-11-02,Female,Divorced,Master's Degree,7496 Amanda Coves,Mooreport,Oklahoma,94972.0,1675769981,kara10@yahoo.com,Salaried,Allen and Sons Corp.,20.4,14340.0,100987243.0,Joseph Potter,Friend,3365598028
USLW-APP-20250205-701,2025-02-05,Small Business,307672.0,Expansion,64.0,886-43-2123,Paula Hanson,1998-11-01,Male,Widowed,Doctorate,4913 Jacqueline Dale,South Joseph,Rhode Island,73409.0,0018107723422,ramirezmarie@sullivan-meyer.com,Salaried,Hill-Lopez Corp.,27.0,11457.0,110487429.0,Summer Roman,Spouse,95927718307894
USLW-APP-20250131-921,2025-01-31,Personal,25351.0,Vacation,31.0,567-78-0811,Jennifer Rivas,1989-08-01,Male,Widowed,Associate's Degree,2322 Heather Spring Apt. 095,South Katelyn,West Virginia,10952.0,4301392356605,jperez@gmail.com,Hourly,Woods-Eaton Corp.,13.3,9808.0,45390597.0,Robert Horn,Parent,0211479444622
USLW-APP-20241223-674,2024-12-23,Mortgage,314837.0,Refinance,188.0,511-91-7004,Dr. Adam Thompson,1972-06-09,Male,Divorced,Doctorate,653 Spencer Ramp Apt. 952,Riosview,Washington,44554.0,0122879799,jessicawilson@hotmail.com,Salaried,Huang-Parker Corp.,10.0,28778.0,40197122.0,Andrew Patel,Parent,15101618717559
USLW-APP-20240709-101,2024-07-09,Personal,18728.0,Education,48.0,368-15-3780,Eric Grimes,1956-01-02,Other,Separated,Associate's Degree,68897 Diane Stravenue,Gloriamouth,New Mexico,25883.0,1441592362522928,davidfitzpatrick@yahoo.com,Salaried,George-Norton Corp.,4.4,29209.0,98038835.0,Christopher Gilbert,Spouse,3968309094136
USLW-APP-20250108-251,2025-01-08,Personal,4072.0,Home Improvement,39.0,605-09-4018,Craig Lucas,1997-11-05,Male,Single,Some College,372 James Lakes,West Michaelmouth,North Carolina,96613.0,660551453112114,walkernicolas@gmail.com,Salaried,"Miller, Maddox and Johnson Corp.",11.3,19113.0,11471673.0,Joshua Roy,Friend,0017143709516
USLW-APP-20241103-652,2024-11-03,Mortgage,590322.0,Refinance,285.0,257-44-0414,Janet Owens,1952-05-29,Other,Divorced,Master's Degree,061 Martin Parks Suite 216,West Sandramouth,Montana,84130.0,4388103905228,andrewbates@mccormick.net,Salaried,Garcia Group Corp.,10.7,17408.0,12090684.0,Mrs. Sarah Ross,Parent,7665974968
USLW-APP-20250109-563,2025-01-09,Personal,26306.0,Other,22.0,370-11-2278,Sara Wolfe,1998-04-23,Other,Single,Bachelor's Degree,74828 Shane Islands,Lake Crystal,Nebraska,49757.0,1719578429467,jenniferrobertson@schaefer.org,Salaried,"Miller, Willis and Smith Corp.",5.1,6151.0,65346408.0,Tracy Matthews,Friend,7503710890
USLW-APP-20240515-528,2024-05-15,Mortgage,83061.0,Refinance,183.0,790-78-9050,Erica Martin,2005-12-17,Other,Divorced,Bachelor's Degree,706 Martin Inlet Apt. 963,Heatherborough,Montana,26084.0,143892520820642,timrios@morales.biz,Salaried,"Steele, Howell and Mullins Corp.",28.8,12167.0,29161506.0,Melanie Todd,Sibling,0033662753378
USLW-APP-20240408-970,2024-04-08,Small Business,316383.0,Expansion,35.0,842-39-7656,Ashley Dean,1998-05-23,Female,Married,Associate's Degree,6719 Brown Light Suite 228,New Kristin,Wisconsin,70338.0,1940281571731,heathaustin@gmail.com,Salaried,"Lewis, Pitts and Gray Corp.",26.3,28400.0,88796200.0,Shane Perry,Friend,195350766307348
USLW-APP-20241005-632,2024-10-05,Personal,7267.0,Other,39.0,498-75-6527,Greg Jimenez,1959-10-01,Other,Separated,Master's Degree,496 Cheryl Land Suite 227,Madisonview,Illinois,61274.0,5411233874,tmiller@hotmail.com,Salaried,Garcia LLC Corp.,29.3,8800.0,18638066.0,Peter Lee,Parent,10869640712923
USLW-APP-20240630-877,2024-06-30,Small Business,332723.0,Inventory,54.0,551-74-6564,Scott Rivera,1987-09-23,Female,Married,Master's Degree,334 Isabella Lake Apt. 565,Charlesmouth,Oregon,21168.0,8861150202,thomas15@yahoo.com,Salaried,Brandt Ltd Corp.,7.5,2070.0,128563458.0,Michelle Garcia,Friend,8406814885
USLW-APP-20241114-490,2024-11-14,Mortgage,476743.0,Home Purchase,309.0,329-35-4867,Steven Anderson,2003-09-21,Other,Widowed,High School Diploma,3378 Garcia Meadow,Collinston,New Mexico,19996.0,6226990174576,david31@yahoo.com,Hourly,Moses-Lozano Corp.,9.2,7367.0,20102593.0,Michael Mcdowell,Sibling,135634198832094
USLW-APP-20240605-659,2024-06-05,Personal,10812.0,Other,29.0,432-35-3188,David Smith,1970-07-21,Female,Widowed,Bachelor's Degree,3579 Hendrix Summit Suite 722,Berrymouth,West Virginia,70658.0,7168719027,xsimon@hotmail.com,Salaried,"Fernandez, Cooper and Murphy Corp.",11.3,6811.0,86891521.0,Raymond Murillo,Friend,3442356318885
USLW-APP-20240628-219,2024-06-28,Small Business,493875.0,Inventory,50.0,619-19-8867,Ryan Kim,1959-09-26,Other,Married,Some College,759 Church Run Suite 110,South Eric,Nevada,63245.0,07221806155906,emcpherson@hotmail.com,Self-Employed,Williams Inc LLC,13.8,20324.0,23999059.0,Gloria Jackson,Spouse,480641102583137
USLW-APP-20240925-691,2024-09-25,Mortgage,322409.0,Home Purchase,307.0,794-64-5403,David Walker,2006-01-07,Female,Separated,Bachelor's Degree,357 Robinson Lakes,Kennedyville,Nebraska,69127.0,7594364326,holmesmichelle@carter.com,Hourly,Anderson-Wilson Corp.,26.9,21730.0,81668500.0,Wayne Tucker,Spouse,5782486175
USLW-APP-20250218-413,2025-02-18,Auto,51970.0,New Car Purchase,30.0,238-89-2204,Anthony Young,1982-11-16,Male,Widowed,Doctorate,50542 James Cliff,Lyonsmouth,Wisconsin,37198.0,2278257060,vjackson@kemp.biz,Self-Employed,"Taylor, Morgan and Chandler LLC",19.3,17214.0,21054404.0,Leslie Trevino,Parent,50563275242326
USLW-APP-20250401-554,2025-04-01,Mortgage,707258.0,Refinance,341.0,298-79-4306,Amanda Knight,1984-09-09,Female,Widowed,Master's Degree,60396 Zachary Motorway,Coxborough,South Carolina,58787.0,7987027854,schmidttheresa@fisher.net,Self-Employed,Pacheco-Peterson LLC,9.5,7907.0,105274511.0,Eric Armstrong,Friend,5802041140
USLW-APP-20250306-577,2025-03-06,Personal,7163.0,Vacation,35.0,325-93-3555,Randall Kidd,2004-07-17,Female,Single,Bachelor's Degree,797 Kenneth Greens,East Trevor,Washington,13716.0,195748579214985,james69@gmail.com,Hourly,Holmes-Campbell Corp.,6.3,8586.0,55801296.0,Amanda Schmidt,Spouse,4922357520296
USLW-APP-20250117-402,2025-01-17,Auto,56769.0,New Car Purchase,27.0,706-48-9824,Dillon Wilson,1991-03-21,Female,Divorced,Some College,341 Larry Prairie,Port Kyle,Florida,95094.0,0174414738,onorris@gmail.com,Salaried,Bailey-Bailey Corp.,2.3,17478.0,92593046.0,Michael Kane,Friend,863008641261905
USLW-APP-20250204-744,2025-02-04,Small Business,278263.0,Expansion,70.0,108-02-9169,Kim Garcia,1954-04-18,Male,Separated,Doctorate,16660 Dixon Village Apt. 753,Port Mary,Texas,40632.0,00190333351264591,jwhitehead@hotmail.com,Salaried,Lane Ltd Corp.,4.8,13390.0,91082820.0,Debra Mcgee,Friend,0019368873467927
USLW-APP-20240429-526,2024-04-29,Mortgage,677397.0,Home Purchase,235.0,200-80-7536,Larry Farrell,1972-08-16,Other,Married,Associate's Degree,6908 Cochran Road Apt. 243,North Ericbury,West Virginia,78941.0,117739434321775,gavin16@hotmail.com,Salaried,Weaver-Maldonado Corp.,19.1,6717.0,126134494.0,Dennis Garcia,Parent,0019968123094170
USLW-APP-20250104-448,2025-01-04,Small Business,19159.0,Expansion,72.0,766-61-8797,Louis Myers,2004-03-28,Other,Married,Doctorate,96064 Jennifer Union Suite 860,Andreatown,Ohio,35845.0,2920379059,amanda67@ray-thomas.com,Salaried,"Wade, Keller and Johnson Corp.",18.0,13903.0,86985657.0,Dawn King,Friend,9901112609
USLW-APP-20241210-175,2024-12-10,Personal,7481.0,Other,50.0,469-91-6112,Stephanie Rodriguez,2002-03-03,Other,Widowed,Associate's Degree,918 Kristina Highway Suite 255,Paulville,Florida,73724.0,2466306271,bpoole@moore.com,Salaried,Wiley LLC Corp.,27.8,13228.0,118852904.0,Joel Bell,Spouse,23050068400637
USLW-APP-20240829-323,2024-08-29,Personal,36051.0,Home Improvement,41.0,698-57-7198,John Chavez,1988-12-04,Male,Separated,High School Diploma,162 Christine Prairie,East Lisashire,Florida,70018.0,19382265826959,hendersondouglas@keller.info,Self-Employed,Fritz Ltd LLC,13.3,8536.0,104530120.0,Amy Carter,Friend,14297658854
USLW-APP-20241128-991,2024-11-28,Personal,27504.0,Medical Expenses,30.0,669-20-1490,Robert Fisher,1958-12-09,Other,Married,Some College,35838 Mills Via,Lake Donna,Virginia,50989.0,0016642106786088,zalvarez@adams-moss.com,Self-Employed,"Padilla, Carrillo and Holmes LLC",9.5,15076.0,58135574.0,Misty Fry,Spouse,73641156051694
USLW-APP-20241027-332,2024-10-27,Personal,36166.0,Other,56.0,446-73-9008,Billy Jones,1950-09-28,Male,Separated,Bachelor's Degree,9541 Silva Walks,South John,Texas,72989.0,1049588241,joel26@yahoo.com,Self-Employed,Brown-Singh LLC,11.8,16135.0,82162610.0,Jasmine Harper,Parent,155506424017001
USLW-APP-20240409-708,2024-04-09,Auto,29256.0,Refinance,64.0,571-21-9377,Katherine Ford,2006-09-29,Female,Divorced,Doctorate,1577 Sharon Gardens Suite 643,Jeremyburgh,Nebraska,26759.0,18312620222488,barrettvalerie@gmail.com,Salaried,"Lopez, Mcclure and Meyer Corp.",9.1,19118.0,50832613.0,John Stewart,Sibling,0016705363319898
USLW-APP-20240501-554,2024-05-01,Mortgage,937786.0,Refinance,256.0,148-59-9094,Steven Berger Jr.,1959-11-10,Male,Separated,High School Diploma,920 James Spur,West Jose,Michigan,48528.0,00047064002326,davischad@hotmail.com,Hourly,"Reilly, Adams and Barrett Corp.",7.3,13469.0,68558439.0,Sharon Vaughn,Sibling,0012722198323
USLW-APP-20241005-749,2024-10-05,Small Business,169936.0,Inventory,63.0,242-01-5550,Nicole Harrington,1953-09-19,Male,Separated,Some College,741 Sullivan Islands Apt. 855,Danaland,Wisconsin,943.0,3392678695,mcarpenter@peterson-park.biz,Self-Employed,"Johnson, Wilson and Shaw LLC",11.8,21983.0,86996248.0,Krystal Watson,Spouse,5993293452
USLW-APP-20241011-610,2024-10-11,Personal,22137.0,Vacation,47.0,157-96-4396,Nicole Harrison,1973-11-16,Male,Married,High School Diploma,57803 Yvette Light,Port Barbaraville,West Virginia,48447.0,520497136746950,shawcharles@gmail.com,Salaried,Clark-Duncan Corp.,4.7,17600.0,28563477.0,Dawn Miller,Parent,0018858566324
USLW-APP-20250329-357,2025-03-29,Personal,43349.0,Vacation,13.0,027-94-9688,Troy Fisher,1958-01-03,Female,Single,Doctorate,274 Tucker Crescent,Pamelaport,Wisconsin,27182.0,00193093713972205,dianegibson@hotmail.com,Hourly,Richardson PLC Corp.,7.8,8878.0,11670584.0,Paul Mckenzie,Spouse,14967177673
USLW-APP-20240821-927,2024-08-21,Personal,32402.0,Education,28.0,536-37-7632,Michael Wood,1998-06-24,Male,Single,Associate's Degree,4611 Daniel Estates,Jayberg,Alabama,40393.0,158235021591483,lawsonjoshua@gmail.com,Self-Employed,Taylor-Walker LLC,10.1,8036.0,30235463.0,Sarah Hays,Parent,890944599169362
USLW-APP-20240725-154,2024-07-25,Mortgage,702183.0,Refinance,256.0,309-88-1473,Jeffrey Day,1955-04-26,Other,Divorced,Doctorate,84252 Walker Turnpike Suite 246,Johnsonmouth,Colorado,96891.0,15849089935601,millsrose@hotmail.com,Salaried,"Powell, Solis and Mitchell Corp.",4.7,11129.0,22308078.0,Christopher Curtis,Sibling,18051715628179
USLW-APP-20240601-126,2024-06-01,Mortgage,590392.0,Refinance,202.0,093-08-9214,Derrick Hernandez,1959-04-24,Female,Widowed,Master's Degree,29266 David Highway Suite 269,Conwaymouth,Wisconsin,73366.0,820867569044903,austinryan@parks-elliott.com,Salaried,"Weber, Osborn and Lopez Corp.",4.1,13131.0,112757335.0,Maria Dyer,Parent,7796011193
USLW-APP-20241203-940,2024-12-03,Personal,37555.0,Debt Consolidation,54.0,118-67-6384,Elizabeth Townsend,1999-05-02,Male,Divorced,High School Diploma,848 Little Field,Smithfort,Kansas,48392.0,0019646370028,emilylucas@steele-johnson.com,Self-Employed,Roberts-Bowman LLC,10.8,15399.0,41141410.0,Deborah Grant,Friend,3008576654
USLW-APP-20241105-106,2024-11-05,Personal,30359.0,Debt Consolidation,52.0,230-54-9252,Melissa Herrera,1974-06-19,Female,Widowed,Some College,26469 Russell Square,West Aaron,Texas,7855.0,5666346157,cknight@james.com,Salaried,Shaffer Inc Corp.,16.8,13950.0,41173103.0,Andrew Montgomery,Friend,0010072858127382
USLW-APP-20240805-996,2024-08-05,Personal,20762.0,Education,43.0,463-12-3170,Melvin Martinez,1974-01-31,Male,Separated,Master's Degree,05998 Austin Neck,Gonzalezview,Wisconsin,94715.0,18864591739447,sara29@munoz.com,Self-Employed,"Jones, Scott and Sullivan LLC",2.6,14817.0,76638422.0,Troy Gonzales,Sibling,9809125346385
USLW-APP-20240429-735,2024-04-29,Personal,31745.0,Vacation,41.0,350-23-8379,Anthony Cox,1949-07-12,Male,Separated,Master's Degree,599 Kelley Mews,Timothymouth,Iowa,60147.0,10147472522447,lynnmclaughlin@craig.com,Salaried,Watson-Chandler Corp.,13.3,5621.0,89472060.0,Hannah Lewis,Parent,673290711035322
USLW-APP-20240815-212,2024-08-15,Personal,7074.0,Debt Consolidation,60.0,096-77-4453,Anthony Taylor,2000-03-26,Male,Divorced,Associate's Degree,0014 Weber Light,Bennettview,Iowa,56311.0,843538340042469,cartermiranda@hotmail.com,Salaried,"Rogers, Schmidt and Mendoza Corp.",2.4,26255.0,102906439.0,Tina Wong,Friend,00161266951270078
USLW-APP-20241230-413,2024-12-30,Auto,12508.0,Used Car Purchase,29.0,889-87-3901,Randy Morgan,1965-09-22,Male,Single,High School Diploma,96920 Martin Track,Flowersport,Iowa,13405.0,4094950743700,collinseric@hotmail.com,Self-Employed,Wright PLC LLC,6.0,14942.0,110714639.0,Rachel Vega,Parent,08761430258722
USLW-APP-20250303-199,2025-03-03,Personal,27867.0,Vacation,29.0,652-81-9258,Grace Carr,1978-02-14,Female,Separated,Associate's Degree,7358 Hall Islands,Troyhaven,Wisconsin,95458.0,00139838715545669,uwelch@gmail.com,Salaried,"Williams, Aguilar and Washington Corp.",16.8,6646.0,14663501.0,Sandra Martinez,Friend,553036782437909
USLW-APP-20240727-399,2024-07-27,Auto,10496.0,Used Car Purchase,31.0,224-28-3713,Miguel Romero,1949-07-10,Female,Separated,Some College,226 Kelley Extension Suite 279,New Jameston,Iowa,60084.0,55353937801003,lhatfield@madden-cooke.com,Salaried,Harper-Glass Corp.,24.2,4983.0,26676201.0,Curtis Hicks,Spouse,9302491352696
USLW-APP-20241115-971,2024-11-15,Small Business,228283.0,Equipment Purchase,25.0,567-25-9156,Cheryl Newman,1976-06-17,Female,Widowed,Some College,225 Anita Drive Suite 262,Howardland,West Virginia,20739.0,1817194791,benjaminchavez@hotmail.com,Salaried,Fitzpatrick-Li Corp.,14.5,8600.0,92788068.0,Debra Rodriguez,Parent,1046384973
USLW-APP-20240825-205,2024-08-25,Mortgage,324868.0,Home Purchase,334.0,543-75-6148,Timothy Quinn,1969-04-22,Female,Separated,Doctorate,82095 Amy Prairie,Geoffreyborough,South Dakota,25045.0,2752557144,patriciabrown@hotmail.com,Salaried,Medina and Sons Corp.,9.3,4956.0,15511021.0,Terri Thomas,Friend,110315146340866
USLW-APP-20241006-403,2024-10-06,Personal,43761.0,Debt Consolidation,30.0,721-20-4165,Susan Thompson,1998-06-19,Other,Widowed,Bachelor's Degree,8642 Ashley Dale,Port Gloriafort,Oklahoma,56889.0,133477260814911,cbanks@gmail.com,Self-Employed,"Duffy, Nunez and Smith LLC",10.2,20317.0,22280497.0,Carol Keller MD,Friend,128613192697167
USLW-APP-20240422-667,2024-04-22,Auto,43698.0,Refinance,52.0,388-24-5519,Dwayne Richardson,1951-07-10,Male,Separated,Associate's Degree,26160 Reyes Pine,Beverlytown,Virginia,79954.0,61806505510867,cluna@yahoo.com,Salaried,Wright and Sons Corp.,6.9,18443.0,121320685.0,Elizabeth Howell,Parent,1355013567432
USLW-APP-20241208-190,2024-12-08,Small Business,418640.0,Inventory,36.0,454-59-5736,Lindsay Love,1978-02-25,Female,Divorced,Master's Degree,196 Richardson Squares Apt. 619,South Richardport,South Dakota,79593.0,0933624412,emilyvega@norris-williams.info,Salaried,"Salas, Brown and Barrett Corp.",5.0,27561.0,101677099.0,Lori Thompson,Sibling,3544885763
USLW-APP-20241204-364,2024-12-04,Small Business,399341.0,Equipment Purchase,64.0,562-46-1418,Oscar Garcia,1951-09-13,Other,Divorced,Doctorate,6532 Cody Drives,Gutierrezshire,Nebraska,51464.0,735759697778441,amber81@gmail.com,Hourly,Pearson PLC Corp.,20.8,4379.0,55729608.0,David Rowland,Spouse,1364060562316
USLW-APP-20240624-292,2024-06-24,Personal,5699.0,Medical Expenses,43.0,298-28-0312,Dr. Stephanie Conway,1987-02-13,Male,Married,Associate's Degree,43251 Garcia Village,New Lisastad,Oklahoma,90809.0,9452575338,jessicavasquez@jackson-mendoza.com,Self-Employed,Snyder-Daniel LLC,16.6,8813.0,55850001.0,Caroline Diaz,Friend,4655321151146
USLW-APP-20240511-756,2024-05-11,Personal,37887.0,Medical Expenses,30.0,685-58-4746,Ralph Jacobs,2001-05-14,Female,Married,High School Diploma,2647 Lee Gateway,South Jessica,Texas,22900.0,123105619873017,jacob53@yahoo.com,Salaried,Luna and Sons Corp.,4.7,28733.0,43323016.0,Mr. Robert Oliver II,Spouse,9135250417138
USLW-APP-20240724-526,2024-07-24,Small Business,265570.0,Equipment Purchase,67.0,597-24-2809,Christine Santiago,1968-03-30,Other,Widowed,Doctorate,106 Joseph Curve Suite 126,Marissabury,West Virginia,3924.0,00137663016150446,pbell@fisher-edwards.com,Salaried,Erickson LLC Corp.,3.1,5024.0,35488422.0,Theresa Dodson,Spouse,070627426156150
USLW-APP-20241225-596,2024-12-25,Auto,69530.0,Used Car Purchase,39.0,016-50-9160,Shawn Hall,1977-06-08,Other,Widowed,Some College,60437 Kathleen Port Apt. 055,Danielbury,Nevada,13822.0,0012612475973500,jennifer72@wilcox.com,Salaried,"Johnson, Smith and Lambert Corp.",26.0,29755.0,128258734.0,George King,Spouse,0019434524456
USLW-APP-20241112-772,2024-11-12,Small Business,187690.0,Expansion,75.0,368-55-5122,Jason Vance,1966-10-19,Other,Widowed,Bachelor's Degree,579 Catherine Wells Apt. 342,Mitchellhaven,Texas,56855.0,8007931299,zacharyjimenez@gmail.com,Salaried,Gonzales Ltd Corp.,27.1,3004.0,26193357.0,Kristen Carter,Spouse,9657764629581
USLW-APP-20240712-566,2024-07-12,Personal,38731.0,Debt Consolidation,30.0,705-80-2146,John Rivers,2000-04-04,Female,Widowed,Doctorate,819 Jacob Centers,Williamsonland,Alaska,96944.0,0011763700516,eddie03@gmail.com,Self-Employed,Yang Ltd LLC,14.6,21193.0,46455376.0,Kristy Davis,Sibling,0694435941260
USLW-APP-20250220-119,2025-02-20,Personal,27982.0,Medical Expenses,16.0,140-77-3929,Zachary Taylor PhD,1958-10-02,Male,Separated,High School Diploma,8765 Richard Lakes,Davidville,South Carolina,51096.0,3721337495,amy17@griffith.com,Hourly,Luna-Barnes Corp.,11.8,18802.0,18154168.0,Holly Morse,Sibling,1922221998
USLW-APP-20250112-629,2025-01-12,Small Business,372752.0,Inventory,56.0,153-27-2590,Johnny Trujillo,1976-12-22,Other,Widowed,Associate's Degree,2733 Castillo Camp Apt. 817,North Jamesstad,Nevada,48480.0,47622183727252,heather81@burch-collins.org,Salaried,Brown Inc Corp.,28.6,7747.0,35354831.0,Brenda Bentley,Spouse,7745296399
USLW-APP-20241116-755,2024-11-16,Small Business,74716.0,Equipment Purchase,33.0,219-30-7156,Christina Michael,1985-09-26,Female,Divorced,Associate's Degree,2060 Boyd Divide Suite 941,Jakeberg,Oklahoma,87406.0,0017378857741,marioharper@lane.com,Salaried,Hensley-Christian Corp.,23.3,26007.0,17811761.0,Susan Bailey,Spouse,7224383622
USLW-APP-20240703-518,2024-07-03,Personal,14571.0,Other,42.0,065-07-6379,Chelsea Scott,1990-09-02,Other,Separated,High School Diploma,5907 Martinez Course Suite 261,Brycefort,Ohio,24954.0,3610406773,matthew97@yahoo.com,Salaried,"Villanueva, Simmons and Estrada Corp.",3.3,19116.0,121614634.0,Michael Hood,Parent,0018422412387280
USLW-APP-20240602-847,2024-06-02,Mortgage,684588.0,Home Purchase,225.0,222-98-7444,Amber Schmidt,1963-02-21,Other,Married,Some College,80635 Woods Centers Suite 448,Carolfurt,Wisconsin,86556.0,2342535025952,youngmary@hotmail.com,Self-Employed,Cook-Baker LLC,7.8,13586.0,59518705.0,Brittany Mccarthy,Parent,741648258034841
USLW-APP-20240926-415,2024-09-26,Personal,39190.0,Education,21.0,703-08-7831,Steven Poole,1990-10-17,Other,Divorced,Bachelor's Degree,703 Jesus Loaf Apt. 127,Taylorberg,South Dakota,22098.0,149579988647832,kentjason@hotmail.com,Salaried,Berry Group Corp.,3.1,19491.0,121633123.0,Brian Brooks,Spouse,0480112725
USLW-APP-20240610-531,2024-06-10,Personal,18198.0,Medical Expenses,34.0,879-91-0753,Edwin Green III,1966-09-08,Other,Divorced,Doctorate,85928 Walker Drives,Kevinfurt,Alaska,50537.0,5691395746,april90@austin.org,Salaried,Miller-Duncan Corp.,7.7,29126.0,76931378.0,Stephen Peterson,Friend,9064419007693
USLW-APP-20250103-364,2025-01-03,Personal,5964.0,Home Improvement,14.0,337-49-9284,Valerie Ayers,1998-03-22,Female,Divorced,Doctorate,28177 Michael Islands,Edwardborough,South Dakota,58330.0,00126553976671035,qduncan@gmail.com,Self-Employed,Atkinson Inc LLC,14.3,8630.0,64065874.0,Thomas Gonzalez,Spouse,94713073052520
USLW-APP-20241004-935,2024-10-04,Auto,64824.0,Refinance,40.0,428-17-8520,Deborah Lyons,1961-12-24,Other,Separated,Doctorate,0586 Christina Way,Elizabethtown,Montana,26862.0,4378408197362,natalie86@gmail.com,Self-Employed,Reyes-Clarke LLC,16.0,21752.0,117574351.0,Natalie Miller,Spouse,0013381945957
USLW-APP-20250123-920,2025-01-23,Auto,20815.0,Refinance,49.0,716-44-7452,Shannon Jacobson,2001-04-16,Female,Married,Doctorate,844 Francisco Extensions,North Holly,Kansas,85386.0,5981412304447,johnsonmary@gmail.com,Salaried,Carroll-Campbell Corp.,5.2,10288.0,34309447.0,Jeffrey Luna,Parent,7260000195
USLW-APP-20240510-746,2024-05-10,Small Business,205500.0,Working Capital,28.0,779-69-7781,Thomas Vance,2001-10-27,Other,Divorced,Bachelor's Degree,5679 Samantha Light Apt. 947,Khanborough,Vermont,52123.0,14179182400960,suzanneruiz@hoover.biz,Self-Employed,"Reilly, Dixon and Villa LLC",6.9,24593.0,112640617.0,Robin Serrano,Friend,5925638462
USLW-APP-20250108-732,2025-01-08,Personal,42373.0,Debt Consolidation,42.0,511-01-4371,Charles Riley,1988-09-07,Male,Widowed,Doctorate,834 Rodriguez Flat,East Stephenstad,Oklahoma,36953.0,1501424085262031,william40@everett-jackson.com,Salaried,Jackson-Lewis Corp.,15.1,28993.0,57823133.0,Julie Wilson,Parent,18053112124
USLW-APP-20240919-620,2024-09-19,Small Business,414452.0,Inventory,58.0,017-20-4249,Angela Mitchell,1955-11-09,Female,Divorced,Doctorate,611 Daniel Ville,East Robertoberg,Arkansas,86293.0,6036376927940,angelabruce@yahoo.com,Hourly,Ramirez Group Corp.,0.6,2440.0,100523966.0,Roger Chang,Friend,001365020311047381
USLW-APP-20240926-896,2024-09-26,Small Business,23575.0,Equipment Purchase,64.0,492-04-9540,ANDREA JORDAN,1998-04-19,Other,Divorced,Bachelor's Degree,3732 Taylor Ports,East Colin,Iowa,94224.0,3979533266,deborah36@harrison-jackson.org,Salaried,Morgan-Hood Corp.,7.0,20512.0,53988467.0,Darlene Brown,Spouse,113192639909015
USLW-APP-20240728-408,2024-07-28,Small Business,292441.0,Startup Costs,40.0,446-12-1742,Katie Terry,1982-06-19,Other,Widowed,Bachelor's Degree,23995 Hannah Avenue,West Carolyn,North Carolina,43436.0,3034472162,riosdarryl@hotmail.com,Salaried,Garcia LLC Corp.,11.7,4588.0,21636152.0,Emily Shannon,Sibling,47558857523059
USLW-APP-20250330-504,2025-03-30,Small Business,248710.0,Startup Costs,65.0,228-21-2072,Taylor Ramos,1959-05-03,Other,Separated,Doctorate,782 Jessica Walk Apt. 205,Allenborough,North Carolina,77684.0,001452387417782463,richard27@yahoo.com,Self-Employed,Adams-Hall LLC,7.8,14771.0,123240624.0,Robert Green MD,Sibling,1053870246
USLW-APP-20250305-323,2025-03-05,Mortgage,364668.0,Home Purchase,218.0,874-46-7547,Mark Hill,1958-02-10,Other,Single,High School Diploma,1034 Lawrence Prairie,East Sarahberg,Mississippi,17846.0,1669034417610,danielleburton@yahoo.com,Hourly,Jones LLC Corp.,11.2,3442.0,34955655.0,Alexandra Jimenez,Sibling,3930360802
USLW-APP-20240525-690,2024-05-25,Auto,39746.0,Used Car Purchase,44.0,261-37-3616,Shari Jackson,1973-10-18,Male,Widowed,Doctorate,80302 Stephanie Club,North Williamshire,Florida,19018.0,0014973720363912,destinyjordan@gmail.com,Salaried,"Wood, Green and Salazar Corp.",14.7,23658.0,64141811.0,Michael Weaver,Friend,924777022603399
USLW-APP-20240506-816,2024-05-06,Personal,31310.0,Vacation,17.0,474-15-2263,Ray Harrington,1953-06-26,Other,Separated,Associate's Degree,130 Mason Oval Apt. 367,New Christinaport,Connecticut,23350.0,474405251733315,lisa52@mccarty.org,Salaried,Hines and Sons Corp.,3.4,8796.0,113056608.0,Amanda Allison,Sibling,688684011506258
USLW-APP-20240920-599,2024-09-20,Personal,48869.0,Medical Expenses,21.0,449-19-9311,Nicholas Smith,1979-07-30,Other,Separated,Bachelor's Degree,4622 Lisa Drives,Dyerport,Mississippi,49178.0,16113123791,josephmartinez@gmail.com,Salaried,"Sanchez, Bowman and Ray Corp.",6.2,28963.0,61491548.0,Matthew Taylor,Sibling,0015281066354
USLW-APP-20240512-839,2024-05-12,Small Business,444256.0,Inventory,54.0,749-92-7347,Beth Salas,1996-05-10,Female,Divorced,High School Diploma,858 Rodriguez Manor Apt. 367,New Dustin,Wisconsin,22079.0,958950975549060,mcclurechristopher@yahoo.com,Salaried,Garcia-Williams Corp.,4.3,16176.0,37266312.0,Sherry Leonard,Spouse,1612549785
USLW-APP-20240831-992,2024-08-31,Personal,17551.0,Education,22.0,815-79-2438,Andrew Sandoval,1980-04-02,Male,Single,Associate's Degree,08325 Jose Tunnel,Powellfurt,Iowa,58781.0,0016282617040542,phillipsjulie@gmail.com,Salaried,Perez LLC Corp.,15.1,21291.0,83763267.0,Christopher Callahan Jr.,Spouse,19655515020
USLW-APP-20250211-181,2025-02-11,Personal,14219.0,Home Improvement,53.0,586-92-6515,Matthew Byrd,1955-01-30,Male,Single,High School Diploma,8700 Brown Loop,Lawrenceside,Hawaii,69175.0,18425730354,ryanroberts@sanders.com,Salaried,Carter Ltd Corp.,15.6,18966.0,44998437.0,Kevin Liu,Sibling,9034199824
USLW-APP-20241129-319,2024-11-29,Small Business,72733.0,Expansion,53.0,625-51-5908,Jonathan Clark,1952-07-03,Female,Single,Doctorate,929 Joseph River Apt. 013,North Cameronfurt,Nebraska,78291.0,1829662074684,taylorcastillo@barnes-blankenship.com,Hourly,Nash-Lewis Corp.,11.1,28420.0,77241290.0,Andre Tran,Spouse,9484727774
USLW-APP-20250320-823,2025-03-20,Small Business,14752.0,Equipment Purchase,44.0,341-43-5825,Zachary Thomas,1982-11-07,Female,Widowed,High School Diploma,44971 Mckay Walk,Port John,Texas,32882.0,0759501699,reyeselizabeth@gmail.com,Salaried,"Smith, Mitchell and Spencer Corp.",7.3,5155.0,70801640.0,Amanda Love,Friend,2018702695
USLW-APP-20240402-610,2024-04-02,Auto,39177.0,New Car Purchase,68.0,298-57-0793,Kevin Cook,1965-02-23,Male,Widowed,Bachelor's Degree,8556 Moses Stravenue,Huntburgh,Rhode Island,35745.0,18864015181965,hardinchristopher@yahoo.com,Salaried,"Harvey, Nelson and Meyer Corp.",27.5,13636.0,71463935.0,Lisa Ramos,Friend,92121796104619
USLW-APP-20240817-271,2024-08-17,Personal,1327.0,Home Improvement,56.0,172-77-3717,Christian Mosley,2006-02-11,Male,Separated,Doctorate,1690 Debbie Mount,Craigport,Iowa,4324.0,897362401970511,thaas@moore.org,Salaried,Hunter Inc Corp.,1.9,4134.0,12905931.0,Stephen Jones,Friend,910818196237954
USLW-APP-20241128-924,2024-11-28,Personal,6813.0,Debt Consolidation,15.0,874-16-2840,Jane Fischer DVM,1963-08-13,Male,Married,Bachelor's Degree,457 Brenda Mountains,New Justin,Wisconsin,84034.0,0946101824671,johnsondevin@soto.com,Salaried,"Johnson, Velasquez and Moore Corp.",22.7,26760.0,98733664.0,Logan Boyle,Spouse,497090308672525
USLW-APP-20241029-557,2024-10-29,Small Business,70646.0,Expansion,51.0,886-08-5649,Justin Wong,1973-06-13,Other,Separated,Doctorate,209 Brown Islands Apt. 356,West Annetteshire,West Virginia,95273.0,18137157943,brian68@gilmore.info,Salaried,Walker-Obrien Corp.,23.6,4816.0,16247255.0,David Bailey,Parent,3487329691
USLW-APP-20240528-288,2024-05-28,Mortgage,341185.0,Home Purchase,296.0,367-90-5173,Nichole Miller,1959-04-19,Other,Single,High School Diploma,716 Patricia Forest,Lake Jacob,Oklahoma,25472.0,0016992315454909,francoshirley@hotmail.com,Salaried,Brown-Blake Corp.,6.0,23353.0,103415796.0,Paul Cochran,Sibling,15852208388
USLW-APP-20240528-488,2024-05-28,Mortgage,82531.0,Refinance,352.0,397-76-7038,Leah Smith,1979-07-11,Male,Divorced,Master's Degree,6460 Daniel Prairie Apt. 194,Montesmouth,Alaska,27879.0,11400492446365,zachary43@clayton-baker.org,Hourly,Allison-Williams Corp.,11.2,26828.0,123124782.0,Joseph White,Spouse,2277920858
USLW-APP-20240827-307,2024-08-27,Auto,35311.0,Refinance,24.0,372-47-5193,Eric Mccoy MD,1952-12-03,Female,Single,Bachelor's Degree,374 Karen Extension,Jenkinsland,Florida,87026.0,0019402929237,allisonemily@yahoo.com,Self-Employed,Castillo-Pope LLC,18.2,21819.0,100335727.0,Melissa Williams,Spouse,356753799886157
USLW-APP-20241108-602,2024-11-08,Personal,43803.0,Medical Expenses,24.0,098-56-5659,Robert Shea,1986-08-22,Male,Divorced,Some College,0926 Marie Summit Suite 800,Kennedymouth,Oklahoma,51768.0,00111570717303321,jgarcia@ruiz.com,Salaried,Davis-Patterson Corp.,1.4,25234.0,93462587.0,Michelle Flores,Parent,1104763993964
USLW-APP-20240801-159,2024-08-01,Personal,3738.0,Medical Expenses,55.0,069-23-7975,Dana Silva,1983-03-27,Female,Separated,Bachelor's Degree,733 Rodriguez Corner Suite 228,Careyburgh,Texas,53779.0,00114362339828932,nicholas14@quinn-harris.com,Salaried,"Gallegos, Moore and Bell Corp.",20.3,27422.0,111347238.0,Jerome Martin,Friend,0014821587325
USLW-APP-20240917-250,2024-09-17,Auto,44781.0,Refinance,49.0,453-68-3514,Jonathan Daniel,1959-09-14,Male,Single,Some College,2247 Manuel Cliff Suite 213,East Kariburgh,Iowa,1403.0,74046344919336,jessica70@murphy-glover.info,Self-Employed,"Johnson, Banks and Wood LLC",11.2,4500.0,40099301.0,Kendra Oliver,Parent,5694236589
USLW-APP-20241028-101,2024-10-28,Personal,4977.0,Other,22.0,851-92-3905,Joe Hammond,2001-09-15,Other,Separated,High School Diploma,2858 Knapp Run Apt. 972,Priceton,Wisconsin,88688.0,5445310429114,klewis@parker.net,Salaried,Obrien PLC Corp.,10.3,22080.0,53618148.0,Jessica Chung,Sibling,10894856447
USLW-APP-20250211-946,2025-02-11,Personal,29390.0,Other,53.0,699-62-5748,Melissa Wilson,1995-03-14,Female,Divorced,Doctorate,668 Williams Gateway,Port Marymouth,South Dakota,61306.0,5564657728,wayne44@hansen.biz,Hourly,"Charles, Middleton and Clark Corp.",1.3,9017.0,64449209.0,Mia Young,Sibling,0166666131
USLW-APP-20240802-480,2024-08-02,Personal,38673.0,Home Improvement,47.0,852-43-5505,Steven Jones,1950-04-17,Male,Single,Bachelor's Degree,103 Robyn Parkway Suite 181,New Kristinaside,Connecticut,59458.0,4354502425,cjones@gmail.com,Salaried,Smith-Robinson Corp.,19.8,18815.0,78078226.0,Shirley Meyers,Sibling,175155567159650
USLW-APP-20240729-360,2024-07-29,Small Business,181136.0,Equipment Purchase,35.0,553-64-4306,Karen White,2002-10-04,Other,Widowed,High School Diploma,01935 Harris Spurs,South Sheilaview,Iowa,46946.0,92380589438861,monica91@phillips.com,Salaried,"Ward, Arnold and Lopez Corp.",3.2,19008.0,60393744.0,James Larson,Sibling,0019551915280925
USLW-APP-20240706-818,2024-07-06,Mortgage,882568.0,Home Purchase,328.0,853-46-1553,Katrina Perez,1964-01-27,Other,Single,Bachelor's Degree,59659 Walls Estates Suite 697,Lake Ruth,Louisiana,1431.0,111735385442967,mark12@gmail.com,Hourly,Powers Ltd Corp.,20.3,9056.0,128775495.0,Jake Moreno,Sibling,3221117702066
USLW-APP-20240628-473,2024-06-28,Small Business,196096.0,Working Capital,51.0,768-47-9477,Scott Foster,2005-11-13,Other,Single,Some College,644 Joseph Cliffs Apt. 289,East Lauren,Arkansas,23193.0,84617361159535,codynewman@trevino.info,Self-Employed,Fleming Ltd LLC,13.6,11856.0,53756822.0,Mary Dominguez,Spouse,383777263056652
USLW-APP-20250202-487,2025-02-02,Mortgage,197606.0,Refinance,227.0,480-43-4489,Eric Fitzpatrick,1971-02-06,Male,Single,Master's Degree,54828 Adriana Lock Suite 071,Thomaschester,Connecticut,96768.0,001004807391593111,shannon46@bell.biz,Salaried,Schmidt-Ibarra Corp.,16.0,14597.0,24223326.0,Joshua Krueger,Friend,8294366970
USLW-APP-20240503-227,2024-05-03,Personal,15565.0,Vacation,47.0,244-73-9337,Belinda Mack,1959-09-26,Female,Divorced,High School Diploma,11258 Nelson Haven Suite 109,Yangmouth,Mississippi,12293.0,4381770799,tina89@osborn-whitney.com,Salaried,"Villarreal, Thomas and Bullock Corp.",19.7,23408.0,73981826.0,Stephanie Tucker,Sibling,6398071375137
USLW-APP-20240812-931,2024-08-12,Mortgage,445536.0,Home Purchase,250.0,003-39-6286,Christine Williams,2006-12-10,Female,Married,Associate's Degree,847 Christian Estates Apt. 586,Port Chris,South Carolina,72015.0,00166123448664044,madison45@wolf-washington.com,Salaried,Parker-Fuller Corp.,14.5,7955.0,108140927.0,Angel Reese,Friend,1154206673406134
USLW-APP-20241102-982,2024-11-02,Mortgage,960337.0,Refinance,267.0,616-19-7890,Thomas Ryan,1981-08-14,Male,Widowed,Bachelor's Degree,661 Andrea Isle,Williamborough,Arkansas,49305.0,11607192158037,rachel51@hotmail.com,Salaried,Padilla-Hartman Corp.,23.8,11484.0,43616998.0,Tracey Bush,Parent,743239894476589
USLW-APP-20240901-826,2024-09-01,Mortgage,98285.0,Home Purchase,317.0,790-53-3333,Mr. Jeffrey Burke,1975-09-10,Male,Divorced,Associate's Degree,9219 Anna Parkways,Port Williambury,Alaska,23757.0,1609151668155679,johnsoncathy@mcdaniel.biz,Salaried,Chan-Valencia Corp.,22.2,10499.0,23423457.0,Shirley Ellis DVM,Friend,78520681720417
USLW-APP-20241007-312,2024-10-07,Small Business,347601.0,Working Capital,46.0,315-77-6816,Peter Wagner,1988-05-16,Female,Divorced,Master's Degree,555 Herrera Mountain Apt. 745,Coxton,Montana,14793.0,6727976940,stephen30@hotmail.com,Self-Employed,Reeves and Sons LLC,5.2,18546.0,15528014.0,Juan Smith,Sibling,2138484711
USLW-APP-20240404-984,2024-04-04,Personal,25150.0,Other,24.0,883-81-4914,Katie Moore,1996-06-02,Other,Married,Associate's Degree,521 Padilla Lights Apt. 228,Perezfort,Nebraska,59529.0,67076292541082,jensensabrina@yahoo.com,Salaried,"Carter, Parker and Schmitt Corp.",19.3,2438.0,57093934.0,Dustin Thomas,Spouse,1239463662193514
USLW-APP-20240802-651,2024-08-02,Small Business,265433.0,Expansion,44.0,450-26-1108,Dylan Delacruz,1963-05-30,Other,Divorced,Doctorate,78210 Cochran Haven Apt. 749,Brittanyport,Virginia,89360.0,523898131087207,danielharvey@jimenez-clark.info,Hourly,Boyd-Parker Corp.,21.1,17600.0,66546582.0,Wendy Oconnell,Spouse,0018415990761915
USLW-APP-20241124-467,2024-11-24,Personal,46316.0,Home Improvement,54.0,596-02-6952,Stephanie Vincent,1988-10-04,Female,Widowed,Master's Degree,4579 Smith Track,Amystad,North Carolina,45603.0,2784094771,qhernandez@davis.com,Salaried,"Miller, Davis and Roberts Corp.",2.7,13978.0,76751794.0,Teresa Harris,Spouse,19885718345817
USLW-APP-20241025-635,2024-10-25,Personal,36974.0,Home Improvement,43.0,673-61-6302,Kristen Middleton,1998-07-15,Other,Married,Some College,45032 Kelli Forges,Annaborough,California,63011.0,15329531566,palvarado@mcclain.org,Salaried,Valencia Ltd Corp.,9.9,19447.0,111301779.0,Sydney Matthews,Friend,3718376021
USLW-APP-20250118-514,2025-01-18,Personal,46790.0,Debt Consolidation,46.0,412-96-4688,Timothy Tyler,1960-11-25,Other,Divorced,Bachelor's Degree,695 Brian Flat,South Pamelashire,Wisconsin,7379.0,0263462352503,lcook@hotmail.com,Hourly,"Young, Sanchez and Lamb Corp.",7.7,2258.0,77592318.0,Gregory Mayo,Friend,15754789570
USLW-APP-20241006-610,2024-10-06,Small Business,130171.0,Expansion,55.0,866-86-9804,Sally Arellano,1974-03-22,Other,Divorced,Some College,033 Edward Knoll,Salazarport,Nevada,11395.0,17716718314,anthony77@cobb.com,Salaried,Welch-Nash Corp.,9.4,22020.0,28192505.0,Mr. Joseph Rojas MD,Spouse,804946071825919
USLW-APP-20240518-150,2024-05-18,Personal,4198.0,Home Improvement,50.0,645-25-8468,Amber Elliott,1988-08-29,Other,Single,Doctorate,273 Deanna Ways Suite 680,Rachelfurt,Louisiana,17437.0,001810644545651855,luke87@weber-james.com,Self-Employed,"Palmer, Flores and Wagner LLC",1.3,14871.0,46276432.0,Lisa Gomez,Sibling,6438307859
USLW-APP-20241122-810,2024-11-22,Personal,20832.0,Education,55.0,706-01-2447,Meredith Garcia,1985-03-21,Female,Widowed,Doctorate,8780 Tate Drives,Welchbury,Michigan,37293.0,7546418042206,wmurillo@rodriguez.com,Self-Employed,Jones and Sons LLC,14.5,8758.0,86060365.0,Dawn Jackson,Friend,4661191612
USLW-APP-20241125-223,2024-11-25,Personal,12125.0,Vacation,58.0,006-83-0610,Lynn Wright,1962-06-28,Male,Married,Master's Degree,7433 Sheila Way Suite 746,Port Joyburgh,Arkansas,57280.0,1474719897492274,cynthia80@hotmail.com,Self-Employed,"Jackson, Jones and Thomas LLC",13.7,22274.0,93780007.0,Bryan Beck Jr.,Sibling,0013062924644
USLW-APP-20240408-280,2024-04-08,Small Business,133430.0,Startup Costs,47.0,686-88-6832,Angelica Webb,1971-10-24,Male,Separated,Some College,36449 Virginia Manors,West Christianberg,Vermont,56405.0,17532511005155,frostrobert@yahoo.com,Self-Employed,"Horton, Rice and James LLC",10.7,12333.0,79856586.0,Andrea Potts,Spouse,9708843902
USLW-APP-20250402-584,2025-04-02,Auto,21483.0,Refinance,42.0,379-08-0353,Mr. Rick Bennett,1957-06-04,Female,Single,High School Diploma,98778 Snow Gardens Suite 340,North Teresachester,Iowa,42854.0,3889524796,butlerjason@hotmail.com,Salaried,"Carson, Cunningham and Mitchell Corp.",7.5,19176.0,24440905.0,Fred Edwards,Sibling,0014332818073
USLW-APP-20241226-442,2024-12-26,Auto,69810.0,Used Car Purchase,42.0,418-28-0045,Paul Rios,1983-03-17,Male,Widowed,High School Diploma,729 Haynes Harbors,Bobton,Nevada,82835.0,9793100160,kathryn33@yahoo.com,Salaried,"Taylor, Smith and Lopez Corp.",17.7,24940.0,129259635.0,Amanda Allen,Sibling,1942827349337
USLW-APP-20250213-815,2025-02-13,Personal,39041.0,Vacation,25.0,358-97-9433,Sharon Carlson,1965-12-18,Other,Divorced,Associate's Degree,7020 Wilcox Mall,West Marystad,Arkansas,72267.0,8106563745387,travisjohnson@gmail.com,Salaried,Smith-Woods Corp.,27.2,2591.0,39859484.0,Shannon Lozano,Sibling,94849907264486
USLW-APP-20250321-891,2025-03-21,Small Business,52431.0,Inventory,65.0,722-56-0157,Michael Cooper,1955-05-21,Female,Widowed,Bachelor's Degree,19501 Peter Field,Shawnmouth,Washington,60175.0,9233215619,ashleyanthony@gmail.com,Salaried,Garcia-Young Corp.,27.9,7052.0,121005502.0,Ashley Harrison,Sibling,960877747386756
USLW-APP-20240517-701,2024-05-17,Auto,71643.0,Used Car Purchase,38.0,450-91-0152,Krystal Sullivan,1973-06-03,Male,Divorced,Bachelor's Degree,6098 Conner Skyway,Markmouth,Alabama,43078.0,17681632672,bjackson@howell.biz,Salaried,Esparza and Sons Corp.,8.7,23748.0,122545016.0,Martin Poole,Spouse,7313106811
USLW-APP-20250102-200,2025-01-02,Personal,7993.0,Medical Expenses,43.0,018-92-7909,Heather Farmer,1984-07-27,Other,Divorced,Master's Degree,0265 Mary Light,South Olivia,Iowa,79322.0,2758073548,vhaynes@hernandez.com,Salaried,Dunn Inc Corp.,27.4,2647.0,20169293.0,Anna Greer,Spouse,36160536340464
USLW-APP-20250211-616,2025-02-11,Personal,32038.0,Other,53.0,267-52-5365,Angel Williams,1953-04-19,Other,Widowed,Some College,19680 Rodriguez Union Apt. 520,West Miguelberg,Nevada,25725.0,00112040636941035,jodychang@hotmail.com,Salaried,"Fisher, Coleman and Anderson Corp.",20.5,14627.0,123830445.0,Ethan Morris,Spouse,21122869895837
USLW-APP-20240723-635,2024-07-23,Personal,20188.0,Other,17.0,773-47-0463,Jeffrey Lopez,2001-08-26,Other,Married,Some College,764 Christina Courts Apt. 207,Lake Adamport,Colorado,78328.0,0486658532,griffindouglas@french-greene.com,Self-Employed,Nichols-Pratt LLC,14.5,23916.0,102848005.0,Sandy Johnson,Parent,60064530934203
USLW-APP-20250121-919,2025-01-21,Mortgage,969014.0,Home Purchase,259.0,799-79-4141,Ashlee Li,1960-09-29,Other,Single,High School Diploma,326 Orr Locks Apt. 120,New Justinmouth,Oklahoma,93289.0,0015747042834021,perezangela@gmail.com,Salaried,Pierce-Alvarez Corp.,21.3,10628.0,102225974.0,Lisa Grant,Parent,8210976111
USLW-APP-20241025-104,2024-10-25,Small Business,141648.0,Working Capital,73.0,466-12-1931,Justin Bryant,1967-12-27,Male,Single,Doctorate,36411 Alison Glen Apt. 355,Jennifermouth,Louisiana,8836.0,9447783169781,lee58@gmail.com,Hourly,Ramirez-Jones Corp.,27.8,4698.0,48940355.0,Andrew Thompson,Sibling,1593524680
USLW-APP-20241004-542,2024-10-04,Small Business,440697.0,Inventory,65.0,565-90-6620,Jason Patton,1969-01-11,Female,Divorced,Associate's Degree,17686 David Burgs Suite 500,North Douglasfurt,Mississippi,56864.0,7977582507,robin82@hotmail.com,Self-Employed,Gonzalez LLC LLC,6.3,7167.0,66731889.0,Natalie Lane,Friend,9604082066
USLW-APP-20240912-655,2024-09-12,Small Business,285555.0,Working Capital,27.0,499-12-1118,George Knight,1987-04-06,Female,Married,Some College,17411 Jessica Bridge Suite 411,North Christinamouth,Arkansas,8642.0,197198894344021,jamesemily@yahoo.com,Salaried,"Parrish, Johnson and Bishop Corp.",18.0,23155.0,75147671.0,Henry Mccann,Friend,141951774296877
USLW-APP-20240923-320,2024-09-23,Auto,20362.0,Refinance,27.0,449-54-4147,Douglas Schneider,1999-08-07,Female,Divorced,Doctorate,60957 Ryan Mountains,East Tracy,California,72511.0,3834436227,mtaylor@soto.net,Salaried,Lee-Cook Corp.,26.8,3971.0,30840450.0,Joshua Patterson,Parent,8399509184
USLW-APP-20241113-840,2024-11-13,Small Business,416623.0,Startup Costs,41.0,415-88-7469,Thomas Johnson,1949-07-13,Male,Divorced,Bachelor's Degree,063 William Tunnel,New Kevin,Alaska,61797.0,9940219376261,tcruz@gmail.com,Salaried,"Barry, Woodard and Carlson Corp.",19.4,18445.0,56019359.0,Jessica Dorsey,Spouse,0153556162112
USLW-APP-20250112-752,2025-01-12,Personal,13591.0,Home Improvement,31.0,116-44-1620,Rodney Griffith,1957-05-20,Male,Single,Bachelor's Degree,9972 Higgins Corner Apt. 499,South Julieborough,Alabama,92777.0,5949279401,djimenez@moore.com,Salaried,"Fuller, Conway and Bennett Corp.",16.9,28935.0,58880379.0,Stephanie Armstrong,Spouse,241934487854037
USLW-APP-20241114-262,2024-11-14,Personal,28868.0,Medical Expenses,40.0,358-36-2057,Michael Wright,1978-02-12,Male,Single,Doctorate,80912 Evans Meadow,Erinmouth,Alaska,65974.0,0930868090,timothyhiggins@gmail.com,Salaried,Smith Group Corp.,19.0,7936.0,67812299.0,Juan Jackson,Friend,3282732660
USLW-APP-20240423-966,2024-04-23,Personal,19791.0,Debt Consolidation,35.0,161-44-7759,Whitney Myers,1965-08-14,Female,Divorced,Associate's Degree,959 Linda Track,West Rebecca,Wisconsin,62702.0,46933215889410,ryan57@yahoo.com,Salaried,"Briggs, Hensley and Roberts Corp.",24.0,8784.0,99971357.0,Phillip Aguirre,Friend,3516630457
USLW-APP-20240809-818,2024-08-09,Small Business,338161.0,Startup Costs,26.0,134-84-2538,Logan Zimmerman,2005-10-04,Female,Married,Master's Degree,0659 Woods Spur Suite 919,Garybury,Mississippi,64844.0,0010102503438,mathewskenneth@gutierrez.com,Salaried,Montgomery-Krueger Corp.,20.6,11604.0,76445835.0,Michael Weber,Sibling,14264975375
USLW-APP-20240913-251,2024-09-13,Personal,11741.0,Home Improvement,27.0,126-79-6422,Michael Joyce,1949-12-01,Other,Separated,Master's Degree,6951 Rodriguez Rest Apt. 979,Charlesborough,North Carolina,28548.0,2659623702,kaylee04@gray.info,Salaried,"Miller, Henry and Downs Corp.",26.2,20841.0,120333440.0,Marvin Conner,Friend,4903776935
USLW-APP-20250315-288,2025-03-15,Personal,12634.0,Other,13.0,676-19-1757,Kristin Fritz,1981-08-11,Female,Separated,Master's Degree,333 Williams Track Suite 938,New Karenborough,Alaska,7787.0,521002437466888,uprice@miles-shelton.com,Salaried,Smith-George Corp.,29.3,6198.0,59081685.0,Daniel Rivera,Friend,0011508440987
USLW-APP-20241224-876,2024-12-24,Small Business,235473.0,Expansion,36.0,876-79-3092,Allison Colon,1994-11-03,Male,Widowed,Doctorate,67676 Stafford Gardens Apt. 575,Cliffordstad,Rhode Island,79485.0,89432854296735,colleensnyder@garcia.com,Salaried,Reed-Hall Corp.,27.5,18381.0,69736111.0,Jordan Nash,Friend,7813556833760
USLW-APP-20241208-917,2024-12-08,Small Business,469554.0,Inventory,58.0,360-29-6740,Jennifer Campbell,2002-01-17,Male,Separated,Bachelor's Degree,018 Tyler Parkway,North Stevenport,Iowa,32405.0,0010575126435,kimberly99@yahoo.com,Salaried,Mitchell-Conway Corp.,20.4,2164.0,81406568.0,Loretta Livingston,Sibling,72136645192606
USLW-APP-20240902-403,2024-09-02,Auto,19318.0,Used Car Purchase,63.0,566-29-0397,Kelsey Henry,2007-03-01,Female,Widowed,Master's Degree,8190 Baker Throughway,Noblebury,Vermont,60397.0,32955181953541,lauren13@hotmail.com,Salaried,"Williams, Hays and Hernandez Corp.",20.0,25905.0,112000736.0,Amanda Ramirez,Friend,823847727741463
USLW-APP-20250305-617,2025-03-05,Personal,25363.0,Vacation,21.0,553-96-5951,Eric Martin,1952-03-14,Male,Married,Doctorate,74815 Crystal Gardens,Andreview,Oklahoma,58447.0,404303777787000,kristinewilliams@parks-rodriguez.com,Salaried,Williams-Williams Corp.,24.6,17438.0,28706959.0,Dr. Carla Vance,Spouse,1062197271557608
USLW-APP-20240915-176,2024-09-15,Small Business,27405.0,Equipment Purchase,79.0,172-69-4364,Charles Dominguez,1982-12-20,Female,Divorced,Associate's Degree,61011 Jason Tunnel,East David,Illinois,32833.0,00159884904771364,mario43@hotmail.com,Hourly,"Fisher, Camacho and Fry Corp.",6.2,26746.0,90204269.0,Jesus Richards,Parent,6716830006
USLW-APP-20241023-896,2024-10-23,Mortgage,419047.0,Home Purchase,289.0,848-63-9642,Michael Patterson,2002-12-21,Other,Widowed,Some College,91659 Conway Crest,Johnsonborough,Montana,15233.0,1878213637,deanelizabeth@whitney.com,Salaried,White and Sons Corp.,14.0,19177.0,69810079.0,James Singh,Parent,316412646001462
USLW-APP-20240830-326,2024-08-30,Personal,32285.0,Debt Consolidation,34.0,075-77-6198,Jennifer Roberts,1957-07-12,Male,Separated,Some College,285 Patrick Ways,Alicestad,Oklahoma,97551.0,17369275428802,brianna11@gmail.com,Salaried,Duran Ltd Corp.,16.2,3149.0,27294161.0,Karen Crawford,Parent,1451819473879436
USLW-APP-20241119-744,2024-11-19,Personal,19936.0,Education,53.0,398-90-4324,Allen Martin,2004-09-20,Other,Divorced,Doctorate,742 Erin Square Suite 425,Stephaniestad,New Mexico,77351.0,60921485282258,erin68@steele.com,Hourly,Weber and Sons Corp.,1.6,26630.0,58199808.0,Douglas Stevens,Friend,8878289032706
USLW-APP-20240917-399,2024-09-17,Auto,39845.0,New Car Purchase,64.0,053-79-4287,Jessica Smith,2000-03-20,Female,Divorced,Associate's Degree,87910 Christine Village Suite 791,West Eddieton,Iowa,55184.0,00123211591912732,parkermelissa@gould.com,Salaried,"Malone, Barker and Bell Corp.",15.2,22024.0,111920053.0,Hannah Dyer,Sibling,6901265413
USLW-APP-20250113-803,2025-01-13,Mortgage,589099.0,Refinance,283.0,470-76-1645,Brian Key,1991-02-04,Female,Married,Doctorate,199 Hines Freeway Suite 200,New Edwardberg,North Carolina,32350.0,10287075561,asmith@yahoo.com,Salaried,"Martin, Dillon and Jones Corp.",21.6,2680.0,17282442.0,Stephen Doyle,Friend,8369656238
USLW-APP-20240909-477,2024-09-09,Small Business,174311.0,Equipment Purchase,50.0,506-57-2831,Monique Salinas,1974-01-10,Other,Widowed,Some College,3802 Mcdaniel Roads,Joshualand,Wisconsin,17859.0,991678140452340,bobbychang@nelson-williams.net,Salaried,Petty-Powell Corp.,24.3,6083.0,77916693.0,Patricia Walker,Spouse,0637092004
USLW-APP-20240610-132,2024-06-10,Auto,56263.0,Refinance,27.0,823-12-5888,David Jones,1963-01-31,Female,Married,Associate's Degree,95586 Horton Drives Suite 985,Lake Ashleyfort,Illinois,55213.0,001349969837054059,hensonsteven@gmail.com,Salaried,"Phillips, Wright and Griffith Corp.",26.9,17683.0,30976353.0,Aaron Hayes,Friend,00169340841615094
USLW-APP-20240529-953,2024-05-29,Personal,22704.0,Education,55.0,499-33-5453,Jordan Smith,1971-07-29,Male,Widowed,Doctorate,4426 Kim Orchard,Robertaport,Oklahoma,5416.0,358883278517076,bgreen@hotmail.com,Salaried,"Allen, Willis and Arnold Corp.",18.6,14646.0,95820004.0,Gary Herring II,Sibling,618600063174074
USLW-APP-20240416-574,2024-04-16,Personal,39065.0,Education,48.0,497-29-0976,Amy Edwards,1964-12-17,Male,Divorced,Some College,95082 Reyes Coves Suite 275,Carolineside,Montana,43444.0,1164202785975160,abishop@bass.com,Self-Employed,"Mitchell, Trevino and Evans LLC",3.5,18350.0,86096711.0,Amanda Pena,Sibling,4243614080
USLW-APP-20250218-886,2025-02-18,Auto,9874.0,New Car Purchase,50.0,720-62-1025,Taylor Stewart,1990-02-12,Male,Single,Master's Degree,276 James Forge Apt. 810,Lake Timothymouth,Connecticut,21821.0,5306391762,brandonferguson@hotmail.com,Salaried,"Clark, Brown and House Corp.",7.6,5907.0,11470975.0,Adrienne Webb,Spouse,0016099523845723
USLW-APP-20240707-840,2024-07-07,Personal,46198.0,Home Improvement,19.0,695-42-4762,Matthew Nelson,1975-06-09,Female,Widowed,Doctorate,854 Garcia Road Suite 415,Michaelfort,Vermont,79724.0,674080177453095,swolfe@gmail.com,Salaried,Cortez LLC Corp.,25.6,29890.0,36597037.0,Frank Villarreal,Parent,4184177546
USLW-APP-20241002-853,2024-10-02,Mortgage,910632.0,Refinance,295.0,062-87-1142,Kenneth Rodriguez,1994-07-20,Female,Married,Associate's Degree,29395 Reyes Groves Suite 105,North Laurashire,Iowa,62848.0,3503368024166,kevingonzalez@gmail.com,Salaried,Patel PLC Corp.,14.7,8453.0,117702372.0,Matthew Manning,Friend,89835971049295
USLW-APP-20240416-559,2024-04-16,Personal,23108.0,Education,48.0,450-54-1216,Dean Perez,1966-10-15,Other,Separated,Associate's Degree,89428 Eric Valleys Suite 355,Courtneymouth,Colorado,40730.0,5433978427,zimmermanlisa@miller-beard.com,Salaried,Baldwin-Lane Corp.,12.0,11383.0,113980020.0,Jeremy Smith,Friend,8391860625815
USLW-APP-20241011-200,2024-10-11,Personal,43588.0,Home Improvement,18.0,098-94-4905,Brenda Acevedo,1976-02-05,Other,Separated,High School Diploma,72242 Erika Port,Bradleychester,Michigan,19282.0,49942160318192,lisabowman@hotmail.com,Self-Employed,"Solis, Mcdaniel and Lewis LLC",11.4,18477.0,23904769.0,Jennifer Moore,Sibling,95948649598641
USLW-APP-20241217-524,2024-12-17,Small Business,66752.0,Working Capital,82.0,776-04-8690,Michael White,1985-06-27,Other,Divorced,Bachelor's Degree,2524 Lisa Turnpike Apt. 651,Brianshire,Mississippi,50433.0,3031080155902,brooksjames@sexton.com,Hourly,Mendoza-Booth Corp.,10.5,24496.0,37249805.0,Jessica Davis,Spouse,0569107486210
USLW-APP-20240730-280,2024-07-30,Mortgage,490693.0,Home Purchase,324.0,877-06-1788,Valerie Walker,1982-05-30,Male,Single,Some College,6466 April Dam Suite 650,New Melissaville,West Virginia,78006.0,5104322696,reynoldsmitchell@carey.com,Salaried,Hall-Mcconnell Corp.,3.0,17155.0,119482580.0,Michael Smith,Spouse,46050372538265
USLW-APP-20240624-659,2024-06-24,Personal,8562.0,Medical Expenses,23.0,816-97-1222,Pamela Robinson,1950-04-12,Male,Single,Master's Degree,15814 Thomas Port Apt. 677,Kimberlyberg,West Virginia,53325.0,3551904390,otrujillo@nichols.com,Salaried,Vance Inc Corp.,13.3,27534.0,65693931.0,Charles Campbell,Friend,8836593863
USLW-APP-20241117-597,2024-11-17,Personal,22932.0,Home Improvement,19.0,653-73-4710,Jennifer Davis,1953-12-20,Male,Widowed,Associate's Degree,5186 Michael Shores Suite 247,Christinaside,Arkansas,19749.0,2363950809,marcus90@gmail.com,Self-Employed,Smith-Thomas LLC,2.6,22179.0,127830519.0,Rebekah Hernandez,Friend,001494420927870214
USLW-APP-20240720-756,2024-07-20,Mortgage,483825.0,Home Purchase,200.0,706-09-6117,Joseph Freeman,1987-09-14,Other,Married,Doctorate,8908 Edward Ports Apt. 927,Walkerborough,California,79939.0,8051238707962,tcastro@wells.net,Salaried,Baker-Lucas Corp.,6.4,6985.0,97584128.0,Michele Rangel,Sibling,0807278258
USLW-APP-20240922-548,2024-09-22,Personal,47363.0,Debt Consolidation,33.0,438-77-7970,Emily Phillips,1971-03-14,Other,Widowed,Bachelor's Degree,76422 Joseph Meadows Suite 083,Virginiatown,Illinois,38035.0,64971637042550,jodirivera@klein-rios.com,Salaried,Terry LLC Corp.,7.3,14065.0,107165864.0,Jamie Myers,Parent,894642173522115
USLW-APP-20240422-193,2024-04-22,Personal,30568.0,Other,50.0,204-81-0265,Frank Banks,1991-05-05,Female,Separated,High School Diploma,2513 Baker Row Apt. 167,Jillhaven,Rhode Island,66603.0,00178933328507886,danielleerickson@mullen.com,Salaried,Davis-Gonzales Corp.,5.6,27438.0,63992964.0,Rachel Gonzalez,Friend,16238408161897
USLW-APP-20250129-729,2025-01-29,Personal,15117.0,Other,27.0,851-70-1131,Isaac Reed,1957-01-27,Other,Divorced,Master's Degree,57914 Alexander Ranch Suite 240,Claudiachester,Alaska,42563.0,9315699074,cathylopez@rowe.net,Hourly,Montes Inc Corp.,1.9,8128.0,38539161.0,Vincent Sanders,Sibling,1201405067510104
USLW-APP-20240515-914,2024-05-15,Small Business,235369.0,Working Capital,54.0,302-91-1709,Jose Martinez,1962-05-25,Female,Single,Doctorate,08852 Brown Stravenue,Lake Kenneth,Ohio,40589.0,8167142270,jonesbonnie@yahoo.com,Salaried,Flores Ltd Corp.,7.2,14857.0,85111493.0,John Dunn,Sibling,4757854432173
USLW-APP-20240618-797,2024-06-18,Personal,1939.0,Home Improvement,50.0,521-71-2561,Martha Ortega,1954-10-18,Female,Married,High School Diploma,36162 Jennifer Roads Suite 778,Steeletown,Nevada,36876.0,89466200000682,brianmarsh@hotmail.com,Salaried,Jones Ltd Corp.,25.9,15281.0,71096700.0,Robert Mitchell,Spouse,17332915732
USLW-APP-20240715-161,2024-07-15,Small Business,300923.0,Working Capital,29.0,589-19-8464,Kristin Johnson,1954-02-12,Other,Divorced,Doctorate,86932 Jamie Well Suite 517,West Sherishire,Oregon,93263.0,1932684040987154,derekmartin@yahoo.com,Self-Employed,Olsen-Frederick LLC,12.2,8287.0,89917347.0,Lisa Morris,Friend,248062327938581
USLW-APP-20240811-498,2024-08-11,Personal,14916.0,Vacation,18.0,097-77-6003,Peter Lin,1979-01-09,Other,Divorced,Associate's Degree,6601 Kelly Corner Suite 007,Allisonhaven,Alabama,9767.0,48896890411972,ffoley@howard-murphy.com,Self-Employed,Thompson Ltd LLC,1.5,10826.0,72571910.0,Brandon Burgess,Sibling,6358235003258
USLW-APP-20250202-297,2025-02-02,Small Business,235723.0,Working Capital,60.0,480-99-9399,Justin Jennings,2006-04-26,Male,Divorced,Some College,228 Travis Gardens Suite 905,Howellmouth,Iowa,73538.0,4235821573273,lorihill@lopez.com,Salaried,West Inc Corp.,11.2,5354.0,104320136.0,Gregory Thomas,Parent,24254572083876
USLW-APP-20240926-722,2024-09-26,Personal,49037.0,Home Improvement,12.0,599-43-5688,Heather Andrews,1984-11-17,Other,Single,Master's Degree,03954 John Vista Apt. 885,Tranberg,Iowa,64545.0,15685129000953,alejandra73@yahoo.com,Salaried,"Moss, Gilmore and Clark Corp.",29.0,2526.0,70838257.0,Samantha Rodriguez,Spouse,1969438603341887
USLW-APP-20241111-397,2024-11-11,Personal,32761.0,Vacation,43.0,240-22-5921,Stacy Dalton,1968-06-11,Female,Married,Associate's Degree,81642 Bennett Locks,West Dennis,Mississippi,79542.0,9097502797,davissteven@sanders.com,Salaried,Ashley and Sons Corp.,5.9,26720.0,97119467.0,Steven Fleming,Spouse,1331710250
USLW-APP-20241206-183,2024-12-06,Personal,44815.0,Education,29.0,484-28-3593,Nicholas Ellis,1975-04-25,Female,Widowed,Master's Degree,399 Moore Mount Apt. 237,West Scotthaven,Michigan,98059.0,540374277205716,robert17@yahoo.com,Self-Employed,Anderson and Sons LLC,6.5,10470.0,84542445.0,Charles Johnson,Friend,5759975232
USLW-APP-20250327-145,2025-03-27,Personal,5794.0,Vacation,49.0,743-71-8006,Amanda Reynolds,1963-05-02,Other,Single,Bachelor's Degree,6162 Daniel River Apt. 263,Charlestown,Wisconsin,16327.0,1129012174966920,vincentscott@gmail.com,Salaried,Thomas and Sons Corp.,13.8,4357.0,28116442.0,Mr. Adrian Harris DVM,Parent,977159464077091
USLW-APP-20240426-109,2024-04-26,Mortgage,931329.0,Home Purchase,212.0,320-44-1822,Jessica Harvey,1984-05-02,Female,Divorced,High School Diploma,021 Brian Mountains,Port Nancy,Rhode Island,13591.0,8208756375397,sryan@gmail.com,Salaried,Blake PLC Corp.,22.3,8238.0,117824991.0,Elizabeth Smith,Sibling,17525055061343
USLW-APP-20240502-158,2024-05-02,Small Business,11243.0,Inventory,46.0,714-42-0702,Ryan Duncan,1999-01-17,Other,Widowed,Some College,1232 Hernandez Center Apt. 299,Barkerstad,West Virginia,7539.0,7441743738045,michael90@moore-perez.info,Self-Employed,Jones LLC LLC,13.3,4416.0,44281238.0,Dana Davis,Parent,0427892200
USLW-APP-20240602-719,2024-06-02,Personal,29406.0,Home Improvement,40.0,124-94-8943,William Wright,1966-05-10,Other,Divorced,Master's Degree,40762 Payne Stream Apt. 247,Carmenbury,Arkansas,57433.0,212086071201569,lisa03@gmail.com,Salaried,Mckenzie PLC Corp.,3.7,23028.0,14056613.0,John Newman,Parent,06636070705378
USLW-APP-20250123-906,2025-01-23,Personal,31628.0,Vacation,22.0,345-33-1952,Monica Dodson,1989-09-25,Other,Widowed,Master's Degree,800 Bryan Villages,Josephburgh,Wisconsin,72198.0,0012116903397278,cayala@hotmail.com,Salaried,"Mcdaniel, French and Rivera Corp.",9.4,24593.0,111381184.0,Martin Davis,Friend,65923757812511
USLW-APP-20240617-301,2024-06-17,Auto,49141.0,Refinance,62.0,259-82-7978,Ryan Clements,1972-06-22,Other,Widowed,Master's Degree,9452 Monica Ridges Apt. 236,Bonniechester,Iowa,82140.0,11504741258778,johnsontroy@hotmail.com,Salaried,Guerrero PLC Corp.,22.2,8815.0,99800729.0,Jamie Wang,Friend,139451945904061
USLW-APP-20240720-334,2024-07-20,Small Business,350650.0,Working Capital,48.0,037-03-5795,Dr. Patricia Campbell,1982-03-01,Female,Separated,Doctorate,17113 Johnson Rapid,South Katherinemouth,Oklahoma,15999.0,1963633087045934,sanchezseth@arias-cunningham.net,Salaried,"Garcia, Hutchinson and Savage Corp.",8.3,25883.0,116672160.0,Ross Mitchell,Parent,00137099252263737
USLW-APP-20240907-750,2024-09-07,Small Business,496477.0,Equipment Purchase,52.0,773-42-8688,Anna Vasquez,1960-07-13,Other,Widowed,Some College,3666 Brittany Row Apt. 621,Lake Larry,Montana,10319.0,001425194395816666,jmitchell@roberts-humphrey.com,Salaried,Alvarez-Baker Corp.,4.6,12055.0,68273701.0,Alyssa Short,Spouse,0013241513000274
USLW-APP-20240915-655,2024-09-15,Mortgage,447968.0,Refinance,267.0,537-20-2947,Joseph Lopez,1957-06-27,Male,Separated,Bachelor's Degree,951 Randy Avenue Apt. 547,Jeffreybury,West Virginia,10082.0,129542078977948,erika40@gmail.com,Hourly,Castillo-Castaneda Corp.,23.2,8952.0,24778237.0,Mr. Dustin Vasquez,Sibling,001636157818301897
USLW-APP-20240823-612,2024-08-23,Mortgage,644505.0,Home Purchase,285.0,390-11-0928,Jack Fowler,1992-03-12,Female,Divorced,Bachelor's Degree,216 Davis Ports,Phillipsberg,West Virginia,96418.0,8339707798,lindarogers@simpson.info,Salaried,Russell Inc Corp.,25.6,23576.0,39615178.0,Kyle York,Spouse,0011731965830854
USLW-APP-20240609-927,2024-06-09,Small Business,82712.0,Inventory,30.0,699-92-5024,Tiffany Davis,1976-11-28,Other,Married,Doctorate,34708 Wade Forest Suite 714,North Matthew,Wisconsin,55054.0,9853611303,richardbrown@hotmail.com,Salaried,"Lee, Elliott and Meadows Corp.",22.0,19282.0,17057004.0,Sean Hernandez,Sibling,2398270046
USLW-APP-20250202-274,2025-02-02,Personal,12489.0,Debt Consolidation,43.0,896-87-4514,Andrea Sherman,1968-03-24,Male,Married,Some College,807 Brooks Islands,North Dianaside,Oklahoma,53588.0,1187880267264141,robert42@gmail.com,Self-Employed,Hurley PLC LLC,14.5,3882.0,13028600.0,Cynthia Boyd,Friend,5496384974077
USLW-APP-20250124-255,2025-01-24,Auto,12427.0,Used Car Purchase,68.0,613-88-2825,Lydia Martin,1958-01-30,Other,Divorced,High School Diploma,6251 Joe Walk Suite 765,New Aarontown,Hawaii,48972.0,0678579079,travis10@gamble.info,Salaried,"Fox, Williams and Orozco Corp.",19.6,25250.0,84737690.0,Lisa Spencer,Sibling,19235810852678
USLW-APP-20240828-261,2024-08-28,Small Business,398510.0,Startup Costs,51.0,344-93-7404,Thomas Smith,1990-08-08,Male,Married,High School Diploma,978 Hawkins Hollow Apt. 978,East Melissa,North Carolina,15975.0,54308053996911,ashley55@hotmail.com,Self-Employed,Walters-Lopez LLC,9.5,4360.0,68116350.0,Deanna Aguirre,Friend,00180970392329651
USLW-APP-20240511-261,2024-05-11,Personal,45642.0,Medical Expenses,14.0,380-11-5025,Edward Duran,1993-05-24,Male,Widowed,Associate's Degree,03464 Jonathan Pass Suite 316,Forbesshire,Oklahoma,11911.0,6416264395,jmorris@hotmail.com,Salaried,Thompson-Diaz Corp.,21.9,28736.0,115302305.0,Mr. Zachary Howard,Friend,9197086731
USLW-APP-20240729-986,2024-07-29,Auto,64870.0,Used Car Purchase,59.0,103-60-2872,Kenneth Evans,1970-11-06,Female,Single,Associate's Degree,4841 Spencer Union,Arnoldport,Alabama,85563.0,11405690103975,harrismelissa@hotmail.com,Self-Employed,Clark Inc LLC,17.5,20798.0,29698215.0,Cathy Vargas,Friend,58088494354624
USLW-APP-20240626-854,2024-06-26,Personal,31131.0,Debt Consolidation,27.0,464-79-4658,Bruce Murphy,1969-09-28,Other,Married,Bachelor's Degree,192 Nichols Plains Apt. 799,Melindaville,Louisiana,45937.0,5998148502920,stevenwiley@jones.com,Salaried,Callahan-Smith Corp.,25.9,19900.0,61269136.0,Erica Frey,Spouse,2962060946814
USLW-APP-20241231-190,2024-12-31,Personal,42553.0,Other,19.0,779-49-5432,Kaitlyn Hughes,1974-03-16,Male,Married,Master's Degree,67700 Shepard Loop Apt. 000,Lake Samantha,Rhode Island,25995.0,134706545478889,barbara45@gmail.com,Salaried,Richmond Group Corp.,14.0,22127.0,12992520.0,David Lopez,Friend,1488147749
USLW-APP-20250218-110,2025-02-18,Personal,29836.0,Home Improvement,31.0,873-58-1667,Mrs. Debra Sullivan,1949-11-20,Other,Single,Some College,38733 Kristen Cliff,Lake Michaelstad,Oklahoma,36788.0,2218455908,mcbridemichelle@fisher.net,Salaried,Michael-Crawford Corp.,26.1,19555.0,18038705.0,Robert Sullivan,Friend,0012183048924
USLW-APP-20240529-877,2024-05-29,Auto,12693.0,New Car Purchase,32.0,158-03-6716,Kendra Kelly,1950-03-12,Other,Separated,Doctorate,455 Ruiz Village Suite 537,North Johnview,South Dakota,59430.0,0015044314981468,oliviafowler@gmail.com,Hourly,"Watson, Freeman and Henson Corp.",9.7,24413.0,11810218.0,Kathryn Armstrong,Parent,8835144808370
USLW-APP-20250325-579,2025-03-25,Personal,35466.0,Vacation,52.0,027-85-1893,Antonio Pacheco,1985-10-28,Other,Separated,High School Diploma,897 Bird Corners,West Shawn,Washington,46349.0,6784350032071,heathersandoval@moore-allen.com,Salaried,"Parker, Carter and Anderson Corp.",14.3,12487.0,44571508.0,Jeffery Acevedo,Sibling,918744224914459
USLW-APP-20240617-543,2024-06-17,Personal,14380.0,Debt Consolidation,16.0,784-81-6845,David Robinson,1978-11-15,Male,Widowed,Master's Degree,080 Anne Extension Apt. 089,Bradmouth,Wisconsin,4203.0,0732532845,bob78@yahoo.com,Salaried,"Jones, Herring and Franklin Corp.",20.6,25107.0,96707948.0,Mr. Victor Barr DDS,Spouse,226271580275961
USLW-APP-20240812-665,2024-08-12,Personal,14403.0,Education,18.0,631-80-0615,Caroline Monroe,1972-06-08,Male,Divorced,Bachelor's Degree,044 Meadows Crossroad Apt. 313,Dannybury,Kansas,38489.0,0018534847047365,josephwong@leonard.com,Hourly,Williams-Franklin Corp.,8.8,4742.0,19572260.0,Jason Chapman,Sibling,55228868337443
USLW-APP-20241013-663,2024-10-13,Personal,46648.0,Home Improvement,42.0,676-70-0857,Heidi Mccarthy,1960-07-13,Female,Widowed,Doctorate,51053 Dunn Neck Apt. 567,North Diane,South Carolina,83640.0,393580644749344,hbaker@hays.org,Salaried,Gibson-Cook Corp.,1.3,5465.0,18841992.0,Angel Clark,Spouse,871344690129946
USLW-APP-20250214-937,2025-02-14,Mortgage,984268.0,Home Purchase,186.0,667-88-6527,Brianna Lynch,2000-08-31,Female,Single,Master's Degree,1618 Jessica Trail Suite 378,Cardenasville,Alaska,90958.0,7049772918,johnroberts@hotmail.com,Salaried,Bennett Group Corp.,22.6,21180.0,129903114.0,Michael Grant,Spouse,330647590948213
USLW-APP-20250123-825,2025-01-23,Mortgage,721381.0,Refinance,185.0,189-78-1546,Jack Martin DDS,1993-09-04,Female,Separated,Some College,74269 Stein Shore Apt. 393,Petersonview,Ohio,46993.0,99511245838573,kelliott@gmail.com,Self-Employed,"Williams, Flores and Phelps LLC",2.6,21095.0,15683373.0,Eric Cisneros,Sibling,662309355283073
USLW-APP-20250113-636,2025-01-13,Personal,11959.0,Other,35.0,376-36-2260,Ashley Boyd,1959-11-17,Female,Separated,Some College,74066 Mark Crescent,South Dalebury,Vermont,33040.0,0010946819692244,kristinkemp@mathews-suarez.info,Salaried,Jimenez Group Corp.,15.0,22109.0,88634016.0,Jonathan Lamb,Spouse,34390937292108
USLW-APP-20250401-330,2025-04-01,Small Business,139178.0,Equipment Purchase,83.0,031-53-1344,Shaun Brown,1987-06-08,Male,Single,Master's Degree,090 Kelly Circles,Rachelmouth,Texas,34973.0,8051778336,mariajennings@palmer-zavala.com,Salaried,"Sullivan, Kennedy and Alvarado Corp.",19.8,11821.0,50518568.0,Misty Torres,Friend,966012625713743
USLW-APP-20250208-267,2025-02-08,Mortgage,527820.0,Refinance,202.0,053-66-4890,Jason Murray,1976-03-03,Other,Divorced,Doctorate,290 Brian Streets,South Brittanyport,California,15644.0,17760697775,thompsoncourtney@gmail.com,Salaried,Lane-Franklin Corp.,1.2,18423.0,50986433.0,Nicole Roman,Parent,138471197028353
USLW-APP-20240626-339,2024-06-26,Personal,20959.0,Other,14.0,253-16-2768,Jeffrey Vargas,1966-08-09,Male,Divorced,High School Diploma,49475 Maria Parkways Apt. 252,Port Amanda,Iowa,7498.0,00117277656482762,cynthiarobertson@holland-morris.com,Self-Employed,Hurley and Sons LLC,4.0,15877.0,96981722.0,Timothy Fowler,Parent,3883161675
USLW-APP-20240919-242,2024-09-19,Small Business,210008.0,Equipment Purchase,66.0,582-11-1026,Christopher Barr,1956-09-25,Other,Widowed,Some College,5387 Duarte River,North Curtisbury,South Carolina,96638.0,1872292364,jason74@frank.com,Salaried,Friedman-Lucas Corp.,17.6,11738.0,43730638.0,Gina Baldwin,Spouse,0903516072108
USLW-APP-20250124-161,2025-01-24,Auto,26050.0,Used Car Purchase,65.0,703-59-2885,Colton Glover,1999-05-13,Male,Married,High School Diploma,50281 Michael Landing Suite 002,North Luke,Wisconsin,98241.0,6762712429,jnewman@scott.com,Salaried,"Pena, Wright and Hicks Corp.",9.4,11249.0,58188194.0,Connor Ortega,Sibling,2944838705
USLW-APP-20240526-918,2024-05-26,Personal,32321.0,Vacation,14.0,709-28-2239,Bryan Phillips,1982-12-20,Female,Separated,High School Diploma,5420 Gary View,North Amy,Kansas,55672.0,26176225145812,ashleycohen@green.info,Self-Employed,Willis Inc LLC,6.9,9028.0,29490785.0,William Russell,Parent,2111029844
USLW-APP-20241117-417,2024-11-17,Personal,14705.0,Education,16.0,886-87-1245,James Harris,2001-10-24,Male,Widowed,High School Diploma,741 King Drive Apt. 546,Williamsonside,Michigan,80537.0,17794883988009,cjackson@yahoo.com,Salaried,Anderson-Thompson Corp.,23.8,8097.0,22335601.0,Ana Bowers,Parent,3061017751303
USLW-APP-20241111-182,2024-11-11,Mortgage,238076.0,Home Purchase,231.0,138-68-7031,Tanya Brown,1978-06-28,Female,Divorced,Bachelor's Degree,317 Julia Ways,North Leslieborough,Illinois,93861.0,106897566282234,erin85@wu.com,Salaried,Pratt-Murphy Corp.,6.3,19319.0,96522725.0,Isaac Ford,Parent,1423035621528688
USLW-APP-20240827-433,2024-08-27,Small Business,60841.0,Expansion,44.0,537-52-9828,Joshua Lucas,1977-06-28,Other,Divorced,Bachelor's Degree,00855 Pedro Plains Apt. 088,Carlosmouth,South Dakota,53052.0,666432879046984,carrtodd@yahoo.com,Salaried,"Davis, Campbell and Joyce Corp.",16.1,25278.0,71038166.0,Mitchell Schneider,Spouse,1395196408
USLW-APP-20250219-763,2025-02-19,Small Business,423328.0,Equipment Purchase,26.0,050-98-8624,Robert Salazar,2003-04-26,Male,Separated,Master's Degree,492 Kristina Stravenue Suite 816,West Laura,Alabama,55019.0,17481899182243,patricia19@harmon-cook.info,Self-Employed,Sutton LLC LLC,2.2,6256.0,18999459.0,Jared Tucker,Sibling,7426659212
USLW-APP-20240425-971,2024-04-25,Personal,46999.0,Home Improvement,37.0,504-11-5525,Mitchell Mcguire,1962-07-04,Other,Widowed,Master's Degree,8678 Miller Divide,North Brittanyberg,Iowa,81659.0,00113355323877348,michelle84@payne.com,Hourly,Hall LLC Corp.,19.5,21286.0,45655533.0,Raven White,Spouse,64999054090266
USLW-APP-20241110-755,2024-11-10,Personal,32980.0,Home Improvement,25.0,091-34-2705,Marco Vega,1989-12-10,Female,Separated,Some College,81080 Vickie Mall Apt. 372,Calderonhaven,Wisconsin,80872.0,66959192260386,tracy89@brown-perez.com,Salaried,Peterson-Todd Corp.,9.9,18651.0,95493570.0,Jeffrey Alexander,Sibling,7872534366682
USLW-APP-20250124-674,2025-01-24,Personal,47345.0,Medical Expenses,54.0,741-37-2669,James Strong,1989-04-03,Other,Divorced,Doctorate,7649 Beltran Cliffs,Sydneyside,Texas,44136.0,5274212719,rodneywatts@gmail.com,Salaried,Webster-Brown Corp.,17.6,13249.0,25656332.0,Robert Rivera,Parent,0016409844371
USLW-APP-20241209-242,2024-12-09,Personal,34098.0,Home Improvement,17.0,574-23-8391,Kelly Hudson,2004-09-29,Other,Widowed,High School Diploma,310 Corey Mountain Suite 670,Lake Lisa,Kansas,36315.0,8389672739,andrewhammond@yahoo.com,Self-Employed,Gutierrez-Crawford LLC,3.2,11897.0,118941129.0,Matthew Ramirez,Sibling,3093848449
USLW-APP-20240831-401,2024-08-31,Personal,6573.0,Education,51.0,126-13-7161,Cindy Davis,1969-05-24,Female,Divorced,Some College,3207 Justin Ranch,South Allison,Oklahoma,40962.0,00137504348404654,kfoster@ponce.com,Salaried,Sims and Sons Corp.,10.0,4256.0,119939431.0,Michelle Lee,Sibling,314280684360718
USLW-APP-20241127-906,2024-11-27,Personal,42983.0,Other,27.0,115-14-6147,Jonathan Jackson,1965-12-10,Other,Separated,Bachelor's Degree,863 Lloyd Shore Apt. 263,New Katie,North Carolina,44404.0,15873678850613,joshua84@gmail.com,Salaried,Duarte LLC Corp.,21.4,4238.0,84135140.0,Brandon Chaney,Spouse,31816502423985
USLW-APP-20240815-611,2024-08-15,Auto,40263.0,Used Car Purchase,37.0,396-80-4500,Travis Medina,1967-05-27,Male,Widowed,High School Diploma,0739 Barrett Shoals,Hochester,Louisiana,50320.0,4939172808330,jeanettedelgado@hotmail.com,Hourly,"Alexander, Spears and Booker Corp.",14.8,14262.0,58289394.0,Lisa Hansen,Sibling,308489368714468
USLW-APP-20240602-490,2024-06-02,Personal,38070.0,Home Improvement,38.0,250-87-2895,Samuel King,1960-11-07,Female,Married,High School Diploma,6964 Brandon Island Apt. 239,South Eric,Oklahoma,17947.0,001277686755750341,tmahoney@chang.net,Salaried,Gibson Inc Corp.,16.5,19383.0,94891144.0,Robert Bell,Spouse,5456354210
USLW-APP-20240508-447,2024-05-08,Personal,22554.0,Debt Consolidation,33.0,513-13-9569,Judith Edwards,1965-03-25,Male,Single,Bachelor's Degree,70831 Kevin Rue,Wilsonmouth,Florida,41126.0,0061288347,douglas86@ford.net,Salaried,"Wagner, Willis and Bird Corp.",18.7,26417.0,34734834.0,James Ross,Parent,6669882106
USLW-APP-20240802-351,2024-08-02,Personal,17462.0,Education,41.0,513-79-0763,Amber Woods,1971-02-16,Female,Single,Bachelor's Degree,181 Richard Fords,Sullivanfurt,Illinois,86412.0,797072413956115,davidaustin@pierce.com,Salaried,"Moore, May and James Corp.",15.1,10758.0,90068023.0,Julie Shaw,Sibling,00184361031977276
USLW-APP-20250118-459,2025-01-18,Auto,5021.0,Used Car Purchase,45.0,857-18-2014,Jonathan Horton,1991-05-16,Other,Divorced,Associate's Degree,074 Lane Crest Apt. 824,Lake Danielchester,Iowa,87159.0,0013387708043,wongalejandra@gmail.com,Salaried,Nelson-Cowan Corp.,9.1,16975.0,89263033.0,Candace Parker,Parent,001892573189818109
USLW-APP-20240531-467,2024-05-31,Small Business,139282.0,Expansion,43.0,476-98-5722,Danielle King,1964-10-05,Other,Married,Some College,58802 Scott Meadows Apt. 995,Lake Karenshire,West Virginia,29131.0,7200597678,amy42@hall.com,Self-Employed,Hart PLC LLC,7.9,15525.0,111330300.0,Catherine Blair,Sibling,1401555485145260
USLW-APP-20241120-671,2024-11-20,Small Business,490423.0,Startup Costs,53.0,230-23-1777,Donald Williams,1966-07-17,Other,Widowed,Some College,57743 Rodriguez Row,Trevorview,Oklahoma,79916.0,581532725819314,ortegamelissa@yahoo.com,Hourly,Hughes Ltd Corp.,20.2,29469.0,118064624.0,Rodney Roberson,Friend,0019953779199
USLW-APP-20250212-723,2025-02-12,Personal,19770.0,Debt Consolidation,60.0,555-72-5594,Troy Rollins,1959-01-20,Other,Separated,Associate's Degree,75572 Marsh Islands,East Nicholasfurt,Iowa,76055.0,8586953747967,johnsonrobert@gmail.com,Salaried,"Hancock, Shields and Holt Corp.",21.5,14345.0,24804619.0,Timothy Kennedy,Spouse,0286825898686
USLW-APP-20241112-847,2024-11-12,Personal,38288.0,Medical Expenses,41.0,411-23-1780,Larry Cole,2005-11-24,Male,Widowed,Bachelor's Degree,401 Regina Burg,Jeremyberg,Hawaii,13608.0,9722597547,martinezbrian@pace.com,Salaried,Ellis-Harris Corp.,1.1,6532.0,80346098.0,Matthew Johnson,Friend,8835669230
USLW-APP-20240529-913,2024-05-29,Personal,13303.0,Education,54.0,149-59-0895,Monique Gomez,1994-05-22,Other,Married,Some College,35522 Zimmerman Pines Apt. 198,South Jamietown,Rhode Island,20305.0,1144285348,awilliams@hotmail.com,Salaried,Salinas and Sons Corp.,1.5,22524.0,30574849.0,Tammie Mejia,Parent,6003544557
USLW-APP-20240409-117,2024-04-09,Personal,49428.0,Home Improvement,26.0,684-40-2800,Jordan Sanchez,1984-07-24,Male,Widowed,Master's Degree,63033 William Mountain,Blackwellland,South Dakota,1613.0,6403248791464,danaramirez@yahoo.com,Self-Employed,Murray-Bullock LLC,19.9,21873.0,73841254.0,Cody Carlson,Friend,11503587916
USLW-APP-20240902-945,2024-09-02,Personal,20909.0,Home Improvement,58.0,267-50-2528,Heather Rivera,1965-04-29,Female,Divorced,Bachelor's Degree,6498 Hannah Hill Suite 901,South Petershire,Washington,85107.0,066710638143826,robert60@gmail.com,Salaried,White Ltd Corp.,18.4,19538.0,12156599.0,Larry Simmons,Spouse,75221657642127
USLW-APP-20241027-479,2024-10-27,Personal,14926.0,Other,33.0,485-93-5033,Renee Nguyen,2004-12-21,Other,Divorced,High School Diploma,788 Adkins Parks Apt. 956,Kathrynland,North Carolina,38167.0,00103942700568337,larsonbrett@yahoo.com,Hourly,Sharp and Sons Corp.,26.2,13574.0,83759572.0,Brianna Wilson,Parent,16811697436
USLW-APP-20250326-861,2025-03-26,Auto,65181.0,Used Car Purchase,53.0,229-36-1567,Chase Williams,1990-06-11,Male,Divorced,Some College,79598 Forbes Loop Suite 753,Woodland,Washington,34277.0,62201201647152,heather63@gmail.com,Salaried,Davis Ltd Corp.,6.3,25395.0,72653618.0,Christopher Golden,Parent,001964778923878772
USLW-APP-20241110-822,2024-11-10,Personal,1839.0,Education,58.0,332-38-7510,Matthew Case,1957-11-23,Male,Separated,Doctorate,369 Gonzalez Loop,South Kathryn,Wisconsin,15114.0,00118292518524209,william84@white-williams.com,Salaried,"Weber, Boyer and Key Corp.",4.9,12669.0,125028747.0,Stephen Jones,Spouse,3164565392
USLW-APP-20241013-715,2024-10-13,Auto,11046.0,Refinance,49.0,893-20-1444,Theresa Moore,1976-08-02,Female,Married,Some College,288 Jackson Estate,Turnerbury,Wisconsin,28310.0,8905614451,crobbins@hotmail.com,Salaried,Leblanc and Sons Corp.,6.3,2175.0,72261327.0,Latasha Stanley,Spouse,001510005346691607
USLW-APP-20240428-698,2024-04-28,Mortgage,130381.0,Home Purchase,209.0,592-78-9884,Seth Meyer,1959-08-20,Female,Divorced,Some College,8566 Stacey Prairie,Lake Jeromechester,Arkansas,15595.0,649402509255283,rita81@lopez.com,Hourly,"Melton, Shepherd and Peters Corp.",27.7,25402.0,118695323.0,Crystal Jones,Spouse,3786018520
USLW-APP-20250216-905,2025-02-16,Personal,47388.0,Debt Consolidation,21.0,492-27-7177,Robert Delgado,1951-06-09,Female,Widowed,Master's Degree,550 Ashley Vista Suite 933,Wagnerfurt,Illinois,50241.0,1513425704,thompsoncolleen@yahoo.com,Salaried,"Brown, Sloan and Ramos Corp.",26.8,22346.0,59856975.0,Eric Herman,Sibling,00132250102310181
USLW-APP-20240718-403,2024-07-18,Personal,13392.0,Medical Expenses,40.0,238-47-9257,Lisa Palmer,1973-12-27,Other,Married,High School Diploma,05257 Angela Meadows Apt. 758,Deborahfurt,Wisconsin,86213.0,5673150503,josephsalinas@johnson.biz,Hourly,Robinson-Smith Corp.,23.8,3305.0,42714312.0,Christine Perkins,Spouse,00128275477346291
USLW-APP-20240516-295,2024-05-16,Small Business,481632.0,Working Capital,29.0,517-38-0697,Matthew Carr,1986-11-15,Male,Separated,Bachelor's Degree,076 Vanessa Extension Apt. 243,Port Kathleenshire,Oklahoma,99646.0,17050073628500,isaacmeyer@yahoo.com,Salaried,Bailey Group Corp.,9.8,29185.0,115093452.0,Cindy Leon,Parent,071552197990885
USLW-APP-20250225-669,2025-02-25,Mortgage,182311.0,Home Purchase,286.0,569-44-4608,Bradley Jones,1981-08-20,Other,Married,Bachelor's Degree,20960 Stewart Station,Lake Victoria,West Virginia,43644.0,11371926187118,stephaniewalsh@gmail.com,Salaried,"Combs, Rice and Ramos Corp.",6.6,11018.0,72626797.0,Christopher Brown,Friend,0875309727
USLW-APP-20250206-455,2025-02-06,Small Business,233831.0,Equipment Purchase,53.0,192-89-6131,Shawn Harrington,1988-08-09,Other,Married,Some College,37147 Chase Place,South Matthew,Wisconsin,68804.0,1034982178,zjackson@rogers-marquez.info,Salaried,Arroyo-Cook Corp.,23.1,11998.0,51499233.0,Brandon Reyes,Parent,9628274814890
USLW-APP-20240403-517,2024-04-03,Personal,1820.0,Medical Expenses,17.0,056-74-9783,Joseph Myers,1996-01-13,Female,Separated,Associate's Degree,8505 Jason Keys Suite 511,East Travisfurt,Oregon,46733.0,520775894220024,chasevictor@yahoo.com,Salaried,Gonzalez PLC Corp.,22.0,14792.0,63502642.0,Kevin Logan,Sibling,78078310483296
USLW-APP-20240416-581,2024-04-16,Small Business,90877.0,Working Capital,26.0,126-54-8425,Michelle Thomas,1965-06-12,Male,Divorced,Some College,817 Lauren Causeway,Perezmouth,Nebraska,61431.0,138127883735853,jason02@yahoo.com,Salaried,Hart-Andrews Corp.,6.3,17503.0,67901032.0,Bradley Williams,Sibling,001236545961131776
USLW-APP-20250211-129,2025-02-11,Personal,32985.0,Home Improvement,46.0,416-14-0155,Mrs. Stephanie Strong,1971-07-05,Male,Widowed,Some College,675 Jennifer Centers Apt. 939,Josephville,Rhode Island,47991.0,1647571646,lindsey87@guzman.org,Salaried,Moss-Oconnor Corp.,14.7,17331.0,33155414.0,Diane Smith,Spouse,3815474171
USLW-APP-20240413-312,2024-04-13,Small Business,206866.0,Startup Costs,56.0,297-63-5119,Cassandra Nolan,1949-06-03,Female,Widowed,Master's Degree,052 Karen Highway Suite 261,Lake Brianview,South Dakota,68760.0,0012021063824,crawfordjanet@lee.org,Salaried,Carter LLC Corp.,7.9,14316.0,46475110.0,Dana Henderson,Friend,185576586656607
USLW-APP-20240616-968,2024-06-16,Small Business,324896.0,Expansion,79.0,883-29-3916,Melissa Cantu,2006-08-24,Female,Divorced,Associate's Degree,450 Jordan Summit Apt. 847,South Beverlyport,Hawaii,50159.0,91928207968085,cbrown@hotmail.com,Salaried,Moran and Sons Corp.,8.1,12029.0,67054523.0,Carl Sanchez,Friend,0010097024504697
USLW-APP-20240603-325,2024-06-03,Personal,38055.0,Other,19.0,413-70-4644,David Smith,2003-12-07,Other,Divorced,High School Diploma,6451 Nicholas River Suite 701,South Sarahshire,West Virginia,24363.0,7286093316,vkelly@gmail.com,Salaried,"Brown, Myers and Rowland Corp.",19.6,6994.0,66541998.0,Mary Rose,Parent,964262435965610
USLW-APP-20250305-165,2025-03-05,Small Business,179225.0,Equipment Purchase,70.0,598-37-6093,Melissa Gutierrez,1996-12-04,Other,Divorced,High School Diploma,70420 Munoz Club Suite 604,West Stephanie,North Carolina,88707.0,18270445984,noahgonzalez@hotmail.com,Salaried,Adams-Anderson Corp.,15.6,10485.0,35272609.0,Hannah Rodriguez,Friend,8698768759
USLW-APP-20240809-682,2024-08-09,Small Business,409057.0,Startup Costs,28.0,321-75-2436,Elizabeth Young,1949-10-19,Female,Divorced,Associate's Degree,83361 Kelsey Well Apt. 624,South Ronnie,South Dakota,3554.0,94411920134561,zachary96@gmail.com,Self-Employed,Burgess LLC LLC,15.8,24676.0,10702958.0,Stephen Romero,Sibling,4970578136
USLW-APP-20241128-842,2024-11-28,Small Business,314847.0,Working Capital,63.0,585-80-5846,Terrence Watson,1950-07-28,Male,Widowed,Associate's Degree,848 Mitchell Views,South Ashleyville,Nebraska,16776.0,8066946805168,lisaobrien@yahoo.com,Self-Employed,"Mcdonald, Stokes and Thornton LLC",7.9,14788.0,55100159.0,Dennis Thompson,Spouse,531720516857640
USLW-APP-20240722-742,2024-07-22,Personal,18656.0,Vacation,59.0,372-74-2678,Dawn Jackson,1953-04-06,Other,Divorced,Bachelor's Degree,2096 Curtis Crest Suite 683,New Nicolefort,Alabama,72797.0,2368163332,annetterobertson@rice.com,Salaried,"Lopez, Baker and Ware Corp.",3.1,14990.0,102020328.0,David Phillips,Sibling,001636885733521222
USLW-APP-20240815-125,2024-08-15,Personal,48024.0,Other,59.0,496-27-5988,Julie Phillips,1974-01-01,Female,Separated,High School Diploma,0719 Alexander Groves Apt. 518,North Bobby,Washington,6148.0,7333774994593,ronaldcarey@hotmail.com,Self-Employed,Everett-Miller LLC,14.3,6180.0,83341566.0,Phillip Thompson,Spouse,144253932401961
USLW-APP-20241211-858,2024-12-11,Personal,37813.0,Medical Expenses,15.0,355-55-9127,Summer Nelson,1952-04-23,Male,Married,High School Diploma,0851 Reed Common,South Jasonfort,Alabama,73085.0,359655479928827,shannon11@bonilla.com,Salaried,Martinez-Roy Corp.,16.9,13484.0,20034111.0,Angela Johnson,Friend,1059909267851426
USLW-APP-20250114-860,2025-01-14,Small Business,312393.0,Startup Costs,51.0,790-08-1747,Russell Cannon,1970-09-03,Other,Single,High School Diploma,115 Peterson Brook Suite 627,East James,South Dakota,41540.0,160371095867609,nreid@yahoo.com,Salaried,Wilson-Turner Corp.,14.4,2215.0,13525284.0,Miranda Johnson,Sibling,2862068763
USLW-APP-20240517-622,2024-05-17,Personal,8040.0,Vacation,38.0,695-06-8382,Lynn Adams,1985-05-12,Male,Separated,High School Diploma,4932 Wallace Route Apt. 132,Lake Sarah,Ohio,52387.0,0858520626264,mary92@hubbard.com,Self-Employed,"Reed, Dickson and Ramos LLC",19.7,12552.0,39268282.0,Erin Hill,Spouse,70755644897901
USLW-APP-20240518-668,2024-05-18,Personal,1360.0,Home Improvement,55.0,534-38-1479,Andrew Taylor,1959-10-04,Other,Divorced,Some College,11980 Thompson Centers,East Anthonyhaven,West Virginia,57194.0,0901016654,snowrachel@gmail.com,Salaried,Snyder Inc Corp.,22.5,26335.0,83665792.0,Crystal Norman,Spouse,2844630054330
USLW-APP-20241005-757,2024-10-05,Mortgage,624778.0,Refinance,266.0,293-28-5178,Lisa Foster,1970-06-10,Male,Married,Associate's Degree,14798 Stevenson Burg Suite 093,Port Bradley,Mississippi,99392.0,664682714005298,aaron80@hotmail.com,Salaried,Rodriguez-Perry Corp.,12.0,3229.0,121926513.0,Laura Bradley,Sibling,5007856785
USLW-APP-20240523-421,2024-05-23,Small Business,30782.0,Inventory,24.0,012-79-7135,Franklin Warner,1995-11-24,Male,Divorced,Some College,80273 Ramirez Via Suite 265,Hurstville,Alaska,87453.0,8027464244,kathleencollins@ramirez.com,Salaried,"King, Santos and French Corp.",5.3,25208.0,41600414.0,Laura Combs,Parent,0019807353096378
USLW-APP-20250330-452,2025-03-30,Small Business,356323.0,Working Capital,39.0,279-29-9984,Gregory Kirk,1989-11-17,Female,Widowed,Bachelor's Degree,586 Joshua Knolls,Matafort,North Carolina,57112.0,4252876079,craig50@yahoo.com,Salaried,"Morris, Lozano and Elliott Corp.",5.4,4837.0,50702604.0,Lori Moore,Sibling,001067294898503080
USLW-APP-20250226-990,2025-02-26,Personal,23533.0,Home Improvement,49.0,499-86-3614,Melissa Wolfe,1979-11-14,Other,Divorced,Master's Degree,9655 Jim Street,Amyberg,Wisconsin,76233.0,2405575451120,hayley25@yahoo.com,Self-Employed,Smith-Barnes LLC,5.7,14258.0,65502624.0,Melinda Martin,Sibling,58011559396013
USLW-APP-20241027-906,2024-10-27,Auto,40615.0,Used Car Purchase,48.0,085-78-1914,Candace Green,1965-09-30,Female,Widowed,Master's Degree,2280 Stein Oval,South Emily,Nebraska,82973.0,68415741162081,vlloyd@freeman.com,Hourly,"Payne, Dudley and Jenkins Corp.",27.7,14531.0,69131680.0,Colin Long,Spouse,48108090599546
USLW-APP-20241219-649,2024-12-19,Small Business,382291.0,Startup Costs,79.0,054-61-8838,Jennifer Horn,2006-04-25,Female,Single,Some College,033 White Valley,East Kathryntown,Texas,35996.0,0012177584921,douglasmccormick@yahoo.com,Salaried,Brown-Compton Corp.,24.5,27431.0,97049236.0,Lori Kennedy,Friend,0674627018
USLW-APP-20240412-711,2024-04-12,Personal,40259.0,Education,35.0,333-40-6631,Anna Walker,1997-07-25,Female,Widowed,Associate's Degree,290 Gomez Dam,Matthewview,Oregon,8355.0,15460364703,cobbjacqueline@rodriguez.org,Hourly,Holland-Lane Corp.,7.6,15775.0,88223812.0,Jeremiah Velez,Parent,788262689955671
USLW-APP-20241028-607,2024-10-28,Mortgage,318391.0,Refinance,194.0,648-92-6628,Laurie Miller,1983-05-04,Other,Married,Bachelor's Degree,16251 Allen Brook Suite 920,East Williammouth,North Carolina,55625.0,07671352831421,jowens@jackson.com,Salaried,Castillo-Mccall Corp.,8.2,25953.0,13459240.0,Allison Hill,Friend,0015415804167760
USLW-APP-20250210-462,2025-02-10,Personal,48066.0,Medical Expenses,43.0,740-73-9250,James Rivera,1956-09-20,Female,Separated,Bachelor's Degree,236 Hall Road,New Rebecca,Rhode Island,77350.0,97659515877404,emartin@hotmail.com,Salaried,Walker-Richardson Corp.,20.4,25279.0,53927473.0,Carol Edwards,Parent,00199062630408677
USLW-APP-20240515-463,2024-05-15,Small Business,230857.0,Expansion,72.0,659-63-5886,Scott Harper,1967-04-11,Female,Widowed,Master's Degree,34685 Maria Wells Suite 074,Edwardston,Arkansas,50669.0,9557089010,riveraronald@davis.com,Salaried,Rodriguez and Sons Corp.,21.6,3892.0,47282962.0,Alicia Parker,Spouse,0019967859131624
USLW-APP-20240424-375,2024-04-24,Personal,37519.0,Education,12.0,253-18-5940,Alexander Watson,1976-10-26,Female,Separated,Some College,2732 Harris Plains,South Kathleenfurt,California,80741.0,53611790070046,khanmatthew@gmail.com,Salaried,Arnold Group Corp.,14.4,10005.0,70262205.0,Dustin Holt,Sibling,303746147173205
USLW-APP-20250219-938,2025-02-19,Auto,29990.0,Refinance,30.0,310-23-2311,James Olson,1958-10-23,Male,Separated,High School Diploma,0248 Joseph Bridge Apt. 106,New Kennethmouth,Colorado,55947.0,1113092413,johnsondaniel@kane.net,Salaried,"Stanley, Woods and Nguyen Corp.",21.7,17338.0,116337515.0,Mary Perez,Friend,3940339097196
USLW-APP-20241228-857,2024-12-28,Personal,9337.0,Other,14.0,500-10-3421,Patrick Price,1981-07-28,Female,Divorced,High School Diploma,44073 Leonard Forest,Coleland,Louisiana,87651.0,916985600015402,meadowskeith@williams.com,Salaried,Rose-Collins Corp.,26.2,3515.0,86934132.0,Vickie Brown,Friend,8127918495
USLW-APP-20240407-133,2024-04-07,Personal,22143.0,Home Improvement,50.0,388-65-8254,Vanessa Lynch,1958-12-13,Other,Divorced,Some College,57014 Vaughn Drives Apt. 835,Markmouth,Michigan,93058.0,3123458570,dtaylor@hotmail.com,Salaried,Acosta-Mitchell Corp.,8.3,3927.0,25254624.0,Keith Anderson,Sibling,9172300113
USLW-APP-20240731-992,2024-07-31,Personal,8128.0,Home Improvement,35.0,889-27-8453,Jamie Castillo,1973-05-05,Other,Separated,High School Diploma,0180 Stephanie Union,Christianland,Rhode Island,92733.0,2770897271876,wardjennifer@gmail.com,Self-Employed,Smith-Diaz LLC,6.8,20753.0,50172519.0,Tamara Jacobson,Spouse,7875277227
USLW-APP-20240414-382,2024-04-14,Small Business,464543.0,Startup Costs,67.0,869-15-3635,Brianna Gonzalez,1985-10-13,Other,Married,Associate's Degree,01094 Olivia Mountain,Harrisonburgh,Vermont,9465.0,15948949929,elaine29@allen.com,Salaried,Roberts Ltd Corp.,25.2,3258.0,95347273.0,Scott Vaughan,Spouse,514018622421298
USLW-APP-20250325-112,2025-03-25,Personal,8786.0,Other,41.0,601-33-1871,Candice Garrett,1974-05-07,Other,Divorced,Some College,122 Gould Green,Port Steven,Oklahoma,68457.0,505542972434424,mendozaalexandria@yahoo.com,Salaried,"Rogers, Alvarez and Mitchell Corp.",6.1,22577.0,23570407.0,Brian Farrell,Sibling,157491471106821
USLW-APP-20250323-357,2025-03-23,Personal,44939.0,Other,59.0,107-94-2598,Kenneth Miller,1958-10-03,Other,Single,Doctorate,600 Lewis Course,Tiffanyside,Hawaii,83998.0,97253273435256,scottperez@gmail.com,Salaried,"Simmons, Brown and Figueroa Corp.",14.0,22661.0,122634804.0,Christina Mahoney,Spouse,1770093927783004
USLW-APP-20240618-385,2024-06-18,Mortgage,213992.0,Home Purchase,344.0,092-44-0879,Brenda Mullen,1977-03-24,Female,Married,High School Diploma,28213 Richard Junction,Kiddshire,Iowa,81904.0,242927276727198,jamesstrickland@hotmail.com,Salaried,Velazquez Ltd Corp.,6.6,4084.0,104710720.0,Jordan Collins,Sibling,74118088574098
USLW-APP-20250226-487,2025-02-26,Small Business,173802.0,Working Capital,77.0,366-87-7079,Alan Smith,1970-11-26,Male,Separated,Associate's Degree,93747 Johnson Fort Apt. 434,Riggsville,Oregon,78975.0,0586935512,garyrios@garcia.com,Salaried,"Warren, Patel and Woodard Corp.",29.4,4027.0,39023508.0,Justin Alvarez,Sibling,00162487553021130
USLW-APP-20241228-987,2024-12-28,Mortgage,953659.0,Home Purchase,265.0,030-58-0456,Tanya Bishop,1999-08-11,Male,Married,High School Diploma,101 Moody Stravenue,Lake Kimton,Alaska,10863.0,244537371713781,matthew57@hotmail.com,Self-Employed,"Anderson, Morris and Scott LLC",2.5,20193.0,87457362.0,Daniel Cole,Spouse,00138500176166048
USLW-APP-20240813-356,2024-08-13,Small Business,231068.0,Expansion,49.0,840-09-0807,Dr. James Turner,1988-03-30,Female,Widowed,Some College,43167 Gina Flats,Jerrymouth,Kansas,9448.0,72869034732803,lauren35@hardy-james.biz,Self-Employed,Delgado Inc LLC,12.4,6663.0,64909930.0,Brian Obrien,Parent,3519531359
USLW-APP-20241224-325,2024-12-24,Mortgage,863762.0,Refinance,257.0,407-10-6231,Brianna Mathews,1973-07-03,Male,Divorced,Doctorate,233 Stewart Prairie Apt. 624,North Stephenton,Nebraska,20109.0,001300290819608814,wendy60@gmail.com,Self-Employed,Hays Ltd LLC,4.3,13464.0,21848788.0,Alyssa White,Parent,754593772604475
USLW-APP-20250203-620,2025-02-03,Personal,20331.0,Other,57.0,385-51-0741,Gary Mccarthy,1998-04-03,Female,Married,Master's Degree,539 Gordon Greens,West James,New Mexico,51266.0,0011348431232,josecurtis@hotmail.com,Salaried,"Kim, Greene and Mendoza Corp.",14.7,19887.0,118449993.0,Tara Floyd,Parent,2381740589
USLW-APP-20240610-205,2024-06-10,Personal,35440.0,Medical Expenses,15.0,335-53-3142,Brandy Hull,2001-08-08,Female,Divorced,High School Diploma,117 Williams Island Apt. 636,South Kathryn,Wisconsin,24406.0,102461007380874,elizabeth58@holden-hunter.com,Self-Employed,"Scott, Acevedo and Ellis LLC",8.8,11071.0,129377368.0,Kayla Robles,Sibling,70877787538627
USLW-APP-20240418-637,2024-04-18,Mortgage,50799.0,Refinance,315.0,188-31-2163,Rachel Silva,1957-07-01,Other,Widowed,Associate's Degree,06008 Velazquez Gardens,Lake Elizabeth,New Mexico,36900.0,66715032480548,kennedydavid@meadows.com,Self-Employed,"Phillips, Martinez and Chapman LLC",8.6,23907.0,64072090.0,Charles Robinson,Sibling,5560674484
USLW-APP-20241029-426,2024-10-29,Personal,3992.0,Home Improvement,44.0,619-85-0058,Lisa Hancock,1996-12-01,Male,Widowed,Doctorate,468 Hayes Plaza Suite 905,Johnstad,South Dakota,76716.0,45585405424952,troygarcia@gmail.com,Salaried,"Carter, Barnes and Levy Corp.",13.0,5424.0,27407039.0,Rebecca Romero,Friend,0015193160767192
USLW-APP-20241223-970,2024-12-23,Mortgage,200552.0,Home Purchase,234.0,084-23-1662,Amanda Porter,1966-01-07,Female,Widowed,Associate's Degree,09043 Key Valley Suite 320,New Anthonymouth,Virginia,9221.0,3459685241723,pmontgomery@gmail.com,Salaried,"King, Snyder and Jones Corp.",22.4,21499.0,129159285.0,Lori Miller,Sibling,0012498975917086
USLW-APP-20250203-146,2025-02-03,Personal,26550.0,Education,47.0,467-99-5978,Samantha Lindsey,1972-01-04,Male,Widowed,Bachelor's Degree,158 Jose Streets Apt. 205,Barronchester,Rhode Island,80005.0,51209833469414,lmoore@farrell-logan.info,Self-Employed,Galvan Inc LLC,18.2,13759.0,91996576.0,Nancy Rodriguez,Sibling,00132652631370210
USLW-APP-20240828-636,2024-08-28,Personal,31882.0,Medical Expenses,40.0,733-14-1008,Brian Hill,1955-07-20,Other,Separated,High School Diploma,271 Emily Mount,Erinside,West Virginia,49095.0,87677504156636,laura63@gmail.com,Self-Employed,Santiago Group LLC,10.1,3425.0,129294674.0,Dale Potter,Friend,00100955375983847
USLW-APP-20240922-189,2024-09-22,Personal,8983.0,Vacation,18.0,382-92-9205,JOY DAVIS,1987-10-10,Male,Married,Associate's Degree,712 Emily Mews Suite 066,Ashleyville,South Dakota,49901.0,42638471721809,johnsontracey@hernandez.com,Self-Employed,"Gregory, Sanchez and Hays LLC",1.1,8988.0,80693602.0,Jill Thomas,Friend,6426785961
USLW-APP-20241204-973,2024-12-04,Small Business,486350.0,Startup Costs,61.0,255-89-1438,Carl Glenn,1953-08-27,Male,Widowed,Associate's Degree,026 Christopher Roads,West Jeffreybury,Florida,80658.0,1021355165,philipjohnson@yahoo.com,Hourly,Chen-Hart Corp.,2.7,12969.0,68944836.0,Sarah Doyle,Friend,5280935267
USLW-APP-20241226-597,2024-12-26,Small Business,51448.0,Equipment Purchase,53.0,850-47-0089,Carol Atkinson,1965-12-28,Male,Married,Associate's Degree,32155 Joshua Roads Apt. 172,Rivasbury,Arkansas,83417.0,11598566202832,jameswilson@moore.com,Hourly,Nixon and Sons Corp.,4.2,18599.0,49405271.0,Debra Maldonado,Spouse,00156403040188931
USLW-APP-20240511-364,2024-05-11,Small Business,230294.0,Expansion,62.0,837-53-3779,Jenna Dennis,1978-02-04,Other,Single,Associate's Degree,8849 Johnson Forks,New Lindseymouth,Alabama,5408.0,3785274783,wyattjames@malone-davis.com,Hourly,Hoffman-Johnson Corp.,12.0,17576.0,25802102.0,David Williams,Friend,13711546481483
USLW-APP-20240410-539,2024-04-10,Personal,6495.0,Education,53.0,426-01-3994,Sara Martinez,1955-01-21,Other,Divorced,High School Diploma,122 Smith Park Suite 630,Josephfort,Oregon,42826.0,001324785860645012,barnettjennifer@gmail.com,Salaried,Nunez-Garcia Corp.,8.5,15079.0,34672611.0,Mario Miller,Friend,13957629427813
USLW-APP-20240914-376,2024-09-14,Mortgage,144566.0,Home Purchase,186.0,866-91-8871,Jamie Chang,1969-07-22,Male,Married,Bachelor's Degree,85842 David Rest,Teresafurt,Kansas,28657.0,8781011089119,markjones@yahoo.com,Hourly,Wheeler LLC Corp.,24.6,5377.0,11972033.0,Amy Reyes,Sibling,7642274003339
USLW-APP-20241122-987,2024-11-22,Personal,3523.0,Debt Consolidation,39.0,237-35-6050,Jessica Reyes,1998-05-04,Female,Divorced,Associate's Degree,7293 Raymond Crossroad Apt. 997,East Jeffrey,West Virginia,81177.0,128962782167465,nguyencarly@yahoo.com,Salaried,Sims Group Corp.,15.0,7096.0,24256636.0,Jeffrey Alvarez,Parent,12724081443361
USLW-APP-20250312-156,2025-03-12,Personal,35637.0,Vacation,45.0,092-17-2459,Isaiah Chavez,1954-10-19,Other,Divorced,Some College,048 Carly Brook,Douglasstad,Wisconsin,94987.0,15186662119,mejiajeffrey@dyer-strickland.com,Salaried,Myers PLC Corp.,20.2,6542.0,115674729.0,Steven Sharp,Sibling,7958493551
USLW-APP-20240727-946,2024-07-27,Auto,22632.0,New Car Purchase,67.0,456-69-1797,William Fox,1972-10-22,Male,Single,Master's Degree,45453 Ramos Street Suite 027,Madisonfurt,California,69924.0,0011577410017,meganjohns@yahoo.com,Salaried,Thomas-Terry Corp.,6.9,6640.0,10430013.0,Marisa Stevenson,Sibling,00164049280281582
USLW-APP-20240620-138,2024-06-20,Mortgage,395560.0,Home Purchase,304.0,165-43-0155,Andrew Hughes,1973-09-24,Other,Married,High School Diploma,536 Morrow Run Apt. 817,East Jenniferland,West Virginia,73318.0,836936559041831,bwright@silva-dickerson.com,Self-Employed,Petersen Inc LLC,7.7,18899.0,26154299.0,Linda Stewart DVM,Spouse,8684467033926
USLW-APP-20240507-933,2024-05-07,Personal,3467.0,Vacation,42.0,049-67-2036,Eric White,1989-05-04,Other,Single,Doctorate,756 Cook Stravenue,Brownberg,Nebraska,21217.0,90249011945295,jasonrowe@lewis-davenport.net,Salaried,"Contreras, Mosley and Hayes Corp.",15.8,26141.0,118722775.0,Drew Norman,Spouse,11863090800
USLW-APP-20250319-430,2025-03-19,Small Business,451788.0,Equipment Purchase,38.0,039-62-0694,Meagan Orr,1989-06-30,Male,Separated,High School Diploma,4497 Meghan Roads Apt. 552,Nunezview,Virginia,91557.0,8668067007,nmoore@gmail.com,Salaried,Lamb-Brewer Corp.,22.6,9847.0,37044356.0,Jamie Griffin,Sibling,2241981979595
USLW-APP-20250314-138,2025-03-14,Personal,17858.0,Vacation,60.0,892-08-0213,David Adams,1966-08-24,Other,Widowed,Bachelor's Degree,22065 Holt Mountain,North Crystalmouth,Texas,17011.0,18143653059,renee64@yahoo.com,Salaried,Johnson-Cole Corp.,10.9,5343.0,69797024.0,Robert Saunders,Sibling,0454408750
USLW-APP-20240726-272,2024-07-26,Personal,17279.0,Vacation,18.0,119-76-2230,Kimberly Cox,1989-07-17,Other,Widowed,Some College,896 Mark Branch Apt. 402,Maryville,South Dakota,15039.0,9583267087474,johnmills@yahoo.com,Self-Employed,Norman PLC LLC,13.1,16156.0,74058936.0,Anna Boyd,Sibling,09237760345191
USLW-APP-20250307-115,2025-03-07,Personal,39232.0,Home Improvement,48.0,632-33-9701,Paula Swanson,1950-10-11,Other,Separated,Doctorate,0112 Walker Cape Apt. 110,Morganmouth,Vermont,9204.0,2324766730,stephensfelicia@yahoo.com,Hourly,"Macdonald, Lee and Andrews Corp.",4.6,14043.0,91196622.0,David Hopkins,Sibling,5023858915
USLW-APP-20240813-920,2024-08-13,Personal,22598.0,Vacation,50.0,558-62-0358,Patricia Henry,1964-01-16,Female,Single,Associate's Degree,5055 Kramer Turnpike,Port Johnfurt,Nebraska,21573.0,1343271998693533,gregorywatkins@yahoo.com,Self-Employed,"Williams, Harris and Jensen LLC",3.9,24051.0,52299940.0,Christian Nelson,Parent,7849113771
USLW-APP-20240816-627,2024-08-16,Mortgage,276056.0,Refinance,217.0,136-95-4836,Emily Martin,1966-01-26,Other,Single,Some College,31090 Fritz Islands Apt. 566,Port Paulville,Ohio,20458.0,4182731672251,melendezglenn@yahoo.com,Salaried,Spencer-Hamilton Corp.,5.2,7490.0,99493152.0,Robert Smith,Spouse,001894425432996294
USLW-APP-20250202-535,2025-02-02,Small Business,130871.0,Inventory,72.0,846-52-4890,Stephanie Burnett,1950-12-28,Other,Divorced,Some College,78729 Tammy Cliffs,Lake Samanthafort,Wisconsin,28374.0,00112888744730051,sandra45@hotmail.com,Self-Employed,Cisneros and Sons LLC,12.8,4534.0,46933380.0,Michael Nelson,Sibling,21664055556457
USLW-APP-20250314-791,2025-03-14,Small Business,186734.0,Startup Costs,54.0,887-66-7073,Grant Horn,2004-06-05,Male,Single,Some College,862 Hector Landing,Port Davidville,Kansas,59183.0,987578797153584,omorgan@yahoo.com,Salaried,"Weiss, Crawford and Hill Corp.",27.9,20978.0,48867548.0,Samantha Reeves,Spouse,1154157486031417
USLW-APP-20240905-499,2024-09-05,Personal,43049.0,Other,25.0,596-92-3835,Ashley Combs,1995-03-18,Other,Married,Associate's Degree,707 Garner Keys,Thomasburgh,Arkansas,12086.0,9042260766359,aaron11@yahoo.com,Salaried,Marks-Macias Corp.,29.7,15120.0,118452595.0,Deanna Lee,Friend,3536228346
USLW-APP-20240528-903,2024-05-28,Small Business,378093.0,Expansion,75.0,305-51-6772,Robert Williams,1961-11-19,Other,Single,Bachelor's Degree,8604 Walters Trace,South William,Virginia,9898.0,9108991507712,victor75@yahoo.com,Salaried,"Fisher, Cruz and Lewis Corp.",12.1,13027.0,53406499.0,Michelle Landry,Spouse,1470229233741083
USLW-APP-20240608-531,2024-06-08,Small Business,154268.0,Expansion,40.0,663-02-5994,Angela Martin,1969-09-10,Female,Separated,High School Diploma,59473 Patrick Station,Dickersonborough,Wisconsin,42308.0,3863529391,rowerichard@hotmail.com,Self-Employed,Miller-Lewis LLC,3.3,12543.0,100413144.0,Isabella Lyons,Spouse,551957038503652
USLW-APP-20250127-487,2025-01-27,Mortgage,761646.0,Refinance,201.0,076-18-2760,Jesse Roberts,1949-07-25,Other,Widowed,Some College,77998 Young Parkways,Justintown,Alaska,49742.0,228292303384955,michaelhuynh@hotmail.com,Salaried,Garcia-Johnson Corp.,25.3,16679.0,73674382.0,Heather Riley,Friend,208458065867708
USLW-APP-20241109-134,2024-11-09,Personal,35788.0,Other,41.0,575-92-8220,Richard Peterson,1968-09-25,Female,Single,Master's Degree,8675 Maria Turnpike,North Nathan,Alaska,71988.0,04043314543139,kristineweaver@gmail.com,Salaried,"Allen, Mathis and Neal Corp.",13.7,23917.0,94557365.0,Pamela Campbell,Spouse,4460028227
USLW-APP-20240527-579,2024-05-27,Mortgage,582499.0,Home Purchase,315.0,478-87-8459,Madeline Jones,1961-12-05,Other,Separated,Bachelor's Degree,172 Sergio Rapids Apt. 809,New Alexis,Hawaii,37815.0,9333973488,deborah94@martin-mitchell.com,Salaried,Costa Ltd Corp.,24.1,6808.0,81088122.0,Paul Miller,Parent,0590342213605
USLW-APP-20241202-366,2024-12-02,Small Business,497299.0,Working Capital,34.0,093-78-9358,Jesse Wyatt,1965-12-07,Female,Married,Associate's Degree,67804 Mccarthy Green,Gilbertburgh,Virginia,12549.0,92522308370626,susan28@jackson.biz,Self-Employed,"Sherman, Jones and Aguilar LLC",13.2,19983.0,30971617.0,Ms. Lisa Miles,Sibling,3037530276
USLW-APP-20240804-255,2024-08-04,Small Business,418194.0,Working Capital,45.0,797-88-6097,Pamela Ward,1993-03-20,Other,Separated,Some College,38253 Renee Isle,Lake Christopher,Nebraska,65203.0,8372078564,michael09@yahoo.com,Salaried,"Christensen, Cardenas and Brown Corp.",27.0,19821.0,78032783.0,Lindsey Pacheco,Parent,10089977745459
USLW-APP-20240405-483,2024-04-05,Personal,2715.0,Other,34.0,438-28-8323,Victoria Baker,2006-10-30,Other,Married,Doctorate,949 Jensen Viaduct Apt. 709,Grossmouth,Rhode Island,61272.0,14251997093121,amandaavila@yahoo.com,Salaried,Graves-Huber Corp.,16.7,13786.0,62484402.0,Jennifer Fuentes,Parent,127620691411899
USLW-APP-20250206-166,2025-02-06,Auto,47565.0,Refinance,29.0,529-91-3827,Jean Prince,1990-11-27,Female,Married,Doctorate,746 Loretta Ports Apt. 494,Butlerstad,Arkansas,63465.0,1518912415,fisherscott@crosby.com,Salaried,Frye-Nixon Corp.,29.9,29398.0,76766132.0,Rebecca Mcdaniel,Parent,6311133893
USLW-APP-20241016-800,2024-10-16,Mortgage,348224.0,Home Purchase,319.0,148-13-1107,Julie Hernandez,1960-07-18,Female,Single,Master's Degree,6989 King Keys Suite 994,Port Adrian,Nebraska,30041.0,5262583476352,hughesseth@hernandez.com,Salaried,Dickson-Shaw Corp.,6.2,3127.0,30487237.0,Theresa Bell,Friend,90145243481408
USLW-APP-20240502-394,2024-05-02,Personal,13470.0,Debt Consolidation,24.0,002-88-9706,Thomas Ryan,1975-08-17,Other,Widowed,Master's Degree,152 Katherine Mountain Apt. 250,New Meganstad,California,43111.0,109055554186360,hburns@hotmail.com,Salaried,"Johnson, Hernandez and Martin Corp.",10.5,5364.0,112769022.0,Mackenzie Vaughan,Spouse,13984545549
USLW-APP-20240514-695,2024-05-14,Personal,32385.0,Vacation,18.0,046-64-4220,William Gomez,1995-05-15,Other,Single,Some College,1316 Michael Wall Suite 499,Samanthamouth,Wisconsin,21832.0,1097001011,oholt@yahoo.com,Self-Employed,"Gibson, Johnson and Perez LLC",18.7,6596.0,19308285.0,Mark Ramos,Spouse,6063763618403
USLW-APP-20250213-405,2025-02-13,Mortgage,999916.0,Refinance,276.0,683-82-1030,Christopher Adams,1966-12-11,Other,Married,Bachelor's Degree,477 Briana Meadows Suite 309,Reginaville,Wisconsin,8873.0,128207138477706,stephaniebrooks@hotmail.com,Self-Employed,Christensen-Elliott LLC,9.3,13994.0,112101897.0,Mrs. Michelle Reed,Spouse,16019985791121
USLW-APP-20241209-629,2024-12-09,Personal,27526.0,Other,28.0,739-75-6586,Raymond Russell,1984-04-30,Female,Married,Some College,8634 Tamara Glens Suite 807,East Patrickland,Alabama,44421.0,071832714360462,valerie42@yahoo.com,Hourly,Stewart-Parker Corp.,22.6,26153.0,92167294.0,Richard Ross,Parent,2242572389
USLW-APP-20241006-104,2024-10-06,Small Business,40270.0,Expansion,48.0,232-86-1933,Justin Black,1958-01-16,Male,Married,Associate's Degree,126 Tony Station Apt. 779,Nancyburgh,South Dakota,39416.0,9534811533906,gabriel45@hotmail.com,Salaried,"Hall, Schmidt and Perry Corp.",3.8,6927.0,66701385.0,John White,Sibling,001532787377956731
USLW-APP-20241028-319,2024-10-28,Personal,27113.0,Vacation,37.0,168-08-1271,Deborah Taylor,1988-04-23,Male,Divorced,Bachelor's Degree,271 Evans Mountain,Ellisonview,Texas,58066.0,8289775601,steelepatricia@hotmail.com,Self-Employed,Chan LLC LLC,3.8,8337.0,86675750.0,Robert Mckinney,Parent,1419551856212300
USLW-APP-20250316-606,2025-03-16,Personal,3944.0,Education,50.0,721-23-9557,Destiny Macias,1950-02-03,Other,Single,Associate's Degree,8673 Samuel Mission Apt. 230,Port Elaine,Nebraska,33717.0,1689194912,xscott@yahoo.com,Self-Employed,Holland-Beck LLC,17.6,13747.0,61396847.0,Lee Neal,Parent,6854951255
USLW-APP-20250204-536,2025-02-04,Mortgage,205775.0,Home Purchase,328.0,474-51-7696,Brittany Cobb,1983-04-01,Other,Single,Associate's Degree,49790 Daniels Key,Lake Mary,Alabama,64514.0,7896286618,hmurphy@yahoo.com,Salaried,"Myers, Brown and Hill Corp.",10.9,5755.0,68294133.0,Louis Evans,Sibling,8462927355680
USLW-APP-20250325-307,2025-03-25,Auto,69001.0,Used Car Purchase,44.0,812-23-5472,Amy Morris,1969-11-25,Other,Widowed,Associate's Degree,7559 Michelle Garden Apt. 577,Joseview,South Carolina,53603.0,596111563410222,jmorales@lewis.com,Salaried,"Johnson, Smith and Miller Corp.",0.5,15875.0,68870890.0,Jacqueline Davis,Spouse,8135410128
USLW-APP-20241120-207,2024-11-20,Personal,4967.0,Home Improvement,34.0,321-84-6771,PETER CHAPMAN,1977-07-14,Male,Single,Bachelor's Degree,3359 Holmes Bridge Suite 988,Lake Robertside,West Virginia,94732.0,144264527339518,frenchnicole@thomas.com,Salaried,"Erickson, Fisher and Lee Corp.",8.1,19215.0,112752178.0,Sandra Rhodes,Spouse,089248084457540
USLW-APP-20240624-464,2024-06-24,Personal,45251.0,Home Improvement,12.0,769-11-1444,Jeremy Tucker,1996-06-07,Other,Separated,Master's Degree,5496 Christina Terrace Apt. 098,Harrisville,New Mexico,46084.0,2536581821,paulmonroe@gutierrez.com,Salaried,"Thomas, Johnson and Golden Corp.",13.6,27196.0,71142269.0,Heather Welch,Sibling,21194047953506
USLW-APP-20241113-565,2024-11-13,Personal,36095.0,Other,49.0,011-73-8659,Peter Wallace,1955-08-21,Male,Divorced,High School Diploma,801 Rangel Prairie Suite 908,Port Eric,Vermont,70402.0,1113778393,mboyer@sawyer.com,Self-Employed,"Kelly, Howard and Stewart LLC",9.5,8815.0,45027077.0,Leslie Holt,Sibling,0012704398861
USLW-APP-20240419-481,2024-04-19,Personal,37527.0,Debt Consolidation,59.0,869-21-8832,Melissa Hebert,2006-09-04,Other,Separated,Master's Degree,6233 Patricia Hill,Makaylatown,Alaska,28338.0,4983366978,brandy43@parker.com,Self-Employed,Collins-Dixon LLC,4.5,10754.0,62956150.0,Jeremy Stanton,Sibling,3247993022
USLW-APP-20240804-501,2024-08-04,Small Business,476199.0,Startup Costs,45.0,222-35-4172,Jacob Villegas,1978-05-13,Female,Married,Master's Degree,38381 Glenn Oval Apt. 094,South Patricia,Arkansas,63736.0,1907883962,pauljimenez@hotmail.com,Salaried,Silva Inc Corp.,29.4,22918.0,85985836.0,Christopher Romero,Spouse,59010632179906
USLW-APP-20240807-966,2024-08-07,Mortgage,244640.0,Home Purchase,306.0,842-99-9355,Adam Jimenez,1951-05-25,Female,Divorced,Some College,4970 John Drives Suite 708,Lake Dawnmouth,South Carolina,17841.0,570823370945748,wfarmer@howell.info,Salaried,Garcia and Sons Corp.,28.9,11434.0,39480659.0,Gabriel Becker,Friend,1096329005
USLW-APP-20240420-154,2024-04-20,Personal,30194.0,Medical Expenses,43.0,702-10-2361,Curtis Henderson,1977-12-03,Female,Separated,Doctorate,7807 Townsend Village,South Justinchester,Iowa,97960.0,3229611568551,autumn50@stevens-roberts.com,Hourly,Thompson-Boyle Corp.,17.0,5593.0,103533869.0,Chelsea Jones,Friend,5853578115
USLW-APP-20240620-558,2024-06-20,Personal,12545.0,Debt Consolidation,52.0,111-65-6340,Norman Johnson,1961-03-05,Other,Widowed,High School Diploma,4266 Gillespie Greens,Adrianshire,California,36389.0,0026076871,jessica76@byrd-cook.com,Hourly,"Adkins, Harris and Edwards Corp.",20.1,24780.0,113566790.0,James Welch,Spouse,9192756154039
USLW-APP-20241004-791,2024-10-04,Small Business,358095.0,Working Capital,62.0,875-32-1798,Mark Howard,1968-12-03,Female,Separated,Bachelor's Degree,98454 Taylor Road Suite 470,New Timothystad,Oklahoma,97403.0,965708455118328,reedtheresa@gmail.com,Salaried,"Vaughn, Ramirez and Brown Corp.",7.7,2185.0,90189119.0,Sharon Mclaughlin,Parent,143102078812090
USLW-APP-20240603-694,2024-06-03,Small Business,322331.0,Expansion,40.0,419-78-4077,Matthew Decker,1956-10-18,Other,Single,Bachelor's Degree,10628 Tate Crossing,Williamberg,Iowa,58975.0,1739597095495,cynthiabeck@hotmail.com,Salaried,"Martinez, Robertson and Barker Corp.",10.4,9233.0,112136781.0,Miss Sarah Mendoza,Sibling,5405571217
USLW-APP-20250215-214,2025-02-15,Personal,8202.0,Medical Expenses,28.0,863-80-4879,Janet Reeves,1980-09-05,Other,Widowed,Associate's Degree,501 Anne Mews,North Davidmouth,Iowa,25207.0,984467990365968,fmartinez@gmail.com,Salaried,"Bishop, Bond and Wood Corp.",23.9,4640.0,33543987.0,Sandra Johnson,Spouse,7751598971
USLW-APP-20240926-570,2024-09-26,Mortgage,633381.0,Refinance,257.0,688-51-2270,Emily Burns,1998-12-06,Other,Widowed,High School Diploma,956 Tammie Vista,Hubbardmouth,West Virginia,77135.0,797910289713839,angelicawilkerson@gmail.com,Self-Employed,"Mcclure, Lutz and White LLC",9.9,15585.0,83742314.0,Carol Martinez,Parent,0914743835
USLW-APP-20241121-865,2024-11-21,Small Business,130315.0,Startup Costs,68.0,139-97-2757,Cole Hayes,1981-12-28,Other,Single,Associate's Degree,211 Christian Union Apt. 877,Doyleview,Wisconsin,37402.0,16248667624,williamssherri@gmail.com,Self-Employed,King PLC LLC,2.2,5096.0,84184861.0,Joel Black,Sibling,62468425969845
USLW-APP-20250208-783,2025-02-08,Personal,35642.0,Medical Expenses,55.0,849-98-3831,Christopher Nichols III,1968-05-27,Male,Widowed,Bachelor's Degree,844 Castro Court Apt. 353,East Rhondamouth,South Carolina,47325.0,5762642727,jessicalarsen@hotmail.com,Salaried,Rodriguez-Morales Corp.,6.0,28603.0,109282444.0,Sandra Garner,Sibling,0759202720
USLW-APP-20241101-973,2024-11-01,Personal,10594.0,Medical Expenses,32.0,334-76-8172,Julie Williams,1996-04-21,Other,Married,Doctorate,99590 Taylor Land Suite 665,Jenniferville,Hawaii,55298.0,0014248845706176,rachel29@yahoo.com,Salaried,Edwards PLC Corp.,21.7,14622.0,12435731.0,Kenneth Cook,Sibling,0016571867115
USLW-APP-20241105-488,2024-11-05,Personal,20441.0,Education,30.0,101-09-9843,Michael Smith,2000-07-31,Male,Married,Some College,6664 Lisa Streets Apt. 461,East Hannah,Alaska,25473.0,00162576654308061,john13@hotmail.com,Self-Employed,"Walker, Berry and Lewis LLC",12.8,23709.0,16212769.0,Michael Turner,Spouse,1629574560
USLW-APP-20241129-165,2024-11-29,Small Business,281262.0,Startup Costs,80.0,322-16-3186,Javier Alvarez,1953-09-13,Other,Married,Bachelor's Degree,2540 Gonzalez Plain,Kevinmouth,Arkansas,90883.0,0010013580242735,myersjoel@hotmail.com,Salaried,"Shaw, Dean and Harris Corp.",23.3,20546.0,102254466.0,Michael Barnes,Parent,5274435279
USLW-APP-20240916-674,2024-09-16,Personal,32154.0,Home Improvement,46.0,588-76-3398,Alexander Lewis,1954-01-22,Female,Married,Some College,029 Long Streets,West Emilyfort,South Dakota,51958.0,7803365209,matthewfrederick@yahoo.com,Self-Employed,Vargas-Freeman LLC,18.0,8393.0,81236893.0,Brian Smith,Friend,3016559306
USLW-APP-20241201-243,2024-12-01,Personal,22215.0,Vacation,28.0,166-43-3589,Ian Fry,1956-04-02,Male,Separated,Some College,823 Lindsey Glens Suite 151,Delgadoville,Nevada,58379.0,00157346192888183,lcarter@jimenez.com,Self-Employed,"Hanson, Burgess and Medina LLC",7.4,12288.0,79467739.0,Dale Lawson,Sibling,18809375976352
USLW-APP-20250121-967,2025-01-21,Small Business,275643.0,Expansion,40.0,003-65-6641,Darrell Anderson,1997-02-18,Female,Married,Doctorate,232 Riley Course Apt. 614,Kristinamouth,Oregon,57031.0,8431162366,mason31@gmail.com,Hourly,Montoya-Allen Corp.,6.2,19451.0,67619366.0,Vanessa Hardy,Spouse,0015191675254
USLW-APP-20250110-514,2025-01-10,Personal,22596.0,Other,29.0,338-72-6429,Brian Roman,1998-05-28,Female,Divorced,Some College,894 Kristin Islands Suite 932,Briannastad,Alaska,57512.0,1318254333808646,kylemoses@gmail.com,Salaried,"Brown, Hawkins and Nguyen Corp.",2.2,14179.0,55955016.0,Christopher Francis,Spouse,14474380575227
USLW-APP-20240619-461,2024-06-19,Auto,63251.0,Refinance,61.0,295-91-7888,Scott Garcia,1975-11-15,Other,Separated,Master's Degree,8927 Sampson Glens Suite 298,North Kellybury,Rhode Island,1372.0,42028330850492,proberts@young.com,Self-Employed,Stephenson-Dixon LLC,6.8,4199.0,43778564.0,Nicole Floyd,Parent,1933365112
USLW-APP-20240819-266,2024-08-19,Small Business,313247.0,Expansion,28.0,426-82-3775,Whitney Hernandez,1953-03-02,Male,Divorced,Associate's Degree,596 Watts Highway,South Miguelfurt,Texas,59327.0,0017940053433,robert97@jones-stevenson.com,Hourly,"Lopez, Stephens and Morgan Corp.",21.2,29204.0,54855984.0,Angela Porter,Sibling,6689788299
USLW-APP-20241213-418,2024-12-13,Personal,45045.0,Education,22.0,850-40-2938,George Johnson,1974-04-05,Other,Widowed,Master's Degree,0929 Beasley Meadows Suite 948,West Jonathan,Oregon,56703.0,62784201717771,racheltorres@hotmail.com,Self-Employed,"Weaver, Duncan and Clark LLC",13.6,14153.0,83761531.0,Gregory Lyons,Friend,854263622309982
USLW-APP-20240826-814,2024-08-26,Personal,46950.0,Vacation,54.0,016-34-4417,Amy Smith,2007-01-23,Female,Separated,Master's Degree,88474 Caldwell Road,West Jamesbury,West Virginia,29572.0,9028455956266,lowedana@howell.biz,Self-Employed,Cole-Jensen LLC,18.5,15459.0,43641170.0,Charles Medina,Spouse,0013373793921176
USLW-APP-20240717-867,2024-07-17,Mortgage,934216.0,Refinance,203.0,791-58-3366,Kayla Gould,1979-12-12,Male,Single,High School Diploma,97532 Boyd Branch,Laurenland,Oregon,45262.0,001672939499445394,daniel66@yahoo.com,Salaried,Wilson-Horton Corp.,6.8,4211.0,76695795.0,Karen Lambert,Parent,7644569742
USLW-APP-20250109-345,2025-01-09,Personal,10816.0,Debt Consolidation,58.0,284-20-0654,Jennifer Brown,1971-06-30,Female,Married,Master's Degree,3031 Hood Lane,Maldonadotown,Arkansas,45128.0,0019367336990384,renee54@smith.com,Self-Employed,Rodriguez Inc LLC,15.8,6578.0,96232222.0,Dawn Rodriguez,Spouse,2297735798
USLW-APP-20250210-979,2025-02-10,Auto,51257.0,Refinance,26.0,833-21-5675,Wendy Sanchez,1996-02-03,Female,Widowed,Master's Degree,238 Joseph Overpass,Annefort,North Carolina,59688.0,9335665991,sean54@hotmail.com,Self-Employed,Miller-Medina LLC,6.7,11711.0,63947922.0,Brianna Benson,Parent,6336697084852
USLW-APP-20241108-315,2024-11-08,Personal,14580.0,Education,26.0,766-94-3119,Jack Sanchez,1967-12-19,Female,Single,Bachelor's Degree,144 Simpson Unions Apt. 871,East Nicholas,West Virginia,67513.0,001051287698282655,christy70@hotmail.com,Self-Employed,Reid-Barron LLC,14.4,8739.0,49318407.0,Thomas Ford,Friend,3463984049473
USLW-APP-20250103-417,2025-01-03,Personal,37126.0,Home Improvement,31.0,599-10-3419,Danny Thomas,1958-02-19,Other,Single,High School Diploma,9083 Elizabeth Stravenue,Tarabury,Texas,59025.0,0010067467,parker14@yahoo.com,Salaried,Wilson-Freeman Corp.,6.0,29575.0,50578906.0,Tammy Mcdaniel,Spouse,1331723689472543
USLW-APP-20240813-907,2024-08-13,Mortgage,483362.0,Refinance,352.0,823-99-3523,Jessica Walker,1994-03-12,Male,Widowed,High School Diploma,749 Smith Estates,North Georgeburgh,South Dakota,83139.0,289986708223967,ehoward@berg.biz,Hourly,Medina-Riddle Corp.,1.9,21992.0,100691212.0,Kent Hart,Parent,1194482408
USLW-APP-20240429-605,2024-04-29,Personal,10688.0,Debt Consolidation,36.0,754-71-4638,Benjamin Cunningham,1985-05-08,Other,Widowed,Bachelor's Degree,87688 Keller Cove,North Daleshire,Alaska,83286.0,2483829662,wwallace@watson.com,Self-Employed,Daugherty Ltd LLC,13.7,23773.0,42393335.0,Steven Barrera,Sibling,0012099233305
USLW-APP-20240731-764,2024-07-31,Mortgage,237409.0,Home Purchase,218.0,876-48-1856,Dennis Melendez,1972-11-06,Male,Separated,Some College,565 Lewis Crest Apt. 531,Lake Robertstad,Oregon,18204.0,12656856570,romerolisa@hotmail.com,Salaried,Bentley PLC Corp.,13.0,11348.0,15180944.0,Nicholas Young,Spouse,1553681077978803
USLW-APP-20240617-357,2024-06-17,Mortgage,470432.0,Refinance,195.0,276-84-0359,David Burgess,1975-11-17,Female,Single,Master's Degree,0445 Vickie Inlet,West Adam,Montana,80658.0,57904402147434,aguerrero@weiss.com,Self-Employed,Miller LLC LLC,6.9,20677.0,17957984.0,Gina Martin,Parent,2832759635
USLW-APP-20250131-811,2025-01-31,Personal,41800.0,Debt Consolidation,33.0,339-87-0099,Chelsea Smith,1997-09-03,Other,Married,Bachelor's Degree,72687 Stevens Circle Apt. 039,Brandonstad,Nevada,95718.0,6592915223,marvin69@hotmail.com,Hourly,Watson-Obrien Corp.,11.8,18933.0,15922995.0,Troy Sullivan,Sibling,0019754205275
USLW-APP-20250326-408,2025-03-26,Auto,6384.0,Refinance,65.0,575-17-3291,Daniel Murphy,1987-03-05,Male,Married,Doctorate,52821 Holly Fork,Batesview,California,31460.0,0013833424843146,cnorris@anderson.biz,Salaried,Franco Inc Corp.,1.1,4598.0,16016295.0,Michael Bailey,Friend,0013651169453862
USLW-APP-20241026-337,2024-10-26,Personal,12816.0,Vacation,31.0,138-99-1780,Suzanne Howell,1969-01-11,Male,Married,High School Diploma,7353 Moran Crescent,Hensonbury,Texas,44280.0,730794709286261,flopez@yahoo.com,Salaried,"Garcia, Gross and Mercado Corp.",13.8,20326.0,52875306.0,Leslie Sampson,Sibling,00133263837623248
USLW-APP-20250106-354,2025-01-06,Small Business,432216.0,Working Capital,36.0,067-35-9349,Jenny Brooks,1987-10-25,Male,Divorced,Doctorate,2579 Tate Ports Apt. 859,North Elizabeth,Alabama,5538.0,10769528341616,jhicks@contreras-oliver.com,Salaried,"Smith, Quinn and Escobar Corp.",0.9,28279.0,33584771.0,Kenneth Crane,Sibling,2902941718
USLW-APP-20250228-524,2025-02-28,Personal,18325.0,Education,23.0,375-56-8681,Andrew Thompson,1976-10-29,Other,Married,Associate's Degree,01919 Amy Crest,Loganburgh,Arkansas,98535.0,1125512931636090,ezavala@powers-may.com,Self-Employed,"Rios, Garcia and Small LLC",17.9,18586.0,108663970.0,Jennifer Johnson,Spouse,04669315041350
USLW-APP-20240906-463,2024-09-06,Personal,49288.0,Other,48.0,884-05-6125,Rhonda Jackson,2003-03-02,Female,Divorced,High School Diploma,9764 Nicholas Shore,East Jason,South Dakota,44100.0,00194695548066584,cartertimothy@harrison.com,Salaried,Wiley Ltd Corp.,15.0,24988.0,33430692.0,Vincent Gray,Friend,18685636401205
USLW-APP-20240430-434,2024-04-30,Small Business,236122.0,Expansion,29.0,674-42-2555,Crystal Potts,1987-02-25,Other,Divorced,Associate's Degree,15686 Williams Extensions Apt. 271,West Rose,California,74390.0,95594458028121,pdavis@wilson-rowland.com,Salaried,Garcia Group Corp.,9.6,16224.0,45205378.0,Maria Griffith,Friend,5144039265
USLW-APP-20240705-817,2024-07-05,Personal,31566.0,Home Improvement,33.0,538-60-3122,Mr. Matthew Nelson DDS,1958-07-02,Other,Separated,Doctorate,8631 Hannah Tunnel Apt. 048,Jamesmouth,Iowa,6429.0,105459318901805,zchristensen@rich-irwin.com,Salaried,Herring PLC Corp.,11.2,29464.0,19202556.0,Gina Parrish,Friend,1678584473
USLW-APP-20240726-764,2024-07-26,Personal,3265.0,Home Improvement,39.0,024-72-2964,Brenda Stephens,1994-08-12,Male,Widowed,Some College,49484 Stephen Shoal Apt. 114,North Staceyton,Wisconsin,37623.0,5999404590,wtaylor@kim.com,Salaried,Lucas and Sons Corp.,8.4,16728.0,120673692.0,Michael White,Friend,49530526446798
USLW-APP-20240514-219,2024-05-14,Small Business,53632.0,Expansion,31.0,804-09-3484,Andrew Massey,1960-10-20,Female,Single,Some College,7772 Thornton Hollow Suite 606,New Jamesberg,Montana,59743.0,10513702835002,austinnicholas@hill.com,Salaried,"Collier, Rice and Coleman Corp.",12.4,19700.0,10486342.0,Denise Mason,Sibling,27320234589837
USLW-APP-20240613-905,2024-06-13,Small Business,297893.0,Inventory,42.0,606-70-1818,Kristen Barker,1987-06-14,Male,Separated,Master's Degree,453 Fritz Meadows,New Kelly,Connecticut,4262.0,0014900270924,salaskevin@moss.com,Salaried,"Brooks, Hanson and James Corp.",16.9,3542.0,120910041.0,Paul Gardner,Parent,12067595787
USLW-APP-20240530-864,2024-05-30,Personal,11701.0,Debt Consolidation,55.0,489-96-8572,Benjamin Harding,1959-12-22,Male,Widowed,Master's Degree,7813 Richard Plaza Apt. 798,Katherinemouth,Hawaii,66740.0,435240803198945,thomasbrandon@hotmail.com,Salaried,Acevedo-Berry Corp.,1.5,12487.0,117762370.0,Linda Jordan,Parent,9843419166
USLW-APP-20240730-618,2024-07-30,Personal,30763.0,Education,19.0,763-64-4736,Jennifer Cortez,1953-05-31,Male,Married,Doctorate,27895 Christine Inlet Suite 111,Lake Robertshire,Nebraska,28907.0,0013170149571901,brianbenitez@hotmail.com,Self-Employed,Hughes-Mercado LLC,11.8,4186.0,46055925.0,Nicole Rogers,Friend,594909812864978
USLW-APP-20250102-302,2025-01-02,Personal,37693.0,Debt Consolidation,24.0,178-78-3137,Margaret Ramirez,1998-12-12,Other,Divorced,Associate's Degree,66013 Darrell Rapids,Lake Markborough,Washington,39661.0,0016871087630159,howardbradley@yahoo.com,Salaried,"Johnston, Rodriguez and Rodriguez Corp.",3.8,26401.0,24552291.0,Megan Gibson,Sibling,498791536862699
USLW-APP-20241002-764,2024-10-02,Personal,7005.0,Home Improvement,18.0,764-77-2163,Alexandria Mejia,1998-09-12,Female,Widowed,Associate's Degree,3049 Kristin Estate Apt. 525,Justinland,Montana,14955.0,9821670585,matthewparrish@carter-lucas.com,Salaried,Martin LLC Corp.,12.9,24676.0,26551287.0,Tara Sharp,Sibling,7592717485
USLW-APP-20240513-968,2024-05-13,Personal,46182.0,Medical Expenses,46.0,624-62-6207,John Dawson,1963-12-15,Female,Divorced,High School Diploma,5059 Gregg Falls Suite 086,North Cynthialand,Wisconsin,73692.0,3339981930,baldwinashley@golden-chavez.net,Salaried,Davis and Sons Corp.,20.5,15254.0,60595872.0,Christian Hall,Sibling,1134161096548823
USLW-APP-20241228-358,2024-12-28,Personal,46648.0,Medical Expenses,18.0,136-55-6906,Adam Bender,2001-07-15,Male,Married,Doctorate,05733 Wesley Route Apt. 194,North Edwardborough,Texas,89815.0,64028850221188,jimmy54@hotmail.com,Salaried,"Benton, Bowers and Knight Corp.",16.1,8960.0,47873753.0,Erika Ramos,Spouse,1686382162478656
USLW-APP-20250312-396,2025-03-12,Auto,68891.0,New Car Purchase,28.0,773-03-2228,Brent Luna,1973-09-18,Other,Separated,High School Diploma,27452 Mcmahon Rue,New Amanda,Oregon,43973.0,0673747419,sarah88@carpenter.com,Salaried,Clark Group Corp.,0.8,15678.0,92173084.0,Ashlee Rodriguez,Parent,00185296925456159
USLW-APP-20240604-180,2024-06-04,Auto,69543.0,Used Car Purchase,57.0,702-33-0901,Jimmy Young,1960-10-28,Other,Married,High School Diploma,636 Anne Grove Apt. 778,Jesseshire,South Dakota,99685.0,10774486183,marissalawson@clark.biz,Salaried,Knapp-Howard Corp.,10.7,16661.0,80412401.0,Darrell Hoover,Spouse,00185130876092892
USLW-APP-20250129-412,2025-01-29,Auto,20491.0,Used Car Purchase,49.0,873-76-5141,Amanda Bray,1987-11-30,Other,Single,Master's Degree,0856 Tonya Extensions Apt. 215,Veronicaborough,Hawaii,67268.0,001763767100874925,leemary@adams-freeman.com,Salaried,Trujillo PLC Corp.,16.7,29551.0,10986143.0,Jennifer Edwards,Spouse,4465942382
USLW-APP-20240415-813,2024-04-15,Small Business,55598.0,Working Capital,28.0,519-32-2962,Kelly Newton,1974-08-26,Other,Separated,Bachelor's Degree,00028 Christina Mission Apt. 745,Greenhaven,Hawaii,19573.0,85010087210239,cwall@washington.com,Salaried,Shepard Ltd Corp.,24.2,18363.0,62577801.0,Angela Bennett,Sibling,5011419996
USLW-APP-20240825-676,2024-08-25,Mortgage,837252.0,Refinance,250.0,824-10-8703,Julia Nolan,1954-12-20,Other,Widowed,Some College,440 Taylor Corner,Lisaland,West Virginia,94656.0,210840489056769,michelle47@hotmail.com,Salaried,"Taylor, Doyle and Castaneda Corp.",2.0,13067.0,52550579.0,Jennifer Wilson,Sibling,5576383534
USLW-APP-20250109-983,2025-01-09,Small Business,198403.0,Working Capital,35.0,547-31-4670,William Davis,1974-04-27,Male,Widowed,Associate's Degree,008 John Shoal Apt. 754,New Ryanbury,Vermont,85061.0,6273531965801,ravenhoward@hernandez.com,Salaried,Shea-Mitchell Corp.,5.2,12111.0,39930963.0,John Spencer,Sibling,6470196807
USLW-APP-20241019-450,2024-10-19,Auto,47660.0,New Car Purchase,43.0,272-26-5068,Lisa Shields,1997-02-07,Male,Single,Some College,55114 Young Passage Suite 443,Harringtonside,West Virginia,60868.0,6626415913,usteele@gmail.com,Salaried,Taylor Group Corp.,15.7,20694.0,55869542.0,Ashley Gonzales,Sibling,00121265833957346
USLW-APP-20240707-723,2024-07-07,Personal,6097.0,Vacation,46.0,261-38-2064,Chase Rodriguez,1950-11-13,Male,Single,Associate's Degree,6562 Melissa Springs Apt. 396,South Eric,Alaska,48458.0,0011597058126,michael85@yahoo.com,Salaried,Burns LLC Corp.,5.4,15591.0,25715736.0,Rebecca Baker,Spouse,1435584290390441
USLW-APP-20240507-627,2024-05-07,Personal,42257.0,Home Improvement,12.0,410-65-0246,Stacey Smith,1960-06-21,Other,Divorced,Doctorate,22482 Alexis Tunnel,Lake Frederick,California,68724.0,16387457109,bjordan@hernandez.com,Hourly,Williamson PLC Corp.,7.9,23425.0,118123604.0,Amy Rivera,Friend,1068878281371098
USLW-APP-20241016-866,2024-10-16,Personal,25930.0,Vacation,27.0,153-82-9592,Ryan Carter DVM,1952-01-13,Male,Widowed,Bachelor's Degree,931 Molly Spur,South Kimberlybury,South Dakota,10924.0,747536359486549,hardingrebecca@hotmail.com,Self-Employed,"Reyes, Torres and Shaw LLC",16.7,5068.0,87195420.0,Angela Weaver,Parent,14158283798417
USLW-APP-20240826-673,2024-08-26,Personal,32798.0,Vacation,41.0,165-98-0951,Dr. Lindsay Cowan,1978-08-30,Female,Married,Some College,87492 Coffey Springs,Lyonsmouth,Wisconsin,40180.0,0011755068111,ngordon@merritt.com,Salaried,"Carter, Erickson and Kim Corp.",10.5,22413.0,22913366.0,Ronald Peterson,Friend,5224822788
USLW-APP-20240611-264,2024-06-11,Small Business,347209.0,Expansion,54.0,188-90-3636,Michelle Navarro,1967-11-12,Female,Single,Doctorate,3297 Joshua Junction,South Ryanbury,North Carolina,64448.0,6218922514,thughes@davis-foster.org,Salaried,Ward and Sons Corp.,5.5,28454.0,62631048.0,Russell Zavala,Friend,71844796694608
USLW-APP-20250303-859,2025-03-03,Small Business,212419.0,Expansion,51.0,177-05-3867,Joseph Foley,2003-01-28,Male,Divorced,Doctorate,137 Jennifer Knolls Suite 647,Monicamouth,South Dakota,80072.0,0018974663615037,pwilson@gmail.com,Salaried,"Foster, Robles and Brown Corp.",27.6,11903.0,55915344.0,Robert Roberts,Parent,870584205935339
USLW-APP-20240805-673,2024-08-05,Personal,22912.0,Medical Expenses,31.0,346-64-4387,Matthew Hartman,2004-04-08,Other,Divorced,Master's Degree,15251 Jasmine Mountain,West Joanna,Wisconsin,96055.0,3947629856,matthew97@hoover.biz,Self-Employed,Carey LLC LLC,8.0,9719.0,71959591.0,Desiree Henderson,Sibling,17942660786
USLW-APP-20240822-112,2024-08-22,Mortgage,732951.0,Refinance,268.0,754-44-5601,Rebecca Jackson,1952-09-14,Male,Separated,Some College,3697 Harris Avenue Suite 072,South Robertchester,Wisconsin,99308.0,9318294465401,jeffreyleach@hunt-knight.org,Salaried,Guerrero Ltd Corp.,28.1,29393.0,29657476.0,Lisa Hobbs,Parent,11211859627262
USLW-APP-20250130-117,2025-01-30,Auto,35759.0,Used Car Purchase,29.0,525-02-7069,Jenny Fletcher,1991-10-07,Male,Widowed,Associate's Degree,8940 William Cliffs,Lyonsburgh,Montana,2108.0,095346295700253,leecourtney@knight-mcintyre.info,Salaried,Rivera-Luna Corp.,6.0,21188.0,65672101.0,Danielle Woods,Parent,001175847152749791
USLW-APP-20250317-677,2025-03-17,Personal,15940.0,Other,19.0,756-66-8336,Jesse Singh,1949-08-07,Male,Separated,Doctorate,93049 Mercado Plains Suite 729,New Miafurt,Alabama,67219.0,4669165763,paul43@yahoo.com,Hourly,Hawkins-Keller Corp.,27.9,8387.0,114076629.0,Breanna Garcia,Parent,9823636460453
USLW-APP-20241225-371,2024-12-25,Mortgage,822197.0,Refinance,184.0,684-99-7835,Dustin Smith Jr.,1959-07-21,Other,Separated,High School Diploma,43232 Alfred Burg Apt. 106,Maryburgh,Oklahoma,72495.0,2251629218,david08@hotmail.com,Salaried,"Hill, Bowman and Turner Corp.",5.8,26482.0,91036410.0,Dr. David Acosta DDS,Sibling,00114319794851423
USLW-APP-20240613-737,2024-06-13,Personal,22980.0,Education,16.0,590-10-3713,Mr. Andre Martin,1985-08-17,Male,Single,Associate's Degree,578 Miller Summit Apt. 756,New Betty,Louisiana,27479.0,0176098590,danieljohnson@taylor-carney.com,Salaried,Brown-Zamora Corp.,5.0,15256.0,86915782.0,Patricia Peterson,Sibling,2083195591953
USLW-APP-20240915-418,2024-09-15,Mortgage,637967.0,Refinance,272.0,862-66-1475,Dana Lucas,1953-10-18,Other,Separated,Doctorate,13643 Loretta Courts Suite 553,Brianborough,Nevada,11039.0,527294533464616,michael85@hotmail.com,Hourly,"Perry, Fry and Knox Corp.",22.5,12122.0,129751214.0,Danny Crawford,Spouse,3495776842
USLW-APP-20240911-825,2024-09-11,Mortgage,554606.0,Refinance,326.0,127-99-1832,Melvin Li,1979-11-04,Female,Divorced,Master's Degree,72371 Anderson Shores Apt. 483,Stephenfort,Oregon,14328.0,4096413335,alexander83@hotmail.com,Salaried,Powell Group Corp.,21.0,29673.0,77247786.0,Joseph Reid,Parent,2779529087638
USLW-APP-20240825-948,2024-08-25,Mortgage,416794.0,Refinance,317.0,761-93-6191,Brandi Mendez,1965-03-30,Male,Married,Associate's Degree,55539 Perez Shore Apt. 465,New Vanessa,Iowa,77148.0,5372845638,jesparza@yahoo.com,Salaried,Gibbs Inc Corp.,15.8,8878.0,53430740.0,Mr. William Andrews,Spouse,0013295117138
USLW-APP-20250310-352,2025-03-10,Personal,22607.0,Home Improvement,32.0,896-04-0252,Misty Ford,2006-04-29,Other,Single,Some College,5062 Jonathan Knolls Suite 250,West Ashley,Kansas,30903.0,6109972855,angelafisher@hess.net,Salaried,"Riley, Simpson and Jones Corp.",5.2,28825.0,52394696.0,Melissa White,Sibling,1716237271938
USLW-APP-20241126-310,2024-11-26,Personal,21494.0,Education,33.0,840-80-6090,Charles Martinez,1976-07-02,Other,Single,Bachelor's Degree,545 Beasley Underpass Suite 475,Johnstonburgh,Oklahoma,39266.0,7204028549,welchvanessa@bradford.org,Self-Employed,Gibson PLC LLC,4.5,9575.0,95471932.0,Donna Nguyen,Spouse,1384672322
USLW-APP-20250108-879,2025-01-08,Small Business,285794.0,Startup Costs,33.0,675-85-7069,Jeff Romero,1982-10-29,Female,Divorced,Associate's Degree,9711 Galvan Street,Ryanbury,Illinois,41230.0,1495556670,taylordavid@clark.com,Salaried,Buckley and Sons Corp.,12.9,14685.0,14577561.0,Kim Summers,Friend,4354846349
USLW-APP-20241116-124,2024-11-16,Personal,6852.0,Medical Expenses,41.0,565-22-7884,Kaylee Moreno,1964-06-06,Female,Separated,Doctorate,3721 Catherine Via Suite 596,North Scott,Oklahoma,35549.0,841322547654127,jessica50@shah.com,Salaried,"Fox, Rios and Garner Corp.",3.2,24696.0,49222357.0,Brian Lynch,Spouse,3435446949
USLW-APP-20240716-115,2024-07-16,Mortgage,572039.0,Refinance,308.0,667-51-0968,Jacob Rasmussen,1991-07-04,Male,Married,Master's Degree,791 Hancock Square Suite 565,West Markshire,Montana,10526.0,12658274593744,paulavila@young-jordan.info,Salaried,"Price, Wilkins and Schneider Corp.",11.3,14645.0,59990873.0,Lori Tucker,Friend,19632043986
USLW-APP-20240419-687,2024-04-19,Small Business,410164.0,Working Capital,36.0,263-55-8499,Jennifer Miller,1979-03-24,Male,Separated,Associate's Degree,4557 Crystal Union Apt. 847,New Jacob,Nebraska,57260.0,001410140374485394,robin32@yahoo.com,Self-Employed,Jones-Hill LLC,6.8,11271.0,123552228.0,Cynthia Valentine,Sibling,4382875986
USLW-APP-20250328-524,2025-03-28,Personal,41458.0,Other,55.0,558-90-6202,Christina Rose,2002-09-13,Male,Divorced,High School Diploma,6791 Ortiz Mountain,Lake Susanville,Arkansas,90072.0,2595441962,patriciajohnston@hotmail.com,Salaried,White LLC Corp.,12.0,27954.0,55992859.0,Tiffany Mora,Parent,179920142709370
USLW-APP-20240909-578,2024-09-09,Small Business,235192.0,Equipment Purchase,26.0,431-61-6308,Jordan Diaz,1995-11-15,Female,Single,Associate's Degree,044 Harris Spur,Hodgeland,West Virginia,52184.0,580036351850168,rwebb@yahoo.com,Self-Employed,"Mcdonald, Gallegos and Vincent LLC",11.0,10209.0,19217350.0,Amanda Sanchez,Friend,9822179774
USLW-APP-20241211-900,2024-12-11,Small Business,304015.0,Inventory,70.0,869-33-7317,Matthew Reed,1992-01-05,Female,Divorced,Master's Degree,6067 Matthew Ports,Brewermouth,South Carolina,35430.0,1479937324,johnzuniga@hotmail.com,Hourly,Jones-Lester Corp.,26.9,21996.0,110479424.0,Melissa Ryan,Friend,09590132071046
USLW-APP-20250316-316,2025-03-16,Personal,43362.0,Medical Expenses,54.0,570-27-4308,Tanya Davis,1980-09-24,Other,Widowed,Master's Degree,47684 Lee Avenue,New Lisa,Alaska,4727.0,0980477190,gwalker@castaneda.biz,Salaried,Hill-Gonzalez Corp.,23.8,10819.0,13040206.0,Mary Morales,Sibling,001333791497395178
USLW-APP-20240628-726,2024-06-28,Personal,11727.0,Home Improvement,43.0,086-74-4297,Melissa Williams,2003-12-23,Male,Separated,Bachelor's Degree,60058 Robinson Wall,Lake Anna,Iowa,38415.0,1244669302752733,draketyler@campbell.com,Salaried,"Jones, Jackson and Crosby Corp.",6.0,14422.0,22459406.0,Randy Johnson,Spouse,0165225262
USLW-APP-20240506-561,2024-05-06,Personal,4816.0,Medical Expenses,34.0,120-56-3917,Mark Bell,1997-04-27,Other,Married,Some College,3546 Matthew Plains Apt. 613,South Nathanbury,Oklahoma,99547.0,9120014604025,johntorres@griffin.com,Self-Employed,"Mahoney, Lee and Meyer LLC",10.1,19908.0,81554863.0,Robert Davis,Sibling,001417912868923190
USLW-APP-20240724-568,2024-07-24,Personal,5983.0,Other,27.0,617-84-6628,Barbara Oneill,1975-09-11,Female,Divorced,Associate's Degree,687 Miles Pass Suite 520,Tammymouth,Oregon,56697.0,8639345755,hernandezjessica@stevens.com,Salaried,Wolf and Sons Corp.,18.7,24788.0,74791170.0,Kathryn Gonzalez,Parent,5079202377
USLW-APP-20240530-523,2024-05-30,Small Business,223901.0,Startup Costs,25.0,727-55-2256,Henry Garrett,1954-01-16,Other,Divorced,Doctorate,2015 Elizabeth Hill Suite 597,West Jonathan,Virginia,89103.0,11864367470,emma48@nunez-strickland.com,Salaried,Miller-Smith Corp.,26.7,12654.0,78736966.0,Veronica Hoover,Sibling,01577281107487
USLW-APP-20240626-855,2024-06-26,Small Business,443763.0,Inventory,76.0,853-18-0426,Chad Clark,1998-05-18,Other,Separated,Some College,56623 Mark Avenue,West Jonathantown,Michigan,89943.0,938363966572492,danielmiller@yahoo.com,Salaried,"Miller, Jones and Patel Corp.",7.7,20114.0,93133780.0,David Evans,Spouse,001903830606179480
USLW-APP-20250327-955,2025-03-27,Personal,24374.0,Vacation,19.0,006-82-1107,Bob Harrison,1994-01-02,Other,Married,Associate's Degree,02764 Dawson Vista Suite 762,Gibbsland,Florida,83205.0,5685645912275,kristimatthews@yahoo.com,Hourly,"Mendoza, Mcdonald and Oconnor Corp.",3.7,23155.0,104158191.0,Marco Robbins,Sibling,2636641034
USLW-APP-20240725-530,2024-07-25,Personal,26537.0,Medical Expenses,29.0,091-26-0686,Jonathan Mitchell Jr.,2004-07-19,Female,Widowed,Some College,89201 Ali Neck Apt. 459,East Marcusville,Wisconsin,37201.0,18815204283883,stephen14@fry-jackson.info,Self-Employed,Haynes Group LLC,12.5,13713.0,119606887.0,Reginald Mcmahon,Parent,149800754175982
USLW-APP-20240802-410,2024-08-02,Small Business,170345.0,Equipment Purchase,25.0,485-22-6647,Kaylee Cervantes,2002-07-17,Male,Single,Associate's Degree,79300 Russo Spurs Apt. 816,Danafurt,Iowa,39939.0,7734889933,oparker@wiley.org,Salaried,"Jones, Day and Brewer Corp.",16.3,11213.0,76855179.0,Richard Green,Friend,4179387607
USLW-APP-20250111-762,2025-01-11,Personal,3560.0,Medical Expenses,47.0,790-38-1548,Valerie Sanchez,1989-01-28,Other,Divorced,Master's Degree,050 Edgar Streets Apt. 253,South Robert,North Carolina,29070.0,6603835192,jeremyjackson@jones.com,Salaried,Floyd-Rivera Corp.,24.9,14104.0,77597627.0,Michael Yoder,Spouse,465552342970247
USLW-APP-20240404-471,2024-04-04,Small Business,311320.0,Startup Costs,24.0,028-32-0469,Rachel Davenport,1989-11-12,Male,Married,Doctorate,587 Sheri Inlet,Leestad,Oklahoma,21346.0,00194145397803689,alexandercooper@dillon.net,Salaried,Snyder Ltd Corp.,10.4,25611.0,60886523.0,Christine Decker,Sibling,5783819914118
USLW-APP-20240616-113,2024-06-16,Mortgage,973845.0,Home Purchase,310.0,498-76-7058,Marilyn Walker,1960-04-11,Male,Separated,Some College,754 Emily Ridges Suite 372,East Pedro,Wisconsin,77793.0,64124153945488,justin80@gmail.com,Self-Employed,Briggs-Jones LLC,2.4,12980.0,36893579.0,Nathan Perry,Parent,174780140952389
USLW-APP-20240721-250,2024-07-21,Personal,41925.0,Debt Consolidation,41.0,611-38-0094,Randy Diaz,1974-08-13,Male,Married,Associate's Degree,400 Crosby Row,Lewisbury,Wisconsin,79117.0,8827966802526,jennifer58@hunter.com,Salaried,"Silva, Craig and Hammond Corp.",12.8,27166.0,98450950.0,Brian Hendricks,Friend,8718084768
USLW-APP-20241013-827,2024-10-13,Personal,9096.0,Vacation,35.0,175-12-3453,Patricia Robertson,1972-05-04,Other,Married,Some College,556 Joshua Bridge,North Kristinaborough,Vermont,93596.0,9924080216,smithjacqueline@higgins.info,Salaried,Butler and Sons Corp.,6.5,8030.0,20309503.0,Angela Lynch,Friend,9762894767084
USLW-APP-20240812-369,2024-08-12,Small Business,164363.0,Expansion,76.0,249-10-9912,Rachel Green,1983-07-17,Male,Separated,Associate's Degree,774 Alvarado Crossing Apt. 435,Port Amandachester,New Mexico,72789.0,1407831895,cstark@gmail.com,Hourly,Osborne-Kane Corp.,8.1,7113.0,53611336.0,Wayne Vega,Sibling,663313236097505
USLW-APP-20250126-785,2025-01-26,Personal,2638.0,Vacation,57.0,662-68-6995,Brittney Thornton,1957-03-22,Female,Married,Doctorate,40146 Vanessa Street Suite 341,Millerfurt,Washington,43566.0,89251701328663,jessica52@hotmail.com,Salaried,Johnson and Sons Corp.,26.0,21752.0,113470307.0,Judith Rosario,Friend,0731422828
USLW-APP-20240531-418,2024-05-31,Mortgage,876201.0,Home Purchase,213.0,005-44-0965,Nancy King,1996-07-01,Female,Separated,Doctorate,7919 Jones Villages Apt. 840,Clarkborough,Rhode Island,4196.0,5752477671,bonnie95@christensen-walters.com,Salaried,Carson-Ross Corp.,8.1,9106.0,72684519.0,Dr. Natalie Underwood,Sibling,237806576460282
USLW-APP-20240803-644,2024-08-03,Small Business,49603.0,Expansion,84.0,770-10-2416,Julia Stanton,1992-08-30,Other,Married,High School Diploma,962 Nathan Ranch Apt. 225,Smithborough,Nevada,31488.0,1482272356034373,santiagopatrick@gmail.com,Salaried,Parker-Gutierrez Corp.,21.6,11633.0,86993306.0,Anthony Hodges,Friend,9649579291
USLW-APP-20240410-250,2024-04-10,Personal,41681.0,Vacation,15.0,019-21-5558,Jacob Wells,1974-11-05,Other,Widowed,Associate's Degree,4078 Cindy Drive,East Michael,Iowa,29050.0,336374320313273,catherineramos@yahoo.com,Hourly,Higgins-Barton Corp.,11.2,10268.0,69645794.0,Omar Hart,Spouse,2516709282
USLW-APP-20240805-457,2024-08-05,Small Business,461783.0,Working Capital,33.0,847-47-9018,Eric Todd,1959-12-24,Male,Married,Some College,4756 Olivia Haven Suite 712,West Williamchester,Nebraska,69648.0,9619935116118,rogerflores@vincent.com,Salaried,Edwards LLC Corp.,6.2,5776.0,62804943.0,Rita Jacobs,Spouse,4648154807
USLW-APP-20240716-378,2024-07-16,Personal,17536.0,Home Improvement,38.0,211-53-0192,Joseph Fox,1956-08-10,Other,Separated,Associate's Degree,394 Adkins St,Michelleville,Virginia,78056.0,3024920955,nathanlittle@hotmail.com,Salaried,"Gordon, Gillespie and Rhodes Corp.",26.5,26746.0,119318230.0,Veronica Phillips,Spouse,03354025705153
USLW-APP-20240914-581,2024-09-14,Personal,2323.0,Vacation,34.0,440-24-0945,Lance Rivers,1978-04-24,Male,Divorced,Some College,8734 Justin Walks Suite 571,East Kevin,Vermont,16223.0,00120674606144299,leonjoseph@franco-montgomery.com,Self-Employed,Moses PLC LLC,15.9,17876.0,21071843.0,Jessica Mathis,Parent,21275378939745
USLW-APP-20240730-199,2024-07-30,Small Business,99249.0,Startup Costs,65.0,598-18-6875,Justin Smith,1993-05-30,Other,Married,High School Diploma,82584 Alexander Mountain Apt. 535,North Brenda,Vermont,8412.0,4710639804744,robert70@russell-weiss.info,Salaried,Morris-Wells Corp.,7.5,24397.0,90273436.0,Brian Welch,Friend,0012436524596
USLW-APP-20240605-256,2024-06-05,Small Business,274911.0,Inventory,42.0,260-99-4491,Becky Ford,1954-12-12,Female,Widowed,Bachelor's Degree,22165 Dale Row Suite 740,Thomasville,Nebraska,86859.0,936030066821571,qalvarez@hotmail.com,Hourly,Nunez PLC Corp.,1.2,16474.0,32760952.0,Jason Butler,Parent,29013669307976
USLW-APP-20250117-194,2025-01-17,Mortgage,681192.0,Refinance,205.0,368-96-0733,Richard Briggs,1962-04-06,Female,Widowed,Doctorate,70454 Robert Mill,Jamesbury,Colorado,94963.0,0159821470,cynthia77@yahoo.com,Hourly,Robinson Group Corp.,19.0,18351.0,28209663.0,Danielle Moore,Spouse,00100992444954355
USLW-APP-20240515-125,2024-05-15,Small Business,52711.0,Expansion,31.0,344-13-5725,Pam Small,2002-08-21,Female,Widowed,Master's Degree,83453 Austin Wells Suite 898,North Kimborough,Iowa,37682.0,15489150781515,scottmeagan@bailey.biz,Self-Employed,"Knight, Jones and Bauer LLC",5.8,14521.0,90592816.0,Claire Keller,Friend,6255780893
USLW-APP-20240620-310,2024-06-20,Auto,21578.0,Used Car Purchase,40.0,008-21-7033,Jennifer Mcintosh,1989-02-26,Male,Single,Some College,36684 Mooney Ridge,Greerville,West Virginia,17964.0,3384700253,robertmccarthy@barnett.org,Self-Employed,"Bennett, Alvarez and Brown LLC",5.9,20790.0,13823957.0,Kimberly Ewing,Sibling,15323364940898
USLW-APP-20240606-513,2024-06-06,Personal,22832.0,Education,31.0,021-22-1293,Amber Hansen,1960-11-15,Other,Widowed,Bachelor's Degree,99905 Donovan Meadow,Gonzalesbury,Kansas,62853.0,1655095865265,lhenry@mcdowell.info,Salaried,Sandoval Inc Corp.,13.6,27614.0,110993379.0,Haley Pope,Parent,7428813796
USLW-APP-20250101-452,2025-01-01,Personal,13731.0,Home Improvement,24.0,109-43-2737,Steven Ramirez,1988-08-03,Female,Divorced,High School Diploma,38789 Parrish Street,East Lisa,California,63618.0,6719894922681,karen73@rice.biz,Salaried,Garcia-Huynh Corp.,9.2,12448.0,129153032.0,William Hernandez,Friend,0997122884
USLW-APP-20240708-257,2024-07-08,Auto,22765.0,Refinance,42.0,816-52-0555,Andre Robertson,1962-05-21,Other,Single,Bachelor's Degree,03297 Kennedy Parkway,Jenniferhaven,Texas,6420.0,8818219528526,colenicole@cortez-williams.com,Salaried,Pennington and Sons Corp.,4.2,16151.0,28873277.0,Michael Gray,Sibling,1113251744241987
USLW-APP-20250219-116,2025-02-19,Small Business,252216.0,Startup Costs,39.0,420-08-1333,Justin Daniel,1975-09-18,Other,Separated,Associate's Degree,0254 Paula Circles Apt. 516,Lake Vernon,North Carolina,90482.0,4259751278,danieljohnson@gmail.com,Salaried,"Henderson, Fowler and Garcia Corp.",24.2,22604.0,38800890.0,Cheryl Cook,Friend,00193873343090530
USLW-APP-20250227-753,2025-02-27,Personal,26723.0,Vacation,26.0,291-55-8343,Lucas Ross,1994-11-01,Other,Divorced,Bachelor's Degree,61145 Kristopher Summit,Nguyenland,Kansas,16464.0,149905767289519,terrymartinez@hubbard.info,Hourly,Flores-Anderson Corp.,15.4,18772.0,19553108.0,Nicholas Thomas,Sibling,001522118820102117
USLW-APP-20250225-136,2025-02-25,Personal,14614.0,Medical Expenses,38.0,698-28-3710,Travis Morse,1960-03-02,Female,Separated,High School Diploma,71275 Derek Garden,East Brandonberg,New Mexico,25349.0,169734783159634,bstrickland@yahoo.com,Salaried,Sharp-Aguirre Corp.,1.2,11974.0,14658419.0,Gerald Murphy,Parent,5406289008
USLW-APP-20241002-175,2024-10-02,Personal,49823.0,Medical Expenses,20.0,176-36-8422,Charles Larson,1982-06-25,Other,Married,Doctorate,8286 Robertson Spur Suite 029,North Josephfurt,West Virginia,85288.0,1869246746,kenneth31@yahoo.com,Salaried,George-Norman Corp.,6.9,8623.0,100284412.0,Paul Howard,Spouse,0019463945290
USLW-APP-20240402-606,2024-04-02,Small Business,136415.0,Equipment Purchase,63.0,403-59-8098,Richard Hart,1981-04-09,Male,Single,Bachelor's Degree,4647 Samuel Manors Apt. 162,Lisastad,West Virginia,71950.0,334731140984968,kimberly36@yahoo.com,Hourly,"Long, Ellis and Lee Corp.",19.4,11616.0,73265429.0,Melanie Dodson,Spouse,1399732820846
USLW-APP-20241028-593,2024-10-28,Mortgage,552680.0,Home Purchase,322.0,205-34-9257,Joshua Jordan,1953-04-18,Other,Single,Associate's Degree,77521 William Knoll Suite 322,New Lisaland,Wisconsin,90384.0,17508833610048,victoriasavage@yahoo.com,Salaried,Watson-Garrison Corp.,19.7,23743.0,95534549.0,Pamela Lee,Sibling,5586799669
USLW-APP-20240809-204,2024-08-09,Mortgage,780423.0,Home Purchase,208.0,166-95-3301,Stacy Holmes,1971-11-25,Other,Separated,Doctorate,84407 Jackson Courts Apt. 909,Collierville,California,28495.0,945837394182974,asmith@gmail.com,Salaried,"Dean, Parker and Holland Corp.",11.9,3323.0,117145913.0,Daniel Nguyen,Parent,171067532907972
USLW-APP-20241003-236,2024-10-03,Personal,33249.0,Medical Expenses,34.0,159-91-2467,Jason Powell,1954-08-06,Male,Widowed,Some College,7060 Todd Street,Meganmouth,Iowa,11642.0,174868173622832,belinda27@knapp.com,Hourly,Austin-Foster Corp.,21.7,17302.0,30280379.0,Melissa Hoffman,Friend,0014452827862
USLW-APP-20240805-325,2024-08-05,Small Business,464294.0,Expansion,79.0,383-47-2378,Kaitlin Thompson,1975-06-25,Male,Single,Some College,2211 John Stream Suite 755,Debrahaven,Texas,77259.0,347453003411223,johnsonjonathan@gmail.com,Salaried,Dyer Inc Corp.,12.1,6443.0,24482879.0,Christopher Barnes,Sibling,6823324600511
USLW-APP-20240516-419,2024-05-16,Small Business,467181.0,Startup Costs,48.0,534-37-9937,Juan Brown,1965-02-19,Male,Divorced,Bachelor's Degree,1195 Bush Fall Suite 767,New Bethtown,Florida,85190.0,86348151546158,melanie66@bradshaw-stewart.com,Salaried,"Murphy, Diaz and Rodriguez Corp.",26.2,5876.0,107771795.0,Rachel Jones,Sibling,00102826538007141
USLW-APP-20240530-762,2024-05-30,Small Business,30906.0,Working Capital,45.0,584-19-2082,Clayton Carr,2006-12-28,Male,Single,Doctorate,35399 King Mountains Apt. 202,Petersland,New Mexico,56108.0,2419177251,valerie76@yahoo.com,Salaried,Holmes-Anderson Corp.,13.3,28833.0,108980556.0,Misty Horton,Friend,9256164709
USLW-APP-20240828-197,2024-08-28,Small Business,388689.0,Inventory,67.0,266-50-3899,John Watts,1980-01-10,Female,Married,Master's Degree,796 Martin Manors Apt. 370,Suttonside,New Mexico,91990.0,5401260477497,mark74@valdez-daniel.com,Salaried,"Dawson, Walters and Oconnor Corp.",15.9,4194.0,49177758.0,Stephanie Massey,Spouse,3088632251
USLW-APP-20250103-486,2025-01-03,Auto,12980.0,New Car Purchase,62.0,419-24-9055,Cheryl Tucker,2006-12-30,Male,Divorced,Some College,16008 Payne Wall,Perezland,Iowa,56815.0,4276178291,andrew53@yahoo.com,Salaried,Young-Hartman Corp.,5.3,3742.0,129753089.0,Jimmy Delgado,Parent,616240862532659
USLW-APP-20240513-578,2024-05-13,Small Business,147089.0,Equipment Purchase,66.0,629-97-7790,Deborah Murphy,1950-11-09,Other,Divorced,High School Diploma,6984 Jonathon Alley Apt. 499,Perezview,Ohio,43449.0,9907288214,juliejohnson@hotmail.com,Self-Employed,Weiss-Carson LLC,12.3,3590.0,17314116.0,Elizabeth Jennings,Sibling,7542767537762
USLW-APP-20240719-630,2024-07-19,Personal,49287.0,Vacation,51.0,734-12-1880,Hannah Walker,1961-06-16,Female,Divorced,Master's Degree,48797 Tracey Stream Apt. 250,New Julie,Nevada,52463.0,8444416932,wadebradley@perry.com,Hourly,Ross-Ramirez Corp.,19.3,13956.0,84388395.0,Ashley Kelly,Spouse,3334939897
USLW-APP-20240515-614,2024-05-15,Mortgage,319948.0,Refinance,263.0,006-37-0884,Gina Salazar,1975-02-02,Male,Widowed,Doctorate,47221 Page Lakes Apt. 529,Bruceside,Rhode Island,26044.0,430952259307966,meghanbowers@gmail.com,Salaried,Hurst Inc Corp.,0.6,14318.0,49330618.0,Walter Lee,Spouse,84523631471076
USLW-APP-20240625-444,2024-06-25,Small Business,99834.0,Equipment Purchase,78.0,609-18-1161,Scott Reed,2001-11-06,Other,Married,Master's Degree,719 Sierra Ramp,Maxwellmouth,Colorado,51873.0,0410296410,lewischristopher@chen.com,Self-Employed,Boyd Group LLC,13.3,11326.0,31358352.0,Christopher Jones,Friend,2207785138
USLW-APP-20240909-990,2024-09-09,Auto,74105.0,New Car Purchase,59.0,234-03-0156,Richard Nguyen,1986-01-14,Other,Separated,Some College,848 Evans Isle Suite 251,South Joyburgh,Nevada,46485.0,9248741127,julia10@yahoo.com,Hourly,Pearson-Johnson Corp.,3.3,6418.0,116026295.0,Jordan White,Parent,17555289425743
USLW-APP-20240621-855,2024-06-21,Personal,23891.0,Debt Consolidation,21.0,041-10-0946,ROBERT DAWSON,1965-02-28,Male,Married,High School Diploma,846 Torres Loaf Apt. 588,East Carolyntown,Hawaii,17242.0,001875210996225162,dillon63@taylor.com,Salaried,"Sullivan, Hall and Harmon Corp.",8.3,5748.0,108029116.0,Amanda Reynolds,Spouse,0397892409
USLW-APP-20241101-617,2024-11-01,Mortgage,655498.0,Refinance,301.0,688-91-7802,April Hampton,1959-03-26,Male,Widowed,Associate's Degree,037 Chris Groves Suite 612,Samuelshire,North Carolina,76649.0,7248285531121,kmay@zhang.com,Salaried,Mccoy-Ruiz Corp.,1.2,5324.0,109073611.0,Debbie Dickerson,Spouse,82793176066652
USLW-APP-20240408-392,2024-04-08,Small Business,35772.0,Inventory,49.0,722-31-5422,Vincent Ryan,1997-04-16,Other,Separated,Associate's Degree,89661 Daisy Canyon,East Wesleyland,Rhode Island,14556.0,4615248596,vargasashley@mitchell.com,Self-Employed,"Shelton, Bradley and Marquez LLC",19.9,24784.0,92631212.0,Debra Potter,Sibling,0016988319239
USLW-APP-20240808-648,2024-08-08,Personal,9300.0,Debt Consolidation,39.0,564-62-1910,Cynthia Arnold,1991-09-18,Male,Married,Some College,65590 Linda Parkway Suite 157,Brendatown,South Dakota,95394.0,3602166952,susan57@yahoo.com,Salaried,Martin Ltd Corp.,19.2,6667.0,73955988.0,Julia Weaver DVM,Friend,0017254562359456
USLW-APP-20240707-757,2024-07-07,Mortgage,917403.0,Refinance,191.0,379-49-3563,Erika Leach,1957-01-06,Other,Married,Bachelor's Degree,72661 Scott Inlet,Jessicabury,South Dakota,32505.0,0152753050,garrettnina@yahoo.com,Salaried,Martin-Campbell Corp.,29.4,23078.0,44254249.0,Lori Edwards,Parent,15609070292039
USLW-APP-20241011-563,2024-10-11,Personal,32277.0,Other,19.0,769-01-2767,Jose Mcpherson,2000-07-07,Male,Married,High School Diploma,1684 Jeffery Hill Suite 207,Alexberg,Nevada,6800.0,3777751953,warnold@herman.org,Salaried,"Richardson, Brown and Simmons Corp.",25.1,27321.0,10180295.0,George Allen,Spouse,4210873300
USLW-APP-20250330-244,2025-03-30,Small Business,189717.0,Inventory,25.0,810-62-6880,Alexander Davis,1964-03-26,Other,Separated,Doctorate,2067 Brown Drive Apt. 506,Fisherburgh,Michigan,23377.0,001738291558956746,erica75@yahoo.com,Salaried,Wilson Inc Corp.,21.6,24760.0,15273084.0,Amber Smith,Friend,00107381024283321
USLW-APP-20241021-790,2024-10-21,Personal,10707.0,Home Improvement,41.0,707-64-3089,Angela Brown,1996-06-16,Other,Divorced,Master's Degree,5187 Jones Vista,Danielside,Wisconsin,12595.0,7176308779,andreadoyle@gmail.com,Salaried,"Gregory, Smith and Kramer Corp.",27.8,28987.0,19540836.0,Gail Ortiz,Sibling,6299446878
USLW-APP-20240918-506,2024-09-18,Small Business,64722.0,Expansion,75.0,726-93-9294,Robert Brown,1960-03-16,Other,Separated,Bachelor's Degree,3545 Rebecca Ramp,Jocelynton,Iowa,18268.0,975381458838025,michellewashington@gmail.com,Salaried,Silva-Whitehead Corp.,9.4,16349.0,57858014.0,Dr. Taylor Foster,Friend,1158009058
USLW-APP-20240426-350,2024-04-26,Personal,35856.0,Other,33.0,089-03-1765,Andrea Gonzalez,1986-10-27,Other,Married,High School Diploma,756 Diana Trace Suite 343,Latoyastad,Florida,88865.0,0048452421948,raymond22@gmail.com,Salaried,Reese Inc Corp.,18.7,16424.0,122616220.0,Anna Gibson,Spouse,1793631681582386
USLW-APP-20241021-500,2024-10-21,Personal,47185.0,Vacation,45.0,627-85-4342,James Anderson,1987-06-08,Male,Widowed,Bachelor's Degree,8366 Ruth Lake Suite 860,North Cristianshire,Arkansas,90161.0,5005178335,schultzjesse@hotmail.com,Salaried,Dunn-Martinez Corp.,20.3,20463.0,74400416.0,Beth Smith,Parent,11579213630
USLW-APP-20240729-436,2024-07-29,Personal,34910.0,Medical Expenses,48.0,271-12-2992,Tyler May,1959-11-25,Other,Married,Associate's Degree,8438 Cynthia Path Apt. 972,Lindafort,North Carolina,2597.0,1023868155152367,anthonymorris@miller.com,Salaried,Meadows-Jackson Corp.,1.5,24525.0,95331441.0,Sergio Dean,Spouse,1184686667728
USLW-APP-20240927-669,2024-09-27,Small Business,294314.0,Startup Costs,67.0,523-39-3872,Jeffrey Harrison,1975-07-11,Other,Divorced,Doctorate,6896 Sean Burgs,North Bryanborough,Iowa,62438.0,0973134902,austinhall@barron-hall.com,Salaried,Campbell Inc Corp.,13.6,20154.0,63621565.0,Roy Johnson,Sibling,00186936120996940
USLW-APP-20240517-599,2024-05-17,Personal,4510.0,Other,33.0,633-66-5182,Ashley Thompson,1962-09-27,Female,Widowed,Some College,549 Tara Brooks Apt. 633,New Amandafurt,Ohio,1284.0,767344057780098,mooreveronica@yahoo.com,Self-Employed,"Rhodes, Johnston and Johnson LLC",7.8,11975.0,16796751.0,Brandon Caldwell,Parent,6776821569
USLW-APP-20250217-437,2025-02-17,Small Business,459342.0,Startup Costs,60.0,594-91-1603,Lisa Brooks,1957-12-27,Other,Divorced,High School Diploma,57375 Amber Parkway Apt. 590,South Marthachester,Iowa,78787.0,53643635664832,florespenny@cole.com,Salaried,Conway PLC Corp.,28.3,20662.0,71357902.0,Cynthia Burnett,Parent,56323012868081
USLW-APP-20241114-493,2024-11-14,Personal,37167.0,Other,22.0,461-97-5161,Lori Berry,1959-04-13,Other,Married,Bachelor's Degree,286 Hall Greens,Shannonland,Michigan,28825.0,83684625484443,durhamjohn@hotmail.com,Salaried,Parker-Sutton Corp.,3.3,17677.0,38586839.0,Dr. Jessica Page DDS,Friend,7819510875
USLW-APP-20240801-525,2024-08-01,Personal,40796.0,Medical Expenses,51.0,348-15-3325,Lauren Wells,2002-09-26,Male,Single,Associate's Degree,4773 Victoria Track Suite 368,North Katelyn,Washington,74930.0,3988919316,zthomas@hotmail.com,Salaried,"Khan, Harper and Randolph Corp.",8.4,4690.0,81951107.0,Matthew Parker,Friend,3038407675352
USLW-APP-20240901-184,2024-09-01,Personal,20142.0,Other,29.0,751-48-4001,Hannah Mata,2002-10-28,Male,Divorced,Doctorate,058 Ashley Glen Apt. 530,Port Samantha,Oregon,98532.0,1897234019164532,sarasolis@gmail.com,Salaried,"Palmer, Williams and Harmon Corp.",12.9,17139.0,108972904.0,Nathan White,Sibling,0018285924102
USLW-APP-20241130-483,2024-11-30,Small Business,213115.0,Inventory,26.0,643-28-2957,Bryan Gardner,1996-02-09,Female,Single,High School Diploma,4675 Christine Ranch Suite 336,East Erica,Nevada,47144.0,605603725062344,nelsonamanda@yahoo.com,Salaried,Adams-Marquez Corp.,24.5,10136.0,67522220.0,Jasmine Lopez,Parent,99942410765590
USLW-APP-20241109-506,2024-11-09,Personal,36437.0,Other,48.0,353-94-7485,Gregory Collins,1964-04-18,Other,Widowed,Bachelor's Degree,90016 Kelly Street,Andersonmouth,Nebraska,20250.0,5526879544,jessewells@arnold.biz,Salaried,"Hansen, Henderson and Mcbride Corp.",10.4,5691.0,65940147.0,John Singleton,Parent,84577261011944
USLW-APP-20240417-143,2024-04-17,Personal,45709.0,Debt Consolidation,60.0,444-60-3574,Claudia Crawford,1955-07-14,Male,Single,High School Diploma,72762 Johnson Extension Suite 075,Port Jeffreychester,Arkansas,62005.0,126978127851545,jbrown@young.biz,Hourly,Brown Group Corp.,8.0,2144.0,59657899.0,Krystal Garcia,Sibling,00169307059798755
USLW-APP-20240810-263,2024-08-10,Personal,47394.0,Other,32.0,867-27-2249,Kelly Taylor,1983-12-02,Male,Single,Associate's Degree,243 Sandra Drive Apt. 691,West Xavier,Nebraska,97404.0,6523390559,lcardenas@yahoo.com,Salaried,"Richardson, Anderson and Moore Corp.",22.3,22678.0,86401429.0,Kelsey Allen,Parent,10152581296
USLW-APP-20240910-716,2024-09-10,Personal,29361.0,Vacation,31.0,092-02-1617,Kimberly Wilson,1960-08-08,Female,Widowed,Associate's Degree,6647 Sherry Locks Suite 061,Josephton,Kansas,35232.0,1157368533542635,melissabrown@gmail.com,Salaried,"Oconnor, Anthony and Henderson Corp.",13.0,15526.0,125438515.0,Derrick Chambers,Friend,3047868337
USLW-APP-20240420-876,2024-04-20,Auto,74029.0,Used Car Purchase,36.0,613-14-0605,Margaret Paul,1994-09-25,Other,Single,Doctorate,83630 James Center Apt. 202,Josephland,Washington,18601.0,0233378512,brewermaria@yahoo.com,Self-Employed,Garcia-Jackson LLC,8.6,16285.0,68894449.0,Daniel Fischer,Friend,581421159318077
USLW-APP-20240905-170,2024-09-05,Mortgage,77759.0,Refinance,345.0,381-51-6712,Mitchell Donovan,1965-04-12,Female,Single,Master's Degree,5129 Samantha Mount,Simpsonhaven,Oklahoma,67408.0,00111476711248783,johnsonchristy@rogers-bell.com,Salaried,Quinn-Jones Corp.,26.2,26465.0,68741097.0,Tanya Cohen,Sibling,0019741806663
USLW-APP-20240531-643,2024-05-31,Mortgage,784091.0,Refinance,240.0,664-56-0402,David Hernandez,1969-12-04,Male,Married,Some College,4573 Kathryn Drives Apt. 915,Kimport,California,46641.0,9399683825486,esmith@hotmail.com,Salaried,Ellison-Rivers Corp.,22.2,21752.0,54576137.0,Katie Allison,Friend,1979109352
USLW-APP-20250207-525,2025-02-07,Mortgage,211850.0,Refinance,284.0,304-72-6684,Zachary Kelly,1983-05-22,Female,Married,Master's Degree,6529 Ellis Ramp Suite 957,Port Danielle,Nevada,71158.0,2329301582,elizabeth75@watson.com,Hourly,Brown Inc Corp.,27.0,17898.0,118008347.0,Peter Ross,Sibling,1172106751
USLW-APP-20240615-266,2024-06-15,Auto,7401.0,Used Car Purchase,26.0,466-09-6496,Madeline Sullivan MD,2000-09-21,Other,Widowed,Doctorate,40468 Cole Isle,Matthewborough,Oklahoma,14537.0,9946066324,robert48@hotmail.com,Self-Employed,Potts LLC LLC,11.7,6642.0,46556107.0,Joseph Paul,Sibling,0010629756240
USLW-APP-20250202-920,2025-02-02,Small Business,133276.0,Expansion,50.0,749-21-1800,Donald Washington,1983-03-22,Male,Widowed,Doctorate,2219 Phillips Garden Apt. 555,East Gregory,Rhode Island,54998.0,570060245045115,lcarter@gmail.com,Salaried,Clark-Palmer Corp.,11.3,29367.0,108015780.0,Ricky Walker,Friend,0014906350027
USLW-APP-20240912-132,2024-09-12,Personal,28266.0,Debt Consolidation,27.0,460-28-5255,Kelli Nichols,1982-10-24,Female,Separated,Master's Degree,012 Johnson Mission,South Olivia,Nevada,99051.0,165785450157320,holmeslaura@garcia-wilson.net,Self-Employed,"Floyd, Moreno and Castro LLC",2.2,12871.0,111841611.0,Theresa Baldwin DVM,Spouse,61519529640719
USLW-APP-20240414-865,2024-04-14,Small Business,89044.0,Startup Costs,26.0,800-82-2181,Gerald Robertson,2005-11-23,Male,Separated,High School Diploma,722 Callahan Locks Apt. 903,Larrymouth,Michigan,60241.0,4249757628,zhernandez@thomas-key.com,Salaried,Hicks-Garcia Corp.,5.7,12563.0,88264389.0,Allen Lawson,Sibling,8668748310338
USLW-APP-20240509-752,2024-05-09,Personal,47178.0,Education,26.0,236-80-2204,Scott Trujillo,2006-10-18,Male,Married,Master's Degree,0116 Kelsey Crest,West Lauraburgh,Iowa,4588.0,00168895346637820,xturner@lozano.info,Hourly,"Stevens, Matthews and Garcia Corp.",8.9,13536.0,67725056.0,Leslie Bowen,Parent,4952661666
USLW-APP-20240822-976,2024-08-22,Small Business,380685.0,Expansion,68.0,637-13-4592,Beth Carter,2003-02-03,Female,Separated,High School Diploma,6066 Wallace Village Apt. 372,West Steven,Louisiana,81315.0,1190340000,bowmanandrew@yahoo.com,Self-Employed,"Browning, Cruz and Johnson LLC",14.4,16098.0,63729098.0,Brian Salazar,Spouse,9856061775440
USLW-APP-20250309-125,2025-03-09,Mortgage,454953.0,Refinance,256.0,863-77-2532,Cole Curry,1996-09-27,Other,Single,Some College,470 Gould Locks Apt. 393,Lake Eddie,Oklahoma,78359.0,19664999958267,celliott@wallace-allen.com,Hourly,Kim-Banks Corp.,0.5,17154.0,106873953.0,James Thompson,Parent,4838334872
USLW-APP-20240428-322,2024-04-28,Small Business,49034.0,Inventory,59.0,347-39-5119,Leslie Woods,1955-04-18,Male,Widowed,Associate's Degree,811 Troy Prairie Apt. 067,Mitchellberg,Alaska,53824.0,0013427442370,nataliegilbert@moore.info,Self-Employed,"Howard, Ortiz and Malone LLC",5.7,9526.0,74022865.0,Connie Allen,Parent,5459611158486
USLW-APP-20240917-366,2024-09-17,Small Business,275908.0,Startup Costs,80.0,239-93-3096,Ronald Sparks,1978-08-07,Female,Widowed,Some College,2315 Zimmerman Mount Apt. 503,Bensonberg,Iowa,54397.0,8864786495,mckaycolleen@mann.net,Salaried,Fletcher PLC Corp.,29.4,27480.0,28206019.0,Matthew Roberts,Parent,7647675967
USLW-APP-20240827-247,2024-08-27,Auto,30046.0,Refinance,69.0,470-21-6017,Willie Daniels,2003-01-27,Female,Married,High School Diploma,75782 Rose Falls Suite 242,New Alex,Alabama,38573.0,5801280023,joelhunt@gmail.com,Salaried,Munoz-Harmon Corp.,11.5,5055.0,21941067.0,Michael Caldwell,Parent,63533746671906
USLW-APP-20241025-204,2024-10-25,Mortgage,83512.0,Refinance,360.0,117-48-7629,Courtney Perry,1999-04-07,Female,Widowed,Master's Degree,00029 Gwendolyn Unions,Deborahshire,South Dakota,92488.0,59526094129274,qgriffin@neal.org,Self-Employed,Lyons-Nunez LLC,19.1,4117.0,126817054.0,Tina Scott,Sibling,259943631232550
USLW-APP-20240919-323,2024-09-19,Small Business,292297.0,Equipment Purchase,51.0,100-20-0968,Dr. Jessica Reyes,1972-10-29,Other,Separated,Associate's Degree,460 Newton Wells,Katrinaport,Nevada,93644.0,00105855778163948,sonya21@hotmail.com,Salaried,Colon LLC Corp.,15.7,4760.0,74268328.0,Barbara Rice,Spouse,103447551771801
USLW-APP-20241006-435,2024-10-06,Personal,30217.0,Education,41.0,698-05-3924,Jessica Shelton,1988-11-30,Male,Separated,Doctorate,80838 Nichols Skyway Apt. 622,Port Traceyport,West Virginia,70830.0,11624957229,anthony16@brown-richmond.com,Self-Employed,"Garza, Robbins and Stevens LLC",11.1,9505.0,109431680.0,Kyle Wolf,Friend,7139473696
USLW-APP-20241020-246,2024-10-20,Mortgage,835678.0,Refinance,209.0,589-82-2876,Jeanette Horn,1968-01-27,Female,Single,Bachelor's Degree,59542 Davis Plains Apt. 169,Brownside,Oklahoma,26013.0,7073372026870,nmatthews@espinoza-steele.com,Salaried,Clark Ltd Corp.,14.9,8405.0,70067510.0,Sarah Cook,Parent,13901898505385
USLW-APP-20240827-390,2024-08-27,Personal,18754.0,Other,47.0,749-65-4908,Brandi Foster,1974-06-09,Female,Separated,Doctorate,42613 Downs Burg Suite 605,Greenberg,Hawaii,64556.0,588070542531317,david18@decker.com,Self-Employed,Lam-Henderson LLC,2.5,5755.0,30152216.0,Dr. Anna Daniels,Parent,0275063415
USLW-APP-20240709-994,2024-07-09,Mortgage,858926.0,Refinance,356.0,759-14-9521,Sarah Wallace,2000-07-05,Other,Widowed,Master's Degree,00649 Morrison Knoll,East Angelaport,Rhode Island,90932.0,4924628630,william11@gmail.com,Salaried,Nicholson Ltd Corp.,10.0,25243.0,123346052.0,Tina Perez,Parent,3481426872
USLW-APP-20241228-918,2024-12-28,Auto,29085.0,Used Car Purchase,41.0,299-89-4484,Lisa Randall,1956-10-05,Female,Married,High School Diploma,4581 Dustin Stream,Alexandermouth,Washington,41085.0,1339523062726254,wheelerrobert@reynolds-griffin.com,Salaried,Pugh-Rojas Corp.,2.1,22196.0,112700272.0,Timothy Kelley,Friend,6691240428
USLW-APP-20241025-972,2024-10-25,Personal,3675.0,Home Improvement,34.0,843-73-7174,Kelly Wilson,1987-11-15,Female,Separated,Doctorate,200 Davis Locks Suite 661,Deannachester,Wisconsin,12792.0,00175960424728011,molson@davis-wang.com,Self-Employed,Brady Group LLC,16.1,10169.0,20104685.0,Alexander Grant,Parent,8641845781
USLW-APP-20241226-573,2024-12-26,Personal,42157.0,Home Improvement,13.0,624-07-8247,James Beck,1957-06-26,Other,Divorced,Some College,64336 Dunlap Isle,South Amber,Iowa,15788.0,2108058807,tayloramy@gmail.com,Salaried,Jordan-Duran Corp.,16.7,14966.0,123639714.0,Jeanette Soto,Friend,1526550042
USLW-APP-20241205-596,2024-12-05,Mortgage,848088.0,Refinance,300.0,549-30-8926,Mary Boyd,1974-04-07,Female,Separated,Doctorate,0779 Daniels Island Apt. 543,Newmanborough,Wisconsin,13940.0,1387995657,michaelbautista@reyes-hernandez.com,Self-Employed,Johnston Inc LLC,7.6,3645.0,32828357.0,Fernando Santana,Spouse,09988186038871
USLW-APP-20241019-776,2024-10-19,Small Business,123284.0,Expansion,83.0,694-02-4838,Mr. Brian Smith,1972-04-17,Female,Married,Master's Degree,490 Phillips Lodge Suite 861,New Garymouth,Washington,24512.0,6311264012643,robinsonkarla@kelley-gill.biz,Hourly,"Flynn, Vaughn and Mills Corp.",0.8,6804.0,30654565.0,Tiffany Garcia,Friend,0350933869
USLW-APP-20240825-909,2024-08-25,Mortgage,600685.0,Home Purchase,239.0,876-43-8790,Omar Allen,1975-02-19,Male,Divorced,Associate's Degree,9526 Jones Knolls Suite 616,Stephenberg,Kansas,97841.0,9810308446,goodwinjennifer@guerrero.info,Self-Employed,Schmidt-Garza LLC,19.4,18518.0,11748461.0,Max Berry,Friend,9840548238048
USLW-APP-20240917-620,2024-09-17,Personal,23056.0,Vacation,27.0,893-97-8288,Christopher Moore,1952-01-14,Male,Widowed,High School Diploma,3404 Ellen Inlet,Jermaineshire,Vermont,18124.0,1542582546711453,douglas79@yahoo.com,Salaried,Cervantes Ltd Corp.,7.4,2807.0,126619825.0,Michael Kelley,Parent,53957873541695
USLW-APP-20241120-221,2024-11-20,Personal,38065.0,Medical Expenses,13.0,239-90-6301,Stacey Logan,1983-12-27,Other,Separated,Bachelor's Degree,002 Tracey Squares,Briannaport,Illinois,81879.0,9868351965866,amiller@hotmail.com,Salaried,Dominguez Inc Corp.,5.5,19504.0,105315713.0,Stephanie Hicks,Sibling,69646179537100
USLW-APP-20240817-136,2024-08-17,Personal,45220.0,Home Improvement,34.0,059-97-0523,Michael Jackson,1955-01-29,Male,Divorced,Some College,5817 Morris Forks,South Samanthabury,Montana,40672.0,2219289947,browndeborah@holden-porter.net,Salaried,Levine-Young Corp.,13.6,3483.0,17509073.0,Natalie Mitchell,Parent,8890592209
USLW-APP-20241104-810,2024-11-04,Personal,25556.0,Education,51.0,092-16-1495,Teresa Gregory,1999-02-20,Other,Separated,Bachelor's Degree,9287 Brittany Burgs Suite 122,Jasontown,Washington,74286.0,0014337018136,josephlopez@david.com,Salaried,Davis LLC Corp.,5.8,16265.0,100030006.0,Terry Ward,Spouse,0013790144579786
USLW-APP-20240409-167,2024-04-09,Auto,23646.0,Refinance,30.0,252-21-8044,Mrs. Susan Byrd MD,1986-11-12,Female,Divorced,Bachelor's Degree,2466 John River Apt. 894,Collinsland,Wisconsin,73190.0,00181290476293032,christopher11@jenkins.com,Self-Employed,"Murphy, Martinez and Oneill LLC",12.9,17414.0,46862833.0,Lauren Richmond,Spouse,8909398594
USLW-APP-20241028-854,2024-10-28,Personal,30558.0,Education,49.0,265-87-7602,Jason Hall,1991-12-04,Other,Single,Master's Degree,6795 Newman Fork Suite 263,East Samantha,North Carolina,92086.0,2000679538,lisarogers@bishop.com,Hourly,Jones Group Corp.,25.1,20199.0,10766486.0,Ashley Hawkins,Spouse,5457606260
USLW-APP-20241009-169,2024-10-09,Mortgage,552053.0,Refinance,229.0,836-60-3890,Jonathan Chavez,1952-10-04,Male,Married,Some College,08416 Miller Bridge Apt. 129,Jamesview,West Virginia,36781.0,5353149222813,hrodriguez@gmail.com,Self-Employed,Bailey-Williams LLC,18.2,20919.0,55805687.0,Alan Johnson,Parent,94103192247584
USLW-APP-20250208-323,2025-02-08,Personal,6173.0,Home Improvement,16.0,741-88-5471,Mrs. Lisa Benton,2001-01-04,Male,Divorced,Bachelor's Degree,283 Lindsay Forest,South Ritahaven,Oklahoma,6479.0,0018761868715714,carterdaniel@gmail.com,Self-Employed,"Gamble, Bryant and Koch LLC",1.3,23492.0,79970255.0,Justin Rice,Parent,001723604941170695
USLW-APP-20250127-449,2025-01-27,Mortgage,215758.0,Home Purchase,214.0,096-27-0474,Andrew Williams,1949-04-27,Other,Divorced,Some College,47028 Justin Prairie,Port Nichole,Colorado,51431.0,1954045775953532,sgreen@hotmail.com,Salaried,Cabrera-Payne Corp.,11.7,9835.0,46433275.0,Tony Webb,Sibling,20343258410070
USLW-APP-20240430-360,2024-04-30,Personal,18348.0,Vacation,17.0,410-89-3027,Michael Armstrong,1992-08-28,Other,Divorced,Some College,323 Simmons Mews Apt. 589,Williamhaven,Alaska,3517.0,0263843778,williamsjason@marshall-robinson.org,Self-Employed,"Cunningham, Jones and Robinson LLC",2.8,13024.0,95861759.0,Antonio Baker,Parent,449536290310560
USLW-APP-20250203-918,2025-02-03,Personal,27275.0,Medical Expenses,32.0,430-09-1845,Felicia Knox,1949-09-17,Other,Widowed,Doctorate,84646 Brady Harbors,New Danielmouth,Mississippi,51836.0,4340421024214,cynthiavaldez@yahoo.com,Salaried,Garcia-Ritter Corp.,4.4,9291.0,57924854.0,Deanna Hobbs,Spouse,5049500922984
USLW-APP-20240406-131,2024-04-06,Personal,29219.0,Vacation,26.0,849-10-5016,Paul Johnson,1975-12-02,Female,Separated,Some College,738 Connie Land Apt. 712,Beverlyborough,South Carolina,54086.0,4857088265348,amanda35@gmail.com,Salaried,Eaton Inc Corp.,20.7,28768.0,65222315.0,Rachel Santana,Parent,2475001571099
USLW-APP-20240626-955,2024-06-26,Personal,23482.0,Home Improvement,18.0,467-07-0611,Tony Ramirez,1994-10-28,Male,Married,High School Diploma,834 Cervantes Isle Apt. 230,New Jacquelineland,Wisconsin,38009.0,0372563280,anthonyturner@santos-miller.net,Self-Employed,Graham-Johnson LLC,4.4,17400.0,27751222.0,Edward Thompson,Parent,230021353551898
USLW-APP-20240608-368,2024-06-08,Personal,28767.0,Vacation,30.0,550-59-3881,Jennifer Robinson,1985-05-27,Other,Widowed,Bachelor's Degree,7249 Latoya Shore Apt. 600,Phillipshire,Alaska,6083.0,9853909967,lauraobrien@avery.com,Salaried,Williams Ltd Corp.,10.0,11399.0,93836430.0,Scott Wilson,Spouse,1275136386471784
USLW-APP-20250117-327,2025-01-17,Personal,46318.0,Medical Expenses,58.0,095-44-9234,Richard Clements,1974-07-21,Female,Married,Some College,8325 Douglas Walk Suite 379,Ashleyview,Nebraska,69290.0,8444123686,anna53@newman.com,Self-Employed,Summers Ltd LLC,12.2,8927.0,80032276.0,Judith Miller,Friend,6829646098
USLW-APP-20250110-228,2025-01-10,Small Business,105399.0,Expansion,58.0,447-29-5434,William Mercado,1951-12-23,Other,Widowed,Associate's Degree,00373 Page Valley Apt. 916,Royborough,Alaska,5209.0,6482191321,jonathanjackson@gmail.com,Hourly,Perez-Davis Corp.,9.4,14030.0,15813017.0,Sarah Anderson,Sibling,3038357681
USLW-APP-20250329-861,2025-03-29,Small Business,388182.0,Equipment Purchase,77.0,491-04-1633,Carol Cantrell,1952-09-16,Male,Separated,High School Diploma,6698 Jason Summit Apt. 764,Aliciaport,New Mexico,62613.0,980754278265312,zgonzalez@gmail.com,Salaried,"Hunt, Atkinson and Roberts Corp.",24.1,16624.0,115202612.0,Cynthia Schultz,Friend,7075782057530
USLW-APP-20240815-167,2024-08-15,Personal,18080.0,Debt Consolidation,43.0,767-49-9329,Cynthia Perez,1951-01-11,Female,Divorced,Associate's Degree,81806 Michael Plaza Suite 559,Port Zachary,Wisconsin,95130.0,6732399475,prestoncynthia@grimes-walters.com,Salaried,Price-Lopez Corp.,4.8,14853.0,20034768.0,John Henderson,Parent,0017434315758
USLW-APP-20250328-748,2025-03-28,Small Business,85274.0,Expansion,66.0,758-90-4294,Corey Dean,1990-07-03,Male,Single,High School Diploma,15302 Candace Circle,Deannashire,Alabama,49968.0,4896569685,fwilson@gmail.com,Salaried,Barnes Group Corp.,4.9,28298.0,59891642.0,Shari Reed,Spouse,9185274754208
USLW-APP-20240726-346,2024-07-26,Mortgage,411318.0,Refinance,277.0,268-28-3325,Christian Reeves,2003-01-29,Male,Separated,Master's Degree,97961 Flores Road,Adamton,Nebraska,89776.0,328874468564476,elizabeth65@martin-torres.biz,Salaried,"Meyer, Henderson and Lee Corp.",16.8,29409.0,81580879.0,Jennifer Schroeder,Friend,001720829821490333
USLW-APP-20250130-385,2025-01-30,Mortgage,135769.0,Home Purchase,196.0,009-38-3410,Brian Woodward,1969-03-22,Male,Widowed,Associate's Degree,211 Carey Shores,Port Maria,Oklahoma,13289.0,4408054719,blakekristin@newton.com,Salaried,Cannon Group Corp.,18.6,5490.0,85405633.0,Kristen Glass,Friend,6110720899747
USLW-APP-20241205-687,2024-12-05,Mortgage,644563.0,Home Purchase,192.0,269-55-3315,Heather Harrell,1995-09-11,Other,Widowed,High School Diploma,1204 Kevin Branch Apt. 441,Lake Christopher,West Virginia,95311.0,2179194448,bgonzalez@hansen-dillon.com,Self-Employed,Brown Group LLC,2.3,15506.0,90835175.0,Steven Foster,Parent,5119503265915
USLW-APP-20240511-783,2024-05-11,Small Business,238857.0,Equipment Purchase,36.0,623-55-1260,Kevin Burton,1964-05-02,Male,Divorced,Associate's Degree,950 Ingram Underpass,South Nicholas,Alaska,17494.0,437455981345483,stokeschristine@gmail.com,Salaried,Nelson-Callahan Corp.,8.4,12941.0,24029724.0,William Buckley,Spouse,4368967851
USLW-APP-20240418-507,2024-04-18,Mortgage,857487.0,Home Purchase,225.0,712-77-3845,James Doyle,1962-02-28,Other,Widowed,Doctorate,183 Medina Mall Suite 364,Bowersview,Alaska,7399.0,00157480893890651,natalie47@gmail.com,Salaried,Reyes Ltd Corp.,23.2,15299.0,83200092.0,Karen Suarez,Sibling,49716500999850
USLW-APP-20241104-257,2024-11-04,Personal,40886.0,Debt Consolidation,43.0,704-56-7867,Eric Johnson,2005-10-19,Female,Married,Doctorate,62002 Hess Island Apt. 675,Lake Edward,Wisconsin,20976.0,9568371668074,prios@gmail.com,Self-Employed,Hansen Ltd LLC,16.4,7832.0,30563326.0,Christopher Smith,Parent,10057216065888
USLW-APP-20240409-100,2024-04-09,Mortgage,887374.0,Refinance,330.0,170-89-0352,Michelle Williams,1976-11-10,Male,Single,Associate's Degree,966 Duncan Valleys,South Allison,Hawaii,28973.0,290131043789601,gonzalestony@hall-conrad.com,Salaried,"Brown, Hill and Medina Corp.",22.7,23413.0,38864085.0,Brian Martinez,Friend,943653722714202
USLW-APP-20250309-129,2025-03-09,Personal,33777.0,Home Improvement,48.0,322-24-3585,Monique Wilson,1986-02-09,Male,Widowed,Some College,899 Jennings Heights Suite 076,Bookerside,Nebraska,7373.0,4695195848,hollystewart@gmail.com,Salaried,"Buchanan, Jones and Short Corp.",20.1,29503.0,30288384.0,Laura Davis,Spouse,2708348502
USLW-APP-20250101-644,2025-01-01,Personal,22499.0,Vacation,39.0,139-50-6797,Brenda Clark,1989-01-30,Male,Married,Bachelor's Degree,4678 Jennifer Freeway,Wigginsbury,Ohio,48721.0,15293841864011,stevenkennedy@weaver-powell.org,Self-Employed,Mitchell-Morse LLC,2.6,22785.0,93876597.0,Daniel Liu,Parent,5600016240
USLW-APP-20240531-993,2024-05-31,Small Business,443860.0,Equipment Purchase,54.0,394-27-0357,Laura Strickland,1962-12-20,Other,Single,Master's Degree,506 Sanchez Overpass Suite 600,Lake Jessicafort,Iowa,71421.0,001797560670474637,garciajeremy@christensen.com,Salaried,"Roberts, Hamilton and Watson Corp.",7.1,5343.0,69227099.0,Sara Gibson,Friend,14587246223
USLW-APP-20250309-370,2025-03-09,Personal,42216.0,Education,26.0,100-68-5855,Richard Lopez,1951-08-12,Other,Widowed,Bachelor's Degree,74742 Timothy Avenue,Wellsshire,North Carolina,54412.0,10582321615767,martinchristian@yahoo.com,Self-Employed,Atkins-Salas LLC,14.4,21714.0,80549390.0,Matthew Williams,Parent,2087219765
USLW-APP-20240923-601,2024-09-23,Personal,19998.0,Home Improvement,48.0,409-13-3957,Lisa Howard,1949-06-06,Male,Single,Some College,9847 Cook Ports Apt. 585,New Kristina,Alaska,76306.0,9510760008,benderrobert@gmail.com,Salaried,Pittman-Ayers Corp.,9.0,17410.0,46886987.0,Kimberly Morales,Parent,13562124930117
USLW-APP-20241208-473,2024-12-08,Mortgage,484492.0,Refinance,276.0,077-22-1350,Joshua Archer,2005-01-01,Male,Separated,Bachelor's Degree,49934 Omar Prairie,Port Ericview,Iowa,37717.0,2304246582,fking@gmail.com,Salaried,"Mcneil, Miller and Smith Corp.",28.2,14753.0,108710331.0,Michael Smith,Sibling,6016002453406
USLW-APP-20240428-361,2024-04-28,Small Business,313639.0,Startup Costs,44.0,562-92-3866,Christina Anderson,1985-10-12,Other,Married,Master's Degree,9733 Linda Canyon Apt. 488,Austinfort,Mississippi,2437.0,2536273294,lynnharris@harper.com,Hourly,Higgins and Sons Corp.,23.0,25214.0,11459129.0,Wesley Robles,Sibling,6591392221
USLW-APP-20240703-477,2024-07-03,Small Business,27616.0,Expansion,25.0,223-76-7732,Lynn Moore,1971-08-25,Other,Divorced,Associate's Degree,31684 Williams Ville,Port Amber,Alabama,20088.0,1338160361154043,veronica36@bridges-cochran.com,Salaried,Moore-Hunter Corp.,29.3,28793.0,46664277.0,Calvin Bolton,Friend,889920175846497
USLW-APP-20241004-793,2024-10-04,Personal,20362.0,Other,35.0,459-18-1241,Robin Cain,1977-01-16,Other,Single,Master's Degree,832 Hood Junctions,Cherylborough,Iowa,37133.0,1691773492343654,andrew66@jimenez.com,Salaried,"Lewis, Lee and Rogers Corp.",20.3,10885.0,69940651.0,Marissa Pena,Parent,984225394404375
USLW-APP-20240403-319,2024-04-03,Mortgage,189924.0,Home Purchase,185.0,338-87-9066,Melissa Sanders,1977-04-11,Female,Single,Associate's Degree,281 Lisa Vista,Browntown,Louisiana,23028.0,19386671894773,wrightshannon@coleman-miller.com,Salaried,"Perez, Knight and Hughes Corp.",7.6,19534.0,41583065.0,Amanda Flowers,Parent,414127946376080
USLW-APP-20250304-237,2025-03-04,Small Business,363957.0,Working Capital,65.0,813-63-7573,Daniel Soto,2003-06-25,Male,Divorced,High School Diploma,29689 Brandon Road,South Isaiah,Wisconsin,80441.0,13067391914947,kelly77@king.com,Hourly,Horton-Walker Corp.,14.9,11762.0,24152853.0,Nicholas Jackson,Sibling,173092783403460
USLW-APP-20240719-945,2024-07-19,Personal,43490.0,Other,32.0,749-57-1611,Jeremy Flores,2003-08-07,Male,Divorced,Some College,76541 Allen Port,Lake Wendybury,Illinois,80073.0,89836700047411,gainesbrianna@gmail.com,Salaried,White Inc Corp.,7.3,3047.0,86970332.0,Peter Smith,Friend,173742648560504
USLW-APP-20240805-121,2024-08-05,Personal,3000.0,Debt Consolidation,54.0,113-83-3123,Christopher Lawson,1993-11-08,Female,Separated,High School Diploma,43811 Adam Rue,Gibsonview,Hawaii,34302.0,0019555687194,michael02@hotmail.com,Hourly,Arroyo Inc Corp.,20.4,6412.0,31565653.0,Charles Miller,Spouse,172252214206554
USLW-APP-20241230-632,2024-12-30,Small Business,450793.0,Startup Costs,71.0,873-29-6974,Beth Chavez,1994-01-01,Other,Widowed,Doctorate,165 Jones Hollow,Port Jamie,Mississippi,60793.0,8333851741467,floydteresa@gmail.com,Salaried,"Peterson, Holt and Long Corp.",10.5,7011.0,105310475.0,Jenna Norman,Parent,1441961676437061
USLW-APP-20240829-482,2024-08-29,Personal,27935.0,Vacation,32.0,870-99-1771,Amanda West,2006-01-10,Other,Separated,High School Diploma,370 Jamie Pass Apt. 902,South Megan,Louisiana,83872.0,00143337190265592,matthewcastaneda@hotmail.com,Self-Employed,Barrett and Sons LLC,18.2,21044.0,41594591.0,Heather Casey,Friend,2513397760
USLW-APP-20240627-714,2024-06-27,Auto,58775.0,Refinance,38.0,640-49-8584,Andrew Murray,1974-09-05,Male,Divorced,High School Diploma,9648 Michael Manors,Lake Alan,Rhode Island,56738.0,3781943810,wstewart@hunt.com,Self-Employed,Acosta-Lee LLC,14.5,24896.0,40670607.0,Sandra Jackson,Friend,3865558654234
USLW-APP-20241013-360,2024-10-13,Small Business,292339.0,Equipment Purchase,24.0,383-56-8858,Dawn Rodriguez,1956-03-09,Male,Single,Doctorate,3073 Kimberly Village Apt. 348,Adkinsshire,Iowa,57004.0,73354757315427,thompsondaisy@yahoo.com,Salaried,"Avery, Hays and Wall Corp.",5.9,14239.0,106005035.0,Trevor Huang,Spouse,36157306001547
USLW-APP-20240510-312,2024-05-10,Mortgage,665635.0,Refinance,296.0,309-39-3845,Anthony Mccormick,2004-10-27,Male,Separated,Doctorate,01210 Tiffany Skyway Apt. 959,Taylortown,Illinois,48661.0,1978386997468571,allison96@johnson.com,Salaried,"Spencer, Thomas and Miller Corp.",16.8,10263.0,99904117.0,James Scott,Spouse,0013491219786815
USLW-APP-20240510-260,2024-05-10,Personal,38234.0,Debt Consolidation,14.0,353-53-6932,Megan Williamson,1968-09-14,Other,Single,Doctorate,882 Timothy Cliff Suite 144,Williamsonstad,Alaska,60170.0,8696957550,derickson@henry.com,Hourly,"Walker, Hayes and Dorsey Corp.",9.1,20583.0,24569378.0,Brandon Wells,Sibling,3931132879123
USLW-APP-20240720-310,2024-07-20,Small Business,398325.0,Inventory,33.0,658-60-8732,Ryan Brown,1958-09-08,Male,Widowed,Bachelor's Degree,67177 Wilson Cliff Suite 827,Lake Adam,Iowa,72138.0,594620096692307,pmason@gmail.com,Salaried,Gutierrez Ltd Corp.,25.6,6754.0,115284986.0,Jessica Henderson,Friend,7830832300
USLW-APP-20240922-639,2024-09-22,Mortgage,397695.0,Refinance,220.0,291-88-8844,Linda Singh,1976-05-02,Other,Married,Associate's Degree,189 Daniel Lodge Apt. 227,New Jasonbury,Florida,23164.0,0012957134813294,cynthiasmith@gomez.biz,Salaried,Romero-Gordon Corp.,3.0,29248.0,120727425.0,Jennifer Munoz,Friend,600351250721685
USLW-APP-20241106-473,2024-11-06,Mortgage,348041.0,Refinance,217.0,391-70-0572,Timothy Hart,1996-08-29,Female,Married,Associate's Degree,004 Clark Garden,Jenniferfort,Illinois,3393.0,3497018872,howelljane@lopez-oconnor.info,Salaried,Erickson PLC Corp.,9.3,17974.0,66816649.0,Kerry Maxwell,Sibling,8414551085
USLW-APP-20250331-628,2025-03-31,Auto,35820.0,Used Car Purchase,46.0,828-55-0616,Nicole Bennett,1976-06-22,Female,Separated,Bachelor's Degree,4226 Jacob Parkway,Michelechester,Kansas,65985.0,8767229642,robert68@jacobs-carroll.org,Salaried,White-Byrd Corp.,24.7,9924.0,101985040.0,Kaitlyn Kelley,Spouse,8064186954311
USLW-APP-20250115-693,2025-01-15,Personal,2901.0,Medical Expenses,27.0,169-82-9041,Donald Garrison,1998-11-24,Male,Separated,Doctorate,8973 Oneill Stravenue,Barbaraburgh,Wisconsin,42628.0,2686979687,ulee@gmail.com,Hourly,Wood and Sons Corp.,3.0,23954.0,12591170.0,Helen Ward,Friend,5576033558
USLW-APP-20250327-623,2025-03-27,Personal,11253.0,Vacation,45.0,361-85-5497,Michael Smith,2000-07-21,Other,Single,Master's Degree,259 Sharon Squares,East Daltonburgh,Vermont,88149.0,00148801734419423,loconnell@gmail.com,Salaried,"Lambert, Mullins and Richardson Corp.",11.5,9528.0,50320390.0,Amy Gray,Parent,2598665021
USLW-APP-20241005-368,2024-10-05,Personal,20049.0,Other,16.0,043-06-0671,Elizabeth King,1992-02-21,Other,Widowed,Doctorate,36127 Jennifer Tunnel,Port Stevenburgh,West Virginia,54863.0,4395002194,andreamiller@taylor.com,Salaried,"Stewart, Pierce and Harris Corp.",12.4,18463.0,85161430.0,Steve Riley,Sibling,08185580910030
USLW-APP-20240602-642,2024-06-02,Auto,18245.0,Refinance,64.0,030-25-4012,Dr. Erika Garcia DDS,1987-10-02,Male,Widowed,Some College,0196 Katrina Corners,East Briannastad,Vermont,99022.0,4803143000398,woodjacob@hotmail.com,Salaried,"Ramirez, Arias and Calhoun Corp.",26.1,6526.0,30513538.0,Cynthia Wilcox,Friend,9013517187
USLW-APP-20240508-406,2024-05-08,Personal,28264.0,Other,27.0,438-64-7298,David Johnson,1997-02-16,Male,Widowed,Master's Degree,5221 Richard Coves Apt. 556,Jasonberg,South Dakota,4348.0,8114007912,karcher@gmail.com,Salaried,Maxwell Inc Corp.,20.8,25210.0,107079701.0,James Sullivan,Parent,2253080740109
USLW-APP-20240828-932,2024-08-28,Personal,33614.0,Education,41.0,517-07-7422,Mr. Jeremy Allen,1985-07-05,Female,Widowed,Associate's Degree,77243 Weaver Square Suite 575,Bentonborough,West Virginia,34225.0,9777938310,eddieprice@yahoo.com,Self-Employed,Hess-Buchanan LLC,12.3,20389.0,120529076.0,Cassandra Martin,Spouse,6127533045556
USLW-APP-20241225-355,2024-12-25,Mortgage,195446.0,Refinance,199.0,374-58-4804,Christopher Ward,1952-07-09,Female,Single,Associate's Degree,987 Johnny Oval Apt. 782,Thomasfort,Oklahoma,52336.0,0369477250010,fdelacruz@keller.org,Self-Employed,Hill Group LLC,14.5,19070.0,36773547.0,Tyler Lindsey,Sibling,9586667057607
USLW-APP-20241105-172,2024-11-05,Small Business,143376.0,Expansion,64.0,012-59-4155,Kevin Byrd,1988-06-08,Female,Separated,Associate's Degree,929 Richard Forks,Turnerborough,Nevada,68703.0,196748517297877,hlowery@hill.com,Salaried,"Wells, Adkins and Perez Corp.",8.2,28959.0,64351494.0,Robert Fischer,Sibling,38212300803497
USLW-APP-20250128-227,2025-01-28,Personal,29387.0,Debt Consolidation,20.0,165-96-9998,Veronica Murphy,1967-05-07,Female,Married,Bachelor's Degree,261 Young Point Suite 946,South Emilyborough,South Dakota,42769.0,15024270077,stacy13@johnson-velasquez.com,Salaried,"Hernandez, Clark and Butler Corp.",16.6,16146.0,18627556.0,Samuel Miller,Sibling,2770340579
USLW-APP-20241225-518,2024-12-25,Mortgage,426121.0,Home Purchase,347.0,265-12-6724,Kenneth Garcia,1984-01-24,Male,Separated,High School Diploma,410 Julia Wells,Brianaview,Iowa,27498.0,2632987307982,chanchristopher@yahoo.com,Salaried,Davis Group Corp.,17.3,3976.0,19606990.0,John Ponce,Parent,001046517744404432
USLW-APP-20240904-495,2024-09-04,Personal,13827.0,Home Improvement,34.0,476-35-4655,Brett Oliver,1978-05-24,Other,Widowed,Master's Degree,9069 Simpson Avenue,Port Paul,Vermont,82404.0,0012491470719786,rodriguezdaniel@hotmail.com,Salaried,Casey LLC Corp.,5.9,22335.0,97130569.0,Morgan Lynch,Spouse,7046871137
USLW-APP-20250222-930,2025-02-22,Mortgage,728650.0,Home Purchase,290.0,419-13-7208,Andrew Reed,1961-06-05,Male,Married,Associate's Degree,641 Kelly Cove Apt. 977,Rhondashire,Connecticut,66126.0,16868900761455,stuartsanchez@coleman.net,Salaried,"Collins, Franklin and Dillon Corp.",20.0,27872.0,16334689.0,Ashley Cook,Sibling,001073952056386107
USLW-APP-20240827-820,2024-08-27,Personal,19801.0,Vacation,59.0,080-58-8251,James Elliott,1999-11-27,Female,Widowed,Associate's Degree,858 Haynes Station,Thomasfort,Vermont,77827.0,071184406788741,hendersonjessica@gonzalez.info,Salaried,Garcia Ltd Corp.,11.7,13985.0,51150022.0,Heather Smith,Parent,0793100033593
USLW-APP-20240826-810,2024-08-26,Personal,22188.0,Other,25.0,117-39-5237,Bradley Jones,2004-04-14,Male,Widowed,Some College,15232 Wells Ramp,Joseland,Louisiana,28122.0,16674674297809,rickydixon@yahoo.com,Salaried,Gilbert Group Corp.,16.4,10286.0,75309150.0,Steven French,Sibling,9529133866794
USLW-APP-20250219-699,2025-02-19,Auto,58097.0,Used Car Purchase,53.0,112-64-2858,Daniel Wilson,1975-07-02,Other,Single,Associate's Degree,9443 Torres Roads Apt. 529,Markborough,Alabama,65937.0,25135260695698,xperry@hunt-payne.com,Salaried,Reeves Inc Corp.,6.3,10890.0,116830070.0,Crystal Ramirez,Friend,17912645233263
USLW-APP-20250301-103,2025-03-01,Personal,26468.0,Debt Consolidation,22.0,590-89-2313,Diane Hughes,2002-01-25,Other,Single,Some College,344 Mark Forges,North Erinbury,Wisconsin,91350.0,2881464366,qklein@cuevas-bray.com,Salaried,Turner-Nixon Corp.,21.1,13298.0,58486333.0,Angela Conley,Spouse,0015030859940620
USLW-APP-20240731-640,2024-07-31,Small Business,267239.0,Expansion,39.0,745-15-9057,Christopher James,1986-04-13,Other,Divorced,Associate's Degree,332 Donna Trafficway Suite 704,Lucasville,Nebraska,81041.0,0782904795032,kellybarnes@rodriguez.com,Salaried,"Johnson, Freeman and Ortiz Corp.",22.4,17204.0,14231140.0,Daniel Beasley,Sibling,4496772601
USLW-APP-20240429-934,2024-04-29,Small Business,259978.0,Working Capital,59.0,113-97-9195,Adam Logan,1971-10-23,Other,Separated,Master's Degree,6189 Juan Parkway,West Alec,Nebraska,43880.0,001352493111759881,jcaldwell@gmail.com,Salaried,"Smith, Clark and Davidson Corp.",20.8,23437.0,35379104.0,Benjamin Medina,Spouse,9320004357
USLW-APP-20250202-345,2025-02-02,Personal,27012.0,Vacation,58.0,169-58-2268,Dylan Nolan,1967-12-16,Female,Widowed,High School Diploma,82316 Mora Valleys Apt. 029,South Krystal,Arkansas,18230.0,5015205159,leematthew@hotmail.com,Salaried,Rodriguez Group Corp.,27.4,16198.0,117395491.0,Christopher Soto,Sibling,0019280958834321
USLW-APP-20240627-704,2024-06-27,Small Business,303785.0,Inventory,78.0,528-65-1818,Angela Dennis,1980-10-04,Male,Married,Doctorate,656 Peters Drives Suite 889,Amandastad,Iowa,46225.0,2744135396,daniel71@gmail.com,Hourly,"Diaz, Wu and Smith Corp.",17.7,2159.0,117853580.0,John Gutierrez,Sibling,6834036342
USLW-APP-20250301-642,2025-03-01,Personal,44616.0,Education,17.0,360-52-4169,Tracy Williams,1953-08-04,Male,Divorced,Master's Degree,522 Lance Mill,Debrachester,Hawaii,78702.0,3215851189,riveratracy@jackson.org,Salaried,Clark-Adams Corp.,16.0,28881.0,45715185.0,Russell Baker,Parent,1647866465
USLW-APP-20250105-346,2025-01-05,Personal,18661.0,Medical Expenses,16.0,587-11-1422,Michael Alvarado,2007-01-22,Other,Divorced,Associate's Degree,73230 Savage Mission Suite 088,New Richardberg,Vermont,78754.0,001795727956774120,rebeccacampbell@bates.org,Self-Employed,"Mitchell, Scott and Thompson LLC",3.3,5890.0,65780268.0,Alexis King,Spouse,0838396481
USLW-APP-20250201-324,2025-02-01,Mortgage,716182.0,Home Purchase,310.0,604-68-7627,Mark Flores,1962-08-03,Female,Married,Associate's Degree,365 Ward Skyway Suite 013,South Natalie,North Carolina,41286.0,61633561898709,fryebrian@yahoo.com,Hourly,"Delgado, Lucas and Walker Corp.",26.0,12898.0,34531804.0,Keith Wilson,Spouse,0013800552254
USLW-APP-20250204-940,2025-02-04,Personal,48408.0,Vacation,33.0,800-01-6893,Dana Jones,1981-10-21,Female,Separated,High School Diploma,2414 Donna Trail Suite 330,North Lauraside,Arkansas,49661.0,6450546158,rebecca50@gmail.com,Hourly,Johnson-Wilson Corp.,23.8,20815.0,33434902.0,Alicia Simpson,Parent,5742543178
USLW-APP-20240414-875,2024-04-14,Small Business,174031.0,Working Capital,83.0,187-45-1944,Matthew Martin,1971-12-10,Male,Widowed,High School Diploma,3989 Pamela Center Apt. 071,Watsonport,Illinois,99150.0,0011860216366,bwatson@hotmail.com,Salaried,"Robertson, King and Wong Corp.",26.3,20494.0,120372456.0,Amanda Anderson,Spouse,4012417601756
USLW-APP-20240605-630,2024-06-05,Mortgage,907616.0,Home Purchase,252.0,457-52-1131,Jodi Mendoza,1970-03-29,Other,Divorced,Doctorate,2171 Colton Island,Mitchellbury,Vermont,12375.0,0012952518987388,tylerobrien@hotmail.com,Self-Employed,Sanchez-Rivas LLC,11.7,10447.0,71674902.0,Christopher Copeland,Parent,1163517886228887
USLW-APP-20240717-685,2024-07-17,Mortgage,490300.0,Refinance,324.0,609-16-5528,Charles Steele,1997-07-11,Male,Single,Some College,24164 Taylor Overpass,Bryantstad,Oklahoma,53652.0,11596906345,mhall@gmail.com,Salaried,Wood-Woods Corp.,7.8,28924.0,60959159.0,Shirley Thornton,Parent,00189838165447215
USLW-APP-20240819-824,2024-08-19,Small Business,120204.0,Working Capital,70.0,124-36-9008,Christopher Finley,1998-05-11,Other,Separated,Master's Degree,35479 Travis Walk Suite 580,Lake Davidton,Washington,13624.0,9191591598390,vtorres@wyatt.com,Salaried,Anderson-Herrera Corp.,3.8,13103.0,59868086.0,Pedro Heath,Sibling,1747532307604567
USLW-APP-20250320-213,2025-03-20,Personal,5431.0,Debt Consolidation,37.0,847-07-3387,Lisa Buck,1959-12-10,Male,Single,Doctorate,8803 Allen Pass,Ericside,Virginia,29164.0,3277506035,carla41@yahoo.com,Salaried,Barr-Valenzuela Corp.,17.6,13260.0,107940432.0,Phillip Harrell,Friend,7051422241
USLW-APP-20240502-853,2024-05-02,Personal,11154.0,Home Improvement,41.0,080-08-5215,Michelle Schmidt,2002-01-19,Female,Single,Bachelor's Degree,65438 Richard Shoals,North Michellefurt,California,78097.0,3586068091,dheath@gordon.com,Salaried,Jackson-Cole Corp.,7.3,17613.0,70734717.0,Kenneth Reynolds,Friend,3534544125
USLW-APP-20241231-951,2024-12-31,Small Business,435606.0,Equipment Purchase,39.0,087-41-7266,Carl Harris,1981-09-04,Male,Single,Master's Degree,116 Daniel Bypass,Port Seanmouth,Connecticut,74076.0,9790797385,twagner@hotmail.com,Salaried,Gonzalez LLC Corp.,17.5,5181.0,65747890.0,Virginia Alvarez,Spouse,3830180670
USLW-APP-20241208-683,2024-12-08,Small Business,158172.0,Equipment Purchase,63.0,679-79-5606,Emily Castillo,2005-01-18,Other,Separated,Some College,721 Stacy Motorway Suite 564,Gonzalezfurt,Rhode Island,72786.0,4467240205,oward@hotmail.com,Salaried,Baker-Adkins Corp.,9.6,11710.0,73103484.0,Elizabeth Rice,Friend,7633814950786
USLW-APP-20250203-174,2025-02-03,Personal,9460.0,Vacation,46.0,406-18-9414,Linda Lopez,1987-03-25,Other,Single,Doctorate,75579 Fernandez Ridge,Justinview,Illinois,11667.0,185625432167253,xnash@anderson.com,Salaried,Cochran-Watkins Corp.,9.4,7171.0,47070776.0,Austin York,Spouse,6671930613
USLW-APP-20250111-345,2025-01-11,Mortgage,105029.0,Home Purchase,320.0,013-84-8978,Jay Garcia,1972-03-15,Female,Married,Bachelor's Degree,8582 Kim Branch,Evansport,Ohio,5755.0,054492118834498,david98@hotmail.com,Salaried,"Kirk, Howard and Farmer Corp.",20.0,8729.0,92336096.0,Douglas Vasquez,Sibling,7031171912
USLW-APP-20240718-484,2024-07-18,Small Business,466353.0,Equipment Purchase,77.0,842-23-9453,Dylan Willis,1994-04-24,Male,Single,High School Diploma,11614 Nicholas Rest,Smallmouth,Oklahoma,92111.0,1204916541,ksnyder@chang-clark.com,Self-Employed,Mclaughlin and Sons LLC,12.6,13795.0,88962429.0,Christine Brandt,Friend,666661539126644
USLW-APP-20250402-826,2025-04-02,Personal,29685.0,Other,54.0,384-29-3847,Gordon Rogers,1962-02-27,Other,Separated,Master's Degree,428 Maria Green Apt. 808,Danaberg,Oklahoma,88532.0,001298198264450289,eyates@hernandez.biz,Salaried,Kane-Miles Corp.,9.6,15166.0,102217791.0,Brian Christensen,Spouse,544026995627108
USLW-APP-20250321-554,2025-03-21,Mortgage,739703.0,Home Purchase,353.0,325-52-6664,Nicole Kirk,2005-06-11,Male,Separated,Bachelor's Degree,611 Sanders Estates,New Heidimouth,Vermont,1929.0,0876704033,esparzaalisha@yahoo.com,Self-Employed,Larsen-Santana LLC,3.4,3865.0,127159795.0,Kimberly Jones,Sibling,2324146004
USLW-APP-20240823-373,2024-08-23,Personal,2271.0,Debt Consolidation,40.0,006-02-4773,Vicki Stewart,1984-02-10,Other,Separated,Master's Degree,2434 Erin Pike,Howardview,Vermont,7920.0,001603561375999078,christopherfreeman@hansen-dawson.com,Salaried,Fields Group Corp.,13.4,19968.0,37421225.0,Timothy Guerrero,Sibling,18158485902993
USLW-APP-20240913-592,2024-09-13,Personal,25678.0,Medical Expenses,28.0,570-18-1610,Andrew Deleon,1957-10-08,Other,Separated,Associate's Degree,3413 Green Forge,Serranotown,Iowa,7180.0,147240864891728,carlchase@lewis-smith.org,Salaried,"Carter, Palmer and Martinez Corp.",3.4,25579.0,13968993.0,Ashley Wiggins,Sibling,0011284324731774
USLW-APP-20250121-116,2025-01-21,Auto,28495.0,Refinance,33.0,498-97-4064,Rodney Howard,1996-01-05,Male,Single,Some College,15861 Shelton Forge,West Thomaston,Michigan,39638.0,0015769435,sharpvictoria@gmail.com,Self-Employed,Adams Ltd LLC,17.1,16823.0,115026885.0,Christopher Black,Sibling,70431378871466
USLW-APP-20240912-546,2024-09-12,Personal,8124.0,Debt Consolidation,29.0,804-20-7790,Amy Richmond,1982-02-10,Female,Married,Associate's Degree,932 Gomez Mews,Taylorberg,Oklahoma,13103.0,8476473274,haneybarbara@gmail.com,Salaried,"Smith, Brewer and Hendrix Corp.",18.7,23704.0,10092040.0,Mr. Johnathan Walker,Sibling,00171048967200883
USLW-APP-20241020-579,2024-10-20,Small Business,257789.0,Inventory,72.0,220-27-5245,Melissa Le,1995-01-05,Other,Widowed,Master's Degree,5501 William Mountain,Rachelville,Iowa,54646.0,625174586574666,gibarra@gmail.com,Salaried,Davis-Wade Corp.,28.6,28639.0,93051189.0,Ashley Kelley,Spouse,7931509828
USLW-APP-20240406-306,2024-04-06,Mortgage,691754.0,Refinance,353.0,614-04-0717,Samantha Lambert,2007-02-10,Male,Divorced,High School Diploma,571 Kelly Keys Apt. 458,North Thomas,Iowa,90680.0,6670136754,kevin47@blair.com,Self-Employed,Ross Group LLC,10.1,12598.0,78891461.0,James Smith,Sibling,10384436579
USLW-APP-20240512-160,2024-05-12,Personal,46599.0,Other,58.0,874-64-8859,Debra Burton,1990-04-17,Male,Widowed,Master's Degree,80325 Dylan Ports,Roweville,South Carolina,3882.0,0013535225709,joshuahardy@taylor.com,Salaried,"Johnson, Jennings and Perkins Corp.",8.3,23975.0,72056176.0,Courtney Robinson,Parent,028546263075279
USLW-APP-20240527-371,2024-05-27,Personal,45471.0,Medical Expenses,57.0,595-93-8455,Michael Weiss,1974-02-14,Other,Separated,Associate's Degree,875 Gomez Mission,East Sarah,Oklahoma,1824.0,139297663905860,icook@yahoo.com,Salaried,"Gray, Sandoval and Garrett Corp.",0.7,13127.0,113627008.0,Amanda Wright,Friend,36976848933594
USLW-APP-20241026-753,2024-10-26,Auto,64326.0,New Car Purchase,38.0,516-72-3121,Matthew Richards,1995-02-21,Female,Widowed,Doctorate,17327 Johns Hollow Suite 101,Richmondshire,Alaska,75169.0,13656907501,vcarter@yahoo.com,Salaried,"Nunez, Jones and Fox Corp.",18.0,5957.0,125650186.0,Angela Powell,Friend,1125247612075
USLW-APP-20250131-877,2025-01-31,Mortgage,592161.0,Home Purchase,286.0,412-80-0047,Jaclyn Montgomery,1993-04-28,Female,Divorced,Associate's Degree,300 Cohen Inlet,Lake Kenneth,Iowa,71838.0,0012689748104785,cstrickland@yahoo.com,Salaried,"Thompson, Underwood and Bush Corp.",1.9,25246.0,118509639.0,Alexis White,Parent,7153559445768
USLW-APP-20241222-219,2024-12-22,Personal,47881.0,Home Improvement,14.0,194-99-8797,Michelle Nixon,2000-01-30,Female,Widowed,Master's Degree,8961 Jackson Cliffs Apt. 155,Mcfarlandshire,Alabama,1197.0,99565139371541,xhart@yahoo.com,Salaried,Douglas PLC Corp.,6.0,10366.0,80005575.0,Rachel Robertson,Parent,6878261815
USLW-APP-20240905-351,2024-09-05,Personal,49217.0,Medical Expenses,39.0,217-78-8541,William Nunez,1997-10-30,Female,Married,Doctorate,3729 Wayne Street Suite 464,East Rebecca,Iowa,43724.0,17309192115699,mcintyrejacob@gmail.com,Salaried,Baldwin-Jones Corp.,25.1,20301.0,70501885.0,Christine Wise,Parent,36563165475136
USLW-APP-20240606-273,2024-06-06,Personal,26718.0,Vacation,35.0,524-27-2355,Richard Harvey,1958-02-10,Male,Separated,Some College,2704 Wheeler Village Apt. 838,West Jesus,Virginia,44057.0,83628847831118,maria50@hotmail.com,Hourly,Andrews Ltd Corp.,17.3,10960.0,125134796.0,James Wagner,Friend,64521244021766
USLW-APP-20241119-770,2024-11-19,Personal,19795.0,Debt Consolidation,26.0,705-94-7837,Sabrina Goodwin,1966-12-04,Female,Widowed,High School Diploma,6811 Browning Gardens,North Eduardo,Florida,64463.0,1464179070,marvin27@gmail.com,Salaried,Hines-Roberts Corp.,3.6,14006.0,68511816.0,Edward Welch,Sibling,981575418831828
USLW-APP-20240419-286,2024-04-19,Personal,21435.0,Home Improvement,30.0,791-84-1306,Katelyn Taylor,2003-08-08,Other,Single,Master's Degree,881 Brown Lake Suite 142,Lake Jonathan,Virginia,70911.0,68344883978409,carlos46@bass.com,Salaried,Rodgers Group Corp.,12.8,25580.0,62699462.0,Anthony Hardy,Spouse,1265382192
USLW-APP-20240617-614,2024-06-17,Personal,37088.0,Other,49.0,648-44-0664,Jamie Johns,1991-09-05,Other,Widowed,Master's Degree,8680 Melissa Street,Daniellefurt,California,40456.0,5453691025,ubennett@hays.biz,Salaried,Weber and Sons Corp.,2.6,13194.0,82014535.0,Colleen Hull,Parent,136528874804647
USLW-APP-20240713-467,2024-07-13,Personal,43971.0,Debt Consolidation,40.0,229-35-2044,Randy Scott,1994-02-06,Other,Single,Doctorate,65095 Steven Course Suite 489,Port Jamesmouth,Nevada,44114.0,13095454883712,erin40@green.com,Hourly,Norton Group Corp.,22.6,14870.0,56463358.0,Priscilla Hunt,Friend,2871459842
USLW-APP-20241201-469,2024-12-01,Personal,46053.0,Vacation,49.0,166-99-9991,Michael Garcia,1999-10-22,Female,Single,Associate's Degree,750 Lawrence Square,North Brian,Colorado,74077.0,1252205047942,jonathonthompson@woods.com,Salaried,Gonzalez Group Corp.,5.0,15783.0,32245176.0,Joshua Anderson DDS,Sibling,984191874734319
USLW-APP-20250321-126,2025-03-21,Personal,12546.0,Debt Consolidation,23.0,170-69-3678,Jamie Bryant,1979-09-23,Female,Married,Master's Degree,4424 Lewis Flats Suite 632,Johnbury,New Mexico,64686.0,98776764431642,linda00@may.com,Salaried,Miller-Barton Corp.,15.3,19990.0,41257566.0,Matthew Duarte,Friend,199748420512565
USLW-APP-20240710-470,2024-07-10,Personal,44968.0,Home Improvement,30.0,458-89-4880,Steven Hartman,2000-03-25,Female,Married,Doctorate,8423 Parker Wall,Jessicatown,Arkansas,60354.0,25050402356149,anthony69@cox-lewis.com,Salaried,Fry Ltd Corp.,19.0,2399.0,75970000.0,Elizabeth Stevens,Sibling,686803619903701
USLW-APP-20250110-373,2025-01-10,Small Business,85351.0,Working Capital,84.0,060-51-5524,MELISSA MILLER,1981-02-10,Other,Divorced,Associate's Degree,900 Lisa Pines Suite 684,Loweryview,West Virginia,49125.0,00145003620965055,phillipsaaron@gmail.com,Salaried,"Mann, Dunlap and Mcneil Corp.",16.9,18588.0,80564252.0,Michael Richardson,Parent,373841073224827
USLW-APP-20240818-425,2024-08-18,Mortgage,279464.0,Refinance,289.0,849-27-8901,Lisa Serrano,1955-03-04,Male,Divorced,Master's Degree,42248 Rachel Stravenue,Garciaport,Oklahoma,11965.0,3402856155,robin50@wilson.com,Salaried,Garcia-Mccullough Corp.,4.7,22634.0,75215163.0,Matthew Alvarado,Parent,9994975492
USLW-APP-20240602-244,2024-06-02,Personal,33076.0,Medical Expenses,49.0,227-28-3240,Judith Bennett,1955-06-17,Other,Divorced,Bachelor's Degree,64980 Vasquez Passage,Brianstad,Florida,8522.0,79980194902560,rrussell@fisher.com,Salaried,"Butler, Butler and Rivera Corp.",17.6,21939.0,76621167.0,Mary Johnson,Spouse,711025661107245
USLW-APP-20240904-230,2024-09-04,Personal,36394.0,Education,24.0,036-38-8011,AMY DAVIS,1956-01-06,Female,Single,High School Diploma,455 Cook Shoal,Lake Conniemouth,South Dakota,3511.0,18292331009643,markjones@williams-gibson.org,Self-Employed,"Hayden, Brown and Atkinson LLC",2.2,22684.0,28164070.0,Ricardo Anderson,Spouse,7710646414
USLW-APP-20241112-817,2024-11-12,Small Business,238056.0,Inventory,63.0,863-92-1766,Christine Murray,1949-05-12,Male,Single,Master's Degree,086 Solis Brooks Suite 608,Stephanieberg,Wisconsin,83510.0,1079445084,goldenjose@price.com,Salaried,Waters-Marshall Corp.,16.5,24053.0,57983866.0,Gregory Chapman II,Sibling,533765192867851
USLW-APP-20250216-372,2025-02-16,Personal,7613.0,Home Improvement,51.0,377-69-7545,Nicole Gilbert,1962-06-17,Male,Divorced,High School Diploma,89560 Watkins Unions Suite 778,Lake Sharontown,Washington,96768.0,3342799829,nicole82@yahoo.com,Salaried,Williams-Mitchell Corp.,9.0,14047.0,21282218.0,Charles Williams,Sibling,8908131658
USLW-APP-20250223-365,2025-02-23,Small Business,475312.0,Working Capital,31.0,261-13-9584,Kirk Ferguson,1958-07-03,Male,Widowed,Associate's Degree,4535 Gregory Highway Suite 134,North Hannah,Alabama,44355.0,4641849882206,lance80@yahoo.com,Salaried,Martinez-Horne Corp.,13.7,3760.0,10156371.0,Dr. Mary Moore,Spouse,6992108465
USLW-APP-20240702-770,2024-07-02,Personal,44221.0,Debt Consolidation,46.0,728-42-2408,Mary Davis,1983-08-18,Male,Separated,Doctorate,2840 Paul Junctions Suite 774,South Jamesmouth,Mississippi,24507.0,8056885262,perrynina@bridges.com,Salaried,"Cameron, Sims and Adams Corp.",4.8,20548.0,117857638.0,Anne Brooks,Sibling,753915068106990
USLW-APP-20240605-288,2024-06-05,Personal,24640.0,Home Improvement,23.0,196-77-9902,Elizabeth Miller,1989-03-04,Female,Married,Master's Degree,35134 Robert Flats Apt. 553,Markfort,Iowa,23817.0,4885180956,summersjoanna@evans-white.com,Hourly,"King, Sims and Luna Corp.",7.8,6683.0,88137568.0,David Rose,Friend,716554115972609
USLW-APP-20241018-324,2024-10-18,Mortgage,391762.0,Home Purchase,294.0,379-88-5994,John Rivera,1955-07-10,Male,Widowed,Bachelor's Degree,178 Long Throughway Suite 343,Leemouth,Nevada,92947.0,7386005545,mwilliamson@gmail.com,Self-Employed,"Moore, Haynes and Holmes LLC",10.8,13986.0,121651901.0,Kelsey Martinez,Friend,731726663755806
USLW-APP-20250207-328,2025-02-07,Personal,40489.0,Other,21.0,028-85-9352,Andrew Richmond,1972-05-04,Male,Married,Master's Degree,9256 Dylan Greens,Thomasshire,Texas,56078.0,17316772771054,albertmoore@cooper.biz,Self-Employed,Jordan Inc LLC,6.4,12367.0,74227165.0,Richard Butler,Parent,024730818044104
USLW-APP-20241019-590,2024-10-19,Personal,20688.0,Other,27.0,850-75-0417,Paul Vasquez,1998-10-24,Female,Widowed,Master's Degree,16058 Wright Crossroad Apt. 337,Williamfort,South Dakota,13278.0,909261933580768,fellis@sharp.net,Salaried,"Stuart, Mcpherson and Carpenter Corp.",5.0,16018.0,47608423.0,Amanda Martinez,Sibling,00152856655355321
USLW-APP-20240914-788,2024-09-14,Personal,22316.0,Education,22.0,726-11-8160,Kyle Barrera,1970-04-23,Female,Widowed,Bachelor's Degree,5485 Smith Junctions,Leeton,Washington,50342.0,596517933668804,kellyellis@yahoo.com,Salaried,Cortez Group Corp.,26.4,11347.0,98553682.0,Daniel Myers,Parent,3980035022
USLW-APP-20240921-104,2024-09-21,Small Business,356689.0,Startup Costs,39.0,409-20-9400,Gregory Morales,1983-09-30,Female,Separated,High School Diploma,302 Johnson Common,Beckport,Oklahoma,26680.0,656396698804421,holmessherry@hotmail.com,Salaried,Henry LLC Corp.,12.7,14030.0,99743543.0,Anita Richardson,Spouse,0017289642681
USLW-APP-20241018-359,2024-10-18,Small Business,374136.0,Equipment Purchase,67.0,335-18-4040,Jacob Briggs,1999-01-08,Male,Separated,Master's Degree,576 Diana Divide,Marshland,South Dakota,54335.0,5458748394,serranomichael@turner.info,Self-Employed,"Lewis, Garcia and Parker LLC",6.5,9478.0,27301656.0,Ryan Chen,Spouse,1101145890
USLW-APP-20240519-343,2024-05-19,Small Business,108994.0,Inventory,53.0,646-96-2337,Mark Meyer,1959-04-21,Other,Widowed,Bachelor's Degree,1093 Jennifer Trafficway Apt. 892,South Lynn,Oklahoma,39856.0,18159491374,raymondwilliams@yahoo.com,Salaried,Price Ltd Corp.,1.8,2170.0,42487526.0,Richard Conley,Sibling,0013979015841982
USLW-APP-20241030-210,2024-10-30,Personal,7736.0,Other,42.0,291-07-5298,Susan Holmes,2006-05-03,Other,Single,Bachelor's Degree,711 Timothy Ranch,Adamville,South Dakota,10282.0,00115947378443390,kathryncunningham@hotmail.com,Salaried,Gray-Callahan Corp.,28.3,15364.0,51299679.0,Jesse Dickson,Parent,8998725467000
USLW-APP-20240503-829,2024-05-03,Personal,17927.0,Debt Consolidation,47.0,639-46-3731,David Drake,1956-05-25,Male,Separated,Some College,46851 Brock Common,Port Ericport,Rhode Island,67162.0,1909698695,kristipetty@powell-miller.com,Salaried,"Hall, Soto and Pierce Corp.",27.0,21694.0,11893099.0,Andrea Johnson,Sibling,1355287962459896
USLW-APP-20241125-497,2024-11-25,Small Business,34465.0,Working Capital,29.0,355-51-0971,Daniel Gutierrez,1987-11-14,Other,Married,Associate's Degree,6515 Larson Field Suite 935,Reyesborough,Connecticut,18376.0,1921288038195353,nortonjean@gmail.com,Salaried,"Waters, Sims and Miller Corp.",22.7,12150.0,96730821.0,James Martin,Friend,9226880297
USLW-APP-20240526-589,2024-05-26,Personal,11481.0,Education,26.0,286-42-8215,Rachel Glover,1998-11-05,Male,Single,Doctorate,501 Kimberly Prairie,East Justin,South Dakota,5854.0,100096563470705,jennifer05@jones.com,Salaried,Bentley-Chavez Corp.,8.0,22234.0,18392894.0,Kimberly Harvey,Spouse,7140009850
USLW-APP-20240712-336,2024-07-12,Small Business,201281.0,Startup Costs,33.0,770-13-6750,Mrs. Tracy Case DVM,1964-01-10,Other,Separated,Master's Degree,61795 Kelly Streets Apt. 816,North Carrie,Ohio,71376.0,37620593422920,ortizjulie@gmail.com,Self-Employed,"Baird, Jimenez and Jackson LLC",13.0,14935.0,36449910.0,John Olsen,Sibling,00185924821609925
USLW-APP-20241128-267,2024-11-28,Small Business,104984.0,Startup Costs,41.0,215-66-2637,Justin Mejia,1960-11-12,Male,Separated,High School Diploma,9431 Curry Extensions,Timothychester,Wisconsin,63536.0,0013854726245231,alexandra40@hill-powell.com,Hourly,Glass Ltd Corp.,30.0,29279.0,36408663.0,Alexandra Simon,Parent,189754397981577
USLW-APP-20240609-145,2024-06-09,Small Business,337582.0,Equipment Purchase,44.0,781-11-7094,Brandy Richardson,2002-11-08,Other,Widowed,Master's Degree,484 Alvarado Ville,East Meganstad,California,53725.0,1880787359175706,vmosley@thomas.org,Salaried,Horne-Lamb Corp.,17.6,14298.0,87376595.0,Robert Jimenez,Sibling,1621286789868137
USLW-APP-20240615-238,2024-06-15,Mortgage,594636.0,Home Purchase,272.0,314-70-4709,Ryan Cameron,2005-07-06,Male,Divorced,Doctorate,49278 Lowe Vista,Faulknerport,Oregon,8430.0,7472769496,anneparks@raymond.org,Salaried,"Green, Simpson and Burton Corp.",25.1,7846.0,32544592.0,Ashlee Cox,Parent,93485847345706
USLW-APP-20240913-968,2024-09-13,Mortgage,943532.0,Refinance,217.0,794-45-9133,Jonathan Kirk,1969-03-29,Other,Divorced,Associate's Degree,54143 Woods Junctions Apt. 073,Castroport,West Virginia,57866.0,0099165088794,anna09@wells-rodriguez.com,Self-Employed,Campbell-Hughes LLC,11.5,23262.0,86072913.0,Sergio Reese,Friend,122780876900116
USLW-APP-20240702-674,2024-07-02,Mortgage,152501.0,Refinance,262.0,279-44-3400,Luis Shah,1990-12-27,Male,Divorced,Some College,130 Justin Spur Suite 488,West Karenmouth,Hawaii,43816.0,00152435109262072,chrisallen@hernandez-johnson.com,Salaried,Collins Group Corp.,20.8,2560.0,29272194.0,Alicia Owens,Friend,37795614750118
USLW-APP-20241023-373,2024-10-23,Mortgage,552163.0,Refinance,265.0,155-05-2540,Francis Weaver,1955-10-14,Male,Widowed,Master's Degree,21340 Wiggins Orchard,North Deniseborough,Rhode Island,65185.0,601119857909280,dodsonveronica@gmail.com,Self-Employed,Simmons Ltd LLC,6.4,16198.0,45014802.0,Matthew Tucker,Sibling,001421134393637566
USLW-APP-20240607-260,2024-06-07,Personal,21080.0,Home Improvement,55.0,656-40-4097,Brian Riley,1953-08-05,Other,Single,Some College,6092 Ruiz Islands Apt. 931,East Judith,Vermont,4529.0,0616420286,hblack@yahoo.com,Salaried,Bird-Smith Corp.,20.4,10565.0,82632603.0,Mr. Jack Hamilton Jr.,Spouse,9434045383
USLW-APP-20250307-473,2025-03-07,Small Business,406446.0,Working Capital,47.0,107-52-4683,Jennifer Sanders,1955-03-13,Other,Married,Associate's Degree,524 Schwartz Road Apt. 867,North Hannahland,Arkansas,47245.0,37941943883149,sullivanlisa@hotmail.com,Salaried,"Nguyen, Walker and Green Corp.",16.6,26454.0,39216522.0,Benjamin Jones,Sibling,3977274677566
USLW-APP-20240609-215,2024-06-09,Personal,23520.0,Home Improvement,46.0,122-79-7190,Daniel Leach,1986-04-26,Female,Divorced,Master's Degree,3507 Abigail Squares Suite 764,New Julie,New Mexico,73395.0,0017111184140183,nancybonilla@reyes-smith.com,Salaried,Owens LLC Corp.,16.6,19696.0,121479167.0,Matthew Gutierrez,Parent,6721437212
USLW-APP-20240926-191,2024-09-26,Small Business,225543.0,Equipment Purchase,54.0,802-63-9564,Jodi Costa,2002-10-29,Male,Divorced,Some College,23082 Boyd Plaza,Theresamouth,Alaska,5626.0,0012957574983,aholt@turner.com,Salaried,"Potter, Robinson and Wilson Corp.",1.3,8565.0,128950537.0,Elizabeth Bishop,Sibling,8636485044
USLW-APP-20240807-312,2024-08-07,Small Business,246346.0,Inventory,78.0,064-93-8151,Victor Lambert,1963-11-16,Other,Married,Some College,9534 Richards Road Apt. 133,New Danielle,South Dakota,93799.0,11345526292,hailey67@warner.com,Salaried,Rollins-Robinson Corp.,13.8,20991.0,23856972.0,Gregory Fletcher,Spouse,9196864027
USLW-APP-20240825-537,2024-08-25,Personal,15433.0,Home Improvement,29.0,866-68-3641,Craig Barton,1952-03-30,Female,Divorced,Doctorate,16287 Moore Plains Suite 297,North Michelle,Oregon,76903.0,2380380476,millerdaniel@yahoo.com,Self-Employed,Gilmore LLC LLC,4.8,18211.0,86003241.0,Selena Hall,Parent,5294824478
USLW-APP-20241130-106,2024-11-30,Small Business,468189.0,Equipment Purchase,37.0,210-15-1009,Mrs. Mary Page,1996-12-08,Other,Single,Doctorate,30281 Gill Ways,Lake Tracy,Connecticut,4553.0,7128250223,jaredfisher@yahoo.com,Hourly,Gillespie Inc Corp.,29.5,12443.0,65895331.0,Marissa Sullivan,Parent,178213893194657
USLW-APP-20240504-995,2024-05-04,Mortgage,971016.0,Home Purchase,279.0,530-16-1320,Jennifer Davis,1981-08-10,Other,Divorced,Some College,020 Powell Run,New Benjamin,Rhode Island,36916.0,5520253292,davidpowers@yahoo.com,Hourly,Lee PLC Corp.,15.4,19291.0,110628000.0,Nicholas Travis,Parent,1407412317
USLW-APP-20250225-557,2025-02-25,Small Business,458962.0,Equipment Purchase,80.0,424-71-3453,Eric Willis,1981-08-13,Other,Widowed,Associate's Degree,8426 Waters Divide,Port Mariefurt,Nevada,70164.0,9495066396,jordanmichael@alvarez.com,Self-Employed,Garner Inc LLC,2.8,20344.0,103716725.0,Jeremy Thomas,Parent,147022372855552
USLW-APP-20240429-691,2024-04-29,Mortgage,285541.0,Refinance,240.0,621-08-8166,Alex Mcguire,1952-04-17,Male,Separated,Some College,17662 Brennan Well,New Alexisfurt,Wisconsin,34929.0,9816549660,kelly59@hotmail.com,Self-Employed,"Austin, Duncan and Garcia LLC",2.1,11894.0,93476117.0,Philip Price,Sibling,61529020973289
USLW-APP-20250306-735,2025-03-06,Personal,11113.0,Other,16.0,850-78-4846,Raymond Cruz,1953-06-20,Male,Widowed,Master's Degree,27927 Richardson Mountain,Lake Kimberly,Vermont,46588.0,617649729119844,twilliams@kim-quinn.biz,Salaried,"Hernandez, Crane and Cuevas Corp.",1.5,6512.0,10012389.0,Brooke Sanders,Friend,0016329036358
USLW-APP-20250214-954,2025-02-14,Mortgage,818167.0,Refinance,318.0,333-18-3200,Laura Byrd,1964-12-03,Female,Widowed,Some College,86896 Ashley Islands,Port Anastad,Nevada,27919.0,942930899230617,wyoung@yahoo.com,Salaried,Whitaker Group Corp.,22.3,18943.0,100253618.0,Janet Schultz,Friend,3761843622
USLW-APP-20250324-854,2025-03-24,Personal,10850.0,Debt Consolidation,47.0,537-37-4102,Ralph Anderson,1980-06-04,Other,Separated,High School Diploma,25467 Martin Crossroad,Amberland,Hawaii,21427.0,1461835373,djackson@brown.com,Salaried,Scott LLC Corp.,4.3,14099.0,37298827.0,Jamie Mcmahon,Parent,6818267399868
USLW-APP-20250318-543,2025-03-18,Personal,6010.0,Other,21.0,837-56-9529,Tyler Moore,2004-06-19,Female,Married,Master's Degree,936 Wu Island Apt. 480,North Jessicahaven,Vermont,65667.0,0018251840982,amberdavis@gmail.com,Salaried,"Burns, Fisher and Thornton Corp.",2.1,26717.0,118447681.0,James Rodriguez,Parent,58739855641464
USLW-APP-20240810-611,2024-08-10,Auto,19993.0,Refinance,27.0,625-57-2024,James Herrera,1989-06-08,Other,Divorced,Some College,723 Mercedes Square Suite 583,East Shariport,Texas,40380.0,157702823691183,hermanalexis@yahoo.com,Hourly,"Santos, Dodson and Allison Corp.",5.4,9649.0,55466314.0,Jeffrey Ross,Spouse,8059455913
USLW-APP-20240630-688,2024-06-30,Personal,6989.0,Debt Consolidation,34.0,209-41-5132,John Davis,1990-09-17,Female,Married,Associate's Degree,9996 Kenneth Rest,Lake Kathleenbury,Texas,40492.0,0010301575207082,thomassullivan@fernandez-soto.com,Salaried,Hughes-Bowers Corp.,14.7,19602.0,34828915.0,Jeffrey Williams,Sibling,362555490570931
USLW-APP-20241104-850,2024-11-04,Auto,72769.0,New Car Purchase,33.0,153-13-2548,Daniel Guerrero,1985-02-19,Other,Married,Master's Degree,09378 Herman Tunnel,Hernandezland,Oklahoma,14759.0,3097055803,jeff39@yahoo.com,Salaried,Mcpherson LLC Corp.,28.2,21620.0,72380114.0,Jennifer Jones,Parent,00190231116035740
USLW-APP-20240626-279,2024-06-26,Auto,42745.0,New Car Purchase,38.0,665-27-6837,Diane Orozco,1992-10-20,Other,Separated,Doctorate,4881 Diaz Isle,Mckinneyburgh,Nebraska,30512.0,0411111765,phillip85@moore.com,Salaried,"Herrera, Smith and Mcdonald Corp.",0.9,21897.0,110610542.0,Victoria Clark MD,Parent,1417901344762944
USLW-APP-20240922-931,2024-09-22,Personal,18861.0,Education,17.0,689-63-6379,Heather Davis,1994-08-18,Female,Separated,Bachelor's Degree,97023 Elizabeth Route,South Jenniferville,Kansas,44010.0,73443712467295,murraysierra@hotmail.com,Salaried,Jones-Perkins Corp.,29.5,21952.0,95011619.0,Kristine Sullivan,Sibling,9288844688
USLW-APP-20240618-637,2024-06-18,Small Business,189506.0,Expansion,81.0,663-35-8531,Russell Morales,1949-04-21,Other,Married,Doctorate,06085 Brandon Land Apt. 483,Jenniferville,Oregon,36581.0,9179381081,flowersmolly@perry-roberts.com,Hourly,Wright-Yang Corp.,21.3,8250.0,18938724.0,Ashley Sexton,Sibling,00168501733280626
USLW-APP-20240412-852,2024-04-12,Auto,57336.0,New Car Purchase,71.0,679-01-7491,John Hogan,1983-05-05,Other,Separated,High School Diploma,92941 Willis Unions,Port Jessica,Nevada,1565.0,704596543580886,carrieray@yahoo.com,Salaried,"Rowland, Smith and Mendez Corp.",10.6,19743.0,77785552.0,Travis Martinez,Spouse,4696721388
USLW-APP-20241217-233,2024-12-17,Personal,44078.0,Vacation,42.0,115-30-4972,Paul Turner,1958-08-01,Other,Single,Bachelor's Degree,00763 Kimberly Vista,East Jenniferview,Florida,93299.0,001548609195217490,lynchjonathan@walters.biz,Salaried,Clark PLC Corp.,13.8,5771.0,31411626.0,Daniel Lozano,Spouse,13427524977781
USLW-APP-20241115-302,2024-11-15,Personal,17417.0,Debt Consolidation,28.0,104-84-0005,Daniel Chen,1979-04-13,Other,Single,Associate's Degree,441 Joshua Meadows Suite 140,New Justinstad,South Dakota,29003.0,5991214367249,wparker@gmail.com,Hourly,"Foster, Green and Harris Corp.",0.9,17880.0,112499185.0,Amanda Moreno,Sibling,770770919432886
USLW-APP-20250213-651,2025-02-13,Small Business,276591.0,Equipment Purchase,62.0,239-78-1197,Dominic Francis,1988-07-18,Female,Widowed,Some College,738 Barnes Greens Apt. 958,Brownfort,Kansas,30116.0,2315077304488,lsmith@johnson-orozco.com,Salaried,Hicks Group Corp.,26.8,9722.0,101307288.0,Jerome Smith,Friend,001100696339966717
USLW-APP-20250313-889,2025-03-13,Small Business,117285.0,Inventory,32.0,633-93-3166,Michael Kelly,2004-02-06,Male,Single,Bachelor's Degree,198 Barry Rapid,Dennisbury,Texas,29325.0,671704045246204,jmitchell@lee-fitzgerald.com,Salaried,May-Wood Corp.,22.9,22646.0,12186255.0,Thomas Jackson,Parent,0527322136501
USLW-APP-20250115-693,2025-01-15,Personal,6095.0,Vacation,27.0,350-83-1017,Elizabeth Hall,2002-12-18,Female,Single,Master's Degree,9974 Kathleen Viaduct,East Troy,Virginia,64336.0,23152718358823,ejohnston@mullins.biz,Salaried,"Turner, Martinez and Russell Corp.",20.7,3758.0,19252784.0,Robert Khan,Parent,4709362801
USLW-APP-20241221-394,2024-12-21,Personal,2617.0,Home Improvement,20.0,429-30-1129,Diana Gonzalez,1970-05-17,Other,Divorced,Bachelor's Degree,76401 Hart Crossroad Suite 935,Paulastad,Montana,15905.0,1999561552267601,claypamela@sharp.com,Salaried,Butler-Rosales Corp.,23.6,5833.0,94866001.0,Shane Jones,Parent,9167615866
USLW-APP-20240519-235,2024-05-19,Small Business,107480.0,Equipment Purchase,44.0,014-59-1964,Andrea Chambers,1983-08-27,Female,Widowed,Associate's Degree,593 Juan Shore Suite 622,East Christopherhaven,North Carolina,62777.0,8989200675,stephanie32@hotmail.com,Hourly,"Rubio, Sanchez and Rodriguez Corp.",10.4,29512.0,84755724.0,Anna Hodges,Sibling,0017170109590
USLW-APP-20250211-524,2025-02-11,Small Business,239560.0,Startup Costs,38.0,290-24-0190,Carol Whitney,1978-02-07,Female,Widowed,Master's Degree,42138 Goodwin Mountain Apt. 511,Franklinbury,Alaska,2285.0,001514385001196797,odiaz@hotmail.com,Salaried,Oconnor-Payne Corp.,15.9,8726.0,103300445.0,Christopher Dixon,Friend,8513054171
USLW-APP-20241026-873,2024-10-26,Small Business,492171.0,Expansion,39.0,190-82-5194,Nancy Johnson,1951-05-10,Female,Separated,Associate's Degree,8367 Carrie Forges,Diazstad,North Carolina,75029.0,201060634937718,jonesdanielle@ortiz.info,Self-Employed,Hardin PLC LLC,1.9,20855.0,75673310.0,Bruce Cox,Sibling,9580815947
USLW-APP-20240704-244,2024-07-04,Personal,21727.0,Medical Expenses,52.0,036-58-7134,David Porter,1982-03-03,Other,Widowed,Bachelor's Degree,576 Johnson Crest Suite 081,South Matthew,Texas,90114.0,072774809452680,meredithgreen@gmail.com,Salaried,"Parks, Henry and Holloway Corp.",9.2,8471.0,14094099.0,Thomas Soto,Parent,14338290276308
USLW-APP-20240423-333,2024-04-23,Small Business,95393.0,Expansion,37.0,897-93-1770,Michael Chambers,1952-11-14,Female,Separated,Some College,1763 Kenneth Row Apt. 815,Hawkinsmouth,Florida,14444.0,19439685500119,brandi32@nelson.com,Hourly,Ashley PLC Corp.,13.6,10868.0,23643295.0,Miguel Wright,Sibling,0001663982
USLW-APP-20241201-896,2024-12-01,Mortgage,713141.0,Refinance,307.0,086-42-8745,Frederick Lee,1998-08-28,Other,Married,Bachelor's Degree,14172 Potter Cape,Sarahstad,Alaska,98854.0,15073699040,rlandry@shah.com,Salaried,"Hernandez, Madden and Murray Corp.",6.7,26575.0,108965924.0,Reginald Cannon,Parent,9628991232
USLW-APP-20250117-250,2025-01-17,Personal,35359.0,Medical Expenses,51.0,238-69-4440,Jacqueline Kirk,1997-03-20,Other,Divorced,Bachelor's Degree,07279 Kenneth Street,Tuckerbury,West Virginia,31403.0,1332221671540838,ajordan@hotmail.com,Salaried,"Ball, Palmer and Johnson Corp.",4.3,28507.0,95605892.0,Timothy Moore,Sibling,6543235521
USLW-APP-20240426-661,2024-04-26,Small Business,147232.0,Working Capital,34.0,653-45-5559,AMANDA MARTINEZ,1989-08-07,Other,Separated,Bachelor's Degree,38253 Dana View,Audreychester,South Dakota,1906.0,0357832988727,christina50@chapman-gomez.com,Salaried,Smith-Holt Corp.,25.9,14332.0,18993109.0,Fernando Parker,Sibling,1257322376
USLW-APP-20240818-459,2024-08-18,Personal,35684.0,Debt Consolidation,49.0,133-88-0467,Elizabeth Rubio,1998-05-26,Female,Married,High School Diploma,38435 Ruiz Burg,South Stephen,Washington,74161.0,173155384624984,tmiranda@sharp-mcintosh.com,Salaried,"Oneal, Schmidt and Patrick Corp.",7.7,26564.0,50863077.0,Barbara Gardner,Sibling,7624863892089
USLW-APP-20240707-338,2024-07-07,Personal,19487.0,Education,48.0,856-70-7631,Anna Johnson,2003-08-17,Female,Separated,Doctorate,35419 Turner Valleys Apt. 562,Lake Kristine,North Carolina,33478.0,0015879630267753,rachel26@hotmail.com,Salaried,"Weber, Wood and Manning Corp.",12.1,21705.0,65773372.0,Ashley Patrick,Parent,56337464541489
USLW-APP-20241129-638,2024-11-29,Personal,41606.0,Education,49.0,054-81-4272,Lauren Huffman,1980-04-25,Female,Widowed,Master's Degree,357 Young Parks Apt. 712,South Aaronchester,West Virginia,61797.0,2323324799,usummers@hotmail.com,Salaried,White-Allen Corp.,22.4,29473.0,76333882.0,Phyllis Ferguson,Sibling,8591937527247
USLW-APP-20240511-485,2024-05-11,Personal,5556.0,Debt Consolidation,31.0,291-77-5616,Lindsey Duran,1996-01-18,Male,Divorced,High School Diploma,84577 Fisher Port Suite 084,Craneside,Nevada,23239.0,2765288446,cjones@yahoo.com,Hourly,Weaver LLC Corp.,13.8,2937.0,96999727.0,James Morris,Parent,00121898969453369
USLW-APP-20240428-541,2024-04-28,Small Business,493761.0,Equipment Purchase,29.0,025-25-8892,Kelly Stevens,1967-04-13,Male,Widowed,Associate's Degree,11705 Meyer Fork Apt. 720,Lake Lisa,Hawaii,63166.0,148794378564067,gturner@mccullough-mccarthy.com,Salaried,Pugh-Holt Corp.,1.7,29559.0,98979774.0,Michael Martin,Friend,4056599118640
USLW-APP-20250106-437,2025-01-06,Auto,8004.0,Used Car Purchase,34.0,638-60-8534,NATALIE BURKE,1951-02-03,Female,Single,Some College,44465 Dawn Island,Wardport,Oklahoma,7882.0,00165716103731855,smithallison@harper.com,Self-Employed,Tapia-Williams LLC,14.9,5612.0,127600448.0,Katrina Murphy,Parent,14241891228180
USLW-APP-20250305-217,2025-03-05,Personal,32745.0,Vacation,41.0,004-14-3929,Michael Obrien,1952-02-21,Male,Single,High School Diploma,5786 Steele Flats,New Laurietown,Rhode Island,9219.0,333023546673438,brianna78@gmail.com,Hourly,Ramirez-Herrera Corp.,13.1,6658.0,80789558.0,Nicole Williams,Parent,546272197523189
USLW-APP-20240422-689,2024-04-22,Personal,21956.0,Debt Consolidation,40.0,257-76-3546,Tammy Gordon,1996-04-07,Other,Single,Master's Degree,712 Sarah Inlet,Colleenport,Wisconsin,65583.0,0944923930126,ryanperry@smith-estrada.com,Hourly,"Brown, Dominguez and Sanchez Corp.",0.8,10026.0,44378109.0,Randall Smith,Friend,5008170460049
USLW-APP-20240508-970,2024-05-08,Mortgage,282433.0,Home Purchase,206.0,850-77-3220,Jeff Turner,2000-11-02,Other,Separated,Associate's Degree,799 Daniel Vista,Silvaville,Ohio,29250.0,1759856277,ljohnson@gmail.com,Salaried,Garcia and Sons Corp.,23.9,2651.0,79584531.0,Lisa Green,Friend,7061156091
USLW-APP-20240506-621,2024-05-06,Personal,45894.0,Vacation,44.0,088-88-9800,April Bell,1976-08-16,Other,Separated,Doctorate,241 Nicole Ridges,North Theresa,New Mexico,72204.0,1710186097932714,vanessa02@hotmail.com,Salaried,"Williams, Kane and Thomas Corp.",20.8,8628.0,43182448.0,Susan Mcgee,Spouse,5825091397
USLW-APP-20250111-216,2025-01-11,Personal,28940.0,Home Improvement,34.0,300-96-4876,Thomas Sherman,1959-06-15,Male,Married,High School Diploma,3951 Tucker Island Apt. 821,New Samuelmouth,Wisconsin,4207.0,00104795346064627,carteralexandra@smith-reilly.com,Salaried,Graham-Collier Corp.,21.0,27961.0,12882025.0,Michael Wright,Sibling,40249099162524
USLW-APP-20250127-627,2025-01-27,Personal,39415.0,Medical Expenses,43.0,594-41-1447,Heather Lucas,1995-01-30,Other,Separated,Bachelor's Degree,7336 Mary Station Apt. 799,Samanthashire,California,86331.0,903123257829320,waynerice@carter-robinson.com,Self-Employed,Garcia-Molina LLC,1.5,20748.0,52093557.0,Melissa Miller,Parent,9648950894
USLW-APP-20240603-192,2024-06-03,Small Business,128815.0,Working Capital,82.0,456-54-7902,Michael West,1955-08-27,Male,Single,Doctorate,0050 Tyler Shoal,New Margaret,Wisconsin,74089.0,627738427484534,stephaniewilliams@ramos.net,Self-Employed,Martin Group LLC,8.1,19827.0,86013192.0,Debra Stewart,Parent,20709266492011
USLW-APP-20250309-154,2025-03-09,Mortgage,466600.0,Refinance,322.0,421-16-7381,Michael Macdonald,1970-09-14,Male,Married,Some College,8537 Rodney Track,Cooperview,North Carolina,86590.0,0012235842231,danielle28@hotmail.com,Self-Employed,Parker Inc LLC,11.7,12122.0,112107697.0,Joshua Travis,Spouse,74811037025402
USLW-APP-20240413-588,2024-04-13,Personal,46865.0,Home Improvement,58.0,865-05-1498,Michael Miller,2004-12-09,Male,Separated,Some College,8428 Brett Meadow,Johnfurt,Oklahoma,36652.0,00104354662681589,velasquezjohn@jones.com,Salaried,Delacruz-Adams Corp.,4.1,4709.0,88055695.0,Michael Boyd,Spouse,6643517546029
USLW-APP-20240920-905,2024-09-20,Personal,14329.0,Medical Expenses,46.0,818-24-0121,Christopher Smith,1964-07-15,Female,Married,Doctorate,26754 Justin Forges,Jenniferhaven,Illinois,76372.0,2690291282,shannon51@yahoo.com,Salaried,Mitchell Group Corp.,9.4,25380.0,113922428.0,Anthony Jones,Friend,780556889342931
USLW-APP-20241010-575,2024-10-10,Small Business,492864.0,Startup Costs,73.0,831-05-4193,Jeanette Alexander,1981-02-05,Female,Widowed,Associate's Degree,037 Melanie Meadows,Goodmanmouth,West Virginia,72211.0,9672114276,williamfitzgerald@long-diaz.info,Salaried,Liu and Sons Corp.,11.5,18139.0,100444333.0,James Lam,Parent,83494353923066
USLW-APP-20240909-352,2024-09-09,Personal,46197.0,Medical Expenses,17.0,648-70-7140,Kelly Weaver,1988-04-09,Male,Married,Master's Degree,440 Summer Field Apt. 887,Shahview,West Virginia,48642.0,24801633599585,lnguyen@harris-acevedo.info,Salaried,Curtis-Christensen Corp.,10.2,18137.0,47554043.0,Rose Mcfarland,Sibling,0397018517738
USLW-APP-20241019-297,2024-10-19,Mortgage,423423.0,Refinance,335.0,001-17-3241,Kevin Gross,2005-01-04,Female,Separated,High School Diploma,743 Marissa Trace Suite 273,Thomasland,Alabama,75543.0,084692068534061,plove@smith-jackson.com,Salaried,"Henry, Torres and Brooks Corp.",25.6,29835.0,101822828.0,Donald Drake,Parent,8635350350
USLW-APP-20250116-883,2025-01-16,Mortgage,939353.0,Home Purchase,246.0,581-58-4757,April Robbins,1990-09-28,Other,Separated,Some College,6822 Wong Common Apt. 627,Acostaberg,New Mexico,37096.0,198149719753524,ajohnson@gmail.com,Salaried,"Davis, Jones and Lewis Corp.",5.7,24454.0,129035655.0,Shelly King,Sibling,15732929861744
USLW-APP-20241005-811,2024-10-05,Personal,16407.0,Debt Consolidation,28.0,373-60-2715,Fred Carr,1987-03-12,Other,Married,Master's Degree,58027 Holt Circles Suite 376,East Jonathanmouth,Montana,42103.0,1117401773485744,lindapalmer@gmail.com,Salaried,Perez LLC Corp.,25.3,8955.0,48744810.0,Brian Flores,Friend,64014249257723
USLW-APP-20250313-511,2025-03-13,Small Business,376428.0,Startup Costs,72.0,286-52-5251,David Daugherty,1959-03-13,Other,Widowed,Some College,621 Frazier Forest,Nataliemouth,Connecticut,3778.0,9256358380,zrodriguez@leblanc.com,Hourly,Andrade-Bennett Corp.,14.5,28551.0,102102372.0,Stephen Howard,Sibling,2033293594
USLW-APP-20241024-917,2024-10-24,Mortgage,823968.0,Home Purchase,259.0,488-68-6706,Laura Morgan,1978-06-26,Female,Divorced,High School Diploma,27280 Hawkins Via Apt. 917,Alexandermouth,New Mexico,70819.0,367635103403535,fguzman@hotmail.com,Salaried,Scott PLC Corp.,10.6,8410.0,18824650.0,Brandi Walker,Spouse,18560258145916
USLW-APP-20250328-278,2025-03-28,Small Business,45873.0,Equipment Purchase,67.0,692-85-0018,Crystal Lynch,1968-05-23,Female,Married,Master's Degree,6964 Curtis Wells,Floreston,Colorado,35833.0,143314421657104,websterlauren@williams-perez.org,Hourly,Evans-Gomez Corp.,22.2,15956.0,111053182.0,Kristin Garcia DDS,Sibling,18098746232
USLW-APP-20250220-313,2025-02-20,Personal,44708.0,Home Improvement,46.0,046-49-2140,Julie Jones,1959-12-30,Other,Married,Bachelor's Degree,21898 Curtis Burgs Apt. 499,Cookehaven,Arkansas,26998.0,00119820428450361,gsawyer@mitchell.com,Self-Employed,Trujillo Ltd LLC,6.3,13476.0,24711472.0,Nicole Haas,Parent,3852298414049
USLW-APP-20240505-792,2024-05-05,Personal,37896.0,Vacation,50.0,880-13-8657,Brian Adams,1970-12-27,Other,Separated,High School Diploma,7454 Collins Forge Suite 319,North Laura,Alabama,42192.0,6084885072,jessicalewis@werner.com,Salaried,"Blankenship, Hoover and Crawford Corp.",21.8,8576.0,100148040.0,Leslie Stewart,Parent,6353320261
USLW-APP-20240831-636,2024-08-31,Personal,15950.0,Education,17.0,056-78-2582,Joseph Bush,1982-05-19,Male,Married,Doctorate,1683 David Stravenue,South Steve,Oregon,43446.0,2595347358,amber36@hernandez.com,Salaried,Johnson-Spencer Corp.,14.2,15770.0,72122534.0,Christopher Knapp,Parent,5176117686
USLW-APP-20240712-700,2024-07-12,Personal,22619.0,Vacation,30.0,859-09-5186,Sydney Romero,1972-04-28,Other,Widowed,Master's Degree,918 Burnett Course Suite 154,Lake David,Iowa,53888.0,919211211155898,tsummers@martin.org,Salaried,"James, Hernandez and Flowers Corp.",5.1,7746.0,106019296.0,Theresa Little,Friend,4804700382
USLW-APP-20250112-779,2025-01-12,Personal,1887.0,Education,57.0,020-76-0937,Jacob Norris,1961-06-23,Female,Divorced,Some College,4108 Higgins Skyway,New Brian,Alaska,19776.0,8610882260,hebertmallory@hayden-powell.com,Salaried,Jackson Ltd Corp.,18.7,13195.0,75202697.0,Jason Greene,Parent,72843891185166
USLW-APP-20240427-835,2024-04-27,Small Business,36103.0,Expansion,56.0,015-96-3332,Julie Spencer,1991-06-08,Male,Widowed,Some College,08779 Morris Orchard,West Sarahhaven,South Dakota,12736.0,4863583668,steventaylor@hotmail.com,Salaried,Daugherty-Gonzalez Corp.,23.9,8205.0,51709431.0,Austin Newton,Friend,7949672915
USLW-APP-20240413-275,2024-04-13,Small Business,345543.0,Expansion,59.0,707-90-5658,Todd Yu,1997-04-20,Male,Separated,Master's Degree,84782 Garrett River Suite 137,Ryanchester,West Virginia,58546.0,1328997479862324,caitlincisneros@gilbert.com,Salaried,Greene and Sons Corp.,17.4,2648.0,46595964.0,Stacy Larson,Friend,10016195442
USLW-APP-20250310-455,2025-03-10,Personal,8171.0,Vacation,53.0,870-54-1051,Thomas Owens,1963-09-10,Other,Divorced,Some College,80432 Mary Row,Josemouth,Wisconsin,29771.0,2357602834,mitchellcorey@brown-warner.net,Self-Employed,"Norton, Carey and Singh LLC",7.5,16233.0,28309372.0,Aaron Keith,Sibling,256555290398625
USLW-APP-20240805-596,2024-08-05,Personal,41807.0,Medical Expenses,30.0,361-12-2402,Robert Rice,1994-07-06,Female,Separated,Some College,82533 Jones Via,Lake Diane,Oregon,53115.0,55060833299810,suzanne95@smith-peterson.com,Salaried,Valdez-Mendoza Corp.,16.1,24056.0,50951947.0,Todd Jackson,Sibling,15565443658212
USLW-APP-20241126-841,2024-11-26,Small Business,439310.0,Inventory,67.0,523-48-4744,Donald Harrell,1975-04-18,Female,Married,Some College,632 Edwards Route,South James,Illinois,62571.0,8527633411,hicksbethany@schwartz.biz,Salaried,Guzman PLC Corp.,16.9,12177.0,93625447.0,Anthony Martinez,Spouse,089331218083574
USLW-APP-20241116-236,2024-11-16,Auto,42249.0,New Car Purchase,46.0,590-23-9623,Madison Miller,1958-08-28,Male,Separated,Master's Degree,2560 Theresa Mount,Catherineport,Michigan,43744.0,0375405043,monroealicia@yahoo.com,Hourly,Walton LLC Corp.,11.8,19923.0,17682233.0,Brandon Dyer,Sibling,0011183948428984
USLW-APP-20240603-937,2024-06-03,Mortgage,422889.0,Refinance,245.0,309-33-6305,Natalie Logan,1998-10-26,Other,Single,Associate's Degree,97940 Mary Islands,West Petermouth,Florida,59746.0,38832669804833,cherylanderson@gmail.com,Hourly,Lee-Hughes Corp.,16.8,17850.0,17441474.0,Angela Barker,Sibling,6652949001
USLW-APP-20250102-397,2025-01-02,Personal,45377.0,Other,16.0,083-56-1825,Joel Steele,1959-07-06,Other,Separated,Bachelor's Degree,1858 Bray Views,Cameronborough,Louisiana,47615.0,8290489596,danielhall@yahoo.com,Salaried,Jackson Ltd Corp.,29.0,15151.0,20255783.0,Cynthia Fitzpatrick,Sibling,54921291468728
USLW-APP-20240422-505,2024-04-22,Personal,22440.0,Home Improvement,18.0,080-96-9669,Sarah Warner,1986-10-01,Male,Single,Some College,85909 Taylor Avenue,New Mary,Wisconsin,8123.0,0017152860182224,dustin67@lee.info,Salaried,Campos PLC Corp.,25.3,21282.0,118169493.0,Paul Smith,Spouse,56088710290188
USLW-APP-20240528-309,2024-05-28,Personal,37317.0,Vacation,30.0,056-37-9826,Karen Riley,1972-05-08,Other,Widowed,Bachelor's Degree,859 Daniel Courts Suite 069,Lake Garyburgh,Arkansas,33158.0,7773603356,ojensen@jennings.com,Salaried,"Nicholson, Padilla and Summers Corp.",2.5,25242.0,15861137.0,Beth Collins,Sibling,6418212597
USLW-APP-20241006-999,2024-10-06,Personal,48007.0,Home Improvement,35.0,309-46-1117,Christopher Thomas,1992-02-13,Male,Single,Some College,1018 Tyler Terrace Apt. 680,Madisonstad,Michigan,97743.0,1602015119551,justinclark@chambers-smith.com,Salaried,Patterson Group Corp.,9.7,25577.0,50028281.0,Hannah Scott,Parent,967824438036645
USLW-APP-20240603-606,2024-06-03,Small Business,429913.0,Working Capital,79.0,748-57-5988,Kara Golden,1973-08-31,Female,Widowed,Associate's Degree,6323 Farmer Center Suite 388,Jodiport,North Carolina,2566.0,2207244470,rachel13@hotmail.com,Self-Employed,Stone-Ramos LLC,15.0,19615.0,118910189.0,Renee Russell,Friend,1474730717
USLW-APP-20240902-842,2024-09-02,Mortgage,174988.0,Home Purchase,353.0,815-96-5232,HEATHER SWEENEY,1971-05-27,Male,Separated,Some College,7905 Underwood Well,Andersonburgh,North Carolina,45994.0,5185432562,gabriella41@martinez.biz,Salaried,"Yates, Yoder and Reed Corp.",28.1,28231.0,83563519.0,Courtney Wilson,Sibling,4406768218
USLW-APP-20240923-333,2024-09-23,Personal,37802.0,Vacation,38.0,668-20-7528,Patrick Dawson,2006-08-15,Female,Widowed,Master's Degree,537 Gordon Rest,Davisfort,South Dakota,71941.0,628126825041171,christopher13@hayden-gillespie.com,Salaried,Clarke PLC Corp.,14.4,23938.0,24322560.0,Shelia Williams,Friend,7622445129
USLW-APP-20241022-708,2024-10-22,Personal,25049.0,Vacation,16.0,212-57-8010,Steven Douglas,1965-04-14,Female,Married,Master's Degree,893 Mary Rue,Fosterland,Virginia,67304.0,2027296475,kramerhenry@dillon.com,Hourly,Goodman-Aguilar Corp.,25.0,21080.0,128208140.0,Kimberly Kirby,Sibling,0379462177
USLW-APP-20240911-461,2024-09-11,Auto,60221.0,Used Car Purchase,53.0,640-78-7666,Melissa Carter DDS,1954-08-09,Female,Single,Bachelor's Degree,1998 Nelson Circles Suite 995,New Melissa,Illinois,11163.0,10839622337741,davidjefferson@yahoo.com,Hourly,Kemp and Sons Corp.,19.9,5395.0,82025362.0,Joel Kelly,Friend,001806175742151544
USLW-APP-20250204-437,2025-02-04,Personal,41723.0,Other,39.0,280-27-9943,Shane Davis,1985-05-11,Other,Divorced,Doctorate,815 Christina Parkway Apt. 540,Christineland,Connecticut,27201.0,4876093180,alexis31@gmail.com,Salaried,Smith-Marsh Corp.,5.0,28987.0,36632594.0,Craig Reyes,Parent,137747352959385
USLW-APP-20240908-206,2024-09-08,Mortgage,801175.0,Refinance,193.0,509-34-2407,Jennifer Mcdonald,1998-09-27,Male,Widowed,Master's Degree,202 Weaver Locks Apt. 147,West Brianport,Oklahoma,47200.0,9925092505,ibutler@king-davis.net,Salaried,Solis-Shelton Corp.,5.9,24205.0,109952936.0,Timothy Parker,Friend,058251509648577
USLW-APP-20240421-234,2024-04-21,Small Business,480786.0,Expansion,30.0,625-13-1868,James Miller,1959-08-23,Female,Widowed,Master's Degree,8425 Burton Grove,Samanthafort,Oklahoma,72990.0,0017807647548669,johnsoneric@riley.org,Salaried,Perez-Rodriguez Corp.,0.6,17632.0,85514333.0,David Jennings,Spouse,001039182113934617
USLW-APP-20240807-532,2024-08-07,Mortgage,996293.0,Refinance,266.0,734-39-2111,Gwendolyn Carter,1955-08-08,Other,Widowed,Some College,416 Schneider Circle,South Katherinestad,Texas,25400.0,1117962376888983,stanleythomas@palmer-cook.com,Self-Employed,Lewis Group LLC,15.4,9742.0,71646066.0,Adam Miller,Spouse,03131662944647
USLW-APP-20240408-115,2024-04-08,Personal,6923.0,Other,23.0,398-62-4374,Christopher Smith,1975-12-08,Male,Divorced,Doctorate,79775 Hatfield Points Suite 349,Richardview,Illinois,30311.0,001372368738024746,klove@gmail.com,Hourly,"Simmons, Rodriguez and Brandt Corp.",0.8,5952.0,45941920.0,Brandy Hansen,Parent,11685711482092
USLW-APP-20241226-367,2024-12-26,Small Business,41857.0,Equipment Purchase,55.0,099-26-4270,Denise Willis,1978-06-22,Male,Divorced,Associate's Degree,9426 Stevens Unions Apt. 555,Lake Rogerhaven,Iowa,53550.0,001808358523611035,adamsscott@matthews.biz,Self-Employed,Bowman Group LLC,14.7,6060.0,125035329.0,Michelle Atkinson,Spouse,9756730091
USLW-APP-20240630-843,2024-06-30,Personal,49978.0,Medical Expenses,27.0,897-10-1352,Krystal Gonzales,2004-08-01,Male,Separated,Associate's Degree,568 Steven Overpass Apt. 560,Barbaraside,South Carolina,62169.0,9302347854,lrichardson@lang.com,Salaried,Nelson Group Corp.,19.4,10377.0,97485078.0,Jermaine Medina,Sibling,15150536960770
USLW-APP-20240604-566,2024-06-04,Personal,1206.0,Education,51.0,139-30-7583,Ronald Moore,2004-10-25,Other,Single,Doctorate,695 Darren Orchard Apt. 107,Sherrychester,Nevada,39923.0,1839584941157740,jamesballard@hotmail.com,Hourly,Brown PLC Corp.,13.8,25345.0,80960076.0,Melissa Weaver,Friend,4523382667350
USLW-APP-20240705-198,2024-07-05,Personal,39994.0,Debt Consolidation,53.0,114-13-6025,Taylor Mays,1968-01-04,Female,Divorced,Associate's Degree,068 Martinez Mews Apt. 726,Nicolefort,Colorado,45687.0,0987112981,torreslisa@gmail.com,Salaried,"White, Lee and Thompson Corp.",10.4,26512.0,15728128.0,Mark Leach,Friend,00111558060707722
USLW-APP-20241204-670,2024-12-04,Personal,7121.0,Medical Expenses,57.0,365-78-3497,Jody Valentine,1987-11-19,Male,Married,Doctorate,75965 Emily Camp Suite 488,Lake Evan,Kansas,21702.0,16831705412136,gonzaleztimothy@ingram.com,Salaried,Harper-Ford Corp.,22.5,29245.0,30771244.0,Aaron Randall,Spouse,14103378332170
USLW-APP-20240907-130,2024-09-07,Mortgage,628282.0,Home Purchase,188.0,788-10-8874,Mary Johnson,1964-08-03,Other,Separated,Bachelor's Degree,31676 Amanda Trail Suite 935,Gutierrezberg,Michigan,54553.0,88625507252104,hillkrista@brown.com,Salaried,Holt-Williams Corp.,25.0,5968.0,98727094.0,Daniel Francis,Sibling,0291589602341
USLW-APP-20240710-243,2024-07-10,Personal,27013.0,Home Improvement,28.0,280-27-9569,Lisa Cruz,1966-08-11,Male,Divorced,Associate's Degree,0536 Ian Heights,Donaldfort,Connecticut,7790.0,6605275283793,fgutierrez@morgan.com,Salaried,Hughes-Howard Corp.,13.5,24083.0,119483754.0,Steven Mendoza,Spouse,001667096660564243
USLW-APP-20250212-979,2025-02-12,Personal,45896.0,Other,13.0,553-18-1778,Michael Gill,1983-06-13,Female,Separated,Doctorate,7358 Jeanne Wall Suite 912,Lake Aliciaville,Rhode Island,26669.0,385996371935683,devans@hotmail.com,Salaried,Banks-Hamilton Corp.,29.9,12221.0,90996098.0,Melvin Williams,Parent,186448013579201
USLW-APP-20241102-945,2024-11-02,Personal,29717.0,Debt Consolidation,47.0,216-44-2209,Karen West,1949-05-17,Male,Separated,Some College,314 Ruben Glen,Johnsonton,Wisconsin,7745.0,13549970002,jamesking@yahoo.com,Self-Employed,Freeman-Norris LLC,4.2,20391.0,20097491.0,Ashley Russell,Spouse,23666272883964
USLW-APP-20250131-301,2025-01-31,Small Business,390357.0,Expansion,60.0,226-94-8111,Paul Hunter,1986-03-15,Male,Divorced,Bachelor's Degree,60436 Brenda Harbors,Seanmouth,North Carolina,87465.0,844140256874498,meverett@yahoo.com,Salaried,"Martinez, Rogers and Warner Corp.",28.8,22308.0,46850256.0,Phillip Peck,Spouse,9237168255
USLW-APP-20240927-724,2024-09-27,Personal,16221.0,Education,51.0,158-53-8505,Wanda Perez,1953-04-28,Other,Divorced,Doctorate,59035 Chavez Port,Douglastown,Alabama,29785.0,16250981995545,taylorerin@lane.info,Salaried,Trevino and Sons Corp.,27.4,20229.0,70680023.0,Stephanie Padilla,Sibling,1194473513971971
USLW-APP-20240611-392,2024-06-11,Personal,47879.0,Debt Consolidation,14.0,145-33-0179,Carol Lang,1973-03-08,Female,Married,Some College,137 William Ville,Jonesview,Oklahoma,42661.0,8044719430,amandamurphy@yahoo.com,Self-Employed,"Pugh, Norris and Page LLC",17.8,23690.0,13106739.0,Stephanie Webb,Friend,420751266357617
USLW-APP-20240815-491,2024-08-15,Small Business,495112.0,Startup Costs,48.0,362-94-7941,Daniel Braun,1972-07-19,Female,Separated,Master's Degree,52299 Miller Road,Mckenzieborough,Arkansas,30754.0,34240432975251,smallderek@gmail.com,Hourly,"Hicks, Kim and Brown Corp.",25.6,13769.0,64092779.0,Sara Davis,Parent,17478581229
USLW-APP-20240811-574,2024-08-11,Small Business,118209.0,Expansion,77.0,466-72-6418,John Williams,1954-04-28,Female,Separated,Master's Degree,8285 Rodriguez Loaf,Williamsonshire,Florida,14619.0,1522592454200424,samanthacombs@lopez.com,Salaried,Cantrell-Sawyer Corp.,12.2,13545.0,14815320.0,Michael Ortega,Spouse,0011706614529
USLW-APP-20241214-132,2024-12-14,Auto,47314.0,New Car Purchase,48.0,298-83-8744,Nancy Henderson,1971-05-16,Other,Single,High School Diploma,045 Thompson Harbors Apt. 723,East Lauramouth,Arkansas,64930.0,6660470077,brandybarnett@yahoo.com,Salaried,"Mason, Arnold and Hamilton Corp.",23.2,21369.0,115318629.0,Cory King,Friend,9295028191
USLW-APP-20250209-294,2025-02-09,Mortgage,961299.0,Home Purchase,357.0,091-72-4143,DAVID HOLT,2001-11-01,Other,Separated,Some College,7380 Michelle Plains,East Williamland,Kansas,67936.0,560904078701836,mckenzie85@ramirez.com,Hourly,Hendricks Ltd Corp.,7.4,27098.0,100083338.0,Robert Arnold,Sibling,0014702821249169
USLW-APP-20240816-996,2024-08-16,Small Business,218734.0,Working Capital,75.0,517-88-7693,Ann Douglas,1964-10-11,Other,Single,Master's Degree,80183 Holt Oval Apt. 307,Morrisland,Kansas,2308.0,8444181771,aaron02@hotmail.com,Salaried,"Lee, Greene and Blackburn Corp.",12.8,11917.0,49745261.0,Heather Knight,Sibling,12647573752
USLW-APP-20240807-412,2024-08-07,Personal,43344.0,Home Improvement,56.0,866-40-2223,Paul Wong,2001-03-24,Male,Single,Doctorate,48633 Gary Way Suite 773,East Dianemouth,Washington,67462.0,1977399344705883,michelle43@mcdonald-clark.net,Salaried,"Duke, Johnston and Nguyen Corp.",27.3,3495.0,103172835.0,Lindsay Frank,Parent,7769513782
USLW-APP-20250301-499,2025-03-01,Personal,20073.0,Other,53.0,236-21-7932,Joel Owens,1983-08-24,Other,Widowed,Some College,2875 Patricia Viaduct Suite 317,Nicolestad,Ohio,27531.0,8207880952074,thompsonbrian@myers.com,Self-Employed,Lewis Inc LLC,13.2,12492.0,79667393.0,Sarah Thompson,Spouse,8740058208
USLW-APP-20240509-180,2024-05-09,Small Business,373838.0,Working Capital,57.0,562-93-5171,Jennifer Douglas,1968-12-21,Female,Separated,Some College,28851 Martinez Park,Humphreyfurt,Nevada,36596.0,0548137160,zmiller@collins.com,Salaried,White-Hanson Corp.,0.9,13166.0,72698990.0,Rebecca Carson,Sibling,0015250019759
USLW-APP-20241209-794,2024-12-09,Personal,39823.0,Debt Consolidation,59.0,386-44-7406,Matthew Wagner,1952-07-03,Female,Separated,Doctorate,7590 Amy Lights,East Destinymouth,Hawaii,49844.0,6453750128,andre50@hobbs.com,Salaried,Vasquez-Haas Corp.,12.2,3660.0,127897840.0,Stephanie Lang,Sibling,9931334062790
USLW-APP-20240927-637,2024-09-27,Personal,24685.0,Education,22.0,321-87-9074,Chelsea Smith,1999-01-20,Female,Separated,Doctorate,9368 John Highway,Nicolehaven,Michigan,72611.0,6746509873,janet61@hotmail.com,Salaried,"Terry, Thomas and Fisher Corp.",21.4,3644.0,53114338.0,Brandon Smith,Spouse,848037152940594
USLW-APP-20241228-899,2024-12-28,Auto,65634.0,Refinance,51.0,171-76-1826,Michael Smith,1968-02-12,Other,Separated,Doctorate,10852 Robert Square Suite 765,South Willieport,Oregon,42301.0,0139542850820,tnorman@yahoo.com,Salaried,Carey Ltd Corp.,29.4,20669.0,118439453.0,Kevin Pratt,Spouse,5949676366
USLW-APP-20250226-883,2025-02-26,Auto,73602.0,Refinance,26.0,423-99-8031,Jessica Velez,1965-07-20,Female,Separated,Doctorate,088 Diane Shore Suite 039,Lake Amber,Wisconsin,78109.0,0345139542,emilymorales@gmail.com,Self-Employed,"Freeman, Wilson and Chambers LLC",11.1,3482.0,66954831.0,Kathleen Fletcher,Sibling,1214125849662269
USLW-APP-20240727-814,2024-07-27,Personal,14838.0,Vacation,28.0,320-84-9842,Stephen Bennett,1999-09-15,Other,Married,Associate's Degree,822 Alexis Road,Jessicashire,Alabama,32530.0,08847162950922,robertsjonathan@barry.org,Self-Employed,Burke-Hayes LLC,14.6,5923.0,89299007.0,Philip Carter,Friend,3248480970
USLW-APP-20240513-769,2024-05-13,Mortgage,955932.0,Home Purchase,234.0,325-71-4571,Christopher Morgan,1991-02-05,Other,Widowed,Some College,39290 Meyer Square Suite 719,Hoganstad,Nevada,44519.0,7686570045400,buckleymichele@young-liu.org,Salaried,Graves-Riley Corp.,7.4,25092.0,54849437.0,Joseph Reyes,Parent,38943680385765
USLW-APP-20241108-457,2024-11-08,Personal,38515.0,Debt Consolidation,13.0,018-63-6252,Michael Reed,1992-12-18,Female,Married,Associate's Degree,8882 James Mission Suite 897,Lake Robert,Hawaii,93643.0,0170207650,jameshunter@hotmail.com,Hourly,Hogan-Barajas Corp.,24.8,27026.0,104417146.0,Mitchell Harris,Parent,851800219396549
USLW-APP-20241001-305,2024-10-01,Personal,39824.0,Vacation,44.0,002-69-6176,Desiree Moore,1972-06-07,Male,Single,Associate's Degree,10537 Tapia Crossroad,Eugeneside,Arkansas,39406.0,5585667407793,thomasmelissa@carter-fernandez.biz,Self-Employed,Bauer-Barnes LLC,12.2,14951.0,40097837.0,David Daniel,Sibling,0222370383
USLW-APP-20240430-797,2024-04-30,Personal,38715.0,Home Improvement,38.0,280-88-4045,Jeffrey Mitchell,1957-06-27,Female,Widowed,High School Diploma,60267 Garcia Walk,Madisonfort,Rhode Island,72256.0,8284201292062,victoriabarnes@allen-gardner.net,Salaried,Harris PLC Corp.,11.5,20403.0,116685940.0,Tammy Jones,Friend,0019273206810
USLW-APP-20240619-493,2024-06-19,Auto,39875.0,New Car Purchase,36.0,114-91-9792,Frank White,1986-02-19,Female,Single,Bachelor's Degree,4712 Eddie Courts Apt. 044,Jonathanfurt,West Virginia,27377.0,00129714199247527,john48@potter.biz,Salaried,Smith Group Corp.,10.8,9107.0,68579890.0,Sara Gibson,Sibling,9929862878
USLW-APP-20250108-846,2025-01-08,Personal,23505.0,Medical Expenses,52.0,285-21-3823,Marcia Singh,1998-11-13,Other,Married,Bachelor's Degree,570 Patrick Centers Suite 539,Angelaberg,Texas,77526.0,97486528737749,lisa62@gmail.com,Self-Employed,Oconnor Group LLC,3.8,19605.0,35716330.0,Charles Stone,Parent,15577698580942
USLW-APP-20240902-317,2024-09-02,Personal,14796.0,Education,12.0,474-88-5208,Kimberly Cummings,1969-12-18,Female,Divorced,Some College,00136 Kara Shoal Suite 915,South John,Iowa,97363.0,5758052448,swalls@yahoo.com,Self-Employed,"Hays, Parks and Williams LLC",7.1,10437.0,123542144.0,Anthony Meza Jr.,Spouse,00143644152870977
USLW-APP-20241225-413,2024-12-25,Small Business,125972.0,Working Capital,83.0,561-16-9847,Blake Phillips,1963-07-15,Male,Divorced,Bachelor's Degree,516 Alan Lane Apt. 013,Christopherton,Wisconsin,38700.0,03514126831961,robert42@morrison.com,Salaried,Johnson-West Corp.,6.6,13425.0,69649923.0,Travis Bridges,Parent,001963377925533469
USLW-APP-20250101-917,2025-01-01,Personal,4752.0,Home Improvement,47.0,140-63-6922,Paul Mann,1991-09-13,Female,Widowed,Doctorate,1321 Carrie Extension Suite 335,Parksshire,Washington,30306.0,7544218009,luis84@yahoo.com,Salaried,Smith-Haynes Corp.,17.2,10515.0,109923240.0,Matthew Baker,Spouse,00141652317673075
USLW-APP-20240605-358,2024-06-05,Small Business,108987.0,Equipment Purchase,59.0,121-64-4156,Judy Myers,1973-02-26,Female,Separated,Associate's Degree,6153 Chan Station Suite 891,South Robinport,Texas,77091.0,001864374993713286,fosterwesley@hotmail.com,Self-Employed,"Moore, Fowler and Acevedo LLC",13.6,23004.0,123685344.0,April Hooper,Sibling,7636047023
USLW-APP-20250306-868,2025-03-06,Small Business,139939.0,Equipment Purchase,68.0,178-08-4763,Brandon Chen,1950-03-11,Female,Widowed,Some College,014 Jonathan Loaf Apt. 335,Fergusonview,Virginia,59000.0,51050610635685,dianejohnson@gmail.com,Salaried,Lin-Miller Corp.,21.8,2186.0,62583138.0,Stephanie Johnson,Sibling,7690627649700
USLW-APP-20250222-133,2025-02-22,Personal,1913.0,Debt Consolidation,60.0,365-49-8428,JOSEPH KIM,1979-05-11,Other,Separated,Doctorate,993 Aaron Plaza,Brettfort,Michigan,90685.0,42982191132853,cdixon@brooks-white.com,Self-Employed,"Mcgrath, Gill and Ortiz LLC",5.2,21125.0,100040698.0,Glenn Reynolds,Spouse,81679053314488
USLW-APP-20241227-507,2024-12-27,Personal,12714.0,Other,59.0,037-02-2901,Bradley Underwood,1984-06-04,Female,Widowed,Doctorate,5068 Lloyd Flat,Cummingsborough,Nevada,17860.0,7150311045,robertsonmichael@yahoo.com,Salaried,Rodriguez-Hale Corp.,20.3,11489.0,19094324.0,Maurice Taylor,Parent,14555330482
USLW-APP-20240505-136,2024-05-05,Mortgage,998524.0,Home Purchase,190.0,121-43-2189,David Fisher,1958-04-06,Female,Divorced,Some College,41452 Escobar Roads,Anthonybury,West Virginia,4210.0,00106213191459508,bgonzalez@sawyer.com,Salaried,Burgess-Rodriguez Corp.,18.8,19445.0,65857463.0,Suzanne Lopez,Sibling,8059901236454
USLW-APP-20250110-940,2025-01-10,Personal,19095.0,Education,13.0,825-01-1218,Sarah Jones,1971-01-30,Female,Single,Some College,4662 Nicholas Underpass,Phillipshire,Oklahoma,64118.0,1992096351720,denisepowers@miller.com,Hourly,Peterson-Jackson Corp.,6.0,12620.0,101238904.0,Karla Baker,Spouse,112859519531756
USLW-APP-20240423-408,2024-04-23,Small Business,327380.0,Startup Costs,61.0,110-92-6380,Lisa Walker,1949-04-09,Male,Separated,High School Diploma,72772 Gordon Glen Apt. 466,Laurieport,Nebraska,99685.0,5236717304,zlewis@smith.org,Salaried,Costa-Powell Corp.,9.4,12940.0,100874754.0,Mitchell Adams,Parent,48523939094304
USLW-APP-20250324-320,2025-03-24,Personal,47361.0,Vacation,19.0,186-04-1379,Bryan Klein,1982-10-06,Female,Widowed,Bachelor's Degree,70033 Ruben Ridges,North Katherinestad,Oklahoma,27856.0,3176736592850,hendrixfrank@medina-perez.com,Salaried,Erickson Group Corp.,18.1,21768.0,66778554.0,Maria Schmidt,Friend,95550738141020
USLW-APP-20250330-206,2025-03-30,Small Business,86867.0,Equipment Purchase,57.0,410-77-9830,Douglas Bush,1966-07-17,Other,Widowed,Doctorate,34772 Mary Burgs Suite 823,Davidhaven,West Virginia,84086.0,4539610188,amy23@snyder.com,Salaried,"Black, James and Hart Corp.",2.6,27980.0,17788263.0,Seth Barnett,Spouse,1839273036
USLW-APP-20250301-178,2025-03-01,Personal,28634.0,Medical Expenses,14.0,046-73-5353,Glenda Morgan,1988-05-29,Male,Separated,Some College,823 Doyle Mission,West Paul,Iowa,68222.0,3314967318411,joseph87@johnson.net,Salaried,Russell and Sons Corp.,13.6,28924.0,76975392.0,Marc Wall,Parent,558824976750365
USLW-APP-20250111-519,2025-01-11,Mortgage,314248.0,Refinance,202.0,485-95-8577,John Moore,1967-09-10,Other,Separated,High School Diploma,412 Jon Freeway,New Jasonview,Alaska,53434.0,178888229464545,codycook@scott.biz,Self-Employed,"Williams, Zuniga and Allen LLC",13.7,16914.0,35341721.0,Jessica Carlson,Sibling,850451910232106
USLW-APP-20240921-159,2024-09-21,Auto,66010.0,Refinance,27.0,024-57-0145,Kevin Golden,1974-02-07,Other,Single,Associate's Degree,1832 Ellis Avenue,Christensenview,Washington,69729.0,0010436377672,elliottharry@johnson-oconnor.org,Self-Employed,Jones-Humphrey LLC,19.1,20455.0,59516215.0,Jeremy Kemp,Sibling,606709138839776
USLW-APP-20240722-783,2024-07-22,Personal,2784.0,Vacation,49.0,551-03-9198,Anthony Hodges,1953-12-27,Other,Widowed,Some College,2240 Green Islands Suite 289,Hendersontown,Nevada,9440.0,001149104215469395,sarah03@reid.com,Salaried,Sawyer and Sons Corp.,27.9,13408.0,51499217.0,Hannah Perez,Sibling,01502081819733
USLW-APP-20250215-184,2025-02-15,Auto,44597.0,Used Car Purchase,51.0,089-01-3862,Ashley Garcia,1979-09-06,Other,Widowed,Some College,2991 Brian Spurs,Christopherstad,Ohio,1974.0,2672417713584,laurenjones@gmail.com,Self-Employed,Phillips-Robles LLC,9.7,8322.0,117038635.0,Jacob Gonzalez,Friend,108849419316935
USLW-APP-20240703-252,2024-07-03,Auto,61153.0,Used Car Purchase,40.0,608-89-8472,Ruben Smith,1971-02-19,Other,Separated,High School Diploma,36068 Joshua Park,Pamelamouth,Ohio,95204.0,34784130624597,brittanygonzalez@yahoo.com,Salaried,Washington-Riggs Corp.,16.7,6719.0,70158500.0,Ashley Cook,Spouse,187775324806409
USLW-APP-20240721-371,2024-07-21,Personal,25917.0,Medical Expenses,43.0,531-94-2624,Lance Preston,1974-04-29,Male,Single,Master's Degree,08879 Garza Summit Suite 868,East Sharonborough,Florida,9272.0,9510418829102,christopherhuff@hotmail.com,Hourly,"Johnson, Harrison and Knight Corp.",14.4,10699.0,47185771.0,Lynn Brown,Sibling,912367724580238
USLW-APP-20240430-160,2024-04-30,Auto,11036.0,Used Car Purchase,67.0,155-53-3455,JESUS HUFF,1986-07-10,Female,Divorced,Associate's Degree,1119 Andersen Station Suite 306,Lake Antonio,Florida,2646.0,0017753047345522,charles89@maxwell-lucas.com,Salaried,"Williams, Jones and Nguyen Corp.",15.8,5355.0,62977168.0,Jason Williams,Friend,9353422999
USLW-APP-20240607-732,2024-06-07,Personal,25972.0,Other,48.0,253-23-2029,Crystal Gould,1955-02-23,Other,Single,Some College,69482 Marc Spur Apt. 469,Jameston,South Dakota,99571.0,80257075249553,kimberly11@higgins.org,Self-Employed,Johnston-Mullen LLC,6.0,16769.0,53459459.0,Charles Curtis,Friend,10603405509
USLW-APP-20240914-264,2024-09-14,Auto,66835.0,Refinance,66.0,268-26-3309,Melinda Ray,1963-10-22,Other,Separated,Doctorate,23015 Brandon Drives,New Blakeport,Oklahoma,83108.0,9559386684903,michaelbooth@hotmail.com,Salaried,Malone-Harris Corp.,4.4,24358.0,117749717.0,Jennifer Smith,Spouse,0019456783149
USLW-APP-20240726-207,2024-07-26,Personal,18291.0,Medical Expenses,17.0,233-58-6867,JACQUELINE HANCOCK,1976-09-26,Other,Widowed,Some College,4401 Joseph Port Apt. 340,New Matthewshire,New Mexico,64396.0,628042714282792,vargasbrenda@smith.org,Salaried,Lynch LLC Corp.,3.6,15814.0,76139895.0,Tracey Holmes,Spouse,5619670775
USLW-APP-20240926-518,2024-09-26,Small Business,60908.0,Inventory,26.0,804-26-7421,Joseph Wallace,1999-11-30,Female,Widowed,Some College,4581 Christine Lock,Rodriguezmouth,South Carolina,30971.0,5791618156290,warnermegan@kramer.com,Self-Employed,"Diaz, Hill and Duke LLC",8.4,10068.0,23928703.0,Jessica Ruiz,Parent,17164719711
USLW-APP-20250328-147,2025-03-28,Personal,25887.0,Medical Expenses,54.0,664-38-2983,Molly Holmes,1971-11-26,Male,Divorced,Associate's Degree,503 Marc Unions,West Felicia,Nevada,24321.0,1420318685053757,pstanley@gmail.com,Hourly,Rodriguez-Baker Corp.,29.4,13398.0,12164549.0,Steven Golden,Friend,1707047188
USLW-APP-20241002-193,2024-10-02,Personal,18937.0,Medical Expenses,18.0,502-58-0885,Linda Tucker,1954-10-06,Female,Separated,Some College,812 Peck Coves,Port Elizabethborough,Arkansas,98190.0,0016593169166,ymeza@martin-williams.com,Salaried,Hall Inc Corp.,9.6,28889.0,50255193.0,Stanley Hoffman,Spouse,322999883637367
USLW-APP-20240628-100,2024-06-28,Small Business,118830.0,Equipment Purchase,67.0,598-04-0447,Robin Gonzalez,1989-03-18,Other,Separated,High School Diploma,6287 Bennett Branch Suite 325,West Ashley,Illinois,78074.0,4147177993,stephenmorales@gmail.com,Self-Employed,"Caldwell, Lara and Delacruz LLC",5.5,15178.0,21420300.0,Dean Hill,Spouse,18317162470662
USLW-APP-20240417-205,2024-04-17,Mortgage,698943.0,Home Purchase,274.0,323-18-1622,Tammy Acevedo,1955-11-15,Male,Married,Bachelor's Degree,175 Smith Summit Suite 375,West Luke,Oregon,21699.0,240116537631738,christina87@hotmail.com,Salaried,"Bowman, Morris and Bradley Corp.",8.9,11386.0,75622578.0,James Murphy,Parent,758929511256797
USLW-APP-20241028-221,2024-10-28,Auto,73223.0,Used Car Purchase,60.0,681-68-1595,Michael Brown,1957-10-30,Female,Divorced,Some College,530 Jessica Ford Suite 063,Lake Seantown,New Mexico,19445.0,2834515428,emartinez@murphy.net,Self-Employed,"Collier, Gonzalez and Juarez LLC",2.2,21386.0,41843721.0,David George,Parent,4279910543933
USLW-APP-20240829-760,2024-08-29,Personal,46663.0,Vacation,48.0,643-44-0574,Pamela Ramirez,1997-12-02,Other,Widowed,Master's Degree,3590 Debra Curve,Alyssamouth,Washington,94935.0,0010120447762579,kimberlymoore@wise.biz,Hourly,"Robinson, Murray and Brown Corp.",16.2,21966.0,10105539.0,Anita Johnson,Sibling,4298811945
USLW-APP-20240413-971,2024-04-13,Personal,45691.0,Home Improvement,55.0,410-09-5417,Robert Mclaughlin,1981-04-14,Other,Single,Doctorate,6164 Courtney Ramp,Salazarbury,Wisconsin,13409.0,035625632801609,kevin15@kim-williams.com,Salaried,Camacho-Humphrey Corp.,22.5,14738.0,59171375.0,April Carroll,Spouse,2358163522
USLW-APP-20240824-464,2024-08-24,Personal,26144.0,Other,31.0,509-34-6241,Jeffery Price,2006-02-05,Other,Divorced,Master's Degree,9175 Brewer Park Suite 791,New Lindastad,Wisconsin,36826.0,0019278765013801,lsuarez@shannon.info,Salaried,"Williams, Griffith and Torres Corp.",23.1,20789.0,122868997.0,Katie Chapman,Spouse,69601267808158
USLW-APP-20240925-723,2024-09-25,Personal,39440.0,Debt Consolidation,54.0,317-40-4525,Christina Stewart,1954-03-30,Male,Widowed,Doctorate,9133 Stewart Junctions Suite 848,Julieview,Illinois,79438.0,4839612205,marywilliams@anderson-rice.com,Salaried,"Ortiz, Obrien and Hall Corp.",4.5,9936.0,80327680.0,Brittany Meyer,Friend,2339161590
USLW-APP-20250114-563,2025-01-14,Personal,28980.0,Medical Expenses,26.0,350-74-6663,Michael Sandoval,2006-06-10,Other,Divorced,Master's Degree,7980 Love Lodge Apt. 860,Sydneystad,Nevada,85409.0,9412094454223,fdavis@patterson.biz,Salaried,Bender LLC Corp.,14.4,22156.0,109579607.0,Mrs. Summer Anderson DDS,Sibling,08063098192640
USLW-APP-20240515-792,2024-05-15,Personal,23928.0,Debt Consolidation,20.0,321-67-0766,Ryan Walton,2001-12-20,Male,Widowed,High School Diploma,8924 Terri Drive Suite 087,Liton,Kansas,15232.0,40741467260168,william78@hotmail.com,Salaried,Miller Ltd Corp.,14.2,24013.0,123646095.0,Jamie Jackson,Parent,701244655425396
USLW-APP-20240520-691,2024-05-20,Mortgage,220013.0,Refinance,227.0,866-14-9934,Nicholas Brown,1970-01-30,Male,Widowed,Bachelor's Degree,306 Paula Passage,New Matthewstad,Texas,98038.0,108600679412675,brandonrojas@barrera.com,Self-Employed,Sexton Inc LLC,3.7,20488.0,122141177.0,Mr. Thomas Joseph,Parent,4167715507
USLW-APP-20241110-891,2024-11-10,Mortgage,520812.0,Home Purchase,338.0,581-73-2723,Duane Johnson,1990-01-30,Male,Divorced,High School Diploma,4810 James Expressway Apt. 341,Mooreport,Oregon,40062.0,431414507063304,vryan@black-phillips.net,Salaried,Garcia-Jones Corp.,29.6,25126.0,49247280.0,Sharon Lane,Spouse,1683323770
USLW-APP-20250319-452,2025-03-19,Personal,13546.0,Education,55.0,704-30-6928,Tara Nash,2006-04-13,Other,Married,Doctorate,3692 Christine Pines Suite 371,New Larrybury,Wisconsin,39491.0,00112251289378147,lorraine19@gmail.com,Self-Employed,"Johnson, Jones and Mckinney LLC",14.0,16929.0,37549806.0,Deborah Griffin,Sibling,6505933106184
USLW-APP-20250221-832,2025-02-21,Personal,37537.0,Debt Consolidation,25.0,554-03-4515,Hannah Schwartz,1981-12-07,Other,Separated,Associate's Degree,5322 Keith Land Suite 543,Davidburgh,Nevada,62511.0,50934256585775,christopher34@carrillo.net,Salaried,Coleman Group Corp.,29.9,12917.0,39145635.0,Mark Ramos,Friend,001527978613461629
USLW-APP-20240403-663,2024-04-03,Mortgage,405959.0,Refinance,296.0,572-71-5096,Lauren Bowen,2005-04-30,Male,Divorced,Associate's Degree,694 Sierra Green Suite 079,North Timothyville,Illinois,83676.0,0015958351059,coltonlandry@collins-anderson.info,Salaried,Stewart and Sons Corp.,6.8,11789.0,30163894.0,Tiffany Reed,Friend,5112620089
USLW-APP-20241029-682,2024-10-29,Personal,37525.0,Debt Consolidation,48.0,420-39-9469,John Wells,1962-09-23,Other,Single,Associate's Degree,400 Willie Ridges Suite 242,Haleymouth,Wisconsin,26844.0,64943930206900,george76@yahoo.com,Hourly,Farmer-Mills Corp.,23.1,29377.0,20570895.0,Lacey Sims,Parent,93306484538640
USLW-APP-20241214-454,2024-12-14,Personal,24052.0,Home Improvement,50.0,365-08-2431,Hannah Miller,1954-12-08,Female,Separated,High School Diploma,6328 Anthony Gateway Apt. 146,Port Brittany,Texas,60957.0,001291761865422636,ann30@hotmail.com,Hourly,"Anderson, Giles and Castillo Corp.",25.3,3639.0,63972609.0,Douglas French,Sibling,0018458601889
USLW-APP-20241019-194,2024-10-19,Auto,63632.0,Refinance,60.0,538-12-3529,Joseph Campbell,1975-03-23,Female,Separated,High School Diploma,4928 Mitchell Plains,Stephanieport,Iowa,86376.0,14192239802,jmoran@yahoo.com,Hourly,Shepherd Ltd Corp.,26.2,17781.0,81834729.0,Carly Aguilar,Parent,37291879442023
USLW-APP-20250210-914,2025-02-10,Auto,63689.0,Refinance,42.0,104-45-8086,Sydney Kelly,1983-08-17,Female,Separated,Associate's Degree,0045 Shelby Squares,Tuckerton,Hawaii,59745.0,1919449047,frylaura@hotmail.com,Salaried,Keller-Carpenter Corp.,11.0,13911.0,36031386.0,Cody Lawrence,Sibling,135375744308558
USLW-APP-20250119-437,2025-01-19,Small Business,231466.0,Startup Costs,43.0,866-36-4632,William Hill,1999-04-17,Other,Single,Some College,45306 Dawson Junction Apt. 311,South Doris,Wisconsin,81093.0,1277391272388640,matthewmoses@alexander.biz,Salaried,Coleman Group Corp.,28.8,25087.0,125674049.0,Timothy Harrison,Parent,001937069936350392
USLW-APP-20240709-852,2024-07-09,Small Business,252720.0,Working Capital,46.0,644-88-0897,David Walker,1970-01-07,Other,Widowed,Some College,0850 Hines Run,Lake Vanessa,Wisconsin,87227.0,3103506369047,vramos@palmer.net,Self-Employed,Allen-Norman LLC,5.1,20097.0,12653296.0,Jeremy Wright,Friend,10116308431735
USLW-APP-20241217-910,2024-12-17,Small Business,277482.0,Inventory,42.0,013-80-3809,Linda Sanchez,1983-12-08,Male,Separated,Master's Degree,6288 Stone Island,South Daniel,California,71842.0,0019347554103349,riverajohn@moore-kennedy.net,Self-Employed,"Adams, Morris and Hart LLC",17.3,14805.0,127975212.0,Andrea Callahan,Sibling,6554096787
USLW-APP-20250329-187,2025-03-29,Small Business,431555.0,Equipment Purchase,38.0,150-74-8275,Vickie Steele,1974-09-01,Other,Widowed,Some College,1185 Anna Loop,Thompsonbury,Oklahoma,54642.0,1338967966,juliejimenez@mcbride.com,Salaried,Burns Ltd Corp.,28.6,25244.0,54039098.0,Dr. Tina Craig,Sibling,4539843745976
USLW-APP-20241223-206,2024-12-23,Mortgage,428587.0,Refinance,354.0,086-79-6995,Rachael Webb,1972-10-14,Other,Widowed,Associate's Degree,72627 Patrick Expressway Apt. 603,South Sherri,Illinois,81583.0,9902324747108,adambernard@gmail.com,Salaried,Smith-Rice Corp.,16.3,10358.0,53967682.0,John Morris,Sibling,7935200728
USLW-APP-20240512-832,2024-05-12,Personal,20765.0,Education,23.0,611-59-7446,Thomas Ramirez,1983-10-30,Female,Widowed,Doctorate,3573 Bennett Islands Apt. 119,Port Brandonfurt,Michigan,26308.0,6464995379,iboyer@cardenas.org,Salaried,Freeman-Andrade Corp.,13.2,20902.0,63011735.0,Kristine Mcdaniel,Parent,5336143208884
USLW-APP-20240815-748,2024-08-15,Small Business,237329.0,Inventory,76.0,540-10-2511,Mrs. Tiffany Whitehead,1975-12-05,Female,Single,Associate's Degree,0394 Angela Creek,East Barbaraborough,Iowa,12166.0,9434573869277,anthony72@carter.net,Salaried,Roberts-Ferguson Corp.,10.2,26835.0,60506573.0,Charles Grant,Parent,8146716442121
USLW-APP-20240907-970,2024-09-07,Auto,19667.0,Used Car Purchase,55.0,371-66-4803,James Gutierrez,1981-09-15,Female,Single,Doctorate,9517 Tyrone Field Apt. 093,Howardtown,South Carolina,34224.0,6125249998485,mariah94@yahoo.com,Salaried,Smith-Martinez Corp.,20.9,2318.0,49368787.0,Joyce Martinez,Spouse,0111042771
USLW-APP-20240801-598,2024-08-01,Personal,33829.0,Home Improvement,28.0,299-88-0785,Cameron Davis,1957-07-12,Other,Divorced,Some College,688 Karen Drive,Reynoldsmouth,Ohio,27133.0,0014705602124500,randall41@palmer.net,Self-Employed,"Clark, Meyer and Lopez LLC",3.6,8790.0,29568167.0,Willie Wilson,Friend,16591427106
USLW-APP-20241214-547,2024-12-14,Personal,19837.0,Debt Consolidation,57.0,634-21-3302,Suzanne Stevens,1973-07-13,Male,Separated,Doctorate,12204 Carolyn Springs Suite 824,New Lauren,Ohio,72100.0,1420624067,frank43@becker-butler.com,Salaried,Henry-Davis Corp.,20.9,6806.0,109151025.0,Brent Jacobs,Friend,5382308577079
USLW-APP-20241003-573,2024-10-03,Personal,39688.0,Medical Expenses,41.0,722-72-3257,Robert Williams,1996-09-28,Female,Single,Some College,53140 Hughes Loop,Brownmouth,Connecticut,92130.0,10593980621333,charlesespinoza@yahoo.com,Salaried,Baker-Weber Corp.,1.0,2309.0,125171416.0,Elizabeth Wilson,Friend,681797297996650
USLW-APP-20240827-591,2024-08-27,Personal,13576.0,Other,49.0,533-03-1962,Kristin Johnston,1968-08-02,Female,Divorced,Master's Degree,3614 Berry Hollow Apt. 443,Wolfechester,Nevada,88112.0,00155266770467109,deborahbenton@gmail.com,Hourly,Barnett Group Corp.,29.5,6199.0,17320359.0,Jason Alexander,Parent,2982985336
USLW-APP-20250123-830,2025-01-23,Personal,7072.0,Vacation,28.0,674-84-8119,Lawrence Pope,1995-12-13,Female,Widowed,Associate's Degree,8903 Williams Garden Apt. 499,South Vickie,Alaska,89385.0,2472565191,vhenry@hotmail.com,Salaried,Edwards-Montoya Corp.,6.3,7979.0,10824108.0,Jonathan Palmer,Spouse,0508903731
USLW-APP-20240602-561,2024-06-02,Personal,15552.0,Education,55.0,672-20-9476,Marilyn Chen,1986-01-18,Other,Widowed,High School Diploma,321 Warren Forges Apt. 941,East Jennifer,New Mexico,14707.0,129309379632155,thomas38@yahoo.com,Salaried,Forbes-Mccarthy Corp.,3.1,18726.0,123280448.0,Shane Davis,Sibling,4128565808
USLW-APP-20241016-399,2024-10-16,Small Business,386912.0,Working Capital,41.0,543-40-1606,Melissa Benitez,1990-02-11,Other,Divorced,Some College,4151 Cline Ford,New Erica,Connecticut,88614.0,0011843142766430,mariahanson@lynn.com,Salaried,Howard Group Corp.,2.3,20616.0,31531823.0,Tonya Johnson,Friend,8916892740
USLW-APP-20240427-616,2024-04-27,Mortgage,307461.0,Refinance,308.0,771-57-3335,Samantha Salazar,1982-02-23,Other,Separated,Some College,3332 Carl Motorway Suite 028,Heathershire,Kansas,39971.0,65809938099098,fredericksteven@jones-snyder.com,Salaried,Davis-Smith Corp.,6.0,26752.0,70218165.0,David Perez,Parent,773543713419297
USLW-APP-20241215-446,2024-12-15,Personal,8112.0,Education,29.0,279-22-0111,Nicholas Morales,1974-02-26,Other,Divorced,Some College,4055 Lindsay Passage,South Williamchester,West Virginia,37434.0,3982747509,rebeccarose@gmail.com,Self-Employed,Cook-Ruiz LLC,18.8,15210.0,116189938.0,Abigail Reyes,Sibling,5331077934
USLW-APP-20240506-517,2024-05-06,Personal,48786.0,Medical Expenses,58.0,488-01-1272,William Lewis,1977-01-29,Male,Single,Doctorate,97001 Ashley Meadow Suite 421,Whiteborough,Arkansas,16195.0,918307966522233,bethany45@phillips.info,Self-Employed,Johnson-Hunter LLC,3.3,13376.0,34635797.0,Kimberly Brown,Spouse,3019559379
USLW-APP-20250201-990,2025-02-01,Small Business,23363.0,Startup Costs,44.0,330-23-5254,Andrew Velasquez,1967-02-02,Female,Separated,Bachelor's Degree,07697 Annette Parkways,Nicolehaven,Oregon,62780.0,5564862246,howardkeith@lee-perez.com,Self-Employed,Olson-Randolph LLC,4.0,13844.0,84626895.0,Teresa Rios,Spouse,16232542090157
USLW-APP-20250117-750,2025-01-17,Personal,11465.0,Education,33.0,251-62-0535,Stephen Dodson,1964-05-23,Male,Widowed,Master's Degree,5944 Thompson Tunnel Suite 975,Stephanieburgh,Texas,14735.0,0068104080729,paulabrooks@hotmail.com,Self-Employed,Dennis-Nguyen LLC,1.1,18312.0,15319883.0,David Miller,Parent,18841143569760
USLW-APP-20241011-607,2024-10-11,Mortgage,645493.0,Home Purchase,211.0,323-07-9971,Amy Kirby,1979-12-17,Male,Widowed,Doctorate,49392 Jonathan Freeway Suite 078,Pamelachester,Vermont,10117.0,95629170516509,douglas55@greer.com,Salaried,"Martinez, Fritz and Wyatt Corp.",4.6,23156.0,11446239.0,Michael French,Parent,3896686644959
USLW-APP-20240709-151,2024-07-09,Small Business,114507.0,Working Capital,74.0,718-52-5161,Deanna Gonzales,1988-05-10,Other,Married,Some College,871 Russell Drive,Jamesstad,Texas,36207.0,64747227975165,obolton@luna.com,Salaried,Schneider Ltd Corp.,26.8,15729.0,17666987.0,Jorge Rose,Sibling,12557448268
USLW-APP-20240821-493,2024-08-21,Small Business,363121.0,Inventory,80.0,589-46-4707,Kevin Peterson,1962-02-03,Other,Single,Some College,3736 Allen Isle Apt. 322,Nataliefurt,Wisconsin,64084.0,6234982802852,michaelolson@smith.biz,Salaried,Johnson LLC Corp.,8.8,9968.0,88319661.0,Margaret Hunt,Sibling,25771475997740
USLW-APP-20240924-421,2024-09-24,Small Business,236441.0,Working Capital,57.0,626-82-3328,Anthony Martinez,1997-08-11,Female,Divorced,Associate's Degree,330 Susan Inlet Suite 723,South Jasonmouth,Rhode Island,1718.0,113479739841340,jesseclark@myers.com,Self-Employed,"Hernandez, Nicholson and Bean LLC",16.4,19192.0,109745790.0,Savannah Weaver,Spouse,38084857993541
USLW-APP-20240915-777,2024-09-15,Personal,45297.0,Home Improvement,54.0,702-54-2566,Michael Nelson,1953-06-20,Female,Single,Some College,347 Benjamin Hollow Suite 130,New Dominique,Colorado,1302.0,00155409625439841,ryan30@humphrey.net,Salaried,Diaz-Davis Corp.,28.0,24861.0,59037655.0,Kenneth Richardson,Spouse,7323436236003
USLW-APP-20241122-177,2024-11-22,Mortgage,75489.0,Home Purchase,183.0,499-11-0710,Todd Nelson,1967-10-17,Male,Married,Doctorate,9232 Connie Fort,Riverachester,Alaska,99406.0,29667007350794,imedina@yahoo.com,Salaried,Perry-Erickson Corp.,4.8,10639.0,18347865.0,Regina Santana,Spouse,4290107406
USLW-APP-20240424-690,2024-04-24,Personal,6641.0,Vacation,43.0,788-71-9822,Vanessa Walker DDS,1987-04-25,Female,Married,Associate's Degree,61518 Luis Road Apt. 994,Davidside,West Virginia,67621.0,7412631569,taylor47@yahoo.com,Hourly,"Williams, Shaw and Arnold Corp.",26.2,10864.0,44944009.0,Kaitlyn Hanna,Friend,69669324231379
USLW-APP-20240709-701,2024-07-09,Small Business,425880.0,Equipment Purchase,63.0,099-36-9669,Donald Avery,1996-03-26,Female,Married,Associate's Degree,64018 Jackson Fields Apt. 591,Lake Leslie,North Carolina,81150.0,5867054263257,larrygonzales@hotmail.com,Self-Employed,"Mcbride, Lynn and Chandler LLC",19.9,20415.0,11382461.0,Susan Nichols,Sibling,0621620112
USLW-APP-20250123-724,2025-01-23,Auto,70096.0,New Car Purchase,38.0,387-24-9608,Michele Miller,1998-07-11,Other,Widowed,Master's Degree,33374 Lisa Knolls,South Anthony,Louisiana,68958.0,3166220536204,sherry93@gmail.com,Salaried,Ross LLC Corp.,20.2,2745.0,36732973.0,Melvin Davis,Parent,0014275833593
USLW-APP-20240407-651,2024-04-07,Mortgage,535952.0,Home Purchase,271.0,250-15-4777,Jesse Barrett,1957-03-10,Other,Divorced,Bachelor's Degree,5198 Williams Mill Suite 520,Martinezport,Mississippi,62315.0,12220862971743,jonbernard@webster-anderson.com,Salaried,"Weaver, Floyd and Mcdaniel Corp.",12.7,21862.0,111372148.0,Kelly Walsh,Friend,9934832758
USLW-APP-20241224-943,2024-12-24,Auto,52117.0,Refinance,26.0,540-56-1926,Isaiah Marshall,1961-11-20,Female,Single,Some College,354 Michael Skyway,Timothyberg,Rhode Island,37655.0,8281734558,pricerobert@bowen.com,Self-Employed,"Campbell, Warren and Cox LLC",8.5,14725.0,38631849.0,Lisa Taylor,Spouse,01017543167733
USLW-APP-20240729-863,2024-07-29,Small Business,212066.0,Inventory,61.0,459-52-8012,Steven Bentley,1997-01-03,Female,Single,Some College,3276 John Port,Johnsonview,Wisconsin,22328.0,0736848143,schneiderdavid@hill.com,Salaried,Jackson-Malone Corp.,17.2,21825.0,43696426.0,Madison Simon,Spouse,35812292781865
USLW-APP-20241225-570,2024-12-25,Personal,8269.0,Medical Expenses,29.0,174-47-7852,Lisa Howell,1974-05-18,Other,Separated,Bachelor's Degree,8830 Hunter Islands Suite 881,Floresview,Wisconsin,7553.0,70159100395697,ihernandez@day-brown.com,Salaried,Dillon-Randall Corp.,13.8,28021.0,64233981.0,Stephanie Manning DVM,Friend,328960183903654
USLW-APP-20250326-238,2025-03-26,Small Business,157951.0,Expansion,63.0,541-89-8167,Crystal Ewing,1987-04-09,Male,Married,Bachelor's Degree,3770 Blankenship Parkways Suite 141,North Meganberg,Hawaii,97576.0,6069824675,emily60@hotmail.com,Self-Employed,Everett PLC LLC,13.2,18154.0,105035048.0,David Pratt,Friend,376452907745486
USLW-APP-20240515-842,2024-05-15,Small Business,182837.0,Equipment Purchase,73.0,407-12-1718,STEPHANIE MARTINEZ,1964-10-19,Other,Divorced,Bachelor's Degree,407 Hoover Forest Apt. 441,Bondberg,Rhode Island,11656.0,6359567713,lcarlson@campos.com,Self-Employed,Horn Group LLC,4.5,16434.0,90815360.0,James Case,Spouse,4820722967
USLW-APP-20241219-582,2024-12-19,Personal,46590.0,Home Improvement,23.0,340-91-7622,Rachael Nelson,2001-10-06,Female,Widowed,Some College,92958 Steven Lodge Apt. 448,South Stephen,South Dakota,47863.0,18219769706578,jonesalexander@wilson-herring.org,Salaried,Anderson Group Corp.,29.3,7871.0,27350678.0,Mary Fitzpatrick,Spouse,0906619410
USLW-APP-20250125-561,2025-01-25,Personal,27545.0,Home Improvement,46.0,541-86-1130,Adam Eaton,2005-03-22,Female,Single,Some College,5830 Sonya Dale,Susanville,Iowa,74590.0,00104689230648635,reedjudy@petty.com,Salaried,"Alvarado, Barnes and Meyer Corp.",27.7,13215.0,15685119.0,Daryl Herrera,Spouse,0320933370
USLW-APP-20240703-463,2024-07-03,Small Business,333024.0,Inventory,82.0,004-99-8051,Thomas Brown,1981-02-03,Female,Married,Bachelor's Degree,4010 Tammy Corner,Bryantville,Michigan,61154.0,149398823463013,franklinmike@davis.biz,Salaried,"Madden, Rose and Avila Corp.",3.7,27584.0,77610384.0,Darius Alexander,Friend,00171361231962060
USLW-APP-20241115-119,2024-11-15,Personal,7802.0,Medical Expenses,25.0,516-52-6709,Jacob Freeman,1968-08-24,Other,Married,Some College,108 Guzman Mews Apt. 897,Christineland,Nebraska,66991.0,727731153044714,parkernatalie@reed.com,Hourly,"Hall, Perez and Bryant Corp.",12.4,24068.0,120840700.0,Alison Porter MD,Spouse,390657472199704
USLW-APP-20250304-491,2025-03-04,Personal,14344.0,Education,38.0,383-48-5076,Robin Warren,1960-11-04,Male,Single,Associate's Degree,9023 Jessica Grove,Joelside,Virginia,39628.0,2164282660850,bergbradley@hotmail.com,Salaried,Schneider PLC Corp.,22.6,12819.0,126591891.0,Erin Vaughn,Friend,6920709740
USLW-APP-20241213-173,2024-12-13,Personal,48600.0,Medical Expenses,37.0,216-80-7298,Alicia Parker,1978-11-28,Female,Married,Doctorate,516 Craig Walks,Sarahside,Rhode Island,51762.0,126358021831305,rhondameyer@yahoo.com,Salaried,"Patel, Jordan and Matthews Corp.",9.4,25885.0,112946890.0,Justin Morgan,Spouse,9962034103
USLW-APP-20240529-510,2024-05-29,Mortgage,890024.0,Refinance,240.0,812-24-9407,Justin Palmer,1966-01-13,Male,Married,Master's Degree,99869 Matthew Lodge Suite 098,Williamsport,Louisiana,28699.0,2416827226326,rogersjason@mcclure.com,Salaried,Jackson Inc Corp.,10.9,16812.0,71298964.0,Matthew Smith,Parent,9878113664503
USLW-APP-20250127-349,2025-01-27,Personal,9713.0,Debt Consolidation,29.0,633-03-3501,Donald Mitchell,1963-03-19,Female,Separated,Some College,759 Johnson Viaduct Suite 388,Morganfurt,South Dakota,88702.0,19629208987,colemanjeffrey@dominguez-white.info,Hourly,Thompson-Porter Corp.,8.3,11281.0,115110568.0,Jessica Guerrero,Spouse,0460637350425
USLW-APP-20250305-998,2025-03-05,Small Business,88846.0,Working Capital,72.0,868-12-2432,Jessica Brown,1982-05-25,Female,Divorced,High School Diploma,3588 Jeffrey Curve,Brandichester,Mississippi,45374.0,14908366019232,justin52@hotmail.com,Self-Employed,Brown Group LLC,5.1,14002.0,107535698.0,Crystal Jensen DDS,Sibling,0887549504203
USLW-APP-20240810-181,2024-08-10,Personal,14971.0,Medical Expenses,56.0,325-36-1496,Dylan Hobbs,2000-11-03,Other,Married,Doctorate,9232 Nathan Coves Apt. 164,Aliland,Oklahoma,24943.0,03329519528959,ashleyrose@gmail.com,Hourly,Mata and Sons Corp.,9.4,28619.0,33389031.0,Tammy Campbell,Sibling,18083715378
USLW-APP-20240808-389,2024-08-08,Personal,7902.0,Other,22.0,586-86-7730,John Barker,1987-01-01,Male,Widowed,Bachelor's Degree,706 Norman Manors,North Rachel,Illinois,59123.0,4806122576,leslie22@gmail.com,Self-Employed,"Garrett, Stephens and Baker LLC",17.4,18140.0,107331672.0,Ann Green,Sibling,2134697943
USLW-APP-20240814-241,2024-08-14,Personal,44574.0,Medical Expenses,18.0,321-83-9253,Amber Turner,1984-08-18,Other,Separated,Doctorate,7763 Kyle Junction,Heatherfort,Alabama,85650.0,4201725794754,joshuawatson@martin-watson.com,Self-Employed,"Reed, Conley and Petersen LLC",14.7,18861.0,35080053.0,Sara Bailey,Parent,0571928356
USLW-APP-20250402-738,2025-04-02,Mortgage,793103.0,Refinance,188.0,392-78-9660,Mary Russell,1950-10-29,Female,Separated,High School Diploma,08808 Sarah Cape Apt. 200,Parksfurt,Nevada,92848.0,3910227745,davisandrew@bailey.org,Self-Employed,"Henry, Mccullough and Pacheco LLC",15.5,7699.0,75514466.0,Aaron Khan,Parent,0013300138371138
USLW-APP-20241229-884,2024-12-29,Personal,31822.0,Other,13.0,684-45-5149,Brenda Patrick,1987-02-01,Other,Single,Doctorate,34335 Rachel Creek Apt. 025,Hurleyside,Virginia,92903.0,037937662993128,rwest@gmail.com,Self-Employed,Colon-Jones LLC,13.3,18692.0,64315825.0,Jeffrey Cooley,Sibling,0010210726954803
USLW-APP-20250113-128,2025-01-13,Personal,14744.0,Vacation,21.0,631-43-9465,Nicole Moran,1958-11-03,Male,Separated,Some College,98234 Paula Mountains,North Brian,Nebraska,62121.0,26561482879577,manuelmorgan@hays.com,Salaried,Lee-Schneider Corp.,18.4,3776.0,24298872.0,Kimberly Cobb,Spouse,0018066805695
USLW-APP-20240713-931,2024-07-13,Personal,29130.0,Home Improvement,12.0,498-53-1866,David Kirk,1966-05-27,Female,Married,Doctorate,584 Davis Squares Apt. 602,Sierramouth,Oklahoma,71366.0,6722834627,mitchellstephen@aguirre.com,Self-Employed,Ashley Group LLC,11.4,11778.0,44082110.0,Jacqueline Bennett,Sibling,17730665189
USLW-APP-20241128-306,2024-11-28,Small Business,86192.0,Inventory,77.0,169-37-7970,AMY LOPEZ,1987-05-20,Male,Single,Some College,354 Teresa Rapids,Herreramouth,Iowa,2009.0,3110873574725,debbie44@wright-rose.com,Hourly,Patterson and Sons Corp.,9.4,2325.0,124140079.0,Cody Frank,Sibling,001263318472060402
USLW-APP-20241210-105,2024-12-10,Personal,29584.0,Vacation,18.0,804-54-2494,Mark Farrell,1980-11-13,Male,Single,Some College,51897 Guerrero Trail Apt. 772,Jessicabury,Vermont,46881.0,0014693606889,prestonrobert@robinson.com,Salaried,Barnes PLC Corp.,22.8,17856.0,57520559.0,Jamie Ritter,Spouse,6404948772
USLW-APP-20250223-310,2025-02-23,Mortgage,491101.0,Refinance,189.0,529-22-4929,Christian Nelson,1955-09-01,Other,Married,Some College,460 Peterson Estate,Reneeshire,West Virginia,36611.0,1023751134224567,ctaylor@jenkins.org,Salaried,Garcia LLC Corp.,20.1,8912.0,17218186.0,Amanda Brown,Parent,00120484462491351
USLW-APP-20240504-299,2024-05-04,Personal,18616.0,Home Improvement,12.0,211-86-2707,Margaret Garcia PhD,1968-06-25,Female,Married,Master's Degree,674 Goodman Harbor,Mooreburgh,Oklahoma,96960.0,164682105996647,timothyhowell@yahoo.com,Salaried,"Johnson, Robles and Leon Corp.",21.3,3159.0,55730891.0,Kenneth Hart,Friend,10692889427
USLW-APP-20240527-606,2024-05-27,Small Business,71021.0,Working Capital,39.0,128-85-8917,Gloria Walsh,1964-06-10,Other,Divorced,Some College,2279 Gabriel Crest,South Brian,Nebraska,86292.0,5450290992,griffinsierra@edwards.com,Salaried,Nelson Inc Corp.,20.7,17112.0,85873346.0,Jessica Brown,Sibling,0011626371260981
USLW-APP-20240721-410,2024-07-21,Personal,28454.0,Vacation,17.0,741-14-7253,Robert Barr,1951-01-29,Other,Separated,Associate's Degree,3512 Julia Forge,East Christopher,Iowa,78699.0,0015668560746,jamesvaughn@white-holland.com,Salaried,Andrews-Moon Corp.,26.6,15806.0,91853020.0,Paul Hurley,Sibling,125464165163138
USLW-APP-20250114-353,2025-01-14,Personal,45011.0,Other,16.0,099-86-1328,Emily Case,1985-04-28,Female,Single,Doctorate,59027 Rivera Parkway,Lake Danielle,Nevada,67700.0,1878560176,mtodd@reid.info,Salaried,Lane-Stout Corp.,25.2,5945.0,63303906.0,Mitchell Nguyen,Friend,4366065566
USLW-APP-20241130-463,2024-11-30,Personal,23700.0,Vacation,19.0,880-58-2632,Colin Smith,1978-09-18,Male,Separated,Some College,15210 Steele Road,Lake Geoffrey,Nevada,62233.0,1335540332730600,thomasmata@gmail.com,Self-Employed,"Wilson, Cook and Young LLC",10.2,13086.0,59083955.0,Daniel Miranda,Spouse,7688617867
USLW-APP-20250312-141,2025-03-12,Personal,24469.0,Vacation,30.0,169-16-2454,Henry Ferguson,2003-02-19,Female,Divorced,Associate's Degree,87729 Hayes Coves,Richardburgh,North Carolina,97029.0,061958780883421,jennifer91@yahoo.com,Salaried,"Romero, Hamilton and Peterson Corp.",12.9,11247.0,45314696.0,James Andrews DVM,Friend,4826999446
USLW-APP-20240927-716,2024-09-27,Small Business,488643.0,Expansion,48.0,238-10-9524,Luis Sanchez MD,1991-05-16,Male,Married,Associate's Degree,709 Dana Shore Suite 572,Kimberlyfort,Mississippi,46387.0,960941122614709,millerallison@bennett-fischer.com,Hourly,Jackson-Frederick Corp.,26.3,29078.0,42914743.0,Vanessa Hahn,Friend,0011115849196321
USLW-APP-20240518-771,2024-05-18,Personal,33884.0,Home Improvement,30.0,496-30-5813,Andrea Walker,1998-01-27,Female,Single,Master's Degree,19674 Gregory Village,Sabrinafurt,Montana,71354.0,6183126991,carrannette@mcgrath-larson.biz,Salaried,Gomez PLC Corp.,11.5,26334.0,19020437.0,Patrick Turner,Friend,195362979864762
USLW-APP-20240416-301,2024-04-16,Personal,35748.0,Medical Expenses,42.0,184-38-9529,Edward Norman,1977-11-30,Female,Single,Doctorate,46697 Brandy Street Suite 080,New David,Nebraska,46847.0,591313638918333,andrew00@ferguson.com,Self-Employed,"Phillips, Gonzales and Guerrero LLC",9.7,13703.0,87655355.0,Dawn Black,Spouse,447743322600621
USLW-APP-20240819-946,2024-08-19,Personal,50000.0,Medical Expenses,28.0,064-77-0283,Aaron Holmes,1998-05-30,Male,Widowed,Bachelor's Degree,908 Cannon Course,Lake Amandaport,Wisconsin,88804.0,9884743602163,adamstina@hotmail.com,Salaried,Silva-Rogers Corp.,3.7,29906.0,106612460.0,Jesse Hunt MD,Spouse,6187318533682
USLW-APP-20250125-208,2025-01-25,Small Business,54368.0,Inventory,56.0,487-35-7993,Nicole Stanley,1985-11-19,Female,Single,Some College,5791 Martin Locks Apt. 712,East Robertview,West Virginia,76244.0,9783016888227,nicolesalazar@yahoo.com,Self-Employed,Willis-Taylor LLC,11.7,12975.0,102949357.0,Jason Vazquez,Spouse,74348232615445
USLW-APP-20240525-989,2024-05-25,Small Business,217253.0,Expansion,47.0,230-03-7090,Taylor Hardy,1976-04-07,Female,Widowed,Doctorate,3357 Cheyenne Land Apt. 599,West Jeremymouth,Connecticut,21075.0,12484874019388,perryjeffrey@foster.biz,Salaried,Hatfield Inc Corp.,9.6,13456.0,103379780.0,Alison White,Spouse,7161407334
USLW-APP-20241107-464,2024-11-07,Mortgage,297670.0,Refinance,310.0,797-16-8291,Erica Holden,1962-08-25,Other,Married,Associate's Degree,4304 Sean Shore,East Josephport,Nebraska,92450.0,809585434760012,heather33@yahoo.com,Self-Employed,"Warren, Edwards and Davis LLC",12.4,20002.0,69412202.0,Yvonne Liu,Parent,3267701121611
USLW-APP-20240609-331,2024-06-09,Mortgage,504456.0,Home Purchase,213.0,405-04-2284,Paul James,1987-08-08,Male,Married,Bachelor's Degree,10823 Jessica Burg Suite 611,Aaronmouth,Connecticut,23260.0,1881275729,lawsonanthony@hotmail.com,Hourly,Wilson Ltd Corp.,29.0,29749.0,50311846.0,John Nelson,Parent,281375411782390
USLW-APP-20241106-467,2024-11-06,Personal,4411.0,Other,53.0,370-94-4286,Nancy Watkins,1991-05-05,Male,Separated,Some College,479 Clinton Causeway,Christopherville,Nebraska,44016.0,0015449401267,nancymitchell@moore.com,Salaried,Clark Group Corp.,5.1,3886.0,110940445.0,Thomas Roberson,Sibling,760174356793245
USLW-APP-20240616-790,2024-06-16,Personal,16876.0,Home Improvement,43.0,456-96-8698,Allison Rice,2006-03-01,Male,Divorced,Some College,07505 Blake Parkway Apt. 258,Ryanbury,Nebraska,55800.0,9077089994061,bmontgomery@chen.com,Salaried,Branch-Barnett Corp.,4.1,18827.0,39766959.0,Kristen Kelley,Parent,82318664950126
USLW-APP-20241016-757,2024-10-16,Auto,59268.0,Refinance,49.0,108-12-3101,Francisco Carter,1983-03-24,Male,Widowed,Associate's Degree,42739 Melanie Crest,Henryshire,Wisconsin,12231.0,6173008834568,coxtyler@gmail.com,Self-Employed,Morgan Inc LLC,1.4,6521.0,28580175.0,Carol Montes,Spouse,001974187277498495
USLW-APP-20241228-888,2024-12-28,Personal,41018.0,Education,41.0,261-90-6365,Brittany Ramos,1989-04-16,Female,Widowed,High School Diploma,3532 Wilson Motorway,Lake Justin,Iowa,44383.0,71999933196745,vazquezmary@reeves.com,Salaried,Dillon Group Corp.,9.6,13612.0,104161489.0,Brian Valdez,Parent,0015335352065
USLW-APP-20250213-907,2025-02-13,Personal,49294.0,Vacation,42.0,804-51-4531,Hannah Thompson MD,1988-04-21,Female,Separated,Some College,396 Garza Plains Suite 905,Swansonburgh,West Virginia,58603.0,8170307789,juan24@hotmail.com,Self-Employed,Walker LLC LLC,11.9,7341.0,125026655.0,Kyle Rhodes,Friend,084821539459708
USLW-APP-20240908-826,2024-09-08,Auto,18807.0,Used Car Purchase,47.0,521-72-4361,Gregory Hughes,1969-01-25,Other,Married,Bachelor's Degree,79091 Gould Grove,South Robert,Arkansas,22088.0,21311758613707,james76@reyes-crosby.org,Hourly,"Hess, Smith and Fitzpatrick Corp.",23.5,6144.0,92306149.0,Jennifer Duncan,Sibling,6963592662
USLW-APP-20241024-789,2024-10-24,Auto,6934.0,Refinance,30.0,097-81-8726,Gregg Stuart,1987-05-10,Female,Widowed,Doctorate,33209 Wyatt Drives,Port Ryan,South Carolina,78607.0,311384453389087,joseph65@gmail.com,Hourly,Williams and Sons Corp.,21.6,24476.0,128438790.0,Erin Young,Parent,10172569808743
USLW-APP-20241028-621,2024-10-28,Auto,28356.0,Used Car Purchase,49.0,631-63-4538,Briana Carter,1984-07-22,Other,Married,Some College,13886 Lauren Field Suite 345,South Davidmouth,Nebraska,88909.0,8483791763099,james93@gmail.com,Self-Employed,Moore-Chang LLC,10.6,19575.0,55985549.0,Sean Maxwell,Friend,101442955781846
USLW-APP-20250227-794,2025-02-27,Personal,12907.0,Other,19.0,875-76-9543,Ariana Gray,1974-09-25,Male,Widowed,Some College,7210 Rodgers Radial,East Logan,North Carolina,34225.0,438106432525293,carla21@yahoo.com,Self-Employed,Gonzales-Perkins LLC,19.1,23253.0,36780381.0,Victor Hansen,Sibling,92854854385908
USLW-APP-20240413-889,2024-04-13,Personal,42475.0,Education,22.0,227-34-8475,Eric Calhoun,1986-02-12,Male,Married,High School Diploma,958 Nicholas Stream Suite 440,Erichaven,Alaska,63735.0,10781439902,smithadrian@brown-woods.com,Salaried,Martinez LLC Corp.,4.9,11554.0,97963626.0,Javier Saunders,Spouse,5989211378
USLW-APP-20240727-691,2024-07-27,Small Business,174972.0,Expansion,63.0,504-44-8918,Jill Harris,1985-12-18,Male,Married,Some College,0648 Virginia Circles Suite 405,Port Jessica,Alaska,1833.0,11193569822784,carrollpatrick@yahoo.com,Salaried,Price-Duncan Corp.,16.1,15542.0,78963548.0,Brian Anderson,Parent,285395676601811
USLW-APP-20241226-391,2024-12-26,Personal,47324.0,Education,34.0,464-91-5098,Whitney Carney,1994-05-15,Male,Separated,Some College,93543 Jason Curve Apt. 280,Brownville,Connecticut,61898.0,8369101004,pricemolly@edwards-trujillo.com,Hourly,Robles-Hanna Corp.,22.3,20026.0,57196611.0,Christopher Weeks,Friend,10111711833
USLW-APP-20240725-272,2024-07-25,Small Business,129272.0,Inventory,40.0,800-87-6190,Tina Reed,1976-09-13,Male,Married,Associate's Degree,971 Denise Tunnel Suite 881,Hansenfurt,California,74357.0,069574913064612,phillipscharles@yahoo.com,Salaried,Proctor PLC Corp.,15.2,13662.0,80858405.0,Travis Mayer PhD,Sibling,8934713871
USLW-APP-20240618-502,2024-06-18,Personal,19277.0,Medical Expenses,32.0,433-42-4224,John Woodward,1951-01-02,Female,Married,Associate's Degree,68935 Love Falls Apt. 130,East Deborahbury,South Dakota,8389.0,627156587553793,kellymitchell@stout.biz,Salaried,Williams-Hines Corp.,17.5,23775.0,108684742.0,Aaron Larsen,Parent,00188812650082656
USLW-APP-20241006-254,2024-10-06,Personal,2902.0,Debt Consolidation,56.0,132-38-8788,Candice Livingston,2003-07-20,Male,Divorced,Some College,0347 Robert Points,Port Christy,Mississippi,50143.0,671735970077410,carolinerichards@hotmail.com,Salaried,Moreno-Medina Corp.,13.7,10287.0,42122548.0,Kenneth Stanley,Parent,2636111694
USLW-APP-20250311-367,2025-03-11,Auto,52832.0,Used Car Purchase,71.0,758-59-3094,Kimberly Nash,1992-02-21,Male,Separated,Some College,960 Christina Mills Apt. 327,West Melissa,Kansas,92996.0,00180187117484179,greeneamanda@gmail.com,Salaried,Lopez PLC Corp.,18.6,11600.0,21715950.0,Jennifer Jackson,Spouse,4493896923
USLW-APP-20240907-744,2024-09-07,Small Business,399696.0,Startup Costs,70.0,354-52-3505,Kyle Combs,1999-10-28,Other,Single,Master's Degree,72881 Jones Burg Apt. 954,Oneillberg,West Virginia,55601.0,51093361866930,clayjoseph@yahoo.com,Salaried,Anderson-Simmons Corp.,25.5,15456.0,62539580.0,Kimberly Scott,Parent,00142635936031142
USLW-APP-20240511-329,2024-05-11,Small Business,337801.0,Startup Costs,37.0,767-89-3018,Erica Harper,1997-01-24,Female,Widowed,Some College,49694 Matthew Groves,Port Keith,South Dakota,70489.0,329896610082687,jose99@hunter.net,Salaried,"Pitts, Powell and Chambers Corp.",16.1,14670.0,80512783.0,Harry Bryant,Friend,3520813821708
USLW-APP-20240918-585,2024-09-18,Personal,43280.0,Education,42.0,018-34-5582,Rachel Robinson,1983-07-10,Female,Married,Doctorate,955 Brown Creek Suite 027,Mejiamouth,Ohio,17934.0,3677373502,zvillanueva@kaiser-gibson.com,Salaried,Moon-Butler Corp.,28.1,8840.0,122942143.0,Katie Pham,Spouse,4947977202115
USLW-APP-20250205-260,2025-02-05,Personal,27519.0,Home Improvement,57.0,688-45-7120,GARY BRADLEY,1983-03-13,Female,Widowed,Master's Degree,341 Ashley Stravenue,Ashleyton,Oregon,34821.0,4741481778,jeffrey26@gmail.com,Salaried,"Avery, Douglas and Tucker Corp.",29.6,25373.0,87724231.0,Robert Tanner,Spouse,001317508955626466
USLW-APP-20250328-817,2025-03-28,Mortgage,914954.0,Refinance,223.0,409-29-0315,Tonya White,2004-11-23,Other,Married,Master's Degree,5347 Bell Mill,Douglasbury,Kansas,27844.0,8270373413406,patrick82@rogers.info,Hourly,"Walker, Washington and Vega Corp.",25.7,24733.0,34679562.0,Charles Peterson,Parent,0762761400
USLW-APP-20240702-654,2024-07-02,Personal,6412.0,Other,24.0,129-50-5181,Emily Spencer,1969-02-03,Female,Divorced,Master's Degree,6846 Jonathan Track,Nicolebury,Arkansas,92931.0,22010157262764,tonya59@reed.biz,Self-Employed,Murphy PLC LLC,16.5,16834.0,29081372.0,Rebecca Torres,Friend,241511184314188
USLW-APP-20241102-480,2024-11-02,Mortgage,90287.0,Home Purchase,318.0,150-67-3557,Marissa Leblanc,1980-02-14,Male,Single,Bachelor's Degree,6058 Charles Landing Suite 587,Michelleside,Vermont,67951.0,12951422260976,xgarcia@rodriguez.org,Salaried,Thompson-Phillips Corp.,20.6,4123.0,60880833.0,Holly Hunter,Friend,14531201054
USLW-APP-20241017-998,2024-10-17,Auto,20560.0,Used Car Purchase,68.0,582-75-9426,Robert Smith,2001-09-28,Female,Widowed,High School Diploma,2082 Patrick Divide,Port Josephshire,Nevada,39138.0,0665369815,adam73@yahoo.com,Salaried,Howard-Lowery Corp.,17.5,20310.0,98429729.0,Sabrina Mcmillan,Parent,3603521707814
USLW-APP-20240605-834,2024-06-05,Personal,40812.0,Education,31.0,172-73-7513,Caroline Davis,1999-11-30,Female,Separated,Bachelor's Degree,94548 Jackson Drive Suite 940,Davisport,Illinois,68650.0,2137012352,hmartinez@moore.com,Salaried,Roberts PLC Corp.,2.9,2362.0,82812656.0,James Roberson,Sibling,1721731677187497
USLW-APP-20240419-688,2024-04-19,Personal,3582.0,Debt Consolidation,39.0,759-27-3043,Daniel Simpson,1953-12-29,Male,Separated,Master's Degree,141 Jeffery Centers,New Gregoryside,Louisiana,81508.0,2916699498,charrell@gmail.com,Salaried,"Wilson, Gray and Anderson Corp.",27.5,5640.0,61309041.0,Michael Robinson,Sibling,7986222932
USLW-APP-20240701-548,2024-07-01,Small Business,251877.0,Expansion,47.0,710-65-4353,ERIK COLLINS,1960-04-15,Other,Single,Bachelor's Degree,928 Jared Harbor Apt. 988,Rachelview,Connecticut,9071.0,15958549082,rguzman@ross.com,Salaried,"Reid, Trevino and King Corp.",6.7,7538.0,72514870.0,Jeremiah Graham,Parent,377064572465457
USLW-APP-20241010-116,2024-10-10,Personal,37393.0,Other,29.0,546-97-5090,Sherri Horn,1981-05-05,Male,Widowed,Some College,239 Richard Place,Liuville,Colorado,96113.0,678854622502806,caitlyn34@yahoo.com,Salaried,Fernandez-Strong Corp.,13.3,16661.0,90901229.0,Robert Alvarado,Parent,803005856665611
USLW-APP-20241107-759,2024-11-07,Personal,45805.0,Vacation,25.0,860-13-8253,Timothy Howard,1983-02-20,Other,Divorced,High School Diploma,555 Mccoy Place,West Katherine,Nevada,66180.0,8459678393,mjackson@thompson.biz,Salaried,"Wong, Villarreal and Esparza Corp.",3.0,17632.0,86153065.0,Angela Harris,Parent,415482485647699
USLW-APP-20240717-489,2024-07-17,Small Business,116318.0,Inventory,57.0,262-83-1032,Jennifer Thomas,1959-04-16,Female,Divorced,Some College,679 Johnson Islands,South Jenniferfurt,Illinois,59462.0,143344095561775,jennifer01@bauer.com,Self-Employed,Ramos-Knight LLC,8.3,22233.0,119979323.0,Sarah Stanley,Spouse,5093924893
USLW-APP-20240627-436,2024-06-27,Personal,45833.0,Education,21.0,336-43-2931,Peter Rodriguez DVM,1962-11-29,Male,Separated,Doctorate,4672 Lisa Gateway,Leeburgh,Nebraska,48040.0,16313665579994,brianperez@yahoo.com,Self-Employed,"Simmons, Clark and Ramirez LLC",3.5,6958.0,111505928.0,Laura Hill,Spouse,0016289609619750
USLW-APP-20241218-606,2024-12-18,Personal,6092.0,Debt Consolidation,38.0,436-43-7027,Vanessa Costa,1997-08-23,Female,Divorced,High School Diploma,53968 Greene Ford Suite 439,Charleshaven,Arkansas,75444.0,0593530136849,pamelahawkins@gmail.com,Salaried,"Clark, Riley and Sanchez Corp.",1.4,15560.0,84184007.0,Wendy Perez,Friend,17418426243
USLW-APP-20240502-360,2024-05-02,Personal,29422.0,Home Improvement,31.0,330-79-4609,Vincent Thompson,1959-12-25,Other,Married,Master's Degree,493 Melissa Passage,Caitlinshire,Arkansas,54677.0,187710089566521,holtbrenda@graham-harrison.info,Salaried,"Kline, Gonzalez and Sutton Corp.",22.8,4972.0,25296080.0,Clinton Johnston,Friend,10272963962
USLW-APP-20250124-121,2025-01-24,Small Business,335537.0,Working Capital,41.0,830-30-0297,Patricia Garcia,1963-10-29,Female,Divorced,Bachelor's Degree,1269 Lee Lake,Andersonhaven,Rhode Island,57216.0,4168873525,wadesteven@dickerson.net,Hourly,Chen Inc Corp.,14.7,25337.0,122397248.0,Natalie Martinez,Sibling,7250407397
USLW-APP-20240712-492,2024-07-12,Personal,36599.0,Debt Consolidation,36.0,711-94-5518,Daniel Warner,2007-03-12,Other,Widowed,Some College,5334 Swanson Lock,Port Jennifer,Alaska,64699.0,001881598376600093,nicole62@gmail.com,Salaried,Wilson Ltd Corp.,7.2,20035.0,34181490.0,Janice Williams,Parent,6441017433892
USLW-APP-20250101-200,2025-01-01,Mortgage,169979.0,Home Purchase,250.0,624-69-1011,Ashley Moore,1975-10-09,Female,Separated,Bachelor's Degree,762 Cole Glen,Port Stephenstad,South Carolina,37689.0,1836892655,twood@yahoo.com,Salaried,Taylor Group Corp.,1.1,6166.0,123737140.0,Alexandra Maynard,Parent,1037283682866703
USLW-APP-20250114-890,2025-01-14,Personal,7611.0,Education,50.0,715-89-3442,Jeremiah Adams,2004-07-05,Other,Separated,Associate's Degree,84320 Matthew Heights,Port Markmouth,Montana,9196.0,4756364901,williamscharles@davis-brewer.com,Hourly,Snow-Wyatt Corp.,8.8,25637.0,102973381.0,Kayla Austin,Friend,001350168668027726
USLW-APP-20241008-263,2024-10-08,Small Business,226001.0,Expansion,29.0,682-66-6315,Melissa Fletcher,1982-05-16,Male,Single,Some College,0184 Sabrina Skyway,Lake Hannah,California,84678.0,1963335525977614,jasonwilliams@gmail.com,Self-Employed,Clark Inc LLC,15.9,11574.0,90227822.0,Kristin Jackson,Spouse,1450353872
USLW-APP-20241031-681,2024-10-31,Personal,24070.0,Education,32.0,124-79-3977,Ariel Cox,1976-03-13,Other,Divorced,Some College,16094 Brown Plains,North Karen,North Carolina,82850.0,46379150102638,diazjoshua@yahoo.com,Salaried,Oconnor-Morales Corp.,13.5,28401.0,121490544.0,Samuel Reed,Friend,5340210424
USLW-APP-20250106-230,2025-01-06,Mortgage,948984.0,Refinance,328.0,845-64-4660,Janice Hernandez,1998-11-27,Female,Single,Doctorate,61512 Willie Isle Suite 899,Andersenshire,North Carolina,54491.0,080652499027527,christian59@woods.org,Salaried,"Wood, May and Watson Corp.",18.6,18732.0,114592132.0,Matthew Campbell,Sibling,1087546668430805
USLW-APP-20241209-955,2024-12-09,Personal,41747.0,Vacation,29.0,181-36-1016,Gabrielle Hawkins,1990-10-30,Other,Single,Doctorate,803 Jeffrey Junctions,West Paige,Arkansas,77038.0,12023200882,hilldouglas@taylor.info,Salaried,"Shaw, Peterson and Diaz Corp.",11.3,17142.0,20022851.0,Kimberly Wood,Parent,77123857495976
USLW-APP-20250329-147,2025-03-29,Small Business,289675.0,Expansion,28.0,453-12-8973,Natalie Nichols,1965-10-10,Other,Single,Master's Degree,71664 James Rue,Lake Alexischester,California,59477.0,13096606313,qjones@yahoo.com,Self-Employed,"Gutierrez, Calderon and Rivera LLC",10.2,19527.0,112537173.0,Timothy Castro,Parent,35324801618251
USLW-APP-20250115-571,2025-01-15,Personal,32752.0,Education,48.0,005-50-1795,Jodi Crawford,1960-10-21,Male,Married,Master's Degree,0187 Brittany Ridge Suite 001,East Sharonland,Alabama,90249.0,133984793763042,andreamartin@gmail.com,Hourly,"Villa, Horn and Webster Corp.",19.2,15868.0,34801725.0,Justin Smith,Spouse,5998710709062
USLW-APP-20240805-368,2024-08-05,Small Business,152204.0,Equipment Purchase,73.0,288-82-5804,Jamie Moore,1962-12-20,Male,Married,Associate's Degree,1483 Wells Springs,New Deborahland,California,21554.0,1024396934610434,lawrencelori@hotmail.com,Self-Employed,"Harrison, Young and Hale LLC",13.6,5858.0,84528867.0,Karen Henderson,Friend,078746405017968
USLW-APP-20250315-936,2025-03-15,Small Business,77378.0,Working Capital,48.0,019-06-5579,Colin Barton,1964-10-09,Female,Widowed,Associate's Degree,922 Lauren Walk Suite 315,New Lisaburgh,Texas,48814.0,8294155595,david84@yahoo.com,Salaried,Bridges and Sons Corp.,22.3,19307.0,101970314.0,Shannon Ford,Parent,5451657683
USLW-APP-20250124-669,2025-01-24,Mortgage,980613.0,Home Purchase,312.0,754-35-2730,WENDY WRIGHT,2005-05-12,Male,Separated,Bachelor's Degree,447 James Neck Apt. 646,East Joshua,Montana,94896.0,8186946693,wandawilson@yahoo.com,Salaried,"Berry, Miller and Harris Corp.",18.9,9828.0,12140686.0,Michelle Munoz,Sibling,19120604986
USLW-APP-20250217-447,2025-02-17,Personal,30193.0,Debt Consolidation,32.0,141-78-0933,Emily Porter,1959-04-13,Female,Divorced,Master's Degree,329 Blair Point,New Kimberlyport,Nebraska,43911.0,11420062583477,cynthia11@yahoo.com,Salaried,Williams LLC Corp.,22.0,20375.0,90888847.0,Tammy Johnson,Friend,3218161342
USLW-APP-20250329-706,2025-03-29,Auto,12110.0,Refinance,43.0,230-73-6304,Christopher Lucas,1958-09-26,Female,Widowed,Doctorate,574 Larson Stream Suite 295,Julianchester,Wisconsin,93145.0,0015026028169086,davidstevens@hotmail.com,Salaried,Dean-Moore Corp.,7.3,21602.0,22023803.0,Nicole Prince,Parent,15955385891
USLW-APP-20240503-816,2024-05-03,Personal,3238.0,Home Improvement,13.0,418-70-7820,Nancy Roberts,1954-05-30,Male,Single,Associate's Degree,3067 Jackson Ports Suite 229,Port Jodihaven,Rhode Island,12731.0,16326636712,christopherbrown@blake-johnson.net,Salaried,Cohen and Sons Corp.,17.9,13744.0,114708803.0,Melissa Shaw,Friend,894889313193769
USLW-APP-20240406-800,2024-04-06,Small Business,476158.0,Inventory,35.0,520-08-6739,Candace Lara,1998-08-26,Male,Single,Master's Degree,8169 Mark Stream,South Nathanmouth,Illinois,11986.0,29444776545162,johnsondavid@hotmail.com,Salaried,Martin Inc Corp.,20.1,26242.0,117247659.0,Dr. Justin Rivera,Spouse,001042775599473300
USLW-APP-20250101-488,2025-01-01,Mortgage,112451.0,Home Purchase,214.0,163-33-0819,Duane Lynch,1996-02-27,Other,Separated,High School Diploma,1510 Collins Glen,Wesleychester,Alabama,87268.0,1059943841707909,josephmoore@hotmail.com,Salaried,"Rodriguez, Cochran and Montoya Corp.",27.3,7399.0,56000889.0,Tiffany Allen,Parent,058949889681432
USLW-APP-20250127-183,2025-01-27,Personal,27617.0,Home Improvement,22.0,720-95-3399,Christian Reed MD,2000-01-03,Female,Married,Doctorate,4860 Allison Course Apt. 233,Lake Jeffrey,Oklahoma,63719.0,9765022042,anthony19@hotmail.com,Salaried,Bowers-Ball Corp.,13.5,4997.0,24463584.0,Valerie Braun,Sibling,10060831628
USLW-APP-20250117-540,2025-01-17,Mortgage,213249.0,Refinance,354.0,191-37-2414,Angela Martinez,1957-09-06,Other,Married,Bachelor's Degree,35629 Robert Oval,New Jonathan,Florida,1954.0,6961518826787,brian37@hawkins-wilkins.com,Self-Employed,Walter-Wright LLC,10.6,15630.0,97775283.0,Rebecca Wilson,Friend,5073386466
USLW-APP-20241009-307,2024-10-09,Personal,49796.0,Debt Consolidation,60.0,323-63-1694,Vickie Sullivan,1971-12-31,Other,Single,Some College,1061 Lori Island Suite 188,South Steven,Michigan,25407.0,040965415015005,patriciadavis@young.org,Salaried,Vaughan-Knight Corp.,18.0,26148.0,110452085.0,William Ryan,Parent,7562052592532
USLW-APP-20241121-549,2024-11-21,Personal,10096.0,Education,40.0,395-50-6623,Robert Dominguez,2002-02-06,Female,Single,Bachelor's Degree,0487 Brooke Manors,South Julieton,Oklahoma,82177.0,0193630582,lozanoandrew@calderon-davidson.org,Salaried,Patton Group Corp.,6.9,10572.0,85905764.0,Logan Bird,Spouse,9266962270
USLW-APP-20240430-863,2024-04-30,Auto,41440.0,Refinance,72.0,183-67-7782,Norma Hernandez,1965-07-10,Male,Widowed,High School Diploma,0924 Tiffany Ways Suite 732,West Janiceside,Oklahoma,4338.0,00145820931892171,ftrujillo@marquez.org,Salaried,Norman Inc Corp.,4.0,10342.0,77906373.0,William Monroe,Parent,17050544996180
USLW-APP-20240831-584,2024-08-31,Small Business,229487.0,Inventory,28.0,577-82-2877,Phillip Dixon,1952-05-28,Female,Widowed,Master's Degree,28100 Wright Manors Suite 207,Billland,Wisconsin,44340.0,001469000899609107,parsonstodd@lewis-cordova.com,Salaried,Bennett-Thomas Corp.,6.4,29978.0,88342418.0,Juan Chen,Parent,861892004908040
USLW-APP-20250321-666,2025-03-21,Personal,39098.0,Other,43.0,051-83-5446,Christopher Marquez,1982-02-10,Female,Widowed,Master's Degree,050 Clark Valleys,Michaelport,Oklahoma,96575.0,00139348186869821,awalker@morris.com,Salaried,Escobar-Jensen Corp.,29.0,25158.0,117072905.0,Jeffrey Vargas,Sibling,2594247986
USLW-APP-20250120-898,2025-01-20,Personal,7821.0,Debt Consolidation,19.0,895-25-7706,Adam Cobb,1971-01-19,Female,Married,High School Diploma,81221 Betty Plaza,East Rachelside,Illinois,70512.0,1443086550697907,amycooper@green.com,Salaried,Montoya-Smith Corp.,14.9,12927.0,56240623.0,Bradley Perez,Sibling,7844521207
USLW-APP-20250312-659,2025-03-12,Personal,1213.0,Vacation,16.0,257-09-1897,Charles Medina,1987-09-28,Other,Married,Associate's Degree,99180 Hunter Parkway Suite 742,North Donnastad,Iowa,79117.0,1068434198690,feliciacollins@cooper.biz,Salaried,Henson-Mccall Corp.,27.2,18962.0,117375987.0,Mr. Michael Avery,Sibling,001913143341794121
USLW-APP-20240424-333,2024-04-24,Personal,16082.0,Education,22.0,745-04-2486,Courtney Tanner,2002-05-03,Male,Widowed,Associate's Degree,6767 Cantrell Circle Suite 848,Wilsonhaven,Nevada,3911.0,9272728140273,flewis@adams-moon.com,Self-Employed,"Gray, Phillips and Conrad LLC",6.9,12768.0,35261856.0,Michelle Erickson,Sibling,001988012127869226
USLW-APP-20241029-891,2024-10-29,Small Business,288865.0,Inventory,59.0,287-15-6808,Emily Cherry,1949-07-26,Male,Divorced,Bachelor's Degree,147 Lisa Lights,New Michaelhaven,Wisconsin,17157.0,885418922687945,hannah35@hotmail.com,Salaried,Quinn-Moore Corp.,14.6,17847.0,53027218.0,Elizabeth Clayton,Spouse,56008390513658
USLW-APP-20240804-437,2024-08-04,Personal,24363.0,Debt Consolidation,22.0,845-55-9076,Kayla Williams,1991-06-29,Female,Widowed,Master's Degree,5014 Stephanie Causeway Suite 742,Aliport,Iowa,36145.0,12854646470402,alewis@yahoo.com,Salaried,Hicks and Sons Corp.,15.8,24959.0,88232751.0,Xavier Walters,Parent,24956150385766
USLW-APP-20240613-643,2024-06-13,Personal,4771.0,Debt Consolidation,13.0,180-27-4851,Judith Christensen,1980-11-10,Female,Divorced,High School Diploma,905 Jeffrey Pike,Cunninghambury,Wisconsin,11412.0,0911222206,molinalori@hotmail.com,Salaried,Hayes-Ellis Corp.,24.6,15068.0,125149082.0,Jesus Williams,Sibling,5495686343613
USLW-APP-20240424-470,2024-04-24,Small Business,54457.0,Inventory,74.0,849-78-8412,Christopher Moyer,2000-03-17,Female,Separated,Master's Degree,20874 Fox Creek Suite 579,Tiffanystad,Illinois,28866.0,9832877435,collinslawrence@alvarado.com,Salaried,"Ray, Austin and Blackburn Corp.",24.1,10541.0,96674550.0,Natalie Wagner,Spouse,00145787395184413
USLW-APP-20240609-806,2024-06-09,Small Business,16439.0,Equipment Purchase,57.0,166-14-1385,Elizabeth Rhodes,1998-02-24,Other,Single,Doctorate,510 Oneal Dam Suite 560,East Walter,Kansas,94890.0,001722876284023941,loriholloway@yahoo.com,Salaried,"Mitchell, Hobbs and Davis Corp.",17.3,3409.0,98179163.0,Jeffrey Mitchell,Spouse,001850964961233845
USLW-APP-20241219-758,2024-12-19,Auto,73847.0,Refinance,68.0,075-24-0778,Michelle Meyers,1951-10-07,Other,Divorced,Bachelor's Degree,608 Clarke Mountain,Frankborough,Virginia,83059.0,9949393089951,cdunn@gmail.com,Salaried,Wallace and Sons Corp.,18.3,25905.0,42401625.0,Christina Price,Friend,19791895914
USLW-APP-20241007-892,2024-10-07,Personal,6361.0,Debt Consolidation,14.0,542-18-7335,Candace Massey,2000-05-09,Female,Widowed,Associate's Degree,91335 Brittany Vista Suite 013,Shawntown,Colorado,15741.0,0011104609023428,lhenderson@yahoo.com,Salaried,Carney-Graham Corp.,16.5,16898.0,18576500.0,Diane Rodgers,Parent,90354267475355
USLW-APP-20250312-886,2025-03-12,Small Business,372474.0,Inventory,71.0,013-77-5703,Jocelyn Long,1964-04-06,Other,Divorced,Doctorate,097 Adams Freeway Suite 604,Rogersmouth,West Virginia,97947.0,18411246477351,nsellers@james.info,Salaried,Davis Ltd Corp.,9.1,16750.0,99320270.0,Joshua Mullen,Spouse,213241055838067
USLW-APP-20240719-362,2024-07-19,Personal,28905.0,Home Improvement,59.0,778-36-3279,Lisa Hinton,1967-06-25,Male,Separated,Doctorate,6920 Amy Inlet,Kevinmouth,Connecticut,5521.0,001738364919736910,haynesjerry@powell-cohen.info,Salaried,"Hernandez, Brooks and Rodriguez Corp.",21.7,15636.0,12519796.0,Katherine Brown,Friend,6571454220
USLW-APP-20241001-347,2024-10-01,Personal,26488.0,Vacation,14.0,285-34-2035,Sharon Sanchez,1972-07-22,Other,Widowed,High School Diploma,25663 Diana Locks,Lynchhaven,Nebraska,79246.0,13669620270,douglas70@harper.com,Self-Employed,"Thomas, Ramirez and Lester LLC",12.7,13099.0,99381950.0,Julie Warner PhD,Parent,00139569673975424
USLW-APP-20240618-369,2024-06-18,Small Business,484840.0,Inventory,76.0,493-98-8841,Jack Allen,1989-01-22,Male,Divorced,Master's Degree,0420 Kathy Hollow Suite 860,South Grace,West Virginia,91189.0,14537892886,parkrobert@floyd.com,Self-Employed,"Montgomery, Hicks and Larson LLC",12.8,3359.0,52725265.0,Courtney Rojas,Spouse,1002970206180810
USLW-APP-20240901-157,2024-09-01,Small Business,130915.0,Working Capital,77.0,638-39-6700,Maria Davis,1974-06-23,Female,Divorced,Some College,70841 Moyer Isle,New Amandaburgh,Wisconsin,11558.0,78148800452903,jilliankirk@charles-pope.info,Hourly,"Martinez, Thompson and Stone Corp.",16.7,16979.0,48140540.0,Samantha Hudson,Parent,4579010850533
USLW-APP-20240628-997,2024-06-28,Personal,38883.0,Education,60.0,277-73-1854,Cindy Hudson,1957-06-05,Male,Separated,Master's Degree,88204 Willis Lights Suite 901,Austinburgh,Mississippi,22458.0,6934323448817,josephstein@hotmail.com,Salaried,Medina-Lee Corp.,7.8,9002.0,58136230.0,Betty Jackson,Sibling,464150210747266
USLW-APP-20240630-209,2024-06-30,Mortgage,625722.0,Refinance,224.0,362-29-6860,Andrew Chaney,1979-04-01,Female,Single,Some College,994 Kelly Islands Suite 151,Walkershire,Wisconsin,17057.0,3778375549,gmoore@velez.com,Salaried,Golden-Maldonado Corp.,3.1,28502.0,108505672.0,John Mora,Parent,0017508296364178
USLW-APP-20240815-562,2024-08-15,Auto,52681.0,Used Car Purchase,48.0,822-59-0789,Brian King,1954-03-13,Male,Single,Doctorate,459 Lindsey Villages Apt. 622,Hunterbury,Florida,33922.0,14614540129,karen54@perez.net,Salaried,Bowers-Johnson Corp.,16.2,2711.0,11880099.0,Jose Zuniga,Spouse,171574730140841
USLW-APP-20240413-345,2024-04-13,Mortgage,730198.0,Home Purchase,282.0,832-66-8891,Rebekah Lane,1950-02-18,Male,Married,Doctorate,72778 Erica Turnpike Suite 617,South Melissa,Oklahoma,81160.0,20731462685224,derrickhall@wood-morales.com,Hourly,Young-Young Corp.,23.0,3390.0,111896899.0,Kathy Mcbride,Parent,9135009158
USLW-APP-20240918-455,2024-09-18,Personal,31176.0,Vacation,33.0,090-83-5415,Alyssa Knapp MD,1991-09-28,Male,Divorced,Bachelor's Degree,3951 Rodgers Manor,Kelseyburgh,North Carolina,20670.0,148552020232575,elizabeth87@gmail.com,Salaried,"Henson, Smith and Brown Corp.",17.4,7331.0,77377876.0,Andres Nguyen,Spouse,39346410604549
USLW-APP-20240613-601,2024-06-13,Personal,18031.0,Vacation,60.0,079-94-6906,Megan Silva,1953-03-06,Male,Divorced,Master's Degree,016 Karen Point,Ashleyland,Rhode Island,56876.0,0684490505,gbrown@miranda.net,Salaried,"Evans, Wilson and Harris Corp.",11.5,19599.0,89067116.0,Robert Hall,Sibling,7838984791
USLW-APP-20240410-769,2024-04-10,Mortgage,513822.0,Refinance,311.0,337-74-6019,April Cortez,1963-02-18,Male,Separated,Doctorate,706 William Extensions,South Megan,Wisconsin,19983.0,506841374617361,virginiahowe@richards.com,Self-Employed,Hernandez-Williams LLC,9.2,18263.0,57156266.0,Katrina Henderson,Sibling,0017739933372954
USLW-APP-20240730-872,2024-07-30,Personal,45263.0,Home Improvement,46.0,181-72-1546,Mrs. Monica Hudson,1953-10-11,Male,Separated,Bachelor's Degree,857 Brown Expressway,New Saraberg,Texas,43550.0,82275312750401,wayne10@gmail.com,Salaried,Gardner-Turner Corp.,7.3,2666.0,46565253.0,Mrs. Shelly Bishop,Sibling,1986221038594
USLW-APP-20240425-534,2024-04-25,Small Business,258488.0,Inventory,27.0,763-85-6993,Elizabeth Nguyen,1966-11-06,Female,Widowed,Some College,568 Nguyen Road Suite 053,East Christinamouth,Kansas,91616.0,1847888911,markpowers@hotmail.com,Salaried,Walters PLC Corp.,14.4,22074.0,33203311.0,Holly Bell,Spouse,16334226758712
USLW-APP-20240804-166,2024-08-04,Personal,19569.0,Vacation,48.0,399-77-5805,Michael Contreras,1973-04-19,Female,Single,Doctorate,3380 Simpson Roads,East April,Iowa,26323.0,1594203047,katherinetran@yahoo.com,Salaried,"Clark, Watson and King Corp.",21.0,4757.0,116216319.0,Aaron Erickson,Parent,00153945807994617
USLW-APP-20240628-910,2024-06-28,Auto,40948.0,Refinance,34.0,081-79-7522,Jill Jones,1957-01-17,Male,Married,Doctorate,62195 Thompson Forges Suite 560,Joannafurt,California,97836.0,4173284249,brianlarson@sanders.biz,Self-Employed,Mejia Group LLC,5.9,7743.0,73713955.0,Laura Vance,Parent,1727113850864
USLW-APP-20241112-553,2024-11-12,Small Business,364361.0,Expansion,52.0,470-80-1830,Brittany Sullivan,1973-06-30,Male,Divorced,Bachelor's Degree,900 Tanya Trace Suite 828,South Kendra,Hawaii,50804.0,1010757716,jturner@gmail.com,Salaried,"Guerra, Wilson and Davis Corp.",10.3,28324.0,114994332.0,Jordan Barnett,Sibling,10947935784
USLW-APP-20240630-538,2024-06-30,Personal,25538.0,Vacation,18.0,679-16-7443,Stephen Vasquez,1958-11-10,Female,Separated,Bachelor's Degree,97742 Buckley Gateway,Mcdonaldview,Texas,66916.0,0017859387224,srodriguez@henry.biz,Salaried,Johnson Group Corp.,12.2,11581.0,115059250.0,Melissa Wolf,Spouse,621587006588829
USLW-APP-20241027-174,2024-10-27,Auto,23258.0,Refinance,37.0,504-47-7850,Teresa Webb,1982-02-08,Male,Single,Some College,7857 Michael Court Apt. 546,Port Jessicamouth,Rhode Island,87924.0,595692074988941,christopher14@santiago-hunt.biz,Salaried,Simmons-Bishop Corp.,4.6,10043.0,41448427.0,Jason Shaffer,Sibling,00187726467786258
USLW-APP-20240409-574,2024-04-09,Personal,31047.0,Education,48.0,545-37-7657,Alexander Peters,1961-03-19,Female,Single,Bachelor's Degree,24461 Charles Turnpike Suite 790,North Paulhaven,Montana,69271.0,737292103163608,ssmith@ochoa.com,Salaried,Perez Inc Corp.,16.4,19997.0,78573828.0,Nicole Carter,Parent,0779774613
USLW-APP-20240528-506,2024-05-28,Auto,12421.0,New Car Purchase,48.0,190-48-0105,Laura Dean,1955-07-07,Female,Widowed,High School Diploma,0036 Carter Parkway Suite 566,East Kenneth,Iowa,63810.0,451820699734251,tonyasmith@gmail.com,Hourly,Kerr and Sons Corp.,29.7,7386.0,12529728.0,Kevin Scott,Parent,609790763116041
USLW-APP-20240427-430,2024-04-27,Personal,17662.0,Education,30.0,834-76-3898,Melissa Hull,1975-11-25,Female,Married,Some College,69302 Johnson Roads,Ryanville,Alaska,58045.0,5554596442,trevorsullivan@yahoo.com,Salaried,"Mccormick, Bruce and Cooper Corp.",26.3,22674.0,54340020.0,Mark Cooper,Spouse,9526696583
USLW-APP-20241201-477,2024-12-01,Personal,36511.0,Education,46.0,674-86-0222,Danielle Hancock,1988-02-17,Other,Divorced,Bachelor's Degree,48282 Roberto Views,Bensonberg,Iowa,56381.0,1754848045950703,carol47@yahoo.com,Salaried,Waters Ltd Corp.,12.9,12434.0,38349377.0,Jacob Zimmerman,Sibling,8085030037
USLW-APP-20250123-431,2025-01-23,Personal,20656.0,Education,52.0,762-96-9827,Sue Lane,1990-01-01,Female,Separated,Associate's Degree,4862 Susan Plaza Apt. 693,New Jasonmouth,Wisconsin,69382.0,3176256586,harristimothy@yahoo.com,Salaried,Peters-Hoover Corp.,19.4,29705.0,98090158.0,Jillian Martinez,Parent,7980169855
USLW-APP-20240420-879,2024-04-20,Small Business,345931.0,Working Capital,67.0,310-39-2511,Christian Mayo,1949-05-03,Other,Single,Some College,9554 Thomas Ferry Suite 206,North Jasonmouth,Alaska,72227.0,480766086811466,bellkendra@murray.org,Salaried,"Smith, Boyle and Raymond Corp.",7.1,29886.0,37859305.0,Jaime Vaughan,Friend,0017705989952277
USLW-APP-20240725-926,2024-07-25,Small Business,376252.0,Startup Costs,41.0,322-48-6957,Annette Garcia,1966-06-20,Female,Separated,Associate's Degree,2512 Mason Roads Suite 900,Timothyside,Hawaii,2541.0,19142565245,meganperez@lopez-richardson.info,Self-Employed,"Lang, Huff and Hernandez LLC",16.7,5442.0,24735872.0,Ronald Rios,Friend,00122043537058803
USLW-APP-20240918-683,2024-09-18,Personal,11015.0,Debt Consolidation,30.0,035-31-1695,Sara Williams,1987-07-19,Female,Widowed,Master's Degree,7131 Sullivan Freeway,Mariostad,Texas,21388.0,14348802543385,huberkayla@gmail.com,Salaried,"Bell, Morris and Sexton Corp.",21.7,17150.0,20625481.0,Keith Patel,Sibling,588919364084925
USLW-APP-20240528-681,2024-05-28,Small Business,273116.0,Working Capital,32.0,701-06-2682,Denise Reed,1993-11-02,Male,Divorced,High School Diploma,000 Sandra Overpass Apt. 144,Anthonyberg,West Virginia,69733.0,5852507775,kweaver@gmail.com,Salaried,Bentley-Rose Corp.,28.1,12160.0,59469524.0,Tamara Miller,Sibling,32957864730661
USLW-APP-20250121-294,2025-01-21,Small Business,77773.0,Expansion,78.0,778-53-9702,Jason Sweeney,1968-08-19,Other,Single,High School Diploma,9601 Allen Prairie Apt. 192,New Haleyport,North Carolina,20720.0,24450865431258,xmatthews@yahoo.com,Hourly,"Franklin, King and Campbell Corp.",2.3,8763.0,127881351.0,Charlotte Walker,Spouse,7001802739
USLW-APP-20241118-561,2024-11-18,Small Business,156716.0,Equipment Purchase,65.0,169-63-8141,Todd Green,1987-07-31,Male,Separated,Associate's Degree,933 Johnson Mount,Michaelbury,West Virginia,18390.0,47525886658488,mtaylor@gmail.com,Salaried,"Aguilar, Knight and Stafford Corp.",13.4,2783.0,58158522.0,Patrick Fritz,Friend,253227404270061
USLW-APP-20240409-289,2024-04-09,Personal,48542.0,Education,21.0,119-58-4881,Jason Gray,1981-10-31,Other,Married,Some College,8609 Eric Islands Apt. 228,New Ellenmouth,Nevada,16055.0,42601123648307,veronicahill@conrad.com,Salaried,"Henderson, Bennett and Jacobs Corp.",17.0,25298.0,39529549.0,Alexander Patton,Spouse,0018130723994989
USLW-APP-20250118-212,2025-01-18,Auto,65994.0,Used Car Purchase,70.0,679-83-8582,Stephanie Jones,1970-12-14,Male,Separated,Some College,0982 Nguyen Manors,New Anthony,Colorado,37862.0,8862757966,sonyaunderwood@hotmail.com,Salaried,"Wilcox, Schmidt and Mccarty Corp.",22.4,3064.0,103179210.0,Jennifer Doyle,Parent,14722233616821
USLW-APP-20240411-854,2024-04-11,Auto,62237.0,Refinance,25.0,897-36-0107,Dillon Martinez,1984-03-03,Other,Single,High School Diploma,03801 Thompson Mill Suite 412,Jonesberg,Wisconsin,62858.0,838121720420853,jaywalker@moore-reyes.org,Salaried,"Garcia, Thompson and Mora Corp.",20.1,16507.0,83773723.0,Jennifer Ramirez,Parent,0016685316634
USLW-APP-20240810-512,2024-08-10,Mortgage,218774.0,Refinance,228.0,413-17-7806,Felicia Brewer,1977-01-29,Other,Divorced,Associate's Degree,758 Barrett Rue Suite 295,Lake Parker,Hawaii,11202.0,5244756239,gharvey@gibson.com,Salaried,Rivera-Nash Corp.,4.3,26325.0,75437967.0,Scott Smith,Parent,0019986680771272
USLW-APP-20241104-202,2024-11-04,Personal,24738.0,Other,40.0,815-62-2620,Mrs. Amy Roberts,1969-02-19,Other,Widowed,Doctorate,51426 Tamara Junction,North Kristin,Arkansas,7719.0,0017489731715,tfitzgerald@moore.com,Salaried,Bryan LLC Corp.,14.8,8873.0,121735704.0,Connie Holloway,Friend,001228570858105415
USLW-APP-20250218-281,2025-02-18,Small Business,446251.0,Startup Costs,25.0,595-54-3556,Lacey Horton,2003-06-30,Other,Separated,Some College,4571 Moreno Extensions Suite 764,North Jenniferhaven,Virginia,32905.0,853805835688868,marcus44@yahoo.com,Salaried,"Mcneil, Hendricks and Oliver Corp.",22.5,26776.0,36915143.0,Anthony Perez,Spouse,9526664245
USLW-APP-20240624-674,2024-06-24,Small Business,327612.0,Equipment Purchase,69.0,323-83-2056,Tyler Johnson,1994-05-26,Other,Single,Doctorate,2007 Perez Mountains Suite 570,Zamoraberg,Alabama,81356.0,001605289769052557,angelajoseph@davis.com,Salaried,"Sampson, Mathews and Moss Corp.",6.1,15340.0,120802829.0,Melanie Smith,Sibling,12720769203306
USLW-APP-20241228-861,2024-12-28,Personal,24623.0,Other,25.0,831-31-2590,Robin Cook,1970-07-03,Other,Separated,Bachelor's Degree,67323 Raymond Mission,Port Mikemouth,Rhode Island,91643.0,434546301649764,eddiemonroe@hotmail.com,Self-Employed,Jimenez-Hayes LLC,11.1,17025.0,99033677.0,Christopher Bullock,Spouse,10247966716445
USLW-APP-20250114-700,2025-01-14,Personal,32965.0,Education,43.0,844-98-3102,Veronica Lynch,1977-02-23,Other,Separated,Some College,325 Danielle Mills,West Emily,Iowa,72964.0,0208324869,erinadams@may.com,Salaried,Joyce Inc Corp.,24.1,10407.0,129514134.0,Julie Todd,Spouse,586849337504115
USLW-APP-20240910-325,2024-09-10,Small Business,433236.0,Expansion,74.0,836-79-6611,Christina Gibbs,1952-03-06,Female,Widowed,Associate's Degree,0823 Amber Plaza,Perryfort,West Virginia,13118.0,0013656007181,caseyholt@yahoo.com,Salaried,"Hall, Smith and Stark Corp.",7.9,6044.0,40367156.0,Robert Wang,Spouse,00199253619055892
USLW-APP-20240515-654,2024-05-15,Personal,3966.0,Education,32.0,769-30-8964,Crystal Gonzalez,1984-04-20,Female,Widowed,Bachelor's Degree,7243 Jonathan Well Apt. 732,West Charleshaven,Vermont,60644.0,686548364335447,kristinalloyd@scott-underwood.org,Salaried,Lopez-Patterson Corp.,8.8,18745.0,67284474.0,John Hebert,Friend,4028064134
USLW-APP-20241126-962,2024-11-26,Small Business,250109.0,Expansion,52.0,626-89-5790,Ryan Wade,1976-01-14,Male,Divorced,Some College,197 Miller Points Apt. 088,Jamesbury,Nevada,43854.0,001562660136637963,christophersmith@hotmail.com,Salaried,Gonzalez LLC Corp.,6.3,5321.0,16524402.0,Stephen Lawrence,Parent,3174801541168
USLW-APP-20250221-846,2025-02-21,Personal,25624.0,Debt Consolidation,43.0,271-41-4871,Donna Johnson,1988-12-13,Female,Widowed,Some College,1877 Le Prairie,Rogersberg,Connecticut,9641.0,00125036711803597,shannonthompson@johnson.com,Hourly,Rosario Ltd Corp.,20.4,18526.0,37597489.0,Cynthia Andrews,Sibling,5330151034
USLW-APP-20240505-639,2024-05-05,Personal,11259.0,Medical Expenses,59.0,600-43-9646,Martha Lara,1971-06-30,Other,Single,Associate's Degree,560 Stephanie Valley Suite 257,Lawsonville,Michigan,45479.0,176780843172870,vcastillo@smith-hopkins.net,Salaried,Wilson-Olsen Corp.,26.9,8582.0,20612177.0,Melissa Lee,Sibling,001210063218319301
USLW-APP-20250105-209,2025-01-05,Auto,74169.0,New Car Purchase,33.0,804-47-7538,Cory Jones,1975-05-28,Female,Separated,Master's Degree,001 Jennifer Drive Apt. 570,Andreastad,Mississippi,69172.0,9838449443,justin00@sanchez.com,Salaried,Smith Ltd Corp.,27.2,10147.0,91590011.0,Brady Russell,Friend,00171010547679912
USLW-APP-20240528-847,2024-05-28,Personal,20684.0,Education,16.0,290-47-0078,Scott Mckinney,1982-12-09,Other,Widowed,Doctorate,73766 John Parkways Suite 592,Port Daltonville,Oklahoma,42236.0,925469306023302,martineznicole@gmail.com,Salaried,Cervantes Group Corp.,28.0,6934.0,61097146.0,Elizabeth Chavez,Spouse,5881242080
USLW-APP-20241110-785,2024-11-10,Small Business,402101.0,Inventory,60.0,312-57-9739,Dave Garcia,1967-10-31,Female,Married,Doctorate,253 Sharon Pines Suite 223,Fostermouth,New Mexico,35008.0,6010263202,hawkinscynthia@hotmail.com,Hourly,Garner Inc Corp.,2.5,15069.0,63508374.0,David Fields,Spouse,11060064103
USLW-APP-20250118-191,2025-01-18,Mortgage,800273.0,Home Purchase,224.0,093-56-1065,Margaret Byrd,1963-03-09,Male,Separated,Associate's Degree,454 Rhonda Burgs,West Marissa,California,64612.0,16551557686,wilsonmargaret@smith-knight.com,Salaried,Baker Ltd Corp.,27.3,11114.0,120070800.0,Jose Hill,Friend,848479723511643
USLW-APP-20250209-859,2025-02-09,Personal,2684.0,Debt Consolidation,21.0,019-11-2136,Miguel Mcdaniel,1956-11-20,Female,Widowed,Master's Degree,03124 King Course Suite 971,Benjaminborough,Alaska,31137.0,326340929848189,xhill@gmail.com,Salaried,Hall-Short Corp.,5.4,6937.0,61641615.0,Barbara Brown,Parent,17517031936
USLW-APP-20241225-804,2024-12-25,Personal,12943.0,Home Improvement,57.0,026-29-6105,Daniel Coleman,1991-01-07,Other,Separated,Associate's Degree,2222 Barnes Island Apt. 256,New Kristinaland,Florida,22597.0,0890869333984,diazbrian@gmail.com,Salaried,"Reed, Graves and King Corp.",29.8,4433.0,14244111.0,Alice Allen,Parent,8011910989487
USLW-APP-20250401-510,2025-04-01,Personal,4926.0,Education,34.0,132-71-2406,Cindy Bradley,1977-08-09,Female,Widowed,High School Diploma,72290 Myers Radial,Schaeferside,Oklahoma,33768.0,02184270742312,harriskevin@hotmail.com,Salaried,Reese Inc Corp.,29.9,29961.0,74714982.0,Corey Black,Sibling,163276266274522
USLW-APP-20240602-711,2024-06-02,Small Business,490219.0,Equipment Purchase,63.0,089-24-8552,Vincent Johnson,1985-09-28,Female,Married,Doctorate,99750 Clark Throughway,Julieborough,Wisconsin,88081.0,143415816207277,bradleyveronica@watkins.info,Self-Employed,"Johnson, Howard and Gilbert LLC",5.6,24706.0,105476995.0,Katelyn Kennedy,Friend,933443751629660
USLW-APP-20241127-284,2024-11-27,Personal,10532.0,Vacation,28.0,592-20-3728,David Parker,1987-07-11,Female,Separated,Doctorate,026 Kelly Extension,Jarvisshire,Wisconsin,63843.0,0014761488547,matthew48@hotmail.com,Hourly,"Oconnell, Burton and Peterson Corp.",27.1,19986.0,54174623.0,Vanessa Wilson,Spouse,1635538600
USLW-APP-20241125-611,2024-11-25,Personal,4876.0,Education,38.0,171-47-4846,Jasmine Flores,1977-09-29,Female,Single,Doctorate,486 Young Common,South Christianhaven,West Virginia,42707.0,0018454900999299,christineosborne@mills.biz,Salaried,"Smith, Sanchez and Diaz Corp.",1.9,9967.0,39625854.0,Robert Kidd,Spouse,71698602762599
USLW-APP-20250203-588,2025-02-03,Mortgage,233423.0,Refinance,235.0,721-23-3364,Maria Rojas,1957-05-23,Other,Single,Master's Degree,08168 Jason Corner Apt. 274,Leahview,Connecticut,75396.0,77015347305877,jsanders@gaines.net,Self-Employed,Hunt Inc LLC,1.7,9758.0,33255932.0,George Cooper,Spouse,2655230092
USLW-APP-20241212-974,2024-12-12,Small Business,392318.0,Equipment Purchase,60.0,763-98-2529,Michelle Zavala,1960-05-27,Female,Divorced,Associate's Degree,8865 Flores Lake,West Richard,Arkansas,22470.0,2163696761,thomas49@gmail.com,Salaried,Olson-Clay Corp.,29.1,16835.0,33893682.0,Michael Davis,Friend,1255941728
USLW-APP-20241030-780,2024-10-30,Personal,3550.0,Other,56.0,033-27-8005,Yvonne Wilson,1958-11-04,Female,Single,High School Diploma,9541 Gregory Orchard Apt. 922,Bonnieberg,Michigan,33262.0,4480932962,henrykatelyn@collier.com,Self-Employed,"Cox, Andrews and Turner LLC",9.9,23985.0,122108835.0,Rodney Weber,Spouse,1790612078980447
USLW-APP-20250317-611,2025-03-17,Personal,40885.0,Debt Consolidation,50.0,359-33-2205,Dr. Dawn Price,1991-10-17,Male,Single,Master's Degree,797 Robert Views Apt. 984,Ashleyville,Colorado,9544.0,00135600404630411,frazierelizabeth@yahoo.com,Salaried,"Mcneil, Diaz and Miller Corp.",23.3,9657.0,40080637.0,Nicole Aguilar,Spouse,5575855196
USLW-APP-20240730-999,2024-07-30,Small Business,69060.0,Working Capital,36.0,783-36-6766,Kendra Bailey,1996-12-10,Male,Widowed,Associate's Degree,690 Vicki Knoll Apt. 081,Port Bailey,Ohio,4677.0,0012968007046,williamsonsara@prince.net,Salaried,Anthony PLC Corp.,14.0,26238.0,14314876.0,Kathy Dunn,Parent,8728985692
USLW-APP-20240414-371,2024-04-14,Personal,31745.0,Vacation,35.0,188-94-8919,Aaron Russo,2006-04-16,Male,Separated,High School Diploma,6455 Natasha Cliff,Mirandaton,Oregon,69237.0,4340949251,hbrown@leblanc-johnson.biz,Self-Employed,"Brown, Davis and Jimenez LLC",14.0,17668.0,54020201.0,Kyle Thompson,Parent,001894543960507064
USLW-APP-20241004-979,2024-10-04,Personal,23950.0,Other,36.0,277-31-3890,Jennifer Clark,1995-11-10,Female,Divorced,Bachelor's Degree,54198 Thomas Points Suite 226,South Trevorstad,North Carolina,28562.0,10491271262218,nbrown@miller.com,Salaried,Morgan Inc Corp.,26.9,19537.0,82997513.0,Howard Burgess,Spouse,17076132116478
USLW-APP-20241018-601,2024-10-18,Personal,3434.0,Home Improvement,52.0,004-17-5566,Jimmy Mitchell,1953-10-03,Male,Widowed,Some College,38489 David Haven Suite 993,Leeburgh,South Carolina,58752.0,48643937045043,leah33@gmail.com,Salaried,Kelly-Figueroa Corp.,2.0,5951.0,84504373.0,Sarah Chavez,Sibling,9416720251
USLW-APP-20240606-405,2024-06-06,Mortgage,937154.0,Home Purchase,317.0,481-45-0773,Cassandra Moore DVM,1991-09-05,Other,Widowed,High School Diploma,9467 Fernando Rapid,Bowersberg,Iowa,98641.0,7632511068,jdowns@snow.com,Hourly,Martin-Ward Corp.,1.3,28816.0,115385746.0,Kelsey Hunt,Parent,4630605869
USLW-APP-20240605-951,2024-06-05,Small Business,401717.0,Equipment Purchase,82.0,616-89-7692,Martha Green,1978-08-10,Other,Separated,Some College,13866 Buckley Drives Apt. 471,East Shannon,Wisconsin,86604.0,041902566258640,ravenhanson@hotmail.com,Salaried,Huerta-Jarvis Corp.,4.7,10442.0,120945278.0,Lisa Boyle,Sibling,0991397361
USLW-APP-20241202-175,2024-12-02,Mortgage,652668.0,Refinance,238.0,368-83-7703,Michelle Norris,1988-06-24,Male,Divorced,Bachelor's Degree,3983 Sherry Loop Suite 418,New Michael,Oklahoma,41071.0,5501305128,waynemartinez@gmail.com,Self-Employed,"Dorsey, Berger and Moore LLC",19.9,19648.0,55181631.0,Candace Long,Parent,7247170266
USLW-APP-20240817-113,2024-08-17,Auto,67701.0,Used Car Purchase,55.0,342-24-8956,Casey Crawford,1961-11-23,Male,Separated,Bachelor's Degree,256 Bryant Harbors Suite 727,Charlesborough,Illinois,75405.0,0017435467929645,lopezmichael@yahoo.com,Salaried,Evans and Sons Corp.,21.1,17342.0,92390582.0,William White,Friend,6601685140
USLW-APP-20250208-239,2025-02-08,Small Business,413361.0,Equipment Purchase,30.0,330-50-2970,Robert West,1983-03-08,Other,Divorced,Associate's Degree,5701 Campbell Place,West Michaelberg,Nevada,71809.0,16150684524134,daltongregory@nguyen.org,Self-Employed,"Goodwin, Gamble and Gordon LLC",4.9,4554.0,34047806.0,Shannon Soto,Spouse,7609168727
USLW-APP-20241031-141,2024-10-31,Personal,18528.0,Medical Expenses,37.0,677-41-6767,Sarah Smith,1971-01-28,Female,Divorced,Bachelor's Degree,6288 Nelson Ways Suite 966,Markchester,New Mexico,91971.0,0011854999930920,hudsondustin@hotmail.com,Salaried,Patel LLC Corp.,4.3,13464.0,34675485.0,Scott White,Spouse,7674452627
USLW-APP-20240412-521,2024-04-12,Personal,14752.0,Debt Consolidation,28.0,422-72-3364,Christopher Day,1959-12-14,Other,Divorced,High School Diploma,26898 Foster Mills,Port Andrew,Montana,71809.0,8179127015359,ginacarr@hotmail.com,Salaried,"Johnson, Ross and Thomas Corp.",8.5,6055.0,100712191.0,Amanda Ward,Sibling,79652485987940
USLW-APP-20250111-424,2025-01-11,Mortgage,65086.0,Home Purchase,351.0,491-80-2105,George Jones,1987-01-10,Other,Married,High School Diploma,07346 Justin Route Apt. 232,Amandaland,Oklahoma,65498.0,05662877595050,wbass@conner.com,Salaried,Fox-Pacheco Corp.,7.9,29291.0,71763907.0,Kevin Steele,Spouse,9551318403
USLW-APP-20240818-560,2024-08-18,Personal,2403.0,Home Improvement,32.0,769-97-4002,David Morales MD,1987-03-17,Female,Separated,Bachelor's Degree,416 Julie Club,Joshuamouth,Ohio,29840.0,8377546176,patricia16@gmail.com,Salaried,Fisher-Walker Corp.,24.1,7181.0,123390202.0,Sheri Medina,Spouse,2905496979186
USLW-APP-20241213-398,2024-12-13,Personal,24877.0,Education,24.0,709-72-3764,William Hinton,1953-04-23,Other,Separated,High School Diploma,4950 Combs Islands Suite 143,North Monica,Nebraska,52486.0,14991164938,arianaallen@yahoo.com,Salaried,"Carson, Lozano and Bates Corp.",1.0,24499.0,72790814.0,Casey Brown,Friend,0016342188061666
USLW-APP-20250119-890,2025-01-19,Personal,2931.0,Medical Expenses,27.0,631-21-3229,Ariel Curtis,1993-11-09,Male,Separated,Doctorate,71532 Estrada St,West Alyssaton,Vermont,65234.0,3818837019283,john93@robinson.biz,Hourly,Perez-Arnold Corp.,1.1,23351.0,22681012.0,Olivia Guerrero,Spouse,96756805986615
USLW-APP-20240727-396,2024-07-27,Personal,18122.0,Vacation,19.0,771-11-4697,Jessica Smith,1978-01-25,Other,Single,Associate's Degree,30085 Charlene Neck,North Rhondaville,Florida,17653.0,702158008849823,landerson@mills.org,Self-Employed,Singleton-Parker LLC,17.1,10584.0,105159238.0,Stephanie Velez,Parent,9502017123
USLW-APP-20250317-739,2025-03-17,Personal,48036.0,Medical Expenses,12.0,886-96-7856,Troy Rivera,1971-04-14,Male,Divorced,Some College,6103 Diaz Summit Suite 082,North Robertview,Iowa,63220.0,687380804957661,bakerashley@huang.com,Salaried,"King, Daniels and Walters Corp.",0.6,9116.0,122890499.0,Mary Willis,Parent,4776455619
USLW-APP-20240930-629,2024-09-30,Small Business,15971.0,Expansion,77.0,278-79-6504,Thomas Fitzgerald,1956-02-24,Female,Separated,Master's Degree,895 Blake Cove Apt. 741,West Tiffanystad,Oklahoma,31735.0,86643220665237,keithcheryl@mccarthy.com,Self-Employed,Caldwell-Duarte LLC,5.7,12662.0,23207437.0,Mark Benson,Friend,001736802871340669
USLW-APP-20250207-564,2025-02-07,Personal,2875.0,Medical Expenses,28.0,838-98-1286,Justin Robinson,1959-11-11,Male,Single,Associate's Degree,25845 Delgado Inlet Apt. 085,West Pamela,Washington,76804.0,1466821801610,carolyn72@yahoo.com,Salaried,Benson-Arellano Corp.,13.2,25411.0,96546840.0,Joseph Santiago,Friend,13722528009
USLW-APP-20250312-886,2025-03-12,Auto,68749.0,New Car Purchase,25.0,538-11-9704,Kathryn Weaver,1958-09-07,Female,Single,Associate's Degree,25304 Paul Cove Apt. 016,Wallacehaven,Wisconsin,12066.0,18604164141760,russellkristina@evans.com,Salaried,Hughes-Serrano Corp.,19.3,2204.0,118403502.0,Todd Cain DVM,Sibling,2685639005
USLW-APP-20240828-446,2024-08-28,Personal,2885.0,Other,12.0,710-01-5866,Christopher Davis Jr.,2004-03-10,Male,Separated,Associate's Degree,92223 Joseph Ramp,Fergusonborough,Oklahoma,45411.0,0010960282104159,jacobsdillon@moon.com,Salaried,Nguyen Group Corp.,11.5,4649.0,72629082.0,Sandra Acevedo,Sibling,001423062996821786
USLW-APP-20240923-140,2024-09-23,Mortgage,215002.0,Home Purchase,223.0,894-22-1559,Christine Burke,1999-05-10,Other,Married,Master's Degree,71544 Alicia Rue Apt. 947,Parkerstad,North Carolina,35071.0,00107531830244764,scottchristopher@hotmail.com,Self-Employed,Bolton-Lynch LLC,16.1,3697.0,28223717.0,Robert Oconnell,Spouse,00185795254698030
USLW-APP-20250117-952,2025-01-17,Personal,16923.0,Other,17.0,847-21-8577,Heather Thompson,1983-01-01,Female,Married,Some College,726 Maxwell Lock,West Christopher,Nevada,33478.0,5272891033,kwilliams@woods-peterson.info,Hourly,Harvey and Sons Corp.,22.4,27521.0,78247015.0,Ashley Brown,Parent,753961713890752
USLW-APP-20250114-912,2025-01-14,Small Business,201975.0,Working Capital,81.0,464-53-0775,Megan Santiago,1958-02-04,Male,Widowed,Bachelor's Degree,9325 Chambers Way,Port Shelly,Arkansas,12654.0,4950296136,beverlywilliams@yahoo.com,Salaried,Hunter-Griffin Corp.,3.9,13847.0,20789288.0,Nicole Lopez,Friend,0015321554239
USLW-APP-20240427-553,2024-04-27,Mortgage,921080.0,Refinance,261.0,005-19-3779,Mrs. Christina Grant,1989-10-07,Other,Separated,Associate's Degree,2351 Johnson Fords,Hermanmouth,Alaska,7997.0,0018399498743,parkerdaniel@hess.info,Salaried,"Glass, Keller and Jones Corp.",12.3,29781.0,117911367.0,Stephanie Gibbs,Spouse,0006067705
USLW-APP-20241230-677,2024-12-30,Personal,36689.0,Education,18.0,650-89-2654,Steve Hernandez,1989-06-06,Other,Separated,Associate's Degree,49825 Kelly Forks Apt. 455,Williamsland,Kansas,45347.0,193605378423436,mcdonaldmarissa@velasquez.net,Salaried,"Molina, Mooney and Callahan Corp.",9.3,20144.0,114196033.0,John Gonzalez,Parent,2691583292
USLW-APP-20241029-699,2024-10-29,Small Business,455254.0,Equipment Purchase,73.0,672-11-7797,Brian Porter,2006-07-05,Male,Divorced,High School Diploma,49334 Calderon Mount,Lake Brianview,Michigan,43441.0,62740158613157,khenson@yahoo.com,Self-Employed,Watkins-Jones LLC,17.7,3427.0,34128806.0,Darlene Schwartz,Sibling,1523972498
USLW-APP-20241208-987,2024-12-08,Personal,11148.0,Vacation,55.0,255-10-7467,David Potter,2006-06-06,Female,Widowed,Associate's Degree,1080 Moss Greens,Crystalside,Hawaii,1673.0,130625996630943,adam70@gmail.com,Salaried,Watts-Fitzgerald Corp.,4.7,6341.0,12949256.0,Kimberly Watts,Spouse,53622907025256
USLW-APP-20241209-139,2024-12-09,Personal,39815.0,Other,45.0,270-20-9626,Timothy Good,1978-02-09,Male,Separated,Master's Degree,978 Stewart Green,Anthonyton,South Dakota,14491.0,6499702680211,dianashaw@walker-woods.com,Salaried,Phillips-Mckinney Corp.,21.2,2836.0,126001527.0,Donna Boyd,Friend,001378336258536365
USLW-APP-20240808-619,2024-08-08,Mortgage,699277.0,Home Purchase,278.0,845-38-4333,Karen Stanley,1959-08-06,Other,Widowed,Master's Degree,1435 Jones Extension Apt. 666,East Marcia,Alabama,84201.0,00142335728323049,chennancy@meyers.com,Salaried,Lindsey-Oneill Corp.,0.8,12510.0,67175525.0,Michael Wright,Spouse,72762859458901
USLW-APP-20240612-210,2024-06-12,Small Business,85491.0,Expansion,26.0,056-69-5867,Stephanie Sanchez,1999-07-02,Other,Separated,Bachelor's Degree,41747 Roy Stravenue,South Aaron,Oklahoma,62839.0,1202235356466266,qrivera@mason-carpenter.com,Salaried,Leon Group Corp.,11.5,11233.0,94818839.0,Austin Riley,Friend,4333468532597
USLW-APP-20240814-963,2024-08-14,Small Business,64667.0,Working Capital,78.0,590-21-0670,Elizabeth Garcia,1998-08-15,Female,Widowed,Doctorate,39526 Valencia Lodge Suite 679,Lake Michaelfurt,Alaska,64347.0,9961991937,bryannewman@yahoo.com,Salaried,"Allen, Reyes and Garza Corp.",7.0,17257.0,64501082.0,Susan Johnson,Sibling,677395894500262
USLW-APP-20241030-352,2024-10-30,Personal,26437.0,Medical Expenses,41.0,120-52-5061,George Mack,1976-11-29,Other,Widowed,Associate's Degree,948 Grant Squares Apt. 930,East Angela,Oklahoma,64902.0,00138345486523910,jritter@hotmail.com,Self-Employed,"George, Wade and Thompson LLC",8.6,11474.0,16685859.0,Deborah Bryant,Sibling,4941811811
USLW-APP-20240825-797,2024-08-25,Personal,41768.0,Home Improvement,36.0,064-05-4195,Joseph Richmond,1950-03-05,Other,Divorced,Bachelor's Degree,93108 Young Green Suite 479,New Juliatown,Nevada,49357.0,0890582837,mary39@yahoo.com,Salaried,"Spencer, Casey and Frye Corp.",17.4,8353.0,105132909.0,Robert Cortez,Friend,2426581477
USLW-APP-20241230-324,2024-12-30,Small Business,353791.0,Inventory,58.0,501-54-6223,Brandon Nguyen,1990-02-13,Male,Married,Associate's Degree,251 Brian Trace Apt. 261,Nelsonside,West Virginia,10999.0,001842760144611314,steve50@fernandez.net,Salaried,Moore-Gibson Corp.,4.4,9745.0,42710785.0,Colleen Webb,Sibling,9023573744
USLW-APP-20250204-111,2025-02-04,Small Business,78138.0,Startup Costs,60.0,326-69-5710,Catherine Thompson,2006-01-04,Male,Widowed,Bachelor's Degree,17517 Teresa Forges Apt. 472,Amyfurt,Oklahoma,13644.0,1503384555,theresale@yahoo.com,Salaried,"Wall, Mcneil and Bowen Corp.",24.9,28996.0,97111180.0,Kristin Hicks,Sibling,1815000160152553
USLW-APP-20241105-633,2024-11-05,Personal,28301.0,Medical Expenses,56.0,128-69-4855,Sarah Guzman,1968-02-03,Male,Separated,Associate's Degree,1411 William Drive,Taylorchester,South Dakota,91489.0,0016109095996,kathrynconway@garcia.com,Salaried,"Woods, Levy and Sanchez Corp.",21.8,14649.0,16748194.0,Crystal Lutz,Friend,001433469949914609
USLW-APP-20240724-601,2024-07-24,Mortgage,292525.0,Refinance,351.0,691-51-3150,Christine Goodwin MD,1949-12-19,Female,Separated,Master's Degree,30394 Richardson Road,New Ruben,Rhode Island,58749.0,11904814344389,smithderrick@hotmail.com,Salaried,"Silva, Smith and Harris Corp.",0.9,12171.0,70512269.0,Judith Campbell,Friend,3343313537
USLW-APP-20241005-462,2024-10-05,Personal,44373.0,Other,18.0,249-04-3047,James Lee,1963-12-26,Female,Single,Some College,4053 Clark Divide Apt. 552,Ronaldland,Vermont,50681.0,2703374695,acontreras@rodriguez-johnson.biz,Self-Employed,"Berry, Hale and Clark LLC",5.3,10761.0,103133599.0,Amanda Hernandez,Parent,1023948998912
USLW-APP-20240421-456,2024-04-21,Personal,27951.0,Medical Expenses,14.0,776-77-7699,Faith Davis,1961-11-04,Female,Widowed,High School Diploma,654 Lori Park,Lake Brandy,Michigan,45826.0,5793014667514,edward81@proctor.biz,Salaried,"Cobb, Ortega and Clark Corp.",20.2,27548.0,62853839.0,Amanda Moreno,Friend,00104928949982918
USLW-APP-20241129-899,2024-11-29,Mortgage,802245.0,Refinance,247.0,875-37-0914,Kevin Hayes,1991-06-03,Female,Widowed,Bachelor's Degree,545 Miller Lodge Suite 741,Hollandland,Hawaii,43272.0,442595450081158,wileyamy@hotmail.com,Salaried,"Payne, Rogers and Ray Corp.",6.9,7655.0,28512538.0,Christopher Lopez,Parent,001746384868339939
USLW-APP-20240403-802,2024-04-03,Personal,23735.0,Home Improvement,57.0,855-33-2251,Anthony Hernandez,1988-09-08,Female,Single,Doctorate,1089 Lisa Mission,Port Mathewborough,Iowa,17066.0,001827334945150371,wilsonlisa@hotmail.com,Self-Employed,"Walker, Turner and Burke LLC",7.4,5380.0,42623979.0,Lori Baxter,Parent,18480063242985
USLW-APP-20250106-140,2025-01-06,Small Business,164028.0,Inventory,70.0,404-67-0524,Johnathan Rodriguez,1960-12-12,Female,Divorced,Associate's Degree,861 Blair Mission,West Scott,Alaska,5295.0,06634139765382,joshuastevens@allen.com,Hourly,Hamilton-Rodriguez Corp.,10.8,17802.0,102835762.0,Kimberly Santana,Parent,5416399103
USLW-APP-20250121-680,2025-01-21,Personal,3366.0,Vacation,48.0,204-90-9505,Colton Thomas,1996-07-15,Female,Divorced,Bachelor's Degree,758 Moore Knolls Apt. 292,Brandonmouth,Nevada,56258.0,608090119754436,christopher76@sanders-jones.net,Salaried,Hughes-Jordan Corp.,12.2,26944.0,37228392.0,Joshua Barker,Sibling,7076211347
USLW-APP-20240604-810,2024-06-04,Personal,28199.0,Home Improvement,47.0,631-50-3854,Misty Johnson,1950-07-01,Female,Married,Doctorate,85040 Patterson Island Apt. 375,Jenniferview,Rhode Island,14935.0,138610380123705,abyrd@gmail.com,Salaried,Bennett and Sons Corp.,15.1,14652.0,105377214.0,Michael Taylor,Friend,4953971200
USLW-APP-20240719-928,2024-07-19,Small Business,40896.0,Inventory,73.0,772-44-7069,Laura Smith,1999-06-12,Male,Separated,High School Diploma,1812 Jenna Station,South Shannon,Oregon,34953.0,9221954416,sara06@yahoo.com,Self-Employed,Ramirez Inc LLC,2.1,14286.0,49522785.0,William Mejia,Friend,4703464517730
USLW-APP-20241024-696,2024-10-24,Personal,8675.0,Other,13.0,249-34-4234,Jennifer Flores,1954-07-15,Other,Single,Master's Degree,5531 Patricia Prairie,East Debra,Nevada,3902.0,1683318162,zsnyder@berger.com,Self-Employed,"White, Lutz and Schmidt LLC",17.6,5076.0,47892158.0,William Rogers,Friend,160956292968805
USLW-APP-20240904-325,2024-09-04,Personal,43072.0,Medical Expenses,48.0,390-06-5026,Ronald Anderson,1996-05-05,Female,Divorced,High School Diploma,256 Debbie Isle Suite 116,Matthewmouth,Oklahoma,82482.0,0011904239961,rebeccaherrera@hotmail.com,Salaried,Tran Ltd Corp.,14.1,18028.0,101816041.0,Christopher Wilson,Parent,5007614145
USLW-APP-20240420-104,2024-04-20,Mortgage,589307.0,Refinance,271.0,429-41-5409,Joshua Franklin,1998-10-29,Male,Separated,Some College,94968 Melanie Course,Paigeview,South Dakota,82419.0,60637637727661,parkswilliam@morgan.biz,Salaried,"Kennedy, Delgado and Miller Corp.",18.8,18807.0,38828076.0,Andrew Macdonald,Sibling,15438672631
USLW-APP-20241024-990,2024-10-24,Personal,10673.0,Education,16.0,553-03-2167,Kent Singh DDS,1988-09-16,Male,Single,Master's Degree,917 Lloyd Radial Apt. 584,Angelaberg,North Carolina,788.0,7314011982,monica44@velez-robinson.biz,Salaried,Mejia and Sons Corp.,16.3,4688.0,119035474.0,Michael Martin,Parent,4721053875318
USLW-APP-20241014-398,2024-10-14,Mortgage,943583.0,Refinance,359.0,849-36-3596,Tyler Wood,1980-11-09,Other,Separated,Some College,51322 Toni Mill,Thomasberg,Connecticut,76759.0,13496512609166,troyjordan@parker.org,Salaried,"Barnett, Hernandez and Douglas Corp.",9.1,29158.0,69562288.0,Adrian Young,Spouse,4519488881
USLW-APP-20250228-735,2025-02-28,Small Business,256087.0,Working Capital,47.0,524-65-1805,Joanna Allen,1965-10-01,Other,Married,Bachelor's Degree,4772 Travis Villages,Harrisland,Iowa,11776.0,1552803948445887,bjames@hotmail.com,Salaried,Riggs-Bennett Corp.,18.0,3284.0,117188598.0,Andrew Castillo,Parent,3801223919
USLW-APP-20240922-385,2024-09-22,Personal,40380.0,Other,35.0,749-19-7835,Michelle Hernandez,1994-01-07,Female,Divorced,Some College,91106 Whitney Alley,Jenniferfort,North Carolina,47669.0,7585440102556,lauraknox@henderson-martin.net,Self-Employed,"Aguilar, Contreras and Flynn LLC",15.2,11609.0,53931524.0,Jeremy Hoffman,Spouse,8873281060
USLW-APP-20240527-635,2024-05-27,Personal,16495.0,Other,20.0,432-91-9353,Samantha Anderson,1996-03-29,Male,Divorced,Doctorate,87571 Garrett Creek Apt. 610,South Michaelstad,South Dakota,67632.0,1566794076,mariaadkins@gmail.com,Salaried,"Roberts, Baldwin and Owens Corp.",4.9,22998.0,55262136.0,Cheryl Clark,Sibling,9353429221153
USLW-APP-20240621-602,2024-06-21,Auto,46744.0,New Car Purchase,30.0,742-19-0827,Melissa Mitchell,1987-12-05,Other,Divorced,Bachelor's Degree,664 Caleb Overpass,Port Michael,South Dakota,71823.0,6713026500,scott89@hotmail.com,Salaried,Glover Group Corp.,20.1,20653.0,114517971.0,Dr. Alicia Welch,Sibling,001783924440121728
USLW-APP-20240726-755,2024-07-26,Personal,30160.0,Home Improvement,12.0,491-23-1559,Adam Cline,2004-11-29,Other,Separated,High School Diploma,78940 Brian Trace,Clarkport,Florida,56001.0,67662377181114,jessica50@herrera-bryant.com,Self-Employed,"White, Valencia and Neal LLC",14.5,19305.0,56986165.0,Kimberly Edwards,Friend,47499714696139
USLW-APP-20241110-281,2024-11-10,Personal,33942.0,Medical Expenses,26.0,321-46-9571,Anthony Newman,1962-08-22,Male,Widowed,Some College,2937 Paul Pass Apt. 275,West Mitchell,Oregon,49260.0,4245662180,adam91@delgado-wilson.com,Hourly,Miller LLC Corp.,2.5,3631.0,20883689.0,Mr. Marc Brown,Sibling,001186474925623211
USLW-APP-20240723-122,2024-07-23,Small Business,358027.0,Expansion,28.0,605-13-0721,Christopher Cook,1951-09-14,Other,Separated,Master's Degree,705 Samuel Glen Suite 272,New Alexandra,Iowa,64005.0,162052323470449,andersonmadeline@rowland-wells.com,Salaried,"Fitzgerald, Logan and Abbott Corp.",6.5,26398.0,75667944.0,Bryan Mack,Sibling,1117600708370
USLW-APP-20240518-367,2024-05-18,Small Business,460327.0,Expansion,30.0,066-79-9268,Tiffany Cline,1997-08-04,Male,Single,Associate's Degree,00484 Ryan Mount,Lake Steven,Oklahoma,19852.0,159569442423601,cgarcia@gmail.com,Self-Employed,"Bridges, Scott and Fisher LLC",13.5,5609.0,55856319.0,Brandon Evans,Parent,1396258657736556
USLW-APP-20241126-550,2024-11-26,Mortgage,997786.0,Home Purchase,260.0,719-69-8280,Candace Ramos,1966-05-31,Male,Married,Doctorate,74238 Gregory Rest,West Kevinburgh,Oklahoma,14334.0,52648834784064,walkerchase@hotmail.com,Hourly,"Williams, Boyd and Mahoney Corp.",2.7,29999.0,11600965.0,Michael Williams,Sibling,681143417274542
USLW-APP-20240814-937,2024-08-14,Mortgage,854088.0,Home Purchase,254.0,836-92-3630,Sandy Hall,1997-01-06,Other,Single,Associate's Degree,73844 Eric Radial,Lake Sabrina,Wisconsin,87814.0,2505465694,halvarado@ward-burgess.net,Self-Employed,Hill-Meyers LLC,15.9,12106.0,129432973.0,David Black,Friend,7210535162
USLW-APP-20250313-304,2025-03-13,Auto,20812.0,New Car Purchase,72.0,769-68-6931,Veronica Ramos,1974-11-13,Male,Single,Bachelor's Degree,1681 Jeanette Mill,Elizabethtown,New Mexico,88392.0,0242215782,sharon72@potter-compton.com,Self-Employed,"Smith, Owen and Baker LLC",16.6,9242.0,80386333.0,Darrell Allen,Spouse,1417199977159217
USLW-APP-20240913-463,2024-09-13,Personal,48122.0,Education,53.0,885-93-8140,Paul Patel,1983-11-27,Male,Widowed,Associate's Degree,42903 Watts Square Apt. 337,Jerryfort,Connecticut,86728.0,1377401367,djackson@miller-perez.com,Salaried,"Hernandez, Thornton and Smith Corp.",18.5,9556.0,63102628.0,Robert Hill,Parent,7104782862
USLW-APP-20240810-896,2024-08-10,Small Business,440407.0,Inventory,32.0,146-14-3394,Jeffrey Hayes,1985-04-05,Female,Divorced,High School Diploma,99242 Rebecca Stravenue,South Hollymouth,Arkansas,92709.0,8316227618,arthur08@gmail.com,Self-Employed,"Hoover, Hanna and Woods LLC",11.9,19697.0,109944452.0,Mark Dennis,Friend,004108620297311
USLW-APP-20240912-904,2024-09-12,Personal,3267.0,Education,38.0,509-44-8007,Pamela Haley,1957-12-11,Other,Single,Doctorate,156 Jennifer Field Apt. 280,New Aprilton,Iowa,40339.0,5615586373,sjones@ewing.net,Salaried,Sims-Bryan Corp.,15.0,5275.0,26390875.0,Taylor Smith,Parent,3433865326
USLW-APP-20250325-495,2025-03-25,Mortgage,676936.0,Home Purchase,298.0,555-71-9383,Mrs. Stephanie Mitchell,1988-03-29,Female,Married,Bachelor's Degree,547 Johnson Route,Rodgerston,Mississippi,61270.0,19079800321,brittneyortega@atkins.com,Salaried,"Martin, Goodwin and Ellis Corp.",17.1,11985.0,85864038.0,Luis Perez,Friend,0013746560445523
USLW-APP-20240605-557,2024-06-05,Mortgage,400311.0,Refinance,290.0,142-91-7139,Jennifer Ferrell,1977-07-31,Other,Separated,Bachelor's Degree,4166 Rodriguez Ridges Suite 154,Staceyfurt,Iowa,31260.0,742291044717997,brandonschneider@hotmail.com,Salaried,Ross-Pierce Corp.,4.9,22330.0,55745527.0,Nancy Bender,Sibling,5931434914
USLW-APP-20250215-929,2025-02-15,Small Business,50005.0,Equipment Purchase,33.0,212-84-5026,Rachel Blake,1959-09-06,Male,Widowed,Doctorate,145 Kimberly Cliffs,Hannahside,Florida,13549.0,5922141779441,brockjane@olson-reed.com,Salaried,Harris-Gonzalez Corp.,29.5,9262.0,16216561.0,Jenna Cole,Friend,69585307295625
USLW-APP-20241117-669,2024-11-17,Personal,4605.0,Education,19.0,434-20-1480,Ryan Melton,1997-07-16,Female,Married,High School Diploma,902 Teresa Haven,North Regina,Hawaii,79166.0,05741796369693,samanthamarquez@mills.org,Salaried,"Cain, Butler and Wilson Corp.",23.0,29762.0,70101887.0,Meghan Choi,Sibling,5220449068
USLW-APP-20241225-196,2024-12-25,Mortgage,684415.0,Home Purchase,337.0,320-86-9658,John Wilson,1950-02-27,Male,Separated,Master's Degree,7112 Samantha Fork,West Christopher,Nebraska,40315.0,18239734367394,arios@yahoo.com,Hourly,"Mitchell, Anderson and Allen Corp.",7.2,28698.0,93468167.0,Darryl Jacobs,Parent,1093802209938
USLW-APP-20240924-786,2024-09-24,Auto,49533.0,Refinance,26.0,506-89-5350,Beth Oconnell MD,1985-11-05,Male,Separated,Associate's Degree,861 Harold Cliffs Suite 370,Hansonhaven,Arkansas,5215.0,06592583568619,eatontara@robinson.info,Salaried,"Hansen, Warner and Gross Corp.",19.3,5537.0,76438473.0,John Gonzales,Parent,1677777494239199
USLW-APP-20250227-287,2025-02-27,Small Business,104102.0,Inventory,66.0,890-01-3203,Nicole Newton,1998-01-11,Male,Divorced,Some College,4284 Ashley Orchard Apt. 589,Jamieport,Vermont,51643.0,326027522750874,carolcampbell@yahoo.com,Salaried,Caldwell Inc Corp.,11.4,26818.0,123765361.0,Mark Silva,Spouse,156181232318781
USLW-APP-20241029-202,2024-10-29,Mortgage,919106.0,Home Purchase,204.0,234-05-5694,Mr. William Hughes DDS,1987-05-11,Other,Separated,Master's Degree,8718 Flores Highway Suite 340,Moseston,Hawaii,44821.0,1471369835,irobinson@yahoo.com,Self-Employed,Stone-Gonzales LLC,15.7,18432.0,104829145.0,Raymond Stevens,Sibling,14312111890741
USLW-APP-20240720-531,2024-07-20,Mortgage,484862.0,Refinance,327.0,120-59-0053,Jeffery Brock,2001-09-08,Other,Single,High School Diploma,7788 Black Roads Suite 588,Holmesfort,Oklahoma,40611.0,3186321395418,christophertrevino@gmail.com,Self-Employed,Fletcher Group LLC,3.0,16145.0,28808200.0,Elizabeth Davidson,Parent,658028286353230
USLW-APP-20250317-164,2025-03-17,Auto,42170.0,Refinance,63.0,449-98-2063,Adrian Anderson,1958-01-16,Male,Divorced,Bachelor's Degree,7753 Spencer Spurs,Smithville,Iowa,38745.0,0980731713,michaelaustin@johnson.com,Salaried,Pearson-Peterson Corp.,4.6,10983.0,109859770.0,Jeffrey Henderson,Parent,001774815523525679
USLW-APP-20241007-814,2024-10-07,Small Business,65820.0,Inventory,37.0,062-72-6813,Travis Johnson,1978-04-16,Female,Separated,High School Diploma,4262 Jackson Roads,Jamesland,Louisiana,14996.0,1358643496,bwest@cisneros-wright.biz,Salaried,Clarke-Morris Corp.,11.7,29513.0,51049968.0,Andrew Delgado,Spouse,1574138835
USLW-APP-20240627-628,2024-06-27,Personal,36699.0,Debt Consolidation,26.0,163-07-3484,Jose Huffman,1953-09-13,Male,Married,Bachelor's Degree,439 Smith Mountain Apt. 464,Kevinchester,South Dakota,97321.0,8917359807,thomas18@hotmail.com,Salaried,Lucas Inc Corp.,3.4,13626.0,12255490.0,Jessica Rivera,Parent,1281159457379174
USLW-APP-20250205-459,2025-02-05,Personal,16066.0,Home Improvement,33.0,542-52-0601,Paul Evans,1962-10-02,Male,Separated,Master's Degree,46763 Tucker Plaza Apt. 171,West Noahview,North Carolina,43046.0,5424377615,bturner@yahoo.com,Salaried,Anderson-Young Corp.,25.2,27212.0,92969997.0,Emily Powell,Friend,18902713493
USLW-APP-20241114-150,2024-11-14,Auto,8267.0,Used Car Purchase,49.0,325-78-9927,Jason Walker,1954-04-22,Other,Married,Doctorate,13765 Jackson Canyon Apt. 864,Mcbrideton,Oregon,47270.0,5861342529,michaelsanders@gmail.com,Hourly,Tucker Ltd Corp.,23.1,22770.0,67499926.0,Frank Powers,Friend,8145656105775
USLW-APP-20240909-367,2024-09-09,Personal,43191.0,Home Improvement,22.0,215-29-7016,Steven Richardson,1950-06-22,Male,Widowed,Master's Degree,4579 Delgado Glen Suite 849,West Amanda,South Dakota,52419.0,1782250847310712,matthew01@hotmail.com,Self-Employed,Dorsey Inc LLC,14.9,10498.0,59072885.0,Keith Fox,Friend,55221568071941
USLW-APP-20250204-187,2025-02-04,Personal,6650.0,Medical Expenses,37.0,091-50-1924,Gwendolyn Andrade,2005-03-18,Female,Divorced,Bachelor's Degree,70904 Wesley Village Apt. 444,Michelleberg,Nebraska,81293.0,1632350444,floreslisa@hotmail.com,Self-Employed,"Smith, Sherman and Holloway LLC",18.9,11546.0,35406307.0,Rickey Ho,Sibling,0013093323854293
USLW-APP-20241220-322,2024-12-20,Auto,34112.0,New Car Purchase,26.0,146-88-0725,Chad Robinson,1966-10-16,Male,Single,Some College,90396 Michele Lights Apt. 635,Port Jose,Nebraska,60380.0,980331139607952,echarles@yahoo.com,Salaried,"Reid, Reed and Hall Corp.",2.9,17584.0,64277989.0,Carol Wagner,Spouse,092686015366996
USLW-APP-20250207-521,2025-02-07,Personal,29277.0,Vacation,46.0,062-65-7591,Krista Rhodes,1964-06-11,Other,Separated,High School Diploma,451 Perry Run,West David,Rhode Island,65844.0,0016942893878,april82@murray-carlson.com,Salaried,Fry-Armstrong Corp.,25.7,21388.0,82257622.0,Jason Bates,Sibling,6880186553
USLW-APP-20250124-362,2025-01-24,Personal,23014.0,Debt Consolidation,53.0,248-89-9371,Carol Bruce,1949-07-24,Female,Widowed,Doctorate,2544 Elizabeth Stream Apt. 031,Landryview,Alaska,64179.0,4229109672938,acox@hotmail.com,Salaried,"Day, Gallegos and Tucker Corp.",30.0,16880.0,57443542.0,Kevin Mullins,Parent,491140718379013
USLW-APP-20240722-545,2024-07-22,Personal,36495.0,Vacation,40.0,427-42-1360,Catherine Arias,1975-02-08,Male,Married,Associate's Degree,7616 Davies Corner Apt. 757,Jordanhaven,Rhode Island,27911.0,8376964592362,alicialucas@nguyen-sanders.org,Salaried,Cruz Ltd Corp.,27.0,28612.0,60772307.0,Greg Jackson,Parent,144521311276600
USLW-APP-20240416-745,2024-04-16,Small Business,376117.0,Inventory,62.0,437-94-6044,Amanda James,1956-11-16,Female,Widowed,Master's Degree,56286 Bailey Harbor,Anitaland,Nevada,7374.0,1890556309739834,mbailey@reid.com,Hourly,"Adkins, Melendez and Morrison Corp.",2.6,2436.0,40912271.0,Nicole Vincent,Friend,13216853143305
USLW-APP-20240922-257,2024-09-22,Personal,44925.0,Education,44.0,701-60-6845,Deborah Harding,1994-10-31,Other,Single,High School Diploma,40718 Lynch Loop,Amyborough,Rhode Island,36688.0,00166419920566511,dbrown@cox-hernandez.com,Salaried,Pearson Ltd Corp.,3.2,3770.0,71687805.0,Nicole Ortiz,Friend,0016984547570896
USLW-APP-20250224-770,2025-02-24,Personal,36406.0,Education,41.0,642-43-8545,Ian Cox,1992-03-23,Male,Married,Master's Degree,032 Carrie Cape,South Misty,Connecticut,68077.0,7680714311,berrywillie@barker-mcclain.com,Salaried,Kirby-Hartman Corp.,27.2,17585.0,34360460.0,Christian Martin,Parent,1107339770
USLW-APP-20250201-794,2025-02-01,Small Business,307444.0,Working Capital,73.0,479-20-0990,William Frazier,1957-06-30,Other,Widowed,Master's Degree,53842 Bethany Forest Apt. 382,Schneiderfurt,North Carolina,77814.0,5376539844,nancyweaver@franco-taylor.com,Hourly,Moore-Bishop Corp.,11.8,17382.0,81288281.0,Karen Luna,Parent,00184226440086580
USLW-APP-20240708-268,2024-07-08,Personal,16151.0,Vacation,37.0,891-44-9346,Gregory Garrett,1950-03-17,Other,Separated,Doctorate,06842 Susan Locks,Karaton,Ohio,70810.0,07120071476342,lawrenceamber@gmail.com,Salaried,Holland-Saunders Corp.,21.3,29204.0,85830790.0,Ruth Booker,Parent,0010508425966493
USLW-APP-20240717-516,2024-07-17,Personal,15032.0,Vacation,45.0,312-27-4744,Michael Holland,1994-10-10,Female,Single,High School Diploma,8735 Martinez Burgs Suite 605,East Melissastad,Nebraska,18515.0,0015763351998691,xhartman@yahoo.com,Salaried,Johnson-Delgado Corp.,11.1,18917.0,11701518.0,Kimberly Acevedo,Parent,0012476110741
USLW-APP-20250222-603,2025-02-22,Small Business,305857.0,Working Capital,76.0,229-87-2262,Sherry Hoffman,1962-01-24,Female,Separated,Doctorate,566 Donald Islands,South Mikefort,Wisconsin,75306.0,19272590590465,larrynguyen@hotmail.com,Salaried,"Strickland, Vega and Crawford Corp.",22.6,6941.0,107233178.0,Lori Martinez,Friend,9523219972
USLW-APP-20240906-385,2024-09-06,Personal,9584.0,Medical Expenses,49.0,364-44-2448,Gregory Adams,1957-12-19,Other,Divorced,Associate's Degree,98346 Nathan Roads,Powersbury,South Dakota,48106.0,80467937142626,aolson@suarez.com,Salaried,"Wagner, Jenkins and Edwards Corp.",5.2,26502.0,68415514.0,Sarah Holland,Friend,111887372522363
USLW-APP-20240826-297,2024-08-26,Personal,27819.0,Vacation,58.0,563-49-6569,Angela Williams,1974-09-11,Other,Separated,Some College,22156 Lopez Pines,East Reginaldfurt,Virginia,14249.0,9914653723,greenrebecca@levine-jones.com,Hourly,"Barnes, Marsh and Johnson Corp.",7.2,21822.0,109789358.0,Edward Smith,Sibling,2312630000
USLW-APP-20250125-263,2025-01-25,Mortgage,620297.0,Refinance,311.0,021-49-2471,Thomas Jacobs,1979-07-23,Female,Divorced,Master's Degree,22868 Johnston Harbor,Ricardotown,North Carolina,28131.0,4503992951,marissacook@gmail.com,Self-Employed,Lawson-Davis LLC,5.3,16927.0,85879984.0,Brad Cummings,Friend,0014233022368559
USLW-APP-20240621-211,2024-06-21,Auto,26314.0,Refinance,51.0,117-80-9547,Jacob Parker,1968-05-17,Other,Separated,Master's Degree,880 Matthew Prairie,North Tanyaburgh,Hawaii,98030.0,154392855494478,henrycalhoun@gmail.com,Self-Employed,"Warren, Diaz and Clark LLC",16.3,21147.0,34530737.0,Danielle Jones,Spouse,3463704411
USLW-APP-20240611-685,2024-06-11,Personal,7399.0,Debt Consolidation,47.0,155-37-5288,Steven Barnes,1951-03-03,Other,Married,Associate's Degree,2999 Angela Garden Apt. 208,New Christy,Colorado,25456.0,8237643307541,laurie09@hotmail.com,Self-Employed,Walker-Young LLC,18.0,14728.0,90282993.0,Jennifer Newman,Friend,5220043199
USLW-APP-20240813-969,2024-08-13,Mortgage,483501.0,Home Purchase,279.0,885-91-3792,Tanya Raymond,1980-07-15,Female,Married,Bachelor's Degree,8470 Gonzales Ridge Suite 655,Maynardshire,Oklahoma,38160.0,8641916726,danielle90@gmail.com,Salaried,Leon PLC Corp.,11.2,23772.0,50363894.0,Colleen Carter,Parent,5745594753812
USLW-APP-20240724-452,2024-07-24,Personal,35245.0,Education,26.0,784-13-0178,Charles Marshall,2002-12-28,Female,Single,Master's Degree,8977 Larry Falls,South Juliehaven,North Carolina,54895.0,00115846579019095,griffinnathaniel@gmail.com,Self-Employed,"Fox, Day and Watson LLC",10.0,10411.0,126404409.0,Juan Wood,Spouse,5715032446
USLW-APP-20250318-467,2025-03-18,Personal,5452.0,Debt Consolidation,52.0,212-87-5388,Kimberly Sullivan,1976-03-16,Other,Divorced,Some College,6742 Hobbs Extension Suite 490,Barnesview,Michigan,73422.0,7476990646974,fjohnson@gmail.com,Salaried,"Norton, Beltran and Perry Corp.",13.0,11028.0,36077735.0,Charles Jones,Parent,1690023937721
USLW-APP-20250123-348,2025-01-23,Personal,12173.0,Education,35.0,369-31-7438,Jade Lynn,1994-07-29,Other,Widowed,Doctorate,01894 Benjamin Falls Apt. 062,Mcdowellshire,Texas,16470.0,13027286729489,warnerjohn@yahoo.com,Self-Employed,Williams LLC LLC,1.9,16542.0,82680150.0,Kenneth Hammond,Friend,000559505146366
USLW-APP-20250112-218,2025-01-12,Personal,31832.0,Vacation,32.0,122-15-6637,Frank Murphy,1977-05-05,Female,Single,Associate's Degree,6319 Bell Ways,Lake Alexis,Oklahoma,68898.0,6384866253,michael99@avery.com,Salaried,"Peterson, Wells and Mccarthy Corp.",9.8,29111.0,44600864.0,Terrance Murphy,Friend,7187289247
USLW-APP-20240914-781,2024-09-14,Small Business,422429.0,Equipment Purchase,64.0,542-48-6414,Courtney Castro,1982-10-09,Male,Single,Associate's Degree,0337 Nicholas Dam Apt. 286,West John,Ohio,81751.0,190246182336008,amyfleming@crane.com,Salaried,"Bradley, Woods and Bowers Corp.",25.8,11279.0,20626451.0,Lisa Cowan,Spouse,1619862432156721
USLW-APP-20240613-162,2024-06-13,Auto,45826.0,Refinance,72.0,530-74-4695,Carol Robinson,1985-12-07,Other,Separated,Master's Degree,027 Holder Path Suite 235,Michaelshire,Rhode Island,45270.0,194418243454808,brucechristina@yahoo.com,Salaried,Hawkins Inc Corp.,14.2,4370.0,67957031.0,Aaron Cruz,Friend,6770163484
USLW-APP-20250217-535,2025-02-17,Mortgage,860244.0,Home Purchase,341.0,396-30-0054,Susan Owens,1989-01-11,Other,Separated,Some College,7212 Charles Avenue Apt. 255,Lake Antonioborough,Texas,73597.0,3655442284022,ybarnett@hotmail.com,Self-Employed,Kirk-Carlson LLC,9.5,18558.0,51317700.0,Mary Krueger,Parent,06881197606934
USLW-APP-20241019-431,2024-10-19,Personal,16522.0,Debt Consolidation,28.0,822-45-1863,Harold Wilson,2007-03-05,Other,Married,High School Diploma,881 Taylor Field,South Matthewside,California,7683.0,23035687297113,craigmartin@fox.net,Salaried,"Howard, Fisher and Fernandez Corp.",10.5,22323.0,58034866.0,Patricia Owens,Spouse,8794893919
USLW-APP-20240502-366,2024-05-02,Personal,6631.0,Vacation,17.0,177-10-7024,Mary Bryant MD,1974-10-29,Female,Divorced,Bachelor's Degree,070 Eaton Bypass Suite 618,New Marymouth,North Carolina,57254.0,6038022594,woodardomar@edwards.net,Salaried,Nguyen Inc Corp.,11.2,24570.0,14618598.0,Debbie Baker,Sibling,8463575039415
USLW-APP-20240610-141,2024-06-10,Small Business,299449.0,Working Capital,70.0,484-46-3892,Caroline Thomas,1965-01-29,Male,Married,Master's Degree,1923 Kelly Locks,New Masonville,Connecticut,92953.0,001772936945236756,ile@hotmail.com,Self-Employed,Cuevas Group LLC,9.6,8048.0,115002032.0,Joshua Archer,Parent,001528686457276853
USLW-APP-20240525-616,2024-05-25,Mortgage,627902.0,Home Purchase,247.0,891-03-8054,Andre Aguilar,1957-11-05,Other,Single,Master's Degree,6362 Nicole Ferry Apt. 018,West James,Alaska,11837.0,194761067974745,mendozaelijah@sexton.com,Salaried,Jones Group Corp.,6.9,17194.0,16980716.0,Jonathan Kim,Sibling,156147882106847
USLW-APP-20241103-551,2024-11-03,Personal,11435.0,Vacation,19.0,030-09-6327,Darrell Wilson,1966-06-26,Other,Widowed,Some College,055 Jones Green Apt. 289,Lake Brettview,Washington,32910.0,204590086885693,ryan71@hoover.com,Self-Employed,"Huffman, Vazquez and Williams LLC",6.4,3349.0,103164584.0,Charles Brown,Friend,22140754410447
USLW-APP-20241219-723,2024-12-19,Personal,43878.0,Education,12.0,182-08-8304,Chelsey Conner,1972-11-16,Other,Divorced,Bachelor's Degree,93337 Mark Roads Suite 819,Stephanieland,Oregon,52151.0,1342964822,jennifermartin@thomas.com,Salaried,Parker-Brown Corp.,20.9,27891.0,11965419.0,David Curry,Parent,5038359867
USLW-APP-20250223-466,2025-02-23,Personal,10640.0,Vacation,25.0,356-73-1475,Nina Moore,1985-10-23,Male,Married,Doctorate,4816 Joshua Views,Christopherton,Alaska,50735.0,1395098702,kstephens@austin.com,Salaried,Tyler-Rivera Corp.,13.8,9726.0,107672153.0,Jeffrey Gomez,Sibling,14166765871
USLW-APP-20240828-958,2024-08-28,Personal,38847.0,Home Improvement,55.0,426-89-2074,Richard Rodriguez,1950-01-04,Male,Widowed,High School Diploma,956 Drake Roads,Caldwellmouth,Alaska,26350.0,8801253472851,grant83@hotmail.com,Salaried,"Walton, Hall and Doyle Corp.",16.7,22233.0,79361246.0,Bradley Taylor,Sibling,801927930847850
USLW-APP-20240705-544,2024-07-05,Small Business,404872.0,Inventory,80.0,302-28-4820,Richard Garcia,1964-04-25,Male,Married,Some College,24319 Christina Lane Suite 229,North Ronaldmouth,Nebraska,49604.0,68898324770849,vmartinez@yahoo.com,Salaried,Clay-Ward Corp.,23.8,12281.0,45163614.0,Stephen Olsen,Spouse,5371397736739
USLW-APP-20240803-652,2024-08-03,Personal,2579.0,Medical Expenses,29.0,103-40-5764,Douglas Graham,1975-09-28,Other,Married,Associate's Degree,731 Sheryl Wells,Port Glennfurt,Nebraska,63407.0,02529741613521,shelley07@yahoo.com,Salaried,Miller LLC Corp.,1.9,23999.0,83702888.0,David Lawrence,Parent,17343331751
USLW-APP-20250124-438,2025-01-24,Personal,8593.0,Education,57.0,200-10-5506,Cynthia Villarreal,1967-09-22,Male,Divorced,Bachelor's Degree,51384 Jerome Gardens Suite 803,Lake Caleb,Connecticut,46875.0,92808540226626,fcole@gmail.com,Salaried,Gallagher-Brown Corp.,14.0,15856.0,127621142.0,Kristopher Brown,Parent,8537889250952
USLW-APP-20240430-414,2024-04-30,Mortgage,426440.0,Refinance,335.0,090-78-0336,Brandy Martin,1994-04-23,Female,Widowed,Some College,383 Melissa Knoll Apt. 983,Port Tony,Mississippi,18500.0,2654220277,georgescott@pratt-stephens.com,Self-Employed,Gonzales and Sons LLC,10.4,10073.0,18557503.0,Melissa Browning,Spouse,0886203753
USLW-APP-20241013-774,2024-10-13,Small Business,150320.0,Working Capital,65.0,246-05-7893,Danielle Tran,1999-05-11,Other,Divorced,High School Diploma,468 Kathryn Coves,Hillton,Oklahoma,44723.0,1090257191830,chadanderson@hotmail.com,Salaried,Hays Ltd Corp.,1.9,13756.0,124983207.0,Jill Hunt,Sibling,8889430356
USLW-APP-20240707-428,2024-07-07,Personal,25773.0,Home Improvement,53.0,800-45-7959,Shannon Guzman,1963-05-02,Female,Single,Associate's Degree,0654 Russell Spurs Apt. 293,South Courtneyton,Oregon,12900.0,5588593557,lauren19@goodman.org,Self-Employed,"Frank, Sanford and Pineda LLC",5.2,21651.0,68693394.0,Brenda Ortiz,Friend,159176305396207
USLW-APP-20240821-597,2024-08-21,Personal,17604.0,Home Improvement,43.0,237-08-3115,Kara Hall,1999-03-16,Female,Divorced,Bachelor's Degree,3002 Forbes Motorway Apt. 591,Rodneyport,North Carolina,10938.0,5937940366106,cdecker@blair.org,Salaried,"Patterson, Garcia and Smith Corp.",28.8,16665.0,59272355.0,Cindy Freeman,Parent,11086847449247
USLW-APP-20241229-651,2024-12-29,Personal,8424.0,Education,41.0,389-94-7806,Michael Fowler,1992-11-22,Other,Widowed,High School Diploma,861 Richard Harbor Apt. 160,South Ruth,Oklahoma,47871.0,4923125069,qellis@gmail.com,Salaried,Nolan and Sons Corp.,1.2,27241.0,85592591.0,Jeffrey Horton,Spouse,0801914949820
USLW-APP-20241009-792,2024-10-09,Personal,36957.0,Other,37.0,316-40-5242,Scott Duncan MD,1957-03-10,Female,Single,Doctorate,7202 Johnson Curve,Krauseville,New Mexico,84420.0,001988797755531411,simskenneth@hotmail.com,Salaried,"Gallegos, Macdonald and Rodriguez Corp.",3.3,27856.0,13575412.0,Raymond Murphy,Parent,0013712721415
USLW-APP-20241114-620,2024-11-14,Small Business,199914.0,Working Capital,48.0,434-10-4149,Lisa Burgess,1996-12-17,Other,Married,Bachelor's Degree,4130 Hebert Crest,East Aaronport,Iowa,25542.0,9255887863,goodwinmargaret@craig.info,Hourly,Pollard-Dougherty Corp.,12.8,25437.0,47476529.0,Michael Medina,Friend,16981502940479
USLW-APP-20250212-377,2025-02-12,Small Business,74231.0,Equipment Purchase,50.0,365-90-4410,Amber Woods,1994-04-26,Other,Single,Some College,979 Dawson Cliff,South Walterburgh,Colorado,2523.0,14925056287,robersonjohn@west.com,Salaried,Edwards-Gomez Corp.,29.3,13191.0,39374024.0,Dominique Cruz,Parent,38174293769847
USLW-APP-20250305-261,2025-03-05,Auto,5976.0,New Car Purchase,45.0,862-50-1267,Shannon Hunt,2001-10-26,Male,Separated,Some College,1542 Khan Isle,Hinesview,Mississippi,13365.0,121940755818594,pcummings@ward.com,Self-Employed,Medina-Barnett LLC,14.3,14541.0,127245308.0,Tonya Smith,Sibling,4958395039
USLW-APP-20240617-173,2024-06-17,Personal,19077.0,Home Improvement,51.0,593-07-5485,Richard Hodges,1990-09-12,Other,Married,Doctorate,801 Butler Forges Apt. 053,New Toni,Vermont,62350.0,001310639706281832,mike84@ramos.net,Salaried,Lee Ltd Corp.,9.5,20906.0,53070867.0,Joshua Ritter,Parent,5598443296579
USLW-APP-20241126-410,2024-11-26,Small Business,358292.0,Equipment Purchase,25.0,313-24-5577,Jessica Davis,1963-01-09,Female,Divorced,High School Diploma,66323 Maria Points,West Carlosstad,Rhode Island,70425.0,4161180182380,kristine61@garcia-hall.com,Self-Employed,Clark Ltd LLC,6.5,10872.0,33897222.0,Shane Henderson,Sibling,30571605265615
USLW-APP-20250125-968,2025-01-25,Personal,26461.0,Medical Expenses,25.0,646-44-2671,Howard Smith,1966-10-22,Male,Widowed,Associate's Degree,0811 Rachel Valleys Suite 357,Baldwinton,South Dakota,5478.0,4934812759188,elizabethpatton@gmail.com,Hourly,Stephens-Hawkins Corp.,13.6,6982.0,119968486.0,Amanda Reyes,Parent,287263247733570
USLW-APP-20240623-312,2024-06-23,Small Business,129436.0,Expansion,30.0,786-25-5096,Olivia Peterson,1983-02-14,Other,Separated,Doctorate,479 Martin Overpass Suite 017,Leblancport,Louisiana,86797.0,1387327424,rodriguezluis@yahoo.com,Salaried,Clark-Barton Corp.,0.9,12022.0,78483811.0,Deborah Carr,Friend,5088544430
USLW-APP-20240902-274,2024-09-02,Personal,37877.0,Other,48.0,725-11-8654,Casey Logan,1995-01-13,Female,Divorced,Some College,0323 Gregory Cliffs Suite 552,Cameronville,Oklahoma,44780.0,5122535028,roberto78@yahoo.com,Salaried,"Turner, Ward and Miller Corp.",14.1,19830.0,127132217.0,Seth Cooke,Spouse,197590976305529
USLW-APP-20240414-866,2024-04-14,Personal,27041.0,Home Improvement,34.0,711-56-4754,Michael Wright,1965-02-10,Female,Widowed,High School Diploma,72007 Sullivan Mount,West Angela,Iowa,27142.0,0917237916,steven44@owen.com,Salaried,Sullivan-Kennedy Corp.,24.1,25015.0,63999394.0,Pamela Franklin,Spouse,2108875243
USLW-APP-20241020-753,2024-10-20,Small Business,213598.0,Startup Costs,51.0,516-64-7248,Eric Brown,1966-05-07,Other,Single,Doctorate,6453 Browning Shores Apt. 571,New Annette,Oregon,36182.0,82655243513011,fchavez@mcguire.biz,Hourly,Thomas Ltd Corp.,25.1,7469.0,81906071.0,Karen Copeland,Friend,81573486301455
USLW-APP-20240824-652,2024-08-24,Personal,18349.0,Home Improvement,37.0,239-93-0831,Anthony Morgan,1953-07-09,Male,Married,Doctorate,741 Susan Burgs Apt. 907,Lake Helen,Nevada,74663.0,9082167642999,garrettrobert@gmail.com,Salaried,Hunt PLC Corp.,9.6,6946.0,68324867.0,Shelley James,Parent,1829504376799335
USLW-APP-20240806-810,2024-08-06,Personal,42816.0,Debt Consolidation,41.0,894-36-2758,Jacob Harris,1978-05-17,Other,Divorced,High School Diploma,33409 Hines Knolls Apt. 058,West Nathan,Oklahoma,48498.0,4730085324,douglas13@ross.com,Salaried,Anderson-Simpson Corp.,6.7,6489.0,86357829.0,Scott Thomas,Parent,15097191511280
USLW-APP-20250328-848,2025-03-28,Personal,47404.0,Vacation,46.0,004-14-3454,Hayley Prince,1981-08-25,Female,Separated,Bachelor's Degree,49864 Davis Crescent,New Elizabethtown,Alaska,69960.0,0947552539,yescobar@yahoo.com,Salaried,Hernandez PLC Corp.,2.8,8562.0,129241863.0,Joy Shields,Spouse,5860776927
USLW-APP-20240516-576,2024-05-16,Personal,2957.0,Other,31.0,840-69-9128,Renee Smith,1984-04-30,Other,Married,High School Diploma,0563 Velez Forks Apt. 024,Port Leefurt,Nebraska,13223.0,0167899420,adamsjoshua@hotmail.com,Self-Employed,Walker Inc LLC,5.2,14086.0,13105141.0,Brian Crane,Friend,6103801384
USLW-APP-20240914-831,2024-09-14,Mortgage,170230.0,Refinance,315.0,248-95-8353,Michael Smith,1968-10-14,Other,Separated,Doctorate,06433 Anne Stravenue Suite 855,Juliefurt,Illinois,81594.0,453002396255754,harrisonlauren@barker.biz,Salaried,"Barrett, Mathis and Adams Corp.",19.1,13231.0,102801071.0,Emily Ellison,Parent,00177788684846258
USLW-APP-20240502-728,2024-05-02,Mortgage,384486.0,Home Purchase,284.0,498-93-4411,Victoria Boyd,1985-09-18,Male,Separated,Bachelor's Degree,406 Patricia Creek Suite 057,Lake Kevinfort,Nebraska,75746.0,1901760458,richardbailey@hotmail.com,Hourly,"Young, Knight and Ford Corp.",25.5,22893.0,90151419.0,Nancy Jones,Friend,2105337531148
USLW-APP-20250329-181,2025-03-29,Personal,9215.0,Vacation,34.0,602-47-2077,Gregory Daniels,2003-07-29,Female,Single,High School Diploma,907 Lopez Circles Suite 310,East Melissa,Hawaii,78072.0,0799461769,xosborne@yahoo.com,Self-Employed,"Baker, Green and Adams LLC",14.3,20389.0,120175268.0,Kenneth Bell,Parent,5122900134
USLW-APP-20240705-581,2024-07-05,Mortgage,560394.0,Refinance,296.0,141-11-0635,Christopher Jones,1969-09-26,Female,Separated,Some College,451 Velazquez Well,North Zachary,Iowa,52264.0,140658876993413,tbuckley@benson.com,Salaried,Cisneros LLC Corp.,25.5,13874.0,33748151.0,Kyle Leonard,Sibling,420450015824986
USLW-APP-20250330-220,2025-03-30,Personal,45187.0,Vacation,48.0,183-23-1837,Jordan Hancock,1952-09-13,Other,Separated,Associate's Degree,105 Trujillo Ramp Suite 034,Susanmouth,Oregon,48248.0,001132975455307889,cameronjones@stephens.net,Salaried,Garrett-Hampton Corp.,12.0,10455.0,112271895.0,William Franco,Sibling,00134863976504136
USLW-APP-20240827-216,2024-08-27,Personal,32201.0,Medical Expenses,44.0,275-87-1409,Andrea Parrish,1966-02-05,Male,Separated,High School Diploma,29242 Victor Fields,Alvarezmouth,Iowa,85159.0,0011653535703,andrewfranklin@terry-brooks.com,Salaried,Levy-Smith Corp.,11.9,13387.0,100891520.0,Thomas Roberson,Parent,16965636505
USLW-APP-20241215-961,2024-12-15,Personal,2386.0,Home Improvement,14.0,532-23-9053,Kevin Harvey,1972-11-20,Other,Widowed,Doctorate,50967 Lee Vista Apt. 648,Jenniferside,West Virginia,90559.0,05972532233608,zgreene@morse-hampton.biz,Salaried,Mitchell-Ford Corp.,28.3,12177.0,75215888.0,Jacob Love,Friend,001258238590624510
USLW-APP-20240530-990,2024-05-30,Personal,7291.0,Education,16.0,521-10-5380,Jeffrey Hall,1957-07-09,Male,Widowed,Bachelor's Degree,4555 Eric Corners Apt. 079,Christopherburgh,Iowa,49317.0,8923549905,riveracassie@gmail.com,Salaried,Ford-Brooks Corp.,7.0,23229.0,108582446.0,Susan Perez,Friend,1087098384464
USLW-APP-20241210-331,2024-12-10,Personal,43478.0,Vacation,27.0,071-87-4644,Peggy Hernandez,1998-12-15,Other,Widowed,High School Diploma,5262 Brown Islands,North Kylie,Wisconsin,59254.0,90780581929716,perryjoanna@benjamin-ramirez.com,Salaried,Stevens Inc Corp.,19.2,3087.0,114230009.0,Lori Thomas,Sibling,58295823848289
USLW-APP-20240521-355,2024-05-21,Personal,25935.0,Home Improvement,32.0,809-13-0216,Douglas Martin,2002-01-18,Male,Widowed,Some College,847 Alvarez Crest Suite 603,South Johnstad,Rhode Island,47877.0,11822138863033,ryanbishop@hotmail.com,Self-Employed,"Dominguez, Bryan and Kim LLC",2.4,11291.0,51455293.0,Dennis Jackson,Friend,19992538346
USLW-APP-20241118-815,2024-11-18,Auto,34334.0,Refinance,36.0,315-35-7151,Michelle White,1967-08-21,Female,Married,High School Diploma,0511 Cynthia Plains,Shannonmouth,South Dakota,83264.0,00124698389743364,greg92@morrison.com,Self-Employed,Sloan Inc LLC,6.2,24725.0,114403687.0,Scott Reed,Sibling,962347012496613
USLW-APP-20240909-623,2024-09-09,Personal,46805.0,Vacation,33.0,087-33-7579,Chad Dunn,1952-11-22,Male,Divorced,Doctorate,454 Hall Station Suite 047,Drewshire,Oklahoma,39016.0,4426723881,lnelson@gmail.com,Salaried,Holt and Sons Corp.,17.1,23217.0,105291125.0,Patricia Jackson,Sibling,8533111675
USLW-APP-20250219-656,2025-02-19,Small Business,345095.0,Working Capital,32.0,320-08-4245,Paula Rivera,1954-10-15,Male,Married,Some College,3298 Lawrence Road,New Yolandabury,Texas,38843.0,0738924171,kevinbarrett@norman-morales.com,Salaried,Simmons-Conley Corp.,10.4,7807.0,88207061.0,Mark Fletcher,Spouse,001629944992944773
USLW-APP-20240531-958,2024-05-31,Small Business,47344.0,Equipment Purchase,67.0,291-77-0430,Melissa Taylor,1997-01-19,Male,Widowed,Master's Degree,74547 Brooks Oval Apt. 933,Jennifermouth,Michigan,90603.0,7423866422,george45@rodgers-wade.info,Self-Employed,Downs and Sons LLC,1.4,15689.0,31962874.0,Cindy Long,Sibling,2991985772513
USLW-APP-20241022-842,2024-10-22,Small Business,125933.0,Inventory,71.0,104-81-9252,Susan Garcia,1966-04-11,Female,Married,High School Diploma,9761 Jodi Plains,Yorkville,Nebraska,90601.0,00168811167643821,vadams@wells-mcdaniel.com,Salaried,"Mueller, Wilson and Ibarra Corp.",3.4,12312.0,36240290.0,Scott English,Friend,70591119799897
USLW-APP-20240919-528,2024-09-19,Personal,5598.0,Home Improvement,16.0,869-76-3120,Maria Graham,1954-05-27,Female,Single,Some College,23854 Edwards Freeway Suite 823,Port Jessica,Oregon,88231.0,833664716208979,sanchezshannon@gmail.com,Salaried,Lawrence-Farrell Corp.,10.1,10096.0,120588130.0,Katherine Gonzalez,Parent,0015017114735322
USLW-APP-20240506-463,2024-05-06,Personal,4831.0,Vacation,17.0,219-27-8592,Matthew Nelson,2004-08-11,Other,Separated,Some College,5614 Corey Prairie Suite 256,Lindahaven,Illinois,37964.0,0044601842427,sfuentes@christensen-jones.info,Salaried,"Matthews, Montoya and Johnson Corp.",9.6,7118.0,36796896.0,Emily Perkins,Spouse,3645934240
USLW-APP-20240423-436,2024-04-23,Small Business,148609.0,Equipment Purchase,26.0,134-33-1962,Eric Jensen,1980-05-12,Male,Single,Master's Degree,866 Hale Dam,Davisport,New Mexico,86626.0,6584570084,dbrewer@mcclain.com,Self-Employed,Richardson-Pham LLC,3.6,11819.0,122923955.0,Felicia Chang,Spouse,8213553796
USLW-APP-20240522-364,2024-05-22,Mortgage,578226.0,Refinance,228.0,496-36-2056,Mary Rodriguez DDS,2005-02-25,Other,Separated,High School Diploma,24771 Hall Crest,Loriview,Wisconsin,30721.0,95807788880279,ericksonrobert@hughes-becker.com,Self-Employed,Paul and Sons LLC,15.1,17417.0,78895124.0,Carol Carlson,Spouse,5621460642
USLW-APP-20250219-779,2025-02-19,Personal,14688.0,Home Improvement,23.0,650-85-9361,Justin Herrera,1982-07-21,Male,Married,Doctorate,7485 Benitez Greens,Jonesland,Iowa,8939.0,60382765874314,michaelrivera@hotmail.com,Salaried,Stewart and Sons Corp.,25.4,18283.0,88596413.0,Philip Grant,Sibling,5613773088183
USLW-APP-20241003-235,2024-10-03,Small Business,160344.0,Startup Costs,38.0,651-62-1511,Jill Swanson,1955-06-01,Female,Separated,Associate's Degree,9818 Leslie Walks,Mitchellton,Oklahoma,39283.0,5308323009,nbates@gonzalez-gibson.com,Self-Employed,Carter-Olson LLC,6.3,12013.0,107377704.0,Jason Vincent,Friend,0628659230
USLW-APP-20250216-372,2025-02-16,Small Business,416398.0,Equipment Purchase,63.0,852-15-4133,Austin Luna,1997-01-16,Male,Single,Doctorate,520 Walsh Overpass,Alexisville,Connecticut,92397.0,2909078900,wgray@yahoo.com,Salaried,Torres PLC Corp.,25.0,3119.0,52855229.0,Carol White,Parent,6636255379
USLW-APP-20250127-555,2025-01-27,Personal,26785.0,Medical Expenses,39.0,375-77-5788,Brandon Hoffman,1951-09-01,Male,Single,Master's Degree,856 Rose Trace,New Benjamin,Louisiana,64585.0,0006631040506,kristopher75@rodriguez.org,Salaried,"Tran, Walton and Taylor Corp.",2.1,20901.0,25391312.0,Bailey Young,Parent,672937827901535
USLW-APP-20240612-529,2024-06-12,Personal,6832.0,Other,39.0,216-07-6567,Veronica Walker,1990-06-08,Female,Divorced,Master's Degree,05898 Moss Hill,West Patriciafort,Nebraska,23182.0,11227646440,akelly@gmail.com,Salaried,Ruiz-Walker Corp.,4.8,19158.0,120702644.0,Jodi Jones,Friend,5070360415
USLW-APP-20241213-719,2024-12-13,Small Business,306926.0,Inventory,37.0,350-52-1090,Cindy Dickerson,2001-04-09,Other,Divorced,Some College,560 Nguyen Rapid Suite 179,Johnsonmouth,Ohio,92137.0,957195334874560,phillip46@hotmail.com,Self-Employed,Jackson PLC LLC,17.8,8262.0,69615643.0,Katherine Weaver,Parent,6145834058
USLW-APP-20241230-540,2024-12-30,Personal,45141.0,Vacation,35.0,223-11-5625,Jennifer Moore,2001-02-13,Female,Single,Master's Degree,4323 Gallagher Divide,Rojasside,Hawaii,99196.0,3749029073,jeffreyturner@booker-ramirez.com,Salaried,Krause Group Corp.,14.8,20772.0,13918817.0,Jennifer Ortiz,Friend,8881999032
USLW-APP-20241107-827,2024-11-07,Personal,46908.0,Home Improvement,43.0,445-38-2321,Daisy Barnes,1990-09-09,Other,Married,Bachelor's Degree,028 Guerrero Mills,Thompsonborough,Nevada,15861.0,9212564942235,staceymiller@alexander-colon.biz,Self-Employed,Hall LLC LLC,2.0,16131.0,30958135.0,Christopher Davis,Parent,1268205209492019
USLW-APP-20250211-232,2025-02-11,Small Business,336888.0,Equipment Purchase,28.0,205-41-0629,William Stewart,1956-10-11,Female,Single,Associate's Degree,85610 Yates Underpass Suite 321,Boydside,Wisconsin,10829.0,8063443680,maureen68@hotmail.com,Salaried,"Graves, Hess and Lewis Corp.",19.8,4085.0,16725007.0,Danielle Pineda,Spouse,0015741241879807
USLW-APP-20240825-485,2024-08-25,Personal,48551.0,Other,60.0,209-48-4734,Anthony Adams,1955-12-04,Other,Married,Bachelor's Degree,9093 Nicholas Locks Suite 443,New Daniel,West Virginia,22502.0,0010693272944198,lucasmercer@hotmail.com,Salaried,"Love, Jenkins and Thornton Corp.",17.7,6191.0,33236838.0,Nicholas White,Sibling,165926249322531
USLW-APP-20241102-709,2024-11-02,Personal,40108.0,Education,19.0,078-37-0043,Mark Carter,1949-07-06,Other,Divorced,Associate's Degree,4816 Christopher Park Apt. 475,West Peggymouth,Kansas,40485.0,5835255691,ahoward@stephens-patel.net,Salaried,Garcia PLC Corp.,25.2,15652.0,74829754.0,Thomas Williams,Friend,7549618028
USLW-APP-20250312-924,2025-03-12,Small Business,405398.0,Working Capital,35.0,363-76-5663,Laura Taylor,1973-11-19,Male,Widowed,High School Diploma,83194 Smith Crescent Suite 728,Williamland,Iowa,46944.0,19397085628,cglenn@roberts-lewis.info,Salaried,Marquez Inc Corp.,12.2,4411.0,101679411.0,Sandra Fuentes,Spouse,21336727439516
USLW-APP-20250402-440,2025-04-02,Personal,41933.0,Medical Expenses,60.0,104-05-2592,Cindy Gutierrez,1964-12-23,Female,Married,Master's Degree,77579 Greg Mission,Barryside,Alabama,92415.0,1922619767,tiffanyford@terry-gray.com,Hourly,Woodard-Carroll Corp.,11.0,22426.0,27050172.0,Tiffany Walsh,Parent,179612655396245
USLW-APP-20240918-191,2024-09-18,Personal,8724.0,Home Improvement,43.0,509-44-6040,Adrienne Oconnor,1992-09-12,Female,Widowed,Bachelor's Degree,940 Benjamin Road Apt. 563,Jasminestad,Ohio,3283.0,3678315144,amandatyler@yahoo.com,Salaried,Miller-Wu Corp.,9.9,21356.0,124137927.0,Jason Lopez,Friend,2110619537
USLW-APP-20250309-154,2025-03-09,Mortgage,549308.0,Home Purchase,195.0,817-67-9013,Devon Cunningham,1992-03-20,Male,Separated,Associate's Degree,25651 Katelyn Estates,Amyborough,Hawaii,82127.0,2085508366,donnahernandez@white.org,Self-Employed,Johnson-Miller LLC,10.1,16435.0,30955471.0,Nicole Waller,Spouse,1815525752603801
USLW-APP-20241213-470,2024-12-13,Small Business,27982.0,Expansion,34.0,325-54-1489,Karen Carroll,1977-12-23,Male,Widowed,High School Diploma,950 Joshua Keys Suite 446,Paynehaven,Texas,22798.0,720521321295971,emilylee@petersen.com,Salaried,Williams-Robinson Corp.,2.7,23114.0,80710035.0,Caleb Lopez,Spouse,246843154755737
USLW-APP-20250306-933,2025-03-06,Personal,43719.0,Debt Consolidation,33.0,660-20-2107,Brian Jones,1984-05-11,Male,Single,Doctorate,255 Avila Groves,Port Joshuaton,Colorado,48367.0,301118369208901,brentburton@yahoo.com,Salaried,"Daugherty, Smith and Lee Corp.",7.5,2414.0,65032990.0,Jeanette Hubbard,Sibling,0015761135969118
USLW-APP-20240809-704,2024-08-09,Personal,5527.0,Home Improvement,45.0,052-73-7988,Jennifer King,1973-08-26,Other,Separated,Associate's Degree,193 Joshua Hollow Apt. 178,West Nataliefort,Nebraska,48152.0,7381476656,birdtracy@williams-hodge.org,Salaried,"Allen, Ashley and Rodriguez Corp.",14.6,13733.0,43594890.0,Zachary Watts,Spouse,9122883179
USLW-APP-20240424-654,2024-04-24,Personal,29204.0,Vacation,47.0,821-72-9178,Kathy Tanner,1963-08-28,Male,Married,Master's Degree,49531 Jake Unions,Brianfort,Alaska,64669.0,12421097543,fshannon@hernandez.com,Self-Employed,Hernandez-White LLC,18.7,14118.0,56314575.0,Cesar Blanchard,Sibling,7058486924990
USLW-APP-20240418-843,2024-04-18,Small Business,140057.0,Inventory,30.0,486-88-7053,Jennifer Wang,1985-04-07,Male,Single,Doctorate,16055 Coleman Forge Suite 165,North Christinamouth,Wisconsin,37558.0,568534761441103,luishowell@hotmail.com,Salaried,"Nguyen, Jacobs and Bailey Corp.",10.7,14460.0,111503726.0,William Baker,Sibling,001932935190887188
USLW-APP-20250118-177,2025-01-18,Personal,40152.0,Medical Expenses,22.0,385-20-4624,Robert Le,1984-03-10,Male,Married,High School Diploma,6424 Rhodes Springs Apt. 920,North Susan,Hawaii,96576.0,5880956692,bennettvanessa@rhodes.com,Self-Employed,"Green, Wilson and Hicks LLC",18.0,16515.0,79033516.0,Elizabeth Miller,Parent,004873444129395
USLW-APP-20250209-188,2025-02-09,Small Business,133352.0,Working Capital,67.0,255-11-3968,Amy Gardner,1955-07-29,Male,Separated,Master's Degree,125 Jeffrey Cliff,Port Kimberlyland,New Mexico,56282.0,6665218458,wanderson@bruce-harris.com,Salaried,Atkins-Brooks Corp.,29.5,19296.0,86200947.0,Shelby Johnson,Parent,5370782363
USLW-APP-20250201-179,2025-02-01,Personal,1771.0,Home Improvement,25.0,095-95-8507,Julia Gonzalez,1972-07-17,Male,Divorced,Some College,11534 William Mews,Chapmanmouth,Oregon,89023.0,9683556931,brian03@garcia-vincent.com,Self-Employed,"Lopez, Hart and Newman LLC",3.9,20285.0,61665280.0,Justin Barnes,Parent,9723543894
USLW-APP-20250101-859,2025-01-01,Personal,2075.0,Home Improvement,40.0,467-01-8016,Valerie Brady,1965-03-31,Male,Widowed,Associate's Degree,95453 Franco Village,Carrillohaven,Hawaii,28271.0,1126789185863844,jose17@gmail.com,Salaried,Mckinney Inc Corp.,24.3,4964.0,23893333.0,Nicole Barnett,Friend,0014940914962
USLW-APP-20241123-783,2024-11-23,Personal,19807.0,Education,30.0,501-30-7347,Jennifer Dean,1950-11-10,Other,Separated,Bachelor's Degree,106 Michael Circle,Mooreborough,Oklahoma,87040.0,00170191352559825,jasonreed@hotmail.com,Self-Employed,Guerra-Jenkins LLC,3.8,20200.0,114559489.0,Christopher Acevedo,Parent,7557744767791
USLW-APP-20241206-430,2024-12-06,Small Business,447594.0,Inventory,30.0,197-23-7908,Kyle Jennings,1965-05-01,Female,Widowed,High School Diploma,20531 Kenneth Summit,New Jacobville,South Dakota,12254.0,149307897392055,johnbaker@dillon-franklin.info,Self-Employed,Garcia and Sons LLC,16.9,24433.0,86041258.0,Amy Flores,Spouse,1827814049
USLW-APP-20240825-691,2024-08-25,Mortgage,926728.0,Home Purchase,325.0,842-34-7829,Danny Romero DVM,1987-08-08,Female,Single,High School Diploma,9554 Sonya Ford,North Lydia,Texas,77420.0,0011728664760,vickiebailey@gmail.com,Salaried,Barrett-Jones Corp.,19.0,18696.0,116524807.0,Loretta Johnson,Sibling,5081050948736
USLW-APP-20250207-760,2025-02-07,Auto,39658.0,Refinance,57.0,066-05-1617,Diamond Jackson,1974-05-24,Other,Widowed,Some College,892 Nathan Stravenue,Ashleychester,South Dakota,66535.0,1319456218,curtisnavarro@hotmail.com,Hourly,"Freeman, Peterson and Chapman Corp.",11.0,5328.0,104505809.0,Brenda Rocha,Sibling,5310353958
USLW-APP-20240426-868,2024-04-26,Personal,42072.0,Debt Consolidation,58.0,025-64-9373,Ashley Smith,1956-03-19,Female,Single,Doctorate,3682 Mueller Mountains Apt. 923,East Kelly,Illinois,7791.0,0015614156359,vadams@gmail.com,Self-Employed,"Anderson, Miller and Vargas LLC",3.5,21421.0,117989519.0,Dennis Woodward,Sibling,3442329611
USLW-APP-20240530-360,2024-05-30,Personal,35749.0,Home Improvement,18.0,697-95-8589,Brooke Mccarthy MD,2007-03-01,Male,Married,Doctorate,7659 Shaw Alley,North Matthew,Alaska,83546.0,4698386192,jquinn@howell.com,Salaried,Simmons Inc Corp.,9.4,19497.0,117040047.0,Kristie Long,Friend,7507723516125
USLW-APP-20241220-696,2024-12-20,Personal,12666.0,Debt Consolidation,17.0,078-14-8034,Donna Gordon,2000-01-10,Other,Widowed,Some College,0052 Williams Expressway Apt. 152,Isaacside,Wisconsin,37555.0,14321546822188,dlewis@yahoo.com,Self-Employed,"Carroll, Martin and Murphy LLC",19.9,14114.0,129800754.0,Francisco Mcdaniel,Friend,0534369541
USLW-APP-20240716-678,2024-07-16,Personal,12431.0,Other,47.0,810-62-1295,Madeline Hicks,1994-07-23,Female,Widowed,Bachelor's Degree,1467 Cruz Brooks,New Daniel,Wisconsin,69437.0,14954734627,thomas08@green.info,Salaried,Snyder-Brooks Corp.,8.4,20841.0,107522559.0,Alexis Nichols,Parent,2031436060
USLW-APP-20240505-935,2024-05-05,Personal,36554.0,Debt Consolidation,29.0,677-59-8855,Sara Rogers MD,1986-10-26,Other,Separated,Master's Degree,1971 Dixon Rapids,Perezview,Wisconsin,12336.0,003826127614024,carlosingram@perkins-duncan.com,Salaried,Weaver Inc Corp.,27.6,22244.0,60976750.0,Rodney Miller,Parent,5499172939860
USLW-APP-20240706-268,2024-07-06,Mortgage,721315.0,Refinance,249.0,814-97-6448,Matthew Mosley,1952-03-12,Other,Divorced,High School Diploma,695 Donna Shoals,Abbottland,Florida,9869.0,75338833219983,uhampton@hotmail.com,Self-Employed,"Marsh, Middleton and Warner LLC",10.0,23611.0,74771365.0,Mark Morris,Parent,0011981636069
USLW-APP-20250118-582,2025-01-18,Personal,11313.0,Education,15.0,610-06-9635,Mackenzie Martin,1960-04-28,Female,Separated,High School Diploma,35674 English Stravenue Apt. 168,East Deborah,Wisconsin,55127.0,2600789954215,eric23@hotmail.com,Salaried,Chavez-Alvarado Corp.,12.1,20218.0,85464548.0,Kevin Scott,Parent,77540981465216
USLW-APP-20240913-362,2024-09-13,Small Business,158179.0,Equipment Purchase,48.0,004-64-8997,Angela Davis,2004-06-26,Female,Divorced,Associate's Degree,3775 Jeremy Walk,Velezville,Montana,24879.0,14095312040143,chanjeffrey@morgan-james.info,Salaried,"Fernandez, Lee and Hunter Corp.",13.0,24092.0,125020460.0,Dawn Hardy,Friend,9838319274
USLW-APP-20240501-937,2024-05-01,Small Business,357158.0,Inventory,29.0,896-90-3937,Catherine Castillo,1970-06-13,Male,Separated,High School Diploma,830 Chang Lights,North Tina,North Carolina,4265.0,34293720163364,adamsroger@benson-lopez.info,Salaried,Wagner-Lewis Corp.,18.4,6982.0,36079953.0,Jessica Shaw,Spouse,720568547160413
USLW-APP-20241117-360,2024-11-17,Auto,10717.0,New Car Purchase,60.0,335-62-7334,Charlotte Norman,1960-06-14,Female,Married,Master's Degree,9677 Briggs Courts,North Jeffrey,South Dakota,42238.0,8845978965,hobrien@whitaker.com,Salaried,Deleon PLC Corp.,21.4,5758.0,111261408.0,Jackson Torres,Friend,001942735526209896
USLW-APP-20240602-815,2024-06-02,Personal,48653.0,Education,57.0,338-34-5907,Christopher Black,1967-04-22,Male,Widowed,Doctorate,052 Robert Club Suite 328,South Taylor,Oklahoma,13412.0,00125558330947870,wmoss@rose-holloway.com,Salaried,"Lewis, Wallace and Floyd Corp.",6.2,12619.0,125697246.0,Randy Anthony,Spouse,5642396628
USLW-APP-20240801-328,2024-08-01,Personal,44861.0,Debt Consolidation,48.0,167-23-3148,Sherry Hernandez,1967-04-18,Other,Separated,Some College,377 Schwartz River Apt. 265,Ochoashire,Rhode Island,93863.0,91786472761963,lauren48@hotmail.com,Salaried,Conway LLC Corp.,29.6,19362.0,67645767.0,Ashley Malone MD,Spouse,5531403013681
USLW-APP-20241109-337,2024-11-09,Personal,43515.0,Medical Expenses,32.0,163-06-3633,Kelsey Thomas,1973-11-02,Male,Married,Master's Degree,490 Melissa Well Apt. 577,West Allisonport,Oregon,89635.0,2043615431,mperez@hill.com,Salaried,"Smith, Rodriguez and Brown Corp.",18.1,25335.0,78873120.0,Haley Stevenson,Parent,886640334345176
USLW-APP-20240627-276,2024-06-27,Small Business,406703.0,Working Capital,74.0,584-17-0025,Bonnie Brooks,1968-03-22,Other,Single,Bachelor's Degree,066 Caleb Key,Hughesport,Oregon,77018.0,5193993023,cartermario@gmail.com,Salaried,King-Miller Corp.,5.7,13081.0,112848299.0,Robert Guerrero,Friend,0016225059652040
USLW-APP-20250130-942,2025-01-30,Personal,1675.0,Home Improvement,49.0,760-27-5181,Manuel Carey,1998-02-22,Female,Single,Doctorate,2654 Mark Throughway Suite 558,Lake Lawrence,Virginia,18936.0,29571999334321,brandongomez@fitzgerald.biz,Salaried,"Jenkins, Weiss and Larson Corp.",18.0,28236.0,67359736.0,Margaret Stein,Sibling,440208388783736
USLW-APP-20240727-155,2024-07-27,Small Business,217370.0,Working Capital,62.0,646-78-1514,Christopher Ruiz,1964-09-07,Other,Widowed,Some College,982 Perez Court Apt. 965,Dawnville,Arkansas,97063.0,2718931122,jessicawood@miller-miller.com,Salaried,Edwards Inc Corp.,25.1,28697.0,101636247.0,Elizabeth Hill,Friend,196168662624999
USLW-APP-20250104-450,2025-01-04,Personal,24789.0,Home Improvement,57.0,664-53-0826,Alexandra Villa,1957-12-18,Other,Separated,Bachelor's Degree,87969 Michelle Via,North Richardport,Nebraska,12412.0,5714559170,jennifernewman@gamble-ramos.biz,Salaried,"Pollard, Molina and Anderson Corp.",6.2,5591.0,62440514.0,David Arellano,Parent,96674529143806
USLW-APP-20240712-196,2024-07-12,Personal,46648.0,Other,41.0,047-70-3645,Lori Harris,1977-08-30,Female,Divorced,Master's Degree,0848 Taylor Highway,Washingtonville,Illinois,4550.0,09153569221545,evanskyle@hotmail.com,Salaried,Alvarado and Sons Corp.,15.2,7688.0,94955336.0,Michael White,Parent,00133043732736352
USLW-APP-20240923-997,2024-09-23,Personal,13536.0,Other,38.0,108-95-3823,Jason Morales,1952-07-21,Other,Separated,Bachelor's Degree,43410 Carroll Oval Suite 596,New Amandachester,Alaska,75428.0,2189203457,tyler89@farmer.biz,Salaried,"Payne, Conner and Booker Corp.",17.1,15916.0,55136657.0,Roy Brooks,Sibling,001976650145573208
USLW-APP-20250228-437,2025-02-28,Personal,12919.0,Medical Expenses,49.0,763-80-5476,Jesse Gomez,1993-02-28,Female,Married,Some College,03613 Horton Courts Suite 554,Joshuafort,North Carolina,87966.0,9749433335,brian65@martinez.com,Salaried,"Anderson, Chandler and Williams Corp.",8.6,7755.0,120460708.0,Michael Gomez,Parent,3173556070
USLW-APP-20250108-809,2025-01-08,Personal,1210.0,Medical Expenses,47.0,571-69-3394,David Baker,1949-08-05,Other,Married,Bachelor's Degree,65020 Ana Burg Apt. 268,Christopherview,Alaska,41070.0,5103873746414,griffinkimberly@washington-andrews.info,Salaried,White Group Corp.,11.7,21353.0,68254843.0,Nathan Kennedy,Sibling,8839090605
USLW-APP-20241212-495,2024-12-12,Small Business,183234.0,Expansion,33.0,718-32-1475,Vanessa Reynolds,1955-06-21,Female,Divorced,Some College,58665 Knox Wall,Morenoborough,Wisconsin,23853.0,3898506740,robert51@smith-lopez.com,Salaried,Mercado Ltd Corp.,29.7,26389.0,16462072.0,Matthew Guerrero,Parent,90708947768331
USLW-APP-20250128-926,2025-01-28,Small Business,218531.0,Equipment Purchase,28.0,380-34-1362,Kevin Robertson,1999-07-16,Female,Single,High School Diploma,417 Morse Vista Suite 124,Doylechester,New Mexico,64838.0,3303480146,wilsonjohn@boyer.com,Salaried,"Hill, Gutierrez and Flores Corp.",2.8,19388.0,35700715.0,Brooke Stewart,Parent,001099602143752803
USLW-APP-20240818-290,2024-08-18,Auto,20454.0,New Car Purchase,46.0,481-09-9136,Diana Hanson,1967-12-05,Male,Divorced,Some College,928 Roberts Viaduct Apt. 086,Tiffanyburgh,New Mexico,66511.0,2658486464,brian85@yahoo.com,Salaried,Hall Group Corp.,0.9,11152.0,71271994.0,Nathan Sheppard,Sibling,124809962710687
USLW-APP-20250318-326,2025-03-18,Personal,37441.0,Other,44.0,104-91-4435,Wanda Donovan,1996-06-04,Female,Single,Master's Degree,469 Anderson Mountain Apt. 655,East Selena,South Dakota,14560.0,16812332507,debra63@mendoza.com,Salaried,Koch-Drake Corp.,6.7,13883.0,88291996.0,Kevin Terry,Spouse,47047641969405
USLW-APP-20240714-515,2024-07-14,Personal,38915.0,Vacation,17.0,682-93-6372,Connie Harris,1977-06-30,Male,Widowed,Associate's Degree,139 Lambert Track,Lake Alexandra,Iowa,73351.0,2691944197,katie54@jackson.info,Self-Employed,Nguyen-Brown LLC,12.2,6604.0,89477719.0,Thomas Wallace,Parent,1308894849409302
USLW-APP-20241229-502,2024-12-29,Personal,14777.0,Debt Consolidation,36.0,034-24-3485,Jennifer Gonzalez,1995-01-21,Female,Separated,Bachelor's Degree,144 Michael Junctions,South Jamesfort,Michigan,57461.0,3864358245,meyererica@wolfe.org,Hourly,"Stewart, Reid and Thompson Corp.",6.7,23538.0,78592443.0,Anthony Potter,Parent,0740227103
USLW-APP-20240729-328,2024-07-29,Personal,45962.0,Other,20.0,280-51-3684,Mark Thompson,1980-12-06,Male,Separated,Master's Degree,440 Green Ridge,Eddietown,Illinois,23069.0,5196854916060,moralesteresa@yahoo.com,Salaried,Gray Ltd Corp.,21.6,12670.0,111316968.0,Katrina Sampson,Parent,0012757739062
USLW-APP-20250123-194,2025-01-23,Personal,34754.0,Home Improvement,50.0,088-49-4892,Jennifer Sandoval,1953-06-22,Other,Divorced,Doctorate,300 Wilson Circle,North Douglasville,Wisconsin,30613.0,6257895358,michael79@yahoo.com,Self-Employed,Wang-Rose LLC,13.4,8420.0,122415081.0,Jeffrey Stafford,Parent,13754676511
USLW-APP-20250101-887,2025-01-01,Personal,12520.0,Debt Consolidation,14.0,689-58-3031,James Lucas,1996-06-30,Male,Widowed,Some College,025 Anthony Falls,West James,Washington,42195.0,709495126951009,eric69@smith.com,Salaried,"Gray, Weiss and Nixon Corp.",24.3,3127.0,27622089.0,Heather Richards,Friend,5969518271405
USLW-APP-20240723-675,2024-07-23,Small Business,421704.0,Startup Costs,50.0,608-88-0049,Michael Robinson,1999-06-12,Female,Widowed,Some College,569 Daniel Station Apt. 911,New Nicholas,West Virginia,34142.0,0907661042,alejandra83@mendez-white.com,Salaried,Schwartz Group Corp.,5.5,26171.0,107910585.0,Michael Duran,Sibling,5811991174218
USLW-APP-20240816-608,2024-08-16,Auto,61570.0,Used Car Purchase,25.0,777-70-2610,PHILLIP GARCIA,1971-12-02,Female,Separated,Some College,5637 Brent Mission Apt. 926,North Emilymouth,Florida,48859.0,4447502849,tryan@casey.net,Salaried,"Owens, Brown and Castro Corp.",14.0,2662.0,76513084.0,Joseph Yang,Parent,9373011045
USLW-APP-20240923-721,2024-09-23,Personal,10974.0,Home Improvement,12.0,630-17-9649,Deborah Lyons,1977-01-03,Male,Single,Doctorate,7660 Kristin Mountains,New Jessicastad,Michigan,34638.0,6134512764411,piercechad@avery.com,Hourly,"Thomas, Fitzpatrick and Clark Corp.",25.3,11164.0,98279076.0,Ms. Kathryn Gray MD,Friend,0018090384907565
USLW-APP-20250131-379,2025-01-31,Mortgage,708192.0,Home Purchase,323.0,786-93-6686,Ashley Shields,1988-06-22,Male,Single,Bachelor's Degree,866 Perez Road,Katherineborough,South Carolina,54599.0,95186178980399,reynoldsanthony@yahoo.com,Self-Employed,Lowery PLC LLC,9.7,21268.0,73989255.0,Veronica Bonilla,Parent,0015246185176837
USLW-APP-20241006-393,2024-10-06,Small Business,119248.0,Startup Costs,70.0,185-13-1856,Nathaniel Hill,2001-06-23,Other,Separated,Master's Degree,205 Teresa Crossroad,Baldwinmouth,South Dakota,44551.0,6734213102,brandon67@brooks-hawkins.com,Hourly,Butler-Mcdowell Corp.,22.7,7975.0,127702757.0,Jeffrey Morris,Parent,13018908452381
USLW-APP-20250125-702,2025-01-25,Personal,7411.0,Debt Consolidation,40.0,841-25-5903,Joshua Ramirez,1991-04-02,Female,Separated,High School Diploma,1309 Brown Junction,North David,Iowa,44650.0,4085841444,kristopher22@hotmail.com,Salaried,Davis-Alexander Corp.,2.0,14516.0,102613256.0,Joan Hinton,Spouse,5558121137
USLW-APP-20240830-574,2024-08-30,Personal,23992.0,Debt Consolidation,59.0,649-25-0562,Frank Ross,1984-09-12,Male,Separated,Some College,342 David Gardens,Jacksonview,Montana,73797.0,690243453167529,brian54@hotmail.com,Salaried,Herman Group Corp.,16.0,13957.0,59531740.0,Thomas Patel,Friend,19536575476
USLW-APP-20240914-758,2024-09-14,Small Business,86650.0,Equipment Purchase,80.0,069-27-2504,Jonathan Avila,1950-05-03,Female,Married,Associate's Degree,092 Renee Brook Apt. 650,Stephenview,Wisconsin,92772.0,94749884935856,sandra00@howell.com,Salaried,Hernandez Group Corp.,28.4,29006.0,39228808.0,Jason Jones,Friend,10090750198
USLW-APP-20240527-154,2024-05-27,Personal,6487.0,Education,19.0,521-85-7205,Katie Robertson,1959-04-30,Male,Single,High School Diploma,427 Joshua Cliff Apt. 808,Jesseport,Ohio,94697.0,1885811153,summersjohn@smith.info,Salaried,Stone LLC Corp.,26.8,5380.0,25950119.0,Eric Santana,Sibling,7238096219
USLW-APP-20241230-919,2024-12-30,Small Business,461877.0,Equipment Purchase,26.0,752-58-3672,Danielle May,1986-03-21,Other,Married,High School Diploma,5581 Samuel Manor Apt. 611,North Deborahchester,Wisconsin,88772.0,31555191345513,cchandler@santos-moody.com,Salaried,Anderson Ltd Corp.,22.7,28272.0,95969994.0,Tammy Mathis,Parent,18440843852302
USLW-APP-20240711-826,2024-07-11,Small Business,426808.0,Inventory,57.0,117-39-5445,James Dunn,1968-11-22,Other,Single,Associate's Degree,6016 Gonzalez Centers,East Lindsay,Iowa,75768.0,3995629657,ricky39@yahoo.com,Hourly,"Willis, Kelly and Norris Corp.",9.7,27092.0,60554716.0,Steven Lynn,Sibling,14199401146554
USLW-APP-20240823-239,2024-08-23,Personal,47827.0,Vacation,56.0,417-92-3644,Joe Bradshaw,1984-08-04,Other,Divorced,High School Diploma,9766 Clayton Track,Port Heatherport,Colorado,82490.0,1622742593791,andersontim@odonnell.org,Hourly,Fitzgerald and Sons Corp.,26.2,15240.0,60968137.0,Martha Martinez,Spouse,0657062374
USLW-APP-20250224-563,2025-02-24,Personal,3738.0,Medical Expenses,39.0,805-32-3320,Laurie Lowe,1952-12-21,Other,Single,Some College,8578 Hall Underpass Suite 672,Whitakerberg,Nevada,55035.0,63879002897591,xscott@adams.com,Self-Employed,Jones-Williams LLC,9.1,15725.0,17195979.0,Dawn Clark,Spouse,0012735884958008
USLW-APP-20241024-399,2024-10-24,Small Business,45833.0,Inventory,68.0,664-27-7500,Garrett Thomas,1998-04-01,Female,Divorced,Master's Degree,297 George Court,East Kendra,Arkansas,86851.0,9809582475,katrinarobbins@whitehead.com,Salaried,"Bennett, Pineda and Barnes Corp.",24.2,3641.0,90336001.0,Timothy Miller,Friend,00180243094546077
USLW-APP-20241029-952,2024-10-29,Personal,31876.0,Other,23.0,361-76-3892,Sally Lloyd,1975-01-05,Female,Single,Some College,20566 Carpenter Lodge Suite 112,New Billy,Nevada,26540.0,2671070436,hsparks@gmail.com,Salaried,Carson and Sons Corp.,15.9,12611.0,29080179.0,Chad Molina,Friend,24996266019661
USLW-APP-20250207-741,2025-02-07,Personal,17694.0,Education,28.0,712-25-4153,James Cook,2004-11-27,Other,Widowed,Associate's Degree,6406 Benjamin Mountains Apt. 987,Port David,Nebraska,9705.0,15212165855761,gomezmatthew@gmail.com,Self-Employed,Snyder LLC LLC,5.2,18791.0,116464695.0,Wendy Haynes,Friend,1835382489906079
USLW-APP-20240801-859,2024-08-01,Personal,49163.0,Home Improvement,54.0,006-18-1778,Richard Bean,1954-11-26,Male,Divorced,Bachelor's Degree,754 Franklin Stream Suite 934,South Carolyn,Colorado,39515.0,8468925085,leonardcharles@dominguez.com,Salaried,"Kent, Watkins and Cooper Corp.",29.5,5317.0,61559671.0,Jean Wright,Parent,17779264008
USLW-APP-20241202-217,2024-12-02,Personal,6682.0,Education,42.0,654-46-8694,Tonya Jordan,1960-07-18,Male,Married,Bachelor's Degree,7390 John Isle,Traceyborough,North Carolina,35315.0,5153671621,rachelmitchell@hotmail.com,Salaried,Garcia-Hayes Corp.,12.3,3921.0,91948744.0,David Miller,Parent,1223846719
USLW-APP-20250126-751,2025-01-26,Auto,35703.0,New Car Purchase,50.0,770-59-2345,Jennifer Simpson,1985-11-18,Male,Single,High School Diploma,9666 Meyer Plain Suite 484,Jimmyfurt,West Virginia,63709.0,90410087819550,stephen50@guerrero.com,Salaried,Lewis Group Corp.,14.1,27639.0,25651599.0,Sean Glover,Friend,7816332789
USLW-APP-20250201-868,2025-02-01,Mortgage,176903.0,Refinance,341.0,437-22-7942,Christy Vargas,1960-12-26,Male,Married,Bachelor's Degree,95380 Thomas Neck,Gregorybury,Iowa,48300.0,9686391868489,hcoleman@camacho.com,Salaried,"Rogers, Moyer and Smith Corp.",13.4,24954.0,61333525.0,Joshua Perez,Friend,00198067130928017
USLW-APP-20241018-674,2024-10-18,Personal,38471.0,Home Improvement,42.0,827-87-1538,Molly Chung,2006-03-29,Male,Single,Master's Degree,2469 James Points,Grahamtown,Oregon,5325.0,0731844406035,carolynwalker@gmail.com,Salaried,Herrera-Jimenez Corp.,29.3,16695.0,45913851.0,Adam Watts,Spouse,340548357603088
USLW-APP-20240717-852,2024-07-17,Personal,32222.0,Education,33.0,896-50-1752,Megan Caldwell,1965-06-24,Male,Widowed,Bachelor's Degree,0709 Porter Trail,West Dustin,Colorado,70833.0,8675751594248,smithbenjamin@hotmail.com,Self-Employed,Martin-Gray LLC,4.8,5520.0,33118147.0,Ann Fox,Sibling,171008111081022
USLW-APP-20250215-403,2025-02-15,Small Business,448094.0,Equipment Purchase,70.0,119-34-7862,David Walter,1977-02-24,Other,Divorced,High School Diploma,03144 Hardy View Apt. 863,East Ryanstad,New Mexico,41120.0,4180336754,aguirredeanna@obrien.biz,Salaried,"Burns, Bauer and Rivera Corp.",23.0,7805.0,106791954.0,Jessica Blankenship,Spouse,15541106318
USLW-APP-20250203-488,2025-02-03,Personal,15438.0,Home Improvement,37.0,389-88-5872,Jennifer Wright,2003-06-16,Other,Widowed,Bachelor's Degree,8755 George Mission Apt. 747,Moonport,Kansas,80296.0,5919926168,mjones@gmail.com,Salaried,Taylor-Franco Corp.,8.2,12308.0,75648248.0,Charles Esparza,Spouse,6066698789
USLW-APP-20240716-138,2024-07-16,Personal,33045.0,Home Improvement,28.0,584-32-3526,Jessica Johnson,1976-09-06,Female,Separated,High School Diploma,64440 Sanchez Park,Kellymouth,Wisconsin,43032.0,00172633607134907,samanthapeterson@hotmail.com,Salaried,"Baker, Porter and Nelson Corp.",15.6,6695.0,91152721.0,Tara Roberts,Spouse,843427027443727
USLW-APP-20241221-879,2024-12-21,Mortgage,770723.0,Refinance,279.0,768-33-7113,Jason Roberts,1995-08-28,Male,Separated,Doctorate,9542 Natalie Mountain,Harrisborough,Texas,30684.0,3494688866,chelsealewis@brown.com,Salaried,Wood LLC Corp.,20.7,16911.0,79775434.0,Sherry Nelson,Spouse,10877182029
USLW-APP-20240511-646,2024-05-11,Auto,60831.0,Refinance,47.0,402-33-0321,Angelica Morales,1973-12-06,Male,Divorced,Associate's Degree,78055 Anderson Cove Suite 788,Scottbury,Wisconsin,85909.0,665045540555196,kellyjames@gmail.com,Hourly,Bailey-Stokes Corp.,13.0,6980.0,19065887.0,Jamie Reeves,Sibling,9355027913
USLW-APP-20250301-297,2025-03-01,Personal,46422.0,Other,50.0,778-23-7413,Noah Zimmerman,1967-12-24,Female,Separated,Doctorate,599 Stacey Stravenue,Louisland,Alaska,67899.0,001299583591395261,brittanytaylor@campbell-wood.com,Salaried,"Huber, Evans and Reyes Corp.",6.3,12830.0,44211088.0,Jasmine Wood,Friend,93522350293089
USLW-APP-20240523-111,2024-05-23,Personal,30276.0,Other,52.0,647-16-9206,Zachary Smith,1976-12-18,Female,Widowed,Some College,2712 Fuller Wells Suite 300,Port Rachaelchester,Nevada,22205.0,2427915684522,ufisher@hotmail.com,Salaried,"Singh, Gillespie and Hall Corp.",1.3,22750.0,18867455.0,Rebecca Cline,Spouse,39224566404349
USLW-APP-20240617-299,2024-06-17,Mortgage,481401.0,Home Purchase,312.0,886-54-1175,Lucas Hernandez,1981-04-27,Female,Widowed,High School Diploma,59510 Lane Forest,Shannonside,Nevada,98168.0,0611448569267,cbrown@yahoo.com,Salaried,"Oliver, Coleman and Thomas Corp.",11.8,15932.0,112717618.0,Michelle Sandoval,Parent,00185170906770155
USLW-APP-20250213-364,2025-02-13,Small Business,184536.0,Working Capital,78.0,441-52-4249,Deborah Frost,1987-12-07,Male,Separated,High School Diploma,307 Hood Ferry,Knappland,Oklahoma,23076.0,673166186231569,melendezmichele@yahoo.com,Salaried,"Reed, Mathis and Phillips Corp.",25.3,8038.0,70152014.0,James Terrell,Parent,4687798132
USLW-APP-20240405-104,2024-04-05,Personal,26952.0,Debt Consolidation,22.0,672-94-7035,Karl Roberson,1982-06-11,Other,Divorced,High School Diploma,920 Baker Valleys,West Ericchester,California,47092.0,8566772595,littleseth@gmail.com,Salaried,Erickson-Smith Corp.,29.5,2832.0,37338444.0,Thomas Mcgee,Spouse,001477363207755974
USLW-APP-20240927-692,2024-09-27,Small Business,189707.0,Expansion,55.0,470-62-6641,Denise Chan,1949-06-24,Other,Single,Master's Degree,9484 Paul Islands Suite 480,West Williammouth,Oklahoma,78354.0,29758102296044,samantha79@hotmail.com,Hourly,"Smith, Hamilton and Dennis Corp.",9.1,20369.0,39009137.0,Jennifer Adams,Parent,1128341169450607
USLW-APP-20240519-849,2024-05-19,Small Business,446256.0,Expansion,65.0,609-44-4534,Michelle Arias,1959-05-03,Male,Single,Associate's Degree,89677 Reese Canyon Apt. 108,Edwardport,Illinois,8137.0,196784248992583,oriley@gmail.com,Hourly,"Jones, Strong and Thompson Corp.",13.2,15361.0,21781159.0,Amber Rush,Parent,15010653626
USLW-APP-20240908-758,2024-09-08,Personal,48123.0,Education,32.0,433-22-1793,Courtney Blair,1963-02-01,Other,Single,Bachelor's Degree,754 Flores Vista,Kennethmouth,Michigan,42586.0,16178479604,victormartinez@gardner.com,Salaried,"Pittman, Simpson and Chen Corp.",7.1,2182.0,106259030.0,Daniel Sanchez,Parent,9388600034
USLW-APP-20240618-377,2024-06-18,Personal,28296.0,Education,18.0,661-57-1415,Carrie Smith,2001-11-27,Female,Divorced,High School Diploma,35627 Schultz Shore,West Davidview,Michigan,59597.0,816606188429864,qjenkins@webb-carr.com,Self-Employed,Dunn-Castro LLC,19.8,12859.0,78863318.0,Travis Mitchell,Friend,0010346406615442
USLW-APP-20240925-416,2024-09-25,Personal,9504.0,Education,32.0,057-38-4074,Madison Stevenson,1970-05-18,Male,Separated,Some College,8106 Francis Harbor,Lake Travis,Texas,89968.0,500127120780682,xsoto@perez.com,Salaried,Lopez-Jackson Corp.,13.6,7642.0,70173491.0,John Newman,Spouse,2165291197269
USLW-APP-20241113-125,2024-11-13,Small Business,318801.0,Startup Costs,44.0,412-77-5942,Krystal Lara,1957-10-30,Other,Divorced,Bachelor's Degree,6786 Stone Coves Apt. 635,Danielleshire,Florida,17957.0,9134338410,rebeccaharrison@hotmail.com,Salaried,"Sanders, White and Garcia Corp.",9.7,9153.0,78573925.0,William Benson,Sibling,300767094671123
USLW-APP-20240515-405,2024-05-15,Personal,44536.0,Education,38.0,277-11-0612,Rachel Blackburn,1990-05-16,Other,Divorced,High School Diploma,2177 Sally Island Apt. 178,Ayersborough,South Dakota,15976.0,0016066327,sara34@gmail.com,Self-Employed,Harris and Sons LLC,16.0,24505.0,114087744.0,Jeffrey Anderson,Spouse,001793047840052406
USLW-APP-20240531-162,2024-05-31,Small Business,345383.0,Inventory,77.0,778-41-3529,Kenneth Herrera,1951-10-26,Male,Single,High School Diploma,2937 Christopher Pike Suite 990,Joshuamouth,Alaska,29753.0,6031071498,joshua67@riggs-butler.org,Self-Employed,Mendez-Humphrey LLC,16.8,11870.0,23671704.0,Ryan Lewis,Parent,0380540062
USLW-APP-20250212-810,2025-02-12,Personal,47675.0,Debt Consolidation,51.0,845-55-7137,Brian Woodward,1981-05-09,Other,Divorced,Some College,0426 Carolyn Square Apt. 940,Lake Kathyshire,Michigan,85810.0,00189078826499781,amandablanchard@smith.com,Salaried,Gonzalez Ltd Corp.,8.3,15782.0,28495118.0,Sheri Montgomery,Sibling,54232710566189
USLW-APP-20240601-450,2024-06-01,Small Business,151605.0,Inventory,63.0,445-46-7043,Rachel Moore,2005-03-18,Other,Separated,Master's Degree,111 Wilson Plaza,Port Rebecca,Arkansas,74089.0,5860329257,adamsashley@williamson.biz,Self-Employed,Wong-Hurst LLC,3.9,8293.0,111374515.0,Henry Schmitt,Spouse,7564072405779
USLW-APP-20250303-714,2025-03-03,Small Business,439815.0,Startup Costs,68.0,863-14-5075,Todd Williams DDS,1983-10-11,Other,Single,High School Diploma,478 Andrea Fork Apt. 335,Gregoryfurt,Washington,63465.0,94080286122309,jamesdixon@yahoo.com,Self-Employed,Mccann-Smith LLC,9.7,10340.0,19915380.0,Jocelyn Welch,Spouse,41168779566863
USLW-APP-20240629-903,2024-06-29,Personal,13663.0,Home Improvement,34.0,342-99-8044,Bobby Edwards,1994-11-24,Other,Divorced,Doctorate,86629 Laura Crossing Apt. 763,Port James,Florida,78494.0,82407149574043,erinlowe@prince.com,Salaried,"Ortiz, Miller and Hunt Corp.",1.1,3843.0,99185062.0,Sean Briggs,Sibling,09458467244257
USLW-APP-20240701-997,2024-07-01,Mortgage,305428.0,Refinance,326.0,306-44-9625,Logan Collier,1971-08-08,Female,Married,Bachelor's Degree,3179 Brown Tunnel,Lake Daniel,Rhode Island,54577.0,6892550059,smassey@martinez.com,Salaried,"Bush, Hughes and Allen Corp.",13.9,6757.0,84063241.0,Alyssa Smith,Spouse,001367856628954077
USLW-APP-20241125-341,2024-11-25,Auto,58130.0,Used Car Purchase,57.0,281-04-5922,David Cole,1966-04-07,Other,Divorced,Some College,146 Brittney Rapid Apt. 084,Brendashire,Texas,21827.0,5957093741,richard81@williams.com,Salaried,"Sweeney, Alvarez and Santos Corp.",16.3,3415.0,122428476.0,Tamara Mcdowell,Parent,1788616594
USLW-APP-20240701-361,2024-07-01,Personal,39017.0,Education,34.0,784-34-7322,Tara Moore,1971-10-22,Other,Separated,Doctorate,28871 Warren Harbor,Port Martha,Louisiana,25652.0,1354015029267366,josephcaleb@hotmail.com,Salaried,Navarro-Griffin Corp.,18.0,2275.0,110934972.0,Mark Cook,Friend,00167178379257696
USLW-APP-20240513-594,2024-05-13,Personal,5589.0,Debt Consolidation,46.0,581-76-5226,Bobby Lewis,2000-02-04,Male,Widowed,Some College,8032 Chelsea Tunnel,Cookburgh,Alabama,71309.0,0224689311,cynthia87@hotmail.com,Salaried,Brown Group Corp.,23.3,21639.0,125875929.0,Michael Jones,Friend,0529078079
USLW-APP-20240603-426,2024-06-03,Small Business,351370.0,Expansion,35.0,533-73-5884,Lisa Shaffer,1955-07-25,Male,Widowed,Master's Degree,4196 Peterson Light Apt. 525,Matthewstad,Illinois,15650.0,0537700395,andreacox@zimmerman-tapia.biz,Salaried,Mack-Ayers Corp.,6.9,24990.0,71723280.0,Sarah Barker,Friend,06192508522235
USLW-APP-20241227-292,2024-12-27,Small Business,214526.0,Startup Costs,46.0,551-47-5533,Adrian Lopez,1991-07-28,Male,Married,High School Diploma,197 Thomas Shores Suite 107,North Nicholas,Oklahoma,94102.0,4907896265,rherring@yahoo.com,Salaried,Henderson Ltd Corp.,20.5,9589.0,84015956.0,Deborah Dixon,Friend,849539346875308
USLW-APP-20240406-152,2024-04-06,Personal,41021.0,Debt Consolidation,35.0,332-42-3582,Kimberly Montoya,1966-04-21,Male,Divorced,Associate's Degree,214 Adrienne Common,South Gina,South Dakota,77825.0,0379739020165,patrickgomez@gmail.com,Self-Employed,Williamson Inc LLC,16.8,10460.0,35798073.0,Brandon Adams,Sibling,1152954216427978
USLW-APP-20250107-527,2025-01-07,Personal,45174.0,Vacation,49.0,721-41-7230,Robert Little,1984-06-20,Female,Single,High School Diploma,547 Carlson Inlet Apt. 107,Lake Cindy,Colorado,58738.0,142063167919375,flawson@hotmail.com,Self-Employed,Dudley and Sons LLC,11.5,14491.0,91355065.0,Ann Mendoza,Parent,14715902774
USLW-APP-20250117-124,2025-01-17,Personal,22196.0,Education,48.0,513-81-6895,Mrs. Jennifer Cunningham DVM,1978-02-18,Male,Single,Some College,0896 Burton Oval Suite 295,Diazland,Ohio,71346.0,6917091524,davidwilliams@graham.info,Self-Employed,Jackson LLC LLC,3.4,5184.0,51136143.0,Alexis Daniels,Friend,8465433711
USLW-APP-20241128-434,2024-11-28,Auto,40135.0,Refinance,69.0,379-80-3117,Donna Ryan,1949-04-12,Male,Separated,Associate's Degree,21029 Darin Locks Apt. 323,Port Kelly,Louisiana,19707.0,962550623418493,lwhite@gmail.com,Self-Employed,"Wiley, Perry and Doyle LLC",9.7,17339.0,35693288.0,Lori Mcfarland,Parent,0015427272503028
USLW-APP-20240503-427,2024-05-03,Mortgage,735176.0,Home Purchase,265.0,221-89-3360,Brad Pitts,1994-04-19,Male,Separated,Bachelor's Degree,067 Hernandez Plaza Apt. 134,Porterview,Virginia,80968.0,23490309967106,kenneth49@hawkins.org,Salaried,"Rose, Abbott and York Corp.",13.4,14170.0,90182284.0,Ryan Johnson,Spouse,610252608392917
USLW-APP-20240718-487,2024-07-18,Auto,34275.0,Used Car Purchase,50.0,857-02-6407,Kyle Rodriguez,1978-04-02,Male,Single,Bachelor's Degree,785 Wilson Squares Apt. 143,Meganside,Alaska,33771.0,2012586829,wnelson@grant.com,Self-Employed,Hodges Ltd LLC,1.7,23267.0,74164529.0,Daniel Murray,Spouse,962445392662858
USLW-APP-20240710-228,2024-07-10,Personal,25578.0,Education,21.0,302-60-9022,Karen Washington,1965-03-25,Male,Married,Associate's Degree,5693 Mack Lodge,Dakotaland,Illinois,52411.0,8233980250838,clarkruben@walker.com,Self-Employed,Sims-Bass LLC,15.6,17336.0,17995001.0,Calvin White MD,Sibling,654210255516863
USLW-APP-20240519-602,2024-05-19,Personal,38735.0,Education,49.0,321-07-2138,Rhonda Johnson,1953-08-29,Other,Separated,Bachelor's Degree,534 Hannah Vista Suite 664,Annport,Kansas,63550.0,9916317505,arnoldcathy@gmail.com,Hourly,"Brock, Smith and Villa Corp.",20.7,20432.0,13827063.0,Benjamin Davis,Parent,432011580376829
USLW-APP-20250301-181,2025-03-01,Auto,25389.0,New Car Purchase,72.0,502-69-3081,Corey Oliver,1982-08-14,Male,Single,Doctorate,3758 Tiffany Gardens,Kaylamouth,Ohio,3648.0,001836140107775034,alexandersmith@hotmail.com,Hourly,Bowers-Pena Corp.,19.0,24474.0,73673312.0,Kimberly Choi,Friend,0019543871814215
USLW-APP-20250123-150,2025-01-23,Personal,17041.0,Debt Consolidation,57.0,682-73-4824,ERIC MILLER,1971-09-30,Male,Divorced,Bachelor's Degree,322 Lee Field Apt. 065,Mercedesmouth,Alaska,90058.0,9273638311,rebecca65@perkins.com,Self-Employed,Sullivan-Ramirez LLC,2.6,10754.0,63885644.0,Laura Proctor,Spouse,15069710535742
USLW-APP-20240627-202,2024-06-27,Small Business,11387.0,Working Capital,45.0,288-07-2483,Carlos Smith,2002-08-07,Male,Divorced,Master's Degree,81325 Lindsey Extension Apt. 457,Lake Michaelmouth,Iowa,32396.0,1126616009,wellsbrian@hines-thomas.com,Salaried,"Alvarado, Harrington and Ward Corp.",25.3,29500.0,95261223.0,Linda Williams,Friend,32314208190885
USLW-APP-20241124-372,2024-11-24,Personal,32263.0,Other,52.0,578-97-7446,Jordan Welch,1990-02-23,Male,Single,Doctorate,45732 Gary Glen,Torresborough,Nevada,48642.0,154656064082437,marycharles@yahoo.com,Salaried,Ramos-Knight Corp.,26.7,22422.0,100049356.0,Ashley Ray,Parent,0016012772211831
USLW-APP-20250122-918,2025-01-22,Personal,20417.0,Education,17.0,367-77-7951,NATHANIEL TORRES,1973-12-25,Female,Separated,Master's Degree,39084 Thomas Turnpike,Hunterburgh,Nebraska,82653.0,93279119863631,bhickman@hotmail.com,Self-Employed,Hanson-Daugherty LLC,9.5,4344.0,24457383.0,Krystal Lin,Parent,0013824562552385
USLW-APP-20241128-934,2024-11-28,Personal,38463.0,Education,44.0,759-66-5401,Amanda Solis,1983-05-23,Male,Separated,Bachelor's Degree,5100 Andrew Estate Apt. 144,Benjaminhaven,Nebraska,83626.0,66503813591263,jmarshall@jones.net,Hourly,Zimmerman-Mathews Corp.,14.2,24557.0,40447157.0,Stephanie Washington,Spouse,102998979268901
USLW-APP-20240817-303,2024-08-17,Small Business,336329.0,Equipment Purchase,77.0,377-38-3904,Austin Wilson,1955-04-20,Other,Separated,Associate's Degree,75757 Smith Street Suite 245,South Sara,California,74965.0,00129246357761458,david29@wong-bailey.com,Salaried,"Jones, Williams and Dudley Corp.",29.0,18866.0,38346095.0,Daniel Hardin,Parent,274092789495709
USLW-APP-20250204-947,2025-02-04,Mortgage,765392.0,Refinance,253.0,389-87-8328,Jeffrey Ortega,1980-08-13,Female,Single,High School Diploma,6897 Carol Parkways Suite 585,New Amy,California,26569.0,001790436754192853,umiller@saunders.net,Salaried,"Hansen, Bryan and Mclaughlin Corp.",8.2,28141.0,34217380.0,Brandon Strong,Sibling,6522830882
USLW-APP-20240812-431,2024-08-12,Personal,40204.0,Debt Consolidation,36.0,159-71-4576,Erika Bradley,1999-12-31,Female,Divorced,Doctorate,885 Wilson Crescent Suite 485,Stevenhaven,Nevada,19346.0,8293815163,dalehopkins@yahoo.com,Self-Employed,"Harris, Garza and Wolf LLC",13.1,4948.0,35243492.0,Jason White,Parent,43302081164037
USLW-APP-20240429-742,2024-04-29,Personal,8953.0,Home Improvement,41.0,725-23-4716,Lucas Noble,2000-06-13,Male,Single,Some College,68543 Murillo Summit,Port Richardborough,Oregon,83359.0,09593623362214,zbrown@white-flores.com,Salaried,Pham-Smith Corp.,12.9,3056.0,118255488.0,Tara Bell,Sibling,4971513118
USLW-APP-20241229-712,2024-12-29,Small Business,376491.0,Expansion,82.0,379-43-2226,Michael Harris,1951-03-15,Female,Single,Doctorate,896 Williams Islands Suite 263,Lisastad,Nebraska,12064.0,3011864826756,mendeztyler@hotmail.com,Hourly,"Ferrell, Smith and Sanford Corp.",8.9,21216.0,65947014.0,Emily Hampton,Spouse,51956578087599
USLW-APP-20240531-507,2024-05-31,Personal,33728.0,Home Improvement,20.0,853-97-0996,Renee Hoover,2006-02-04,Male,Separated,Associate's Degree,0090 Elizabeth Stravenue Suite 251,Lake Gina,Oregon,89148.0,658309142635259,yjohnson@lewis.com,Self-Employed,"Lewis, Preston and Mcgee LLC",6.6,3336.0,19588801.0,Michael Johnson,Friend,001333511623735058
USLW-APP-20240407-297,2024-04-07,Small Business,332274.0,Equipment Purchase,49.0,172-67-5609,Sandra Wolf,1976-05-25,Male,Single,Associate's Degree,7389 Stewart Loop Apt. 642,Turnermouth,Nebraska,4856.0,2436247146,asmith@hotmail.com,Self-Employed,Allison Inc LLC,5.0,8158.0,101791991.0,Stephanie Graham,Parent,109988815005643
USLW-APP-20240612-227,2024-06-12,Personal,47248.0,Medical Expenses,56.0,276-46-2620,Gene Murphy,2000-12-02,Female,Single,Associate's Degree,52887 Wilson Fort,North Tiffanystad,Wisconsin,23324.0,6001660845,dchristian@gmail.com,Salaried,Stanley-Camacho Corp.,23.1,28370.0,73030078.0,Shelia Gutierrez,Friend,121259682518187
USLW-APP-20241128-282,2024-11-28,Personal,1678.0,Education,34.0,850-78-7489,Melvin Green,1964-03-11,Other,Divorced,High School Diploma,98993 Alexander Rapid Suite 827,Smithview,Mississippi,7658.0,165531675575211,wagnerdaniel@hotmail.com,Salaried,Palmer Ltd Corp.,25.8,7747.0,47832642.0,Donald Garcia,Parent,9884864292
USLW-APP-20250109-207,2025-01-09,Small Business,83797.0,Startup Costs,76.0,314-82-5301,Eric Gonzalez,1986-06-22,Female,Married,Some College,2965 Roy Ville,Port Melissafort,West Virginia,11850.0,0010778258794388,garyjordan@collins.biz,Salaried,Diaz-Hudson Corp.,10.1,19054.0,48060400.0,Frank Harmon,Sibling,1588857745128206
USLW-APP-20241213-586,2024-12-13,Mortgage,196390.0,Refinance,302.0,020-41-7099,John Hall,2000-07-11,Female,Separated,Master's Degree,58188 Hernandez Cape,Erikfort,New Mexico,9789.0,2812124211,elizabeth25@goodman-cohen.net,Salaried,Oneill-Brown Corp.,16.1,6365.0,125416304.0,Elizabeth Morgan,Spouse,662833937851528
USLW-APP-20240520-859,2024-05-20,Personal,22305.0,Other,23.0,216-50-8823,Raymond Kelly,1997-02-17,Female,Divorced,Associate's Degree,9085 Courtney Street,Jessicachester,Iowa,90754.0,0013086180536140,jimenezdenise@gmail.com,Self-Employed,King Ltd LLC,15.9,14421.0,26397399.0,Thomas Alvarez,Friend,621707904810995
USLW-APP-20240814-766,2024-08-14,Personal,27503.0,Home Improvement,45.0,177-25-4355,David Clark,1990-01-17,Other,Married,Master's Degree,910 Thomas Streets,Aliciafort,Colorado,13589.0,0018507742991,harrisjonathan@george.com,Self-Employed,Johnson-Hurley LLC,15.2,17503.0,106999743.0,James Nelson,Sibling,7851276127
USLW-APP-20240907-458,2024-09-07,Personal,3299.0,Home Improvement,54.0,438-07-7405,Cynthia Booth,1982-07-29,Other,Married,Some College,667 Morgan Rapids,Port Tina,Vermont,81887.0,6155548618,williamsrobert@yahoo.com,Salaried,"Galloway, Morris and Moore Corp.",7.0,13565.0,92054064.0,Cindy Byrd,Friend,1826445850673656
USLW-APP-20250305-640,2025-03-05,Small Business,229681.0,Startup Costs,81.0,280-16-3761,Christine Davis,2005-05-25,Other,Divorced,High School Diploma,99649 Harvey Vista Suite 989,North Katelyn,Illinois,33248.0,001972605266080420,timothywaters@gmail.com,Salaried,Aguilar-Williams Corp.,25.0,17838.0,40954569.0,Julie Melton,Sibling,0412361514
USLW-APP-20240412-131,2024-04-12,Personal,19084.0,Vacation,39.0,248-27-7775,Kim Jones,1987-09-03,Female,Widowed,Master's Degree,2564 Hernandez Drive Apt. 167,Rodriguezport,Nebraska,93903.0,14859724179255,fmedina@gomez.com,Salaried,"Berry, Wang and Moore Corp.",8.2,16545.0,98693429.0,James Nguyen,Parent,84134008906796
USLW-APP-20240408-380,2024-04-08,Mortgage,645187.0,Refinance,250.0,656-43-0039,Ronald Cabrera,1959-08-14,Female,Separated,High School Diploma,10772 Jennifer Parkway,New Christopherfurt,Alaska,87813.0,15243876930,ybowman@hotmail.com,Salaried,Martin Inc Corp.,11.7,17285.0,124077472.0,Brian Brown,Friend,0010241402133923
USLW-APP-20250115-543,2025-01-15,Personal,6916.0,Vacation,41.0,501-06-8258,ANTHONY HARRISON,1979-11-06,Male,Married,Master's Degree,186 Mitchell Valleys Suite 321,South Francisco,South Dakota,36188.0,9761941894556,fhenderson@gmail.com,Self-Employed,Berg-Williams LLC,6.5,17836.0,12457955.0,Amy Vaughn,Friend,9653291419
USLW-APP-20241103-437,2024-11-03,Personal,24053.0,Other,60.0,601-71-9670,Jacob Miller,1977-05-02,Male,Separated,High School Diploma,479 Miller River Apt. 908,Mitchellfurt,Alaska,2267.0,9645343151,gmcdaniel@walter.com,Salaried,"Carrillo, King and Wilson Corp.",4.1,3368.0,16710902.0,Raymond Myers,Spouse,9087189894214
USLW-APP-20240526-241,2024-05-26,Personal,26387.0,Debt Consolidation,21.0,563-17-2502,Chad Flynn,1951-01-28,Other,Widowed,Bachelor's Degree,496 Tina Vista,Lake Nicole,Hawaii,83987.0,4232237669,larry01@martin.com,Salaried,"Spencer, Anthony and Welch Corp.",14.0,12268.0,90822874.0,Ralph Hernandez,Sibling,8812058177
USLW-APP-20241114-476,2024-11-14,Auto,42330.0,New Car Purchase,70.0,505-42-1715,Bryan Kane,1962-04-08,Female,Married,Doctorate,844 Samantha Rapids Suite 758,Willisbury,Arkansas,67373.0,123935771943191,fernando68@gonzales-randall.info,Salaried,"Lozano, Craig and Williams Corp.",15.8,8974.0,13845029.0,Carl Young,Spouse,54749178767558
USLW-APP-20240920-816,2024-09-20,Personal,42902.0,Debt Consolidation,32.0,701-80-6695,Erica Perez,1963-01-04,Female,Separated,High School Diploma,63281 Morgan Cape Apt. 065,Sanchezstad,South Carolina,91675.0,5713442645528,arnoldjulie@yahoo.com,Salaried,Kelley PLC Corp.,5.9,6277.0,117330618.0,Levi Tran,Spouse,5890187885
USLW-APP-20250106-655,2025-01-06,Personal,45588.0,Home Improvement,31.0,238-07-3105,Manuel Long MD,1972-07-17,Other,Single,Bachelor's Degree,93859 Horton Manor Suite 696,Deborahport,Wisconsin,85422.0,1839488614681393,kevinwarren@jones-cox.com,Self-Employed,Gamble Group LLC,11.1,19522.0,77150336.0,Michele Reyes,Spouse,15344932381216
USLW-APP-20250123-355,2025-01-23,Auto,33065.0,Used Car Purchase,42.0,291-19-3741,Misty Price,1956-04-15,Other,Widowed,Bachelor's Degree,32171 Davis Canyon,Michealbury,Kansas,62006.0,5027474086,mcarter@green.com,Salaried,"Ward, Hardin and Rodgers Corp.",25.5,13546.0,55164865.0,Grace Frey,Friend,9923713465
USLW-APP-20250220-393,2025-02-20,Personal,29737.0,Debt Consolidation,24.0,419-65-0771,Michelle Cohen,1965-04-25,Male,Separated,High School Diploma,4913 Heather Dam Suite 519,Port Garrettberg,Michigan,23694.0,0884358609,tina32@gmail.com,Self-Employed,"Stephenson, Turner and Simpson LLC",17.6,14278.0,43086405.0,Danielle Williams,Spouse,022198019138764
USLW-APP-20240404-113,2024-04-04,Auto,27361.0,Refinance,64.0,616-20-3673,Reginald Wright,1999-08-03,Other,Married,High School Diploma,52364 David Flat Suite 343,East Troy,West Virginia,78624.0,7955412177,michael66@russell.com,Salaried,Wilson-Rogers Corp.,11.5,2194.0,128097649.0,Andrea Nolan,Friend,79075314926534
USLW-APP-20250122-331,2025-01-22,Auto,64317.0,Refinance,67.0,181-25-6735,Daniel Decker,2002-12-15,Other,Separated,High School Diploma,878 Sherry Plains Apt. 830,East Danielle,Oklahoma,16581.0,7186558827,kenneth37@yahoo.com,Salaried,Rodriguez Ltd Corp.,14.8,4015.0,75044868.0,Thomas Short,Sibling,1275805740646750
USLW-APP-20250101-121,2025-01-01,Mortgage,466675.0,Home Purchase,354.0,393-44-8897,Eric Powell,1981-12-10,Male,Single,Bachelor's Degree,00220 Lee Glen,Port Jacqueline,North Carolina,38808.0,0629872026768,bstuart@williams-mendoza.com,Self-Employed,"Hines, Haas and Rodriguez LLC",1.2,7776.0,46064576.0,James Johnson,Sibling,03191986833945
USLW-APP-20240913-673,2024-09-13,Small Business,189988.0,Equipment Purchase,30.0,359-71-3402,Thomas Mitchell,1977-10-07,Male,Single,Doctorate,917 Baird Estate Suite 714,Amytown,Nevada,58730.0,5981564315,cmoore@brown-adams.com,Salaried,"Mccullough, Smith and Brown Corp.",19.3,15178.0,19854519.0,Brent Davis,Spouse,8460482816
USLW-APP-20240905-592,2024-09-05,Small Business,412028.0,Working Capital,64.0,427-53-9110,Erica Pace,1974-02-14,Female,Widowed,High School Diploma,5138 Murphy Isle,Melindachester,Nebraska,55241.0,521639724631241,dominicflores@bailey.com,Self-Employed,Barnes LLC LLC,5.7,9214.0,27262517.0,William Monroe,Friend,91713571527926
USLW-APP-20250401-871,2025-04-01,Personal,32593.0,Other,50.0,676-67-9305,Stephanie Kelly,1979-09-24,Female,Married,Master's Degree,767 Isaiah Stream,Justinberg,Iowa,48869.0,001846336051471676,bcampbell@spencer.com,Hourly,Flores PLC Corp.,17.5,29095.0,76708747.0,Jeremy Conner,Spouse,14329449678
USLW-APP-20241010-638,2024-10-10,Personal,41955.0,Debt Consolidation,19.0,122-07-9405,Julie Moore,1981-05-10,Male,Married,Master's Degree,7972 Darryl Pines,Jennifermouth,Vermont,2493.0,11033004906,ruth30@gmail.com,Salaried,Turner PLC Corp.,16.1,9384.0,10049828.0,Jeff Martinez,Sibling,12006013253
USLW-APP-20250203-703,2025-02-03,Personal,49324.0,Debt Consolidation,41.0,593-31-4675,Amanda Li,1967-07-18,Male,Married,Doctorate,1115 Roberts Passage,Chrisfurt,Connecticut,72876.0,6383866311,tammy40@moore.com,Salaried,Curry LLC Corp.,24.7,19082.0,58467226.0,Marc Wright,Parent,4344666997483
USLW-APP-20240802-690,2024-08-02,Personal,20512.0,Home Improvement,16.0,535-92-0211,Katrina Williams,1978-09-02,Male,Divorced,Doctorate,20310 Mary Parks Apt. 829,South James,Oregon,8297.0,3122124687,cbishop@massey-george.com,Salaried,Sloan-Mercer Corp.,19.1,21311.0,11516677.0,Beverly Moore,Friend,001619247202562118
USLW-APP-20250225-170,2025-02-25,Personal,30013.0,Other,14.0,284-07-5527,Dawn Calderon,1995-02-01,Other,Separated,Doctorate,847 Christian Junctions Apt. 979,Williamfort,Iowa,1138.0,1884140657790924,taylorlinda@yahoo.com,Salaried,Osborne PLC Corp.,25.0,23917.0,69816594.0,David Harvey,Parent,101509572341667
USLW-APP-20240713-371,2024-07-13,Personal,20255.0,Home Improvement,34.0,532-53-0144,Paul Bautista,1972-07-02,Female,Widowed,Associate's Degree,77507 Brennan Groves,Brookston,Texas,13029.0,13253189204406,gclark@hill-cook.com,Salaried,"Mccoy, Clarke and James Corp.",13.9,6297.0,117799864.0,Mark Guzman,Sibling,61895007381909
USLW-APP-20240807-693,2024-08-07,Auto,18791.0,Used Car Purchase,53.0,341-76-1805,Nicole Hudson,1987-12-04,Female,Separated,Associate's Degree,572 Pamela Fort,Anthonyside,Oklahoma,17162.0,1981603693971570,kenneth79@williams.com,Self-Employed,"Allen, Underwood and Hernandez LLC",12.1,23657.0,46581936.0,Joshua Davis,Spouse,7265334020
USLW-APP-20240426-742,2024-04-26,Personal,4377.0,Debt Consolidation,33.0,384-35-3095,Justin Sanchez,1958-11-06,Other,Separated,Doctorate,220 Walker Ville,Collinsmouth,Nevada,37737.0,0175134671,eguerra@tucker.com,Self-Employed,"Tucker, Benson and Lynch LLC",8.5,22489.0,77603809.0,Randall Harmon,Sibling,31781842190119
USLW-APP-20240913-354,2024-09-13,Personal,30377.0,Education,35.0,407-22-0749,Katherine Cole,1970-09-03,Other,Widowed,Master's Degree,28914 Timothy Parks Apt. 174,Laurenberg,Kansas,22750.0,1103579348647959,danielle22@fuller.com,Salaried,Montgomery LLC Corp.,14.0,7419.0,24923260.0,Kelly Larsen,Spouse,0843697142449
USLW-APP-20240827-945,2024-08-27,Small Business,213714.0,Working Capital,67.0,376-86-1185,Tyler Stewart,1963-09-29,Female,Divorced,High School Diploma,37084 Brandi Stream,New Phillip,Louisiana,15616.0,1715719537834,robertgray@dennis.info,Salaried,"Bryant, Diaz and Vargas Corp.",22.5,4841.0,129001126.0,Jessica Moss,Spouse,576357237276920
USLW-APP-20240429-701,2024-04-29,Small Business,100266.0,Startup Costs,77.0,080-66-6554,Kathy Freeman,1976-03-18,Male,Separated,High School Diploma,8812 Samantha Avenue,Michellebury,Iowa,73297.0,5294814546500,jaime42@gmail.com,Salaried,Cox and Sons Corp.,14.4,15231.0,78325856.0,Jessica King,Spouse,00181781304078342
USLW-APP-20240827-282,2024-08-27,Auto,13702.0,New Car Purchase,71.0,768-38-8093,Kimberly Henderson,1989-05-05,Male,Married,Some College,83295 Natalie Stream,Maystad,Rhode Island,54005.0,2979354562,rayryan@hall.org,Salaried,"Morgan, Harris and Williams Corp.",14.5,24642.0,32885358.0,Justin Decker,Friend,25278496851202
USLW-APP-20250122-258,2025-01-22,Personal,47419.0,Other,37.0,046-39-9855,Thomas Buchanan,1988-10-19,Male,Separated,Bachelor's Degree,4557 Lamb Burgs,Laurafort,Alaska,34638.0,5285611535,xowen@shelton.com,Self-Employed,Horton-Carlson LLC,13.3,6174.0,84533234.0,Tara Rocha,Spouse,2217812629
USLW-APP-20241116-354,2024-11-16,Mortgage,825894.0,Refinance,358.0,311-66-3815,Mr. Scott Warren Jr.,1993-07-23,Female,Single,Doctorate,199 Duncan Run Apt. 526,Port Sophiaborough,Alaska,44865.0,001741919508054589,csmith@gmail.com,Hourly,Berg and Sons Corp.,28.8,18850.0,17503671.0,Brian Crane,Sibling,5159779277
USLW-APP-20240517-439,2024-05-17,Mortgage,976897.0,Refinance,198.0,205-12-4946,Debra Brown,1953-04-10,Other,Separated,Bachelor's Degree,5084 Chad Pike,Davidburgh,Kansas,81717.0,695573388724903,williamsnathan@hotmail.com,Salaried,"Perez, Brown and Aguirre Corp.",4.8,15057.0,82955380.0,Kristie Landry,Friend,0013141151255251
USLW-APP-20240514-389,2024-05-14,Personal,8536.0,Home Improvement,23.0,544-30-8235,LAUREN STEVENS,1969-12-20,Female,Separated,Doctorate,47502 Jessica Orchard Apt. 293,Perkinsview,Nebraska,26960.0,4371763297,obradley@bradley.com,Salaried,Kelly and Sons Corp.,26.3,23404.0,115131592.0,Michael Simon,Spouse,176949913737784
USLW-APP-20241025-706,2024-10-25,Personal,47072.0,Vacation,19.0,849-67-9311,Angel Grimes,1996-01-04,Other,Married,Master's Degree,78186 Dustin Flats Apt. 835,Jonesport,Wisconsin,66753.0,842273239952136,blopez@fox.com,Salaried,Knox-Fowler Corp.,12.9,16454.0,60381769.0,Caleb Olsen,Parent,1789233524113127
USLW-APP-20250110-199,2025-01-10,Personal,44341.0,Medical Expenses,28.0,286-19-3607,Daniel Acosta,1979-08-27,Female,Divorced,Bachelor's Degree,1688 Rebecca Haven,Kingside,West Virginia,45781.0,696759429039055,brian65@mcknight.biz,Salaried,"Roberson, Wheeler and Taylor Corp.",6.4,21323.0,20583329.0,Carolyn Galvan,Sibling,9027398262095
USLW-APP-20240409-717,2024-04-09,Auto,12915.0,Used Car Purchase,57.0,326-71-3239,Denise Allen,2005-01-11,Other,Married,Master's Degree,4796 Robert Rapids Suite 883,Jacksonport,Arkansas,56271.0,7139440418,teresasullivan@hotmail.com,Hourly,Anderson PLC Corp.,6.4,22675.0,50367874.0,Wendy Perkins,Spouse,87191376577485
USLW-APP-20241218-604,2024-12-18,Mortgage,84268.0,Home Purchase,264.0,610-77-4566,Johnny Morris,1997-08-20,Other,Single,High School Diploma,8067 Cindy Course Suite 951,Mistyburgh,South Carolina,22431.0,0019812932065363,sgreen@hernandez.org,Salaried,Robbins LLC Corp.,5.2,12481.0,54148413.0,James Jones,Friend,0186666492524
USLW-APP-20241117-520,2024-11-17,Personal,32908.0,Education,32.0,481-99-7118,Paul Hoffman,1996-03-15,Other,Married,Bachelor's Degree,635 Sandra Viaduct,Lauramouth,Louisiana,87125.0,12529871450989,jlynch@cameron.com,Self-Employed,Fuentes Ltd LLC,14.5,13594.0,61589175.0,Sarah Miller,Friend,4799005119
USLW-APP-20241231-198,2024-12-31,Personal,33632.0,Other,13.0,032-30-5306,Jeremiah Lewis,1988-04-16,Female,Single,Bachelor's Degree,0805 Parker Glen,Boydstad,Iowa,98246.0,18487998185,angelamendoza@kim.com,Salaried,"James, Molina and Glenn Corp.",7.6,26847.0,88011105.0,Megan Martin,Spouse,18961255699
USLW-APP-20250105-156,2025-01-05,Mortgage,528771.0,Home Purchase,294.0,434-27-8510,Frederick Davis,1963-12-10,Male,Single,Bachelor's Degree,470 Edward Alley Suite 681,Jonathanchester,South Carolina,6066.0,618090354927127,kmoore@wallace.org,Self-Employed,Evans-Johnson LLC,9.4,24250.0,20806310.0,Ashley Morales,Spouse,944843801323464
USLW-APP-20250104-503,2025-01-04,Auto,25674.0,Used Car Purchase,48.0,284-37-5543,Kelly Rice,1960-04-29,Male,Married,Bachelor's Degree,84560 Heather Vista,Wadehaven,Mississippi,61792.0,1934127872727111,hnoble@adams.net,Salaried,Solomon-Kennedy Corp.,17.1,7903.0,42085216.0,Stacy Jackson,Parent,0016940106179
USLW-APP-20241221-809,2024-12-21,Small Business,75945.0,Expansion,73.0,864-93-1518,Nicole Obrien,1971-05-16,Male,Divorced,High School Diploma,654 Randolph Radial,Jakechester,California,30519.0,001074556455961910,amyrubio@gmail.com,Self-Employed,Rowe Ltd LLC,19.8,17078.0,88024710.0,Rebecca Singleton,Sibling,7204356415
USLW-APP-20240516-291,2024-05-16,Personal,38116.0,Home Improvement,35.0,281-68-7944,Craig Guzman,1986-04-20,Other,Divorced,Doctorate,999 Crystal Street,Michaelton,Iowa,78799.0,224782876067079,nathanrobles@hotmail.com,Salaried,Santiago-Benson Corp.,11.4,17334.0,37973304.0,Jennifer Smith,Parent,4724429358042
USLW-APP-20240811-806,2024-08-11,Mortgage,910686.0,Home Purchase,254.0,287-90-5388,Jennifer Smith,1949-11-01,Male,Married,High School Diploma,889 Ray Inlet,West Brianport,Nebraska,92174.0,00145627307202499,catherine48@hotmail.com,Salaried,"Moore, Hooper and Nelson Corp.",27.5,5092.0,85222133.0,Amanda Lopez,Friend,8374574104
USLW-APP-20240618-228,2024-06-18,Small Business,242287.0,Inventory,49.0,361-47-1109,Rhonda Hoffman,1996-06-08,Male,Separated,Bachelor's Degree,16322 Gina Cape,Katherineport,Vermont,39349.0,17438753175475,welchmason@yahoo.com,Self-Employed,Jones-Booker LLC,7.2,9241.0,109853297.0,Mitchell Moreno,Friend,68490224899090
USLW-APP-20240713-734,2024-07-13,Personal,44677.0,Vacation,21.0,058-13-0700,Amber Ramirez,1965-08-13,Male,Separated,High School Diploma,796 Mcclain Ports,Eriktown,Michigan,64454.0,702782559760631,tammystewart@gmail.com,Hourly,Williams-Goodwin Corp.,9.4,6517.0,64639048.0,Alyssa Henderson,Parent,7453212830243
USLW-APP-20240418-546,2024-04-18,Personal,34859.0,Medical Expenses,37.0,308-32-0047,Harold Bruce,1971-09-26,Other,Divorced,Master's Degree,11250 Mason Islands,Harrisland,Iowa,47024.0,8141403361,brandon31@wong.biz,Salaried,Mason-Atkins Corp.,25.2,19222.0,23325348.0,Jeremy Moore,Parent,14236215419542
USLW-APP-20241112-246,2024-11-12,Personal,2737.0,Vacation,42.0,850-26-9428,Nathan Williams,1997-11-27,Female,Separated,Some College,73004 Harris Grove,Port Lisastad,Michigan,67629.0,17746756701,john82@gmail.com,Salaried,Velazquez-Casey Corp.,28.3,15207.0,57160265.0,Walter Blankenship,Sibling,86906854727485
USLW-APP-20250219-816,2025-02-19,Personal,48857.0,Other,24.0,058-24-1928,Phillip Sullivan,1993-02-04,Male,Divorced,Bachelor's Degree,87445 Steven Cliff Suite 508,Masseyshire,West Virginia,61726.0,2689083099,michael28@jacobs.com,Self-Employed,"Gillespie, Lopez and Bernard LLC",14.8,11805.0,114573876.0,Paul Allen,Sibling,408712662261542
USLW-APP-20250224-669,2025-02-24,Small Business,174226.0,Expansion,34.0,454-15-4402,Drew Campbell,1975-11-05,Female,Married,Bachelor's Degree,45720 Jacqueline Trail Suite 782,New Frankborough,Texas,60603.0,14869290940256,barrettholly@gmail.com,Salaried,"Rogers, Bryant and Hahn Corp.",14.4,10976.0,122212543.0,Christina Boyd,Spouse,0010005890418
USLW-APP-20240920-267,2024-09-20,Small Business,299046.0,Startup Costs,37.0,245-55-1226,Mary James,1992-01-17,Other,Separated,Doctorate,594 Amber Tunnel,South Shannon,Wisconsin,17609.0,001552931338992773,acobb@hotmail.com,Salaried,Smith-Flores Corp.,25.5,6986.0,81175297.0,Thomas Fletcher,Parent,3817435334322
USLW-APP-20241211-685,2024-12-11,Personal,11401.0,Home Improvement,20.0,114-94-6498,Holly Yoder,1958-03-16,Male,Separated,High School Diploma,25518 Gutierrez Ridges Apt. 820,Deborahville,Nebraska,3132.0,6433613958,krobbins@boyle.com,Self-Employed,"Thompson, Taylor and Lynch LLC",3.1,10401.0,124954838.0,Tami Erickson,Parent,6911371610576
USLW-APP-20250321-596,2025-03-21,Personal,38108.0,Education,50.0,253-44-1186,Susan Olson,1949-07-28,Female,Divorced,Some College,2725 Murphy Bypass Apt. 118,Bryanside,South Dakota,77427.0,0484600265,ugray@perez.com,Salaried,"Wright, Hayes and Dean Corp.",21.6,19690.0,17576666.0,Teresa Swanson,Spouse,3065427523
USLW-APP-20240510-171,2024-05-10,Personal,34060.0,Medical Expenses,36.0,652-60-1006,James Noble,1973-08-08,Male,Single,Bachelor's Degree,80837 Tiffany Stravenue Apt. 378,Diazstad,Texas,87067.0,2094970082010,rkane@hotmail.com,Salaried,"Walton, Wells and Franco Corp.",11.2,8486.0,70993121.0,Kevin Johnson,Parent,4425975467
USLW-APP-20241021-592,2024-10-21,Small Business,131976.0,Inventory,35.0,059-61-4662,Kendra Johnson,1962-02-12,Other,Married,Master's Degree,9748 Melvin Centers,New Carl,Iowa,36714.0,00139520270014587,aesparza@yahoo.com,Self-Employed,"Kim, Alexander and Farmer LLC",2.5,24656.0,120938308.0,Rodney Norris,Spouse,0013010350056
USLW-APP-20240415-417,2024-04-15,Personal,31939.0,Medical Expenses,33.0,800-23-9912,Rodney Ayala,1956-01-21,Female,Single,Bachelor's Degree,88435 Edgar Trafficway Suite 903,South Tanya,Oklahoma,72849.0,5769683143,amy87@miles.com,Salaried,Williams-Cook Corp.,14.2,7604.0,114238797.0,Alexis Robinson,Sibling,0016819516927852
USLW-APP-20250301-872,2025-03-01,Personal,32118.0,Other,37.0,126-65-3523,Barbara Browning,1993-01-27,Male,Divorced,Doctorate,0749 Susan Extension,Josechester,Nebraska,74298.0,0018983423658971,lisaschroeder@macias.com,Salaried,Dean-Baker Corp.,9.0,8971.0,100911947.0,Cynthia Garrett,Sibling,0011923760797815
USLW-APP-20240617-250,2024-06-17,Personal,15950.0,Debt Consolidation,24.0,813-74-4601,Victor Williams,1973-05-06,Female,Widowed,Doctorate,783 Smith Springs,South Kimberly,California,84854.0,294238785096076,julian76@yahoo.com,Salaried,Garrett Group Corp.,29.5,25229.0,41338090.0,Eric Collins,Friend,7524698816188
USLW-APP-20240627-676,2024-06-27,Mortgage,509153.0,Refinance,220.0,189-67-8635,Andrew Butler,1994-12-13,Other,Married,Doctorate,587 Green Dale,Port Steve,Washington,3733.0,2277825551208,blopez@hotmail.com,Salaried,Wilson-Berry Corp.,17.2,21083.0,41951930.0,Jonathan Sanders,Sibling,179089195360785
USLW-APP-20241224-640,2024-12-24,Auto,64367.0,Used Car Purchase,54.0,659-78-0337,Molly Fuller,1998-09-04,Male,Widowed,Some College,804 Tammy Squares,South Scott,Michigan,23124.0,7499003222526,jessemiles@taylor-malone.com,Salaried,Hill Inc Corp.,7.0,19195.0,45126855.0,Sarah Smith,Parent,9592973553
USLW-APP-20240914-381,2024-09-14,Personal,49600.0,Other,57.0,428-35-5001,Jeffrey Campbell,1982-05-19,Other,Widowed,High School Diploma,6614 Kim Canyon,Pamelafurt,Nevada,47935.0,4430052894,david17@gmail.com,Hourly,"Jones, Santos and Carter Corp.",24.9,24175.0,102081422.0,Shane Morgan,Spouse,5467109645
USLW-APP-20240827-433,2024-08-27,Personal,7247.0,Home Improvement,31.0,026-57-3225,Craig Gomez,1984-08-12,Male,Divorced,High School Diploma,1440 James Parkways,Hendrixton,Connecticut,61006.0,3942653395,tdavis@lopez.info,Salaried,"Benson, Best and Bowman Corp.",7.6,6182.0,104244542.0,Lauren Nixon,Friend,001147749761936103
USLW-APP-20241020-498,2024-10-20,Personal,3632.0,Other,25.0,355-72-0332,Robert Andersen,2007-02-23,Female,Widowed,Doctorate,53252 Crawford Common,Audreymouth,North Carolina,5816.0,862002624631924,vanessa58@hotmail.com,Salaried,May PLC Corp.,19.6,25298.0,111147506.0,Brooke Moore,Spouse,1402007452
USLW-APP-20240729-828,2024-07-29,Auto,51114.0,New Car Purchase,70.0,168-40-2011,Melissa Jacobs,1987-06-27,Female,Married,High School Diploma,6400 Compton Overpass,Port Michaelchester,West Virginia,28045.0,1247478938905849,barbara50@gmail.com,Salaried,Robertson Inc Corp.,25.2,8041.0,57190691.0,Katrina Hamilton,Parent,12350466504937
USLW-APP-20241104-631,2024-11-04,Personal,10855.0,Medical Expenses,27.0,431-60-7163,Rachel Rojas,1966-11-15,Male,Single,Doctorate,2348 Donald Passage,West Abigailshire,North Carolina,67872.0,487455874524409,arichard@gmail.com,Salaried,Tate Group Corp.,4.9,19228.0,45998834.0,Lori Simmons,Friend,4511028124953
USLW-APP-20240828-443,2024-08-28,Small Business,466232.0,Expansion,45.0,586-15-7845,Peter Smith,1997-08-08,Other,Single,High School Diploma,597 Larry Trail,Jerryland,Hawaii,25649.0,3745645724,cathyorozco@yahoo.com,Hourly,"Le, Smith and Glenn Corp.",18.0,26329.0,32678756.0,Brooke Horn,Friend,00135143582370215
USLW-APP-20241108-985,2024-11-08,Mortgage,592245.0,Home Purchase,287.0,529-96-5111,Kelly Mendoza DDS,1949-04-25,Female,Divorced,Master's Degree,16816 Dickson Extension,Lauraton,Virginia,14545.0,3371471313,ruizjesse@gmail.com,Hourly,"Wilkins, Anderson and Lewis Corp.",24.0,18651.0,35624053.0,Lori Simmons,Spouse,001735130808776832
USLW-APP-20240826-314,2024-08-26,Auto,46919.0,New Car Purchase,29.0,182-90-1777,Gary Burnett,1999-02-20,Female,Married,Associate's Degree,6079 Harold Inlet Suite 711,West Jennifermouth,West Virginia,87215.0,9618830885,vincentlisa@hotmail.com,Salaried,"Rice, Ali and Vega Corp.",2.1,18626.0,106383511.0,Jamie Mays,Parent,4217662878
USLW-APP-20250304-296,2025-03-04,Personal,2201.0,Vacation,35.0,766-84-3140,Paul Miller,1966-05-07,Other,Married,Doctorate,7559 Garcia Fall,Travisside,Illinois,76087.0,12695327108174,vschwartz@gmail.com,Self-Employed,Parker-Watts LLC,2.1,11092.0,36110702.0,Dorothy Walker,Spouse,82071373585829
USLW-APP-20240505-980,2024-05-05,Small Business,304021.0,Equipment Purchase,76.0,077-04-7878,Amanda Solis,1984-02-14,Other,Married,Some College,933 Nancy Crest Suite 125,Joannaberg,Vermont,61406.0,6031568686,andrew77@hotmail.com,Salaried,Harris Inc Corp.,4.0,6519.0,101194417.0,Valerie Mitchell,Parent,622470584800372
USLW-APP-20241121-966,2024-11-21,Personal,2171.0,Home Improvement,42.0,689-89-2328,Nicole Parker,1971-08-23,Male,Divorced,Bachelor's Degree,80795 Mcdonald Prairie,North Amandaberg,Montana,80279.0,2172350672,daniel08@hotmail.com,Self-Employed,"Munoz, Robinson and Wilson LLC",2.9,14682.0,115868195.0,Carl Allen,Spouse,404526936240022
USLW-APP-20240506-337,2024-05-06,Personal,5667.0,Vacation,39.0,558-83-5334,Cheryl Thomas,1953-12-03,Other,Married,Associate's Degree,215 Reed Crest Suite 600,Evanberg,Mississippi,34418.0,5422113335346,dtaylor@hotmail.com,Salaried,Smith and Sons Corp.,20.2,9753.0,127626901.0,Patrick Gomez,Spouse,001968299018060464
USLW-APP-20240914-364,2024-09-14,Personal,29381.0,Debt Consolidation,31.0,212-59-7863,John Moss,1953-03-21,Other,Separated,Some College,1035 Baker Burg,Lake Deborahton,Wisconsin,20949.0,562223561263695,trevorcisneros@mclaughlin.biz,Salaried,White and Sons Corp.,15.8,5848.0,33701622.0,Renee Harrington,Spouse,1805060663
USLW-APP-20241123-302,2024-11-23,Personal,2498.0,Debt Consolidation,40.0,779-30-1286,Gloria Johnson,1992-02-15,Female,Single,Bachelor's Degree,7441 Solomon Pine,Weeksside,Nebraska,51575.0,8007069675,ygarza@gmail.com,Self-Employed,Smith-Doyle LLC,14.3,10382.0,102644267.0,Bruce Brown,Friend,7559669906699
USLW-APP-20240902-926,2024-09-02,Auto,48019.0,Used Car Purchase,29.0,774-76-8387,William Sutton,1959-07-20,Other,Single,High School Diploma,299 Crystal Port,West Erichaven,Nevada,20016.0,795202922038086,mcdonaldandrea@rodriguez.org,Hourly,"Fuller, Ortiz and Kaufman Corp.",6.8,4944.0,75521682.0,Lisa Luna,Parent,19147631341460
USLW-APP-20240930-536,2024-09-30,Small Business,280880.0,Expansion,77.0,144-32-5181,John Smith,1958-08-20,Female,Married,Master's Degree,77635 Lewis Fort Suite 618,New Patriciabury,West Virginia,28324.0,00127168400035693,johnsonreginald@gmail.com,Self-Employed,Perez-Gutierrez LLC,17.6,5669.0,50615649.0,Bradley Hall,Spouse,1168525070840068
USLW-APP-20250123-544,2025-01-23,Mortgage,176611.0,Home Purchase,271.0,464-72-8786,Arthur Bennett PhD,1992-01-15,Other,Divorced,Associate's Degree,100 Smith Wall,Anneburgh,Oklahoma,33413.0,91095893424658,elizabeth04@jones.com,Salaried,"Duran, Ellis and Reed Corp.",5.6,27119.0,125057682.0,Thomas Armstrong,Spouse,34526336544348
USLW-APP-20241110-351,2024-11-10,Personal,12826.0,Education,44.0,822-01-6150,Dakota Scott,1956-06-27,Female,Married,Doctorate,4165 Edward Orchard,Lake Timothyburgh,Arkansas,67565.0,647899396238486,james82@rodriguez.com,Salaried,Smith-Montgomery Corp.,17.8,25495.0,92168730.0,Richard Rivera,Friend,379730046259558
USLW-APP-20240705-219,2024-07-05,Personal,38393.0,Debt Consolidation,32.0,657-27-2633,Kevin Rodriguez,1972-03-18,Other,Widowed,Associate's Degree,6721 Hansen Islands Suite 513,Port Michael,Iowa,53852.0,589449136543343,lyonsdavid@sampson.com,Self-Employed,Watson and Sons LLC,10.4,16249.0,88026970.0,Robert Reyes,Spouse,47329784601993
USLW-APP-20240716-177,2024-07-16,Personal,26178.0,Medical Expenses,37.0,256-80-5748,Kristina Floyd,1969-11-17,Male,Divorced,Master's Degree,9104 Bradley Turnpike Apt. 436,Kingland,Montana,63256.0,8291790080,kristy43@yahoo.com,Salaried,Stephens-Cook Corp.,9.3,15871.0,99752343.0,Steven Hall,Parent,4459059361146
USLW-APP-20241008-380,2024-10-08,Mortgage,658765.0,Refinance,194.0,474-31-0456,Sarah Barton,1965-11-07,Other,Single,Bachelor's Degree,811 Duffy Walk Apt. 654,Waltersview,Alaska,49362.0,8900707330819,lawrencebennett@yahoo.com,Self-Employed,"Harris, George and Fisher LLC",17.0,21127.0,119588594.0,Cindy Houston,Sibling,32329590065594
USLW-APP-20240815-912,2024-08-15,Mortgage,940771.0,Home Purchase,357.0,061-64-4509,Aimee Miller,1987-03-25,Other,Widowed,Associate's Degree,014 Nicholas Ports,Chanfurt,Louisiana,38202.0,1731947002,pgutierrez@patel.com,Hourly,Woods-Alvarez Corp.,24.1,22316.0,16877450.0,Danielle Pham,Spouse,7101789496
USLW-APP-20240829-301,2024-08-29,Auto,55290.0,New Car Purchase,48.0,638-03-1114,Ellen Wilson,1952-11-08,Female,Single,Associate's Degree,0356 Jose Plains,Lauratown,Alaska,85014.0,17647360985,tjacobs@gmail.com,Salaried,"Medina, Branch and Perkins Corp.",15.5,10428.0,17298834.0,Carolyn Herrera,Friend,0014209325048
USLW-APP-20240902-258,2024-09-02,Personal,28518.0,Vacation,31.0,630-04-0217,Kendra Evans,2006-03-01,Other,Widowed,Doctorate,78368 Gray Drives Apt. 107,Julieton,Alaska,91641.0,069897800394398,nancy65@wright.com,Salaried,"Fields, Watson and Beck Corp.",27.6,5375.0,92772731.0,John Mills,Spouse,335540961224294
USLW-APP-20240627-241,2024-06-27,Small Business,231145.0,Equipment Purchase,72.0,281-55-1753,Elizabeth Gordon,1960-08-14,Male,Single,Associate's Degree,88296 Yoder Crescent Suite 557,Maryview,West Virginia,28496.0,8592855361,brownalexandra@gmail.com,Salaried,"Crane, White and Holmes Corp.",16.0,19707.0,116577236.0,Barbara Madden,Sibling,001180066743884128
USLW-APP-20240808-510,2024-08-08,Mortgage,817949.0,Refinance,217.0,414-84-0891,Mark Taylor,1955-05-17,Male,Single,Doctorate,90785 Evans Summit,Lake Garyburgh,Michigan,81253.0,45412006175904,kelleryolanda@yahoo.com,Salaried,"Callahan, Ramirez and Kirk Corp.",16.8,6386.0,21924660.0,Christopher Myers,Sibling,8817374781339
USLW-APP-20240407-266,2024-04-07,Personal,36583.0,Other,32.0,584-63-8299,Danielle Blake,1982-02-18,Other,Married,Some College,75474 Linda Gateway,East Brittany,New Mexico,51410.0,33497310392726,lisaheath@hill-pham.biz,Self-Employed,"Campbell, Lopez and Conrad LLC",3.4,24495.0,54920424.0,Kimberly Burns,Sibling,7909096658
USLW-APP-20240704-913,2024-07-04,Personal,37928.0,Vacation,38.0,407-48-4660,Daniel Callahan,1972-08-06,Female,Widowed,Doctorate,4278 Ayala Fork,South Jasonbury,South Carolina,814.0,1527322811254425,williamwilliams@gmail.com,Salaried,"Hill, Rodriguez and Patterson Corp.",6.9,3479.0,54770470.0,Vanessa Rodriguez,Parent,001869494509516778
USLW-APP-20241231-852,2024-12-31,Personal,24252.0,Other,14.0,884-14-6246,Phillip Williams,1971-07-23,Other,Separated,Master's Degree,3748 Clements Causeway Suite 654,Durhamchester,North Carolina,96885.0,6462726676,barry69@hotmail.com,Salaried,Smith-Cooper Corp.,2.6,7356.0,120326376.0,Megan Collins,Spouse,644315402201318
USLW-APP-20250228-887,2025-02-28,Personal,17550.0,Other,16.0,114-72-6712,Kaylee Johnson,1976-12-28,Female,Separated,Some College,3494 Chase Highway Suite 161,Luisshire,Arkansas,40118.0,6265213637190,kimberly79@wright.com,Hourly,"Wright, Powers and Brown Corp.",6.7,19400.0,48332772.0,Catherine Anderson,Sibling,195467035301220
USLW-APP-20240604-728,2024-06-04,Auto,72832.0,New Car Purchase,69.0,389-72-3441,Tyler Harris,1953-03-24,Other,Married,Bachelor's Degree,0669 William Springs,Port Mariah,Connecticut,25665.0,13828014465825,mariahdiaz@shelton.com,Salaried,"Moore, Baker and Coleman Corp.",1.6,13182.0,112176178.0,David Warren,Spouse,36596632652893
USLW-APP-20240725-363,2024-07-25,Personal,13457.0,Vacation,17.0,400-27-3460,Edward Todd,1956-01-30,Other,Divorced,Some College,988 Perez Spurs Suite 062,Joshuaville,Alaska,63913.0,3135196037,pbonilla@hotmail.com,Self-Employed,Schmidt and Sons LLC,7.0,10126.0,54786493.0,Brad Reyes,Friend,19841370806
USLW-APP-20240505-893,2024-05-05,Small Business,15824.0,Inventory,84.0,419-58-1822,Mrs. Tonya Wallace,1981-03-30,Male,Separated,Associate's Degree,946 Flores Landing,Alyssahaven,Illinois,48123.0,70823612402495,yweiss@hotmail.com,Salaried,"Hicks, Evans and Burke Corp.",6.4,10107.0,114031017.0,Jason Levy,Spouse,969571678589308
USLW-APP-20250219-897,2025-02-19,Small Business,225675.0,Working Capital,84.0,340-40-8344,LISA QUINN,2001-01-02,Other,Separated,Bachelor's Degree,633 Donovan Turnpike Suite 077,Kathleenfort,Montana,32991.0,9812758627,nguyenmark@johnson.info,Self-Employed,"Sherman, Horne and Buchanan LLC",4.2,21930.0,117517444.0,Catherine Keller,Friend,00167655112121091
USLW-APP-20241219-150,2024-12-19,Mortgage,808603.0,Home Purchase,319.0,139-43-4479,Devin Preston,1980-01-10,Other,Married,Associate's Degree,19114 Morrow View,Mollystad,Rhode Island,46987.0,17365575522510,peggyyoung@hotmail.com,Self-Employed,Johnson Inc LLC,6.4,13270.0,91785570.0,Brent Mendoza,Spouse,01878095242122
USLW-APP-20240730-821,2024-07-30,Small Business,151856.0,Inventory,80.0,755-50-3389,Kimberly Mckenzie,1976-02-17,Female,Separated,Doctorate,242 Randy Landing,South Taylorport,Oklahoma,22920.0,101740838557785,dbrown@perez-huang.biz,Salaried,Vance LLC Corp.,4.9,15207.0,129962935.0,Catherine Chase,Sibling,1062408510087
USLW-APP-20240613-200,2024-06-13,Mortgage,215211.0,Refinance,349.0,047-84-4122,Robert Gonzales,1957-02-01,Female,Married,Some College,812 Smith Vista Apt. 094,Adamstown,Illinois,24063.0,141996395229603,anna02@lane.com,Salaried,Carr Inc Corp.,17.5,18345.0,107501774.0,Jonathan Miller,Spouse,5192126437061
USLW-APP-20240802-801,2024-08-02,Personal,11430.0,Other,31.0,705-12-6272,Kelly Lopez,1982-06-25,Female,Divorced,Master's Degree,547 Espinoza Court Suite 476,New Adamview,Nevada,96657.0,5810167068,vnoble@yahoo.com,Salaried,"Bennett, Johnson and Hardy Corp.",0.6,7421.0,124572443.0,Sara Douglas,Sibling,87003507483793
USLW-APP-20241027-993,2024-10-27,Small Business,407944.0,Working Capital,52.0,567-95-2532,ROGER COOLEY,2001-08-10,Other,Separated,Master's Degree,9815 Julia Greens,Port Brianbury,Wisconsin,57133.0,0013696608148805,williamstaylor@hotmail.com,Salaried,Davis-Oneill Corp.,28.6,14796.0,83932658.0,Dr. Omar Miller,Sibling,3719216591066
USLW-APP-20250321-537,2025-03-21,Personal,21388.0,Debt Consolidation,14.0,367-45-6040,Jason Richmond,1961-10-23,Male,Widowed,Master's Degree,195 Gray Throughway,Jimenezton,Iowa,45557.0,13940789452662,taylorjeff@hawkins-kirk.com,Salaried,"Cisneros, Moore and Nelson Corp.",7.5,19106.0,42081427.0,Anita Kelly,Parent,00194007651659063
USLW-APP-20241207-508,2024-12-07,Auto,12705.0,New Car Purchase,45.0,336-90-0126,David Fernandez,2002-04-02,Other,Divorced,Some College,7784 David Road Apt. 980,East Amy,Wisconsin,14141.0,0672104562619,davidrosales@meyer.com,Self-Employed,Montoya-Greene LLC,8.3,19455.0,108050211.0,Erin Barrera,Spouse,8379974413
USLW-APP-20241118-989,2024-11-18,Auto,5410.0,New Car Purchase,37.0,341-03-7282,Joseph Rocha,1991-01-09,Male,Married,Doctorate,10536 Tonya Lane Suite 590,Lake Matthewfurt,North Carolina,12995.0,7624862986066,veronica05@sharp-williams.info,Salaried,"Walsh, Moore and White Corp.",19.1,16185.0,29601312.0,Sonia Johnson,Sibling,2271673902
USLW-APP-20240505-538,2024-05-05,Personal,12802.0,Medical Expenses,12.0,265-41-4305,Mr. Ronald Fletcher,1997-11-02,Other,Single,High School Diploma,29631 Richard Shoal,South Sarahshire,North Carolina,70860.0,15604982949804,madison43@jones-ramirez.com,Salaried,Copeland-Liu Corp.,17.9,25434.0,11335913.0,Matthew Smith,Friend,001164057667483726
USLW-APP-20250316-616,2025-03-16,Mortgage,554943.0,Home Purchase,344.0,801-05-5164,Paige Bernard,1954-12-01,Female,Divorced,High School Diploma,43312 Mann Brook Suite 132,North Stephanieton,Montana,13742.0,0012890487267,harringtonjon@york.com,Salaried,Melendez PLC Corp.,5.2,18148.0,118477509.0,Kelly Adams,Friend,247711382893513
USLW-APP-20241127-254,2024-11-27,Small Business,425192.0,Equipment Purchase,75.0,702-21-0842,WILLIAM WHEELER DDS,1993-11-14,Female,Married,Doctorate,46783 Peck Isle,Johnmouth,Connecticut,60985.0,7269561646,timothy20@holder.com,Salaried,"Johnson, Bautista and Rodriguez Corp.",27.9,7061.0,94604069.0,Kristin Schultz,Sibling,8023995494370
USLW-APP-20240909-688,2024-09-09,Mortgage,963983.0,Home Purchase,265.0,148-52-9013,Jodi Weiss,1989-08-06,Other,Single,Bachelor's Degree,3160 Webb Rue Apt. 739,Contrerasstad,Iowa,67326.0,34696159193447,vrobinson@vaughan-shepard.com,Self-Employed,"Francis, Walker and Berry LLC",6.7,20104.0,53739111.0,James Parker,Spouse,18885943443
USLW-APP-20250214-733,2025-02-14,Personal,46383.0,Vacation,55.0,585-58-9852,Samantha Harrison,1963-10-09,Male,Widowed,High School Diploma,174 Jody Corner Suite 927,Port Maryshire,Virginia,38678.0,9558397143,johnwilliams@hotmail.com,Self-Employed,Skinner Group LLC,11.9,9136.0,45120440.0,Marisa Evans,Friend,189865437334594
USLW-APP-20250214-836,2025-02-14,Personal,14304.0,Debt Consolidation,14.0,692-32-8918,SOPHIA HICKS,1973-04-07,Female,Separated,Doctorate,23755 Cheryl Cove,South Michele,Florida,71577.0,1125549225,jesus04@gmail.com,Salaried,"Lane, Robinson and Byrd Corp.",24.5,12969.0,17647812.0,David Christensen,Sibling,0775998441
USLW-APP-20240707-369,2024-07-07,Mortgage,83638.0,Refinance,196.0,056-29-0224,Madison Wright,1962-04-04,Male,Single,Bachelor's Degree,5838 Andrew Court Apt. 239,West Christinebury,Oregon,34009.0,081098265578068,melissa75@hotmail.com,Salaried,Lee-Sullivan Corp.,29.6,11094.0,52485165.0,Lisa Allen,Sibling,10561487415
USLW-APP-20250325-178,2025-03-25,Personal,30982.0,Medical Expenses,25.0,237-10-5175,MARK PAYNE,1960-05-24,Female,Widowed,Master's Degree,507 Evans Square,Alyssaburgh,Rhode Island,22887.0,12659687923926,juliejohns@raymond.biz,Salaried,Newton-Peters Corp.,1.8,15063.0,86272991.0,Kimberly Herrera,Sibling,3553841665
USLW-APP-20250201-848,2025-02-01,Mortgage,783527.0,Home Purchase,257.0,111-59-0634,Ian Anthony,1950-04-13,Male,Widowed,Associate's Degree,91684 Barr Plains,Jonathanburgh,Nebraska,16585.0,636623775965584,karaphillips@paul.com,Salaried,Dunn-Robertson Corp.,6.0,3906.0,53910972.0,Jeremy Wang,Friend,1971978267
USLW-APP-20240705-487,2024-07-05,Small Business,39001.0,Working Capital,82.0,003-77-4877,Samantha White,1992-12-05,Other,Divorced,Some College,513 Hampton Skyway,North Denise,Oklahoma,77310.0,0014148710022968,richard05@gmail.com,Salaried,"Willis, Baker and James Corp.",21.7,25475.0,115153981.0,James Russo,Sibling,7684933363575
USLW-APP-20240923-162,2024-09-23,Personal,18321.0,Other,23.0,068-76-3985,Anthony Mcdonald,1949-04-26,Female,Married,Master's Degree,6040 Davis Greens,West Samuel,Iowa,88538.0,791684949176568,catherinelewis@mcdonald.info,Salaried,"White, Bishop and Hoffman Corp.",9.1,9342.0,66407919.0,Victor Chavez,Parent,1178001019136584
USLW-APP-20240402-429,2024-04-02,Small Business,425803.0,Inventory,79.0,791-97-9929,Donald Parsons PhD,1994-08-29,Female,Divorced,Bachelor's Degree,423 Doyle Flats Suite 210,Jorgeville,Wisconsin,74982.0,0011200928341,ronaldgrant@johnston.com,Salaried,Pope-Lopez Corp.,16.4,17328.0,125156693.0,Nathan Kane,Sibling,3884657919
USLW-APP-20250315-666,2025-03-15,Personal,3936.0,Medical Expenses,27.0,104-53-4274,William Sanchez,1963-05-10,Female,Separated,Associate's Degree,92994 Terri Islands Apt. 022,Knoxview,Washington,78814.0,0010387227455928,stacyeaton@yahoo.com,Salaried,"Taylor, Ochoa and Mcbride Corp.",8.2,24691.0,15432317.0,James Brown,Sibling,299260472173564
USLW-APP-20240724-988,2024-07-24,Personal,45644.0,Medical Expenses,21.0,862-85-0318,Victoria Ferguson,1978-12-15,Male,Widowed,Associate's Degree,9786 Matthew Forest Apt. 763,South Shannonberg,Alabama,58290.0,10905384731,whoward@lopez.com,Hourly,Morris PLC Corp.,11.4,9156.0,129071266.0,Michelle Rose,Friend,0014353990305305
USLW-APP-20250323-642,2025-03-23,Small Business,427259.0,Startup Costs,39.0,587-05-7700,John White,1987-09-23,Male,Separated,Doctorate,1098 Jessica Pike Apt. 114,New Emilyborough,Alabama,32897.0,4350118276,pcastillo@yahoo.com,Salaried,"Flynn, Ross and Miller Corp.",12.3,29244.0,128489192.0,Brandy Maddox,Spouse,0649114123
USLW-APP-20241028-875,2024-10-28,Personal,17362.0,Other,34.0,658-88-9314,Margaret Martin,1967-07-20,Male,Single,Some College,2459 Mcdaniel Union Apt. 502,Butlerhaven,California,82094.0,1015605257253540,johnsondavid@gmail.com,Salaried,Weeks and Sons Corp.,19.0,14999.0,16585726.0,Christopher Kelley,Friend,2902627907
USLW-APP-20241102-793,2024-11-02,Small Business,275741.0,Working Capital,28.0,312-14-9512,Marissa Watkins,1989-07-29,Female,Married,Some College,3745 Deborah Forks,Seanfort,Colorado,37067.0,2709619186,haley47@barker.com,Self-Employed,Hart Ltd LLC,17.2,20610.0,114650566.0,Michael Cantrell,Spouse,3799806442522
USLW-APP-20241230-118,2024-12-30,Mortgage,214227.0,Home Purchase,230.0,179-24-0258,Mr. Scott Martin,1988-09-14,Female,Married,Master's Degree,10358 Shepherd Locks Suite 625,North Jesse,Michigan,64621.0,115727793796653,amandahowell@garcia.com,Self-Employed,Mullins Inc LLC,12.2,4995.0,98256604.0,Michael Rice,Spouse,54837898629413
USLW-APP-20250310-666,2025-03-10,Small Business,499968.0,Inventory,74.0,368-52-9624,Nicholas Davis,1984-06-01,Male,Single,Doctorate,43234 John Meadow,West Jeffreyburgh,Oklahoma,67611.0,0011924407207,estradajonathan@yahoo.com,Salaried,"Mcconnell, Stevens and Boyer Corp.",15.2,27412.0,73899895.0,Frederick Weaver,Sibling,6911141823
USLW-APP-20241007-422,2024-10-07,Personal,15132.0,Other,33.0,454-20-5215,Robert Peterson,1999-01-06,Female,Married,High School Diploma,630 Gallagher Station,Lesliestad,New Mexico,78555.0,14286071538225,laurawhite@hoffman-torres.com,Salaried,Murphy PLC Corp.,17.8,27787.0,48455536.0,Ashley York,Friend,484929944394798
USLW-APP-20241107-364,2024-11-07,Personal,29503.0,Medical Expenses,58.0,047-23-8192,Mark Barnes,1999-02-26,Male,Separated,Associate's Degree,9326 Brown Drive,South Josephstad,Colorado,6327.0,6594770000643,nmercado@cisneros-bender.com,Salaried,"Barnett, Wright and Christian Corp.",23.1,4399.0,120517318.0,Robert Rogers,Parent,3028538898972
USLW-APP-20241007-934,2024-10-07,Personal,44773.0,Education,42.0,190-78-3933,Larry Daugherty,1958-10-10,Other,Separated,High School Diploma,334 Ashley Landing Apt. 187,Dustinside,Vermont,63848.0,001277312176586743,brenda15@yahoo.com,Self-Employed,Morris and Sons LLC,10.5,6756.0,14655593.0,Steven Martinez,Spouse,530760396475408
USLW-APP-20241228-442,2024-12-28,Personal,21114.0,Vacation,27.0,710-82-3675,David Lewis,1985-04-05,Other,Divorced,Master's Degree,3867 Cobb Summit Suite 459,Port Catherine,Wisconsin,60754.0,5178576767,thomasbrenda@smith-jackson.com,Self-Employed,"Morrison, Burgess and Tate LLC",5.0,24561.0,85012518.0,Lance Fields,Spouse,5543844283
USLW-APP-20240622-508,2024-06-22,Small Business,122958.0,Inventory,80.0,452-66-2712,Cynthia Silva,1969-09-27,Male,Divorced,Associate's Degree,166 Tiffany Expressway,North Donald,Nebraska,76374.0,688014605537665,wgillespie@gonzalez.com,Self-Employed,Davis and Sons LLC,7.9,5824.0,121656799.0,Jennifer Fowler DDS,Parent,00180853054802702
USLW-APP-20250215-892,2025-02-15,Personal,9594.0,Education,44.0,879-61-5781,Ronald Wood,1961-06-05,Other,Divorced,Bachelor's Degree,547 Tyrone Port,East Danaland,Wisconsin,74736.0,8109627625,thomaswilliam@yahoo.com,Self-Employed,"King, Jenkins and Austin LLC",19.2,22725.0,40038456.0,Maria Smith,Parent,153709370012571
USLW-APP-20240605-729,2024-06-05,Personal,20432.0,Education,29.0,602-85-2752,Robert Daniels,1992-02-20,Other,Married,Bachelor's Degree,78419 Zachary Light,Johnside,North Carolina,4722.0,1213706454118887,vsmith@may.com,Self-Employed,Lloyd-Warner LLC,11.3,8325.0,48337052.0,Angelica Lee,Parent,60067377499692
USLW-APP-20241027-307,2024-10-27,Personal,39603.0,Debt Consolidation,42.0,851-22-8382,George King,1986-01-06,Male,Divorced,High School Diploma,79624 Ryan Prairie Suite 699,Mooreland,Rhode Island,42288.0,00165247179143713,julie25@lewis-harrison.com,Salaried,Campbell Inc Corp.,12.7,22718.0,41566095.0,Kayla Herrera,Spouse,00106403265735003
USLW-APP-20241014-361,2024-10-14,Small Business,490759.0,Inventory,59.0,178-53-6162,Christine Smith,2002-08-15,Other,Divorced,Doctorate,801 Macias Estate Apt. 686,Katrinastad,Texas,70665.0,2024596735,grahamshawn@hotmail.com,Hourly,Hubbard LLC Corp.,27.3,17461.0,104785027.0,Ryan Howard,Spouse,55408896085800
USLW-APP-20240922-448,2024-09-22,Mortgage,896318.0,Home Purchase,308.0,152-21-2804,Jason Benson,1999-10-25,Other,Single,Associate's Degree,343 Keith Common,Port Christopherberg,Kansas,8786.0,00131618518129749,dustincalderon@brown.org,Salaried,"Johnson, Mckee and Dixon Corp.",29.2,6546.0,94193677.0,Gregory Zhang,Parent,5385530935451
USLW-APP-20250401-299,2025-04-01,Personal,22203.0,Other,13.0,863-59-3358,Aaron Thomas,1966-02-05,Male,Married,Master's Degree,26423 Morgan Avenue,North Michaelshire,Wisconsin,3716.0,0010538819070696,bruce81@gmail.com,Salaried,Harris and Sons Corp.,29.3,17938.0,29298767.0,Kelly Vasquez,Parent,123353493321629
USLW-APP-20240731-489,2024-07-31,Small Business,13026.0,Startup Costs,32.0,597-73-7421,Juan Sutton,1962-08-15,Other,Single,Master's Degree,0188 White Overpass,Mendozafort,Texas,72628.0,59770337780758,mescobar@hotmail.com,Salaried,"Davis, Gutierrez and Nguyen Corp.",14.3,28199.0,126360750.0,Stephanie Harris,Parent,4141200301
USLW-APP-20240614-153,2024-06-14,Small Business,300811.0,Working Capital,76.0,770-20-3908,William Santiago DDS,2005-08-14,Male,Widowed,Master's Degree,434 Garner Course,Lake Catherinemouth,Nebraska,87021.0,4595085042,hwilcox@gordon-wilson.net,Self-Employed,Silva-Gill LLC,13.8,21998.0,103893651.0,Sarah Hernandez,Sibling,4981751302
USLW-APP-20240404-941,2024-04-04,Auto,48724.0,New Car Purchase,58.0,389-58-1913,Julie Winters,1951-02-13,Female,Married,Doctorate,09853 Clayton Burgs,West Jasonmouth,Montana,49528.0,916564031797445,valeriechavez@yahoo.com,Self-Employed,"Washington, Patel and Castillo LLC",6.3,5477.0,93504283.0,Katie James,Parent,14872995806
USLW-APP-20241021-205,2024-10-21,Personal,27811.0,Medical Expenses,40.0,662-80-7448,Timothy Conrad,1974-06-27,Other,Separated,Bachelor's Degree,643 Yoder Fork,Hammondmouth,Iowa,51883.0,3023022835,mackheather@campbell-lee.com,Hourly,White and Sons Corp.,19.8,13629.0,47434066.0,Tina Jones,Sibling,1342180750999073
USLW-APP-20241214-874,2024-12-14,Personal,32695.0,Medical Expenses,31.0,154-01-0670,Samantha Hart,1988-10-10,Other,Divorced,Some College,285 John Square Suite 349,North Matthew,California,73650.0,0018760666763,tranthomas@frank.com,Salaried,"Manning, Spears and Walker Corp.",10.5,2813.0,88695644.0,Andrea Garrett,Parent,9653249779
USLW-APP-20250112-565,2025-01-12,Small Business,404427.0,Startup Costs,44.0,028-05-0968,Kristen Valenzuela,1965-02-19,Female,Divorced,Master's Degree,23212 Fisher Landing,South Aaron,Louisiana,74881.0,168114049992154,beckerkimberly@yahoo.com,Salaried,Williams-Reese Corp.,25.5,21525.0,49417667.0,Robert Ryan,Parent,38209489195043
USLW-APP-20250222-141,2025-02-22,Small Business,386413.0,Inventory,75.0,299-67-4475,Stacy Pacheco,1989-05-31,Male,Single,Doctorate,687 Kristina Flats Suite 843,Port Robert,Iowa,80546.0,119257169243310,ruth95@taylor.com,Hourly,"Bowen, Bentley and Ware Corp.",7.3,19576.0,114671037.0,Brett Long,Friend,6462376888748
USLW-APP-20240618-773,2024-06-18,Small Business,63146.0,Working Capital,73.0,640-07-3888,JOSHUA MORRIS,1968-10-03,Male,Separated,Master's Degree,24920 Dylan Point,Barrettstad,Vermont,58065.0,123343130865760,vdavis@valencia.com,Hourly,"Cooley, Smith and Burke Corp.",9.8,14938.0,77912053.0,Anthony Cook,Parent,64079027047314
USLW-APP-20250120-545,2025-01-20,Small Business,483208.0,Startup Costs,82.0,106-50-4572,Jessica Wagner,1976-08-05,Male,Married,Some College,95830 Peter Neck,Jasmineton,Nebraska,68821.0,173106238102307,justin59@hotmail.com,Self-Employed,"Tanner, Weber and Smith LLC",16.0,7684.0,23743807.0,Randall Hanson,Spouse,7262920925
USLW-APP-20250118-270,2025-01-18,Mortgage,951454.0,Home Purchase,301.0,152-83-1957,Jennifer Rich,2000-02-27,Male,Widowed,Master's Degree,967 James Fields,West Kirk,Illinois,70467.0,9599033158,josephmarshall@hotmail.com,Salaried,Lopez-Patel Corp.,8.0,2400.0,101221076.0,Nicole Roy,Parent,185679009171403
USLW-APP-20240427-815,2024-04-27,Personal,8496.0,Other,22.0,846-05-4705,Richard Barnett,1997-12-01,Female,Separated,Some College,78935 Brian Locks,East Joshua,Hawaii,49586.0,90997715820297,tammyrobinson@yahoo.com,Self-Employed,"White, Banks and Cannon LLC",12.7,9062.0,126046469.0,Miguel Perry,Sibling,202915528115066
USLW-APP-20240531-467,2024-05-31,Personal,39643.0,Medical Expenses,38.0,744-15-7583,Erica Franklin,1963-07-30,Other,Married,High School Diploma,884 Rodgers Lane Apt. 525,Charlesburgh,North Carolina,82871.0,9619239262,sabrinasanford@wallace-hill.info,Salaried,Bowman-Jones Corp.,17.6,12882.0,125298292.0,Bryan Malone,Sibling,0815324756
USLW-APP-20250112-322,2025-01-12,Small Business,25646.0,Startup Costs,78.0,783-88-4005,Jessica Larson,1955-07-09,Other,Divorced,Master's Degree,914 Wallace Circles Suite 632,New Julie,Hawaii,13303.0,180680292513852,smithstephanie@burke.com,Salaried,"Wheeler, Miller and Ashley Corp.",8.6,6241.0,82141783.0,Michael Poole,Parent,645432511563022
USLW-APP-20250113-718,2025-01-13,Small Business,413391.0,Working Capital,73.0,802-69-5069,Bradley Gilbert,1973-10-20,Male,Widowed,Master's Degree,3109 Misty Cliffs,Gonzalezmouth,West Virginia,35443.0,7227158749,cordovajacob@gmail.com,Self-Employed,"Taylor, Patterson and Morgan LLC",3.5,10418.0,23625815.0,Matthew Whitaker,Spouse,1505087275283561
USLW-APP-20241012-919,2024-10-12,Personal,3769.0,Home Improvement,51.0,719-39-0239,Monica Stein,2002-05-11,Male,Separated,Doctorate,022 Kelly Forest Apt. 060,Allenborough,Texas,52608.0,00109215419201553,esmith@gomez.biz,Self-Employed,Hamilton-Smith LLC,4.2,12260.0,67145128.0,Patrick Wade,Sibling,13068161535
USLW-APP-20240520-163,2024-05-20,Personal,4016.0,Vacation,12.0,568-60-5081,Kevin White MD,1997-03-26,Other,Divorced,Bachelor's Degree,1140 Nichols Squares,East Larry,West Virginia,37496.0,00144150515145472,stephen72@gmail.com,Self-Employed,Snyder Ltd LLC,1.5,13973.0,103562461.0,Kaitlyn Anderson,Parent,001058247135807126
USLW-APP-20250122-294,2025-01-22,Personal,16295.0,Vacation,54.0,833-07-9518,Gregory Sandoval,1987-10-23,Male,Married,Some College,15500 Herrera Overpass Suite 616,Amandaton,West Virginia,98598.0,17052982455,jeffthompson@gmail.com,Self-Employed,Wilson-Robles LLC,15.5,19834.0,38230279.0,George Wilson,Spouse,877026128676850
USLW-APP-20241102-290,2024-11-02,Personal,3230.0,Vacation,53.0,852-32-9348,Alicia Lane,1952-03-04,Other,Divorced,High School Diploma,735 Kimberly Island,Maldonadotown,North Carolina,15006.0,0442727429,fmurray@gmail.com,Self-Employed,"Choi, Dorsey and Murphy LLC",17.8,10401.0,86575151.0,Austin Smith,Friend,1705104643706540
USLW-APP-20240827-571,2024-08-27,Small Business,26480.0,Equipment Purchase,39.0,014-61-5297,Holly Fox,1998-02-16,Female,Widowed,Some College,517 Lopez Parkway Suite 823,Frenchburgh,Connecticut,7576.0,1586266037,danielle54@thompson-smith.com,Salaried,"Martinez, Norman and Alvarez Corp.",22.8,28177.0,64066899.0,Jason Marshall,Sibling,87601270363879
USLW-APP-20241120-558,2024-11-20,Personal,9175.0,Education,60.0,637-37-7801,Joseph Thomas,1982-05-08,Female,Separated,Master's Degree,54431 Brown Causeway Suite 528,Lisafort,Oregon,59538.0,108727816879548,rcox@yahoo.com,Salaried,Odonnell and Sons Corp.,6.2,14499.0,93625544.0,Mr. Benjamin Garza,Friend,9987932875
USLW-APP-20241024-229,2024-10-24,Small Business,101666.0,Startup Costs,81.0,549-20-8166,Tiffany Jensen,1969-03-09,Male,Married,High School Diploma,81505 Anita Lane Suite 379,East Theodorefort,Arkansas,76663.0,369094726515894,perezjessica@gmail.com,Salaried,Dean-Black Corp.,8.9,18482.0,26953623.0,Jacqueline Barnes,Sibling,1322502297988921
USLW-APP-20240808-676,2024-08-08,Personal,1069.0,Other,60.0,430-39-8961,Suzanne Collins,2005-01-21,Female,Widowed,Some College,12586 Lee View Apt. 894,Jonathanfort,Mississippi,83615.0,5383943943,hoffmanerica@gmail.com,Salaried,"Tucker, Conrad and Patton Corp.",2.9,21799.0,38529854.0,Harry King,Spouse,4443586423
USLW-APP-20240918-888,2024-09-18,Personal,12534.0,Home Improvement,30.0,523-07-0053,Christine Farley,1952-07-08,Male,Married,Doctorate,5943 David Via Apt. 372,North Kent,Nevada,11967.0,8064265080794,myerstammy@brown.biz,Salaried,Brown Group Corp.,1.9,25994.0,64388849.0,Richard Adams,Friend,12834498675
USLW-APP-20240424-409,2024-04-24,Personal,13294.0,Vacation,35.0,254-08-8943,Bruce Harrell,1971-06-10,Other,Divorced,Bachelor's Degree,6636 Lori Plains Apt. 466,Daniellemouth,Rhode Island,48792.0,2181170704,baldwinpatricia@medina-west.org,Salaried,Simpson-Moore Corp.,6.9,20726.0,50904570.0,Kathleen Moore DVM,Friend,09570052146660
USLW-APP-20240616-995,2024-06-16,Personal,11647.0,Other,43.0,683-86-3311,Jonathan Phillips,1954-09-15,Female,Single,Doctorate,35302 David Passage,Thomasview,Vermont,44023.0,9469198528621,adamhogan@hotmail.com,Salaried,Soto-Johnson Corp.,2.1,3209.0,84989765.0,Leslie Cooper,Parent,0842133828691
USLW-APP-20250208-657,2025-02-08,Personal,22172.0,Other,28.0,797-53-6489,Maria Stewart,1979-09-11,Male,Single,Associate's Degree,551 Travis Vista Suite 972,Ericbury,Colorado,61885.0,125139752851498,jameschoi@yahoo.com,Salaried,Skinner Ltd Corp.,22.8,28037.0,85729966.0,Matthew Bolton,Parent,4150317565068
USLW-APP-20240910-654,2024-09-10,Small Business,178344.0,Working Capital,39.0,818-61-3231,Roger Hampton,1995-12-15,Female,Divorced,Associate's Degree,79046 Chapman Shoals Apt. 629,Jonesburgh,Arkansas,7013.0,8949940446,oford@gmail.com,Salaried,Aguirre-Lynch Corp.,10.0,7157.0,75929297.0,Jennifer Rubio,Friend,21904629246627
USLW-APP-20250101-876,2025-01-01,Personal,18947.0,Debt Consolidation,19.0,525-89-1538,Tracey Powell,1991-03-30,Female,Single,Bachelor's Degree,91702 Barnett Causeway Suite 741,East Lauraton,Nebraska,62877.0,1937612009163230,inash@thompson.biz,Salaried,Rangel LLC Corp.,18.8,29274.0,12287109.0,Michael Walker,Sibling,3652794332
USLW-APP-20250225-135,2025-02-25,Personal,5987.0,Other,27.0,465-85-7947,Catherine Smith,1993-12-23,Male,Widowed,Bachelor's Degree,7238 Flores Union,Nelsonstad,Oklahoma,80696.0,6377454258524,thomastasha@yahoo.com,Salaried,"Montes, Boyd and Brooks Corp.",1.1,29675.0,44912837.0,Jason Johnson,Parent,10004641971810
USLW-APP-20250104-576,2025-01-04,Personal,41936.0,Home Improvement,25.0,780-19-2521,Lisa Nguyen,1955-08-22,Female,Widowed,Bachelor's Degree,258 Aguirre Gateway Apt. 204,Caseyside,Oklahoma,1104.0,62526111193604,darrenbarber@hotmail.com,Self-Employed,"Cooley, Turner and White LLC",17.0,5981.0,88777229.0,Sarah Diaz,Parent,1679860145762
USLW-APP-20241108-378,2024-11-08,Auto,34763.0,Refinance,61.0,333-77-6528,Jennifer Barnes,1981-05-09,Other,Widowed,Master's Degree,5293 Hernandez Fields,Derekport,Virginia,97289.0,14235219648160,sarah00@gmail.com,Salaried,Schultz-Herman Corp.,2.9,2405.0,79935805.0,Elizabeth Cooper,Sibling,5602930100
USLW-APP-20240915-351,2024-09-15,Small Business,235034.0,Inventory,29.0,182-67-5709,Isabella Williams,1967-01-28,Other,Single,Some College,420 Stokes Orchard,West Cheyenne,Washington,42410.0,8080498712859,catherine93@mathews-fowler.info,Self-Employed,Collins-Mann LLC,4.9,3817.0,61288036.0,Emily Velez,Sibling,18999260345489
USLW-APP-20241013-732,2024-10-13,Personal,24494.0,Vacation,58.0,398-11-9685,Christina Montgomery,1968-11-05,Female,Single,Associate's Degree,2094 Brenda Springs Apt. 781,Lake Karen,South Carolina,38475.0,051000064961578,rodriguezerik@gmail.com,Salaried,Vang LLC Corp.,10.1,16804.0,34586082.0,Kenneth Ryan,Parent,1265282105
USLW-APP-20240605-564,2024-06-05,Mortgage,476618.0,Home Purchase,304.0,329-99-2549,Brendan Ramirez,1970-10-15,Other,Widowed,Some College,50272 Curtis Estates Apt. 550,Johnsontown,Rhode Island,71743.0,507232639816625,kimdorothy@hotmail.com,Salaried,"Olson, Guzman and Munoz Corp.",23.4,11675.0,129834636.0,Teresa Carson,Friend,4966260882
USLW-APP-20240504-478,2024-05-04,Mortgage,479577.0,Home Purchase,205.0,271-42-7960,Donna Norman,1958-09-13,Other,Single,Master's Degree,4126 Ferguson Fields Suite 488,South Monicaland,Louisiana,59459.0,1329846514,cthomas@glover.net,Hourly,"Ryan, Perez and Fisher Corp.",8.8,20795.0,91366520.0,Michael Schmidt,Friend,001057955255898203
USLW-APP-20250309-371,2025-03-09,Small Business,358159.0,Expansion,28.0,453-48-3379,Kerri Salinas,1982-02-15,Female,Single,Doctorate,27547 Ross Centers,Jonathonville,Wisconsin,95384.0,27685544145646,danny87@yahoo.com,Salaried,Alvarado PLC Corp.,13.0,10504.0,35606712.0,Phillip Peters,Sibling,001268166077239224
USLW-APP-20241026-698,2024-10-26,Mortgage,973568.0,Home Purchase,212.0,208-09-8966,John Green,1983-07-23,Other,Separated,Master's Degree,4940 Phillip Ramp Apt. 970,Port Richard,New Mexico,56714.0,18428779818708,kathrynduran@yahoo.com,Salaried,"Osborne, Erickson and Parker Corp.",2.6,12277.0,13232519.0,Cassandra Ryan,Spouse,6618790564
USLW-APP-20240914-559,2024-09-14,Mortgage,320897.0,Refinance,214.0,759-95-1241,William Small,1975-07-12,Female,Married,Associate's Degree,12530 Jackson Pine,Jonesport,Louisiana,1896.0,8715033448820,beth52@yahoo.com,Salaried,Rivera PLC Corp.,9.7,22331.0,87166080.0,Melody Thompson,Spouse,6138239373
USLW-APP-20240531-435,2024-05-31,Personal,18277.0,Home Improvement,51.0,792-91-4849,Mitchell Wood,1974-03-19,Female,Divorced,Bachelor's Degree,649 Michael Roads Apt. 197,Davidstad,South Dakota,15773.0,00185442393109929,khantara@gmail.com,Salaried,George-Burke Corp.,2.6,22277.0,17316114.0,Thomas Diaz,Friend,0908768932
USLW-APP-20241030-342,2024-10-30,Personal,14856.0,Medical Expenses,44.0,270-55-1439,Becky Jones,1981-08-12,Other,Married,Associate's Degree,96861 Joseph Gardens Apt. 118,Ariasbury,Nevada,43073.0,89549898554514,matthew11@davis.com,Salaried,Perez-Hill Corp.,13.7,18981.0,82135265.0,Mark Velez,Parent,7762233091
USLW-APP-20250218-313,2025-02-18,Small Business,471554.0,Inventory,83.0,380-63-8420,Tyler Martinez,1950-07-30,Other,Widowed,Associate's Degree,148 Hannah Points Suite 748,Port Jesseland,Oklahoma,5928.0,1303460388,nicholashood@hotmail.com,Salaried,Mckay PLC Corp.,5.3,6026.0,59692566.0,Rhonda Gilmore,Parent,071250889614041
USLW-APP-20250317-945,2025-03-17,Personal,47093.0,Other,33.0,558-92-8205,Michael Cole,1984-05-26,Female,Divorced,Bachelor's Degree,348 Hansen Cliff Apt. 692,East Michaela,Oregon,43920.0,00132744107034143,shelbyturner@yahoo.com,Salaried,"James, Butler and Wood Corp.",2.0,5875.0,27714612.0,Elizabeth Morris,Sibling,9455494509
USLW-APP-20240703-645,2024-07-03,Auto,41227.0,Refinance,29.0,373-81-1324,Aaron Ramirez,1982-08-13,Other,Widowed,Bachelor's Degree,086 Christopher Terrace,South Curtischester,Rhode Island,41327.0,0915154762,justinadams@gmail.com,Hourly,Craig Inc Corp.,14.0,8801.0,77013619.0,Lori Jacobson,Parent,7603014201
USLW-APP-20240417-719,2024-04-17,Personal,10186.0,Debt Consolidation,20.0,126-34-8336,Deborah Lopez,1974-03-03,Other,Widowed,Master's Degree,9320 Lori Lights Apt. 124,West Alexbury,Nebraska,93373.0,7150943158,frivera@hotmail.com,Salaried,Hanson Inc Corp.,15.3,22822.0,56605831.0,Erika Lee,Friend,00124500154718608
USLW-APP-20241019-379,2024-10-19,Small Business,10832.0,Startup Costs,72.0,421-85-8816,Ryan Adams,1950-06-25,Other,Single,Doctorate,764 Bethany Cape Suite 209,Brandonmouth,South Dakota,9995.0,37437153296739,gfisher@smith.info,Salaried,Myers-Morrison Corp.,28.3,8984.0,63576597.0,Matthew Mason,Spouse,2055462886
USLW-APP-20241119-793,2024-11-19,Personal,28969.0,Home Improvement,53.0,837-68-8665,Victoria Coleman,1968-02-03,Other,Married,High School Diploma,0769 Richmond Lodge Suite 429,Oliviamouth,Wisconsin,71668.0,1695455088617457,kclark@barnett.com,Salaried,Gates-Mcpherson Corp.,19.0,3660.0,128185551.0,Stephen Scott,Parent,1277696657
USLW-APP-20240423-514,2024-04-23,Small Business,261239.0,Working Capital,48.0,423-09-8678,Gary Jones,1965-01-02,Male,Married,Doctorate,8061 Ryan Inlet,Lake Evan,Oklahoma,91658.0,9352834002979,mooredonna@hotmail.com,Salaried,Stokes-Wells Corp.,26.7,7549.0,71968676.0,Pamela Robbins,Spouse,0018974686518320
USLW-APP-20240915-503,2024-09-15,Personal,8329.0,Vacation,15.0,151-14-5787,Julie Thompson,1981-01-07,Other,Married,Master's Degree,7634 Silva Landing,Jonesview,Kansas,22463.0,2133163168,codyramirez@yahoo.com,Salaried,Campbell-Huang Corp.,1.1,11816.0,86220927.0,Melissa Cobb,Sibling,054386879311167
USLW-APP-20250315-496,2025-03-15,Personal,14246.0,Other,23.0,435-92-8363,Jessica Jimenez,1952-11-08,Male,Separated,Master's Degree,300 Smith Union,Michelleberg,Illinois,18479.0,5247277153,qstevens@blair.com,Salaried,"Murray, Mccullough and Williams Corp.",22.8,9155.0,21992896.0,Christopher Estrada,Spouse,0750966034
USLW-APP-20240830-922,2024-08-30,Personal,21910.0,Vacation,43.0,749-43-7326,Jessica Jackson,1996-12-05,Female,Married,Master's Degree,0511 Joseph Turnpike,West Darrenville,South Carolina,92831.0,7454335005603,dmoore@chandler-conrad.info,Salaried,Burton-Campbell Corp.,29.0,10372.0,103063643.0,Brian Hull,Parent,67289135027727
USLW-APP-20250109-891,2025-01-09,Personal,11149.0,Debt Consolidation,24.0,720-19-7440,Andrew Callahan,1980-09-04,Other,Separated,High School Diploma,62529 Deanna Port Suite 804,Hicksborough,Oklahoma,8923.0,3482345184,mcclainronald@gmail.com,Self-Employed,"Shannon, Hoover and Padilla LLC",14.9,7104.0,63774344.0,Manuel Williams,Parent,9379076501
USLW-APP-20250120-860,2025-01-20,Personal,15079.0,Debt Consolidation,23.0,226-48-9687,Kathleen Smith,1973-11-25,Other,Divorced,Doctorate,36370 Harris Lights,Nathanielville,Arkansas,38482.0,439190692223991,kristingreen@yahoo.com,Salaried,Barker PLC Corp.,20.8,16267.0,15006206.0,Michael Perez,Spouse,001722144701150594
USLW-APP-20240815-885,2024-08-15,Mortgage,274061.0,Home Purchase,294.0,120-13-1359,Kyle Long,1996-11-18,Other,Single,Doctorate,85461 Mercedes Views Suite 239,Richville,West Virginia,78193.0,8264595123,wattsapril@jackson.com,Self-Employed,Lopez-Walker LLC,13.0,9569.0,89141773.0,David Nguyen,Friend,1133073613
USLW-APP-20240516-245,2024-05-16,Mortgage,814493.0,Refinance,218.0,171-36-8526,Regina Wilcox,1989-01-02,Other,Separated,Associate's Degree,017 Riley Junction Suite 546,Chadchester,Nebraska,84214.0,298791235043829,michael58@cummings.com,Salaried,Goodwin and Sons Corp.,11.5,8784.0,50532696.0,Philip Smith,Spouse,2962474959
USLW-APP-20240615-608,2024-06-15,Personal,26193.0,Education,47.0,725-03-5954,Matthew West,1986-05-31,Male,Married,Some College,29549 Richard Squares,Katherinestad,Wisconsin,87485.0,11273455880,heathermorris@gmail.com,Self-Employed,Soto-Banks LLC,10.3,21599.0,35753199.0,Renee Bowen,Spouse,3076532626
USLW-APP-20250126-701,2025-01-26,Personal,41785.0,Home Improvement,54.0,452-73-8418,Michael Marshall,1998-02-25,Female,Single,Associate's Degree,76826 Alison Walk,Rangelchester,Iowa,98007.0,5885938453,ipowers@perez.com,Salaried,Nichols-Charles Corp.,25.0,14549.0,120425866.0,Elizabeth Harris,Spouse,1778774943
USLW-APP-20240829-430,2024-08-29,Personal,14827.0,Debt Consolidation,39.0,377-75-5596,Antonio Morgan,1987-01-23,Male,Single,Doctorate,425 Joseph Villages,Jacquelinefurt,Vermont,40949.0,18659374250097,ydavis@gmail.com,Hourly,Fox and Sons Corp.,9.9,28089.0,10893786.0,Benjamin Moore,Spouse,107624711510274
USLW-APP-20240428-332,2024-04-28,Mortgage,812144.0,Home Purchase,226.0,601-29-7502,Sean Lee,1957-05-23,Male,Married,Some College,984 Justin Garden Apt. 326,Lake Kevin,Rhode Island,23368.0,0137915315,forddawn@bradshaw-noble.com,Self-Employed,"Hayes, Garcia and Swanson LLC",18.2,24849.0,123979157.0,Heather Colon,Spouse,0015188058704
USLW-APP-20250215-594,2025-02-15,Personal,18033.0,Other,28.0,481-52-2401,Andrew Jones,2004-08-19,Male,Widowed,High School Diploma,0852 Shaffer Curve,West Markshire,Oklahoma,69020.0,319747811521082,richardsondouglas@vasquez-chandler.org,Salaried,Mitchell PLC Corp.,8.6,20927.0,94516021.0,Juan King,Parent,23499227019814
USLW-APP-20250329-200,2025-03-29,Mortgage,767891.0,Home Purchase,339.0,472-30-7969,Valerie Watson,1997-02-07,Female,Married,Master's Degree,6244 Julia Parks,West Brianview,Nebraska,26508.0,7946956138224,winterssara@huang-contreras.org,Salaried,Sharp Inc Corp.,21.8,7871.0,50590230.0,Dustin Chen,Sibling,738322489582987
USLW-APP-20250312-126,2025-03-12,Personal,21770.0,Home Improvement,34.0,096-17-2328,Stephanie Graham,1994-02-20,Other,Widowed,High School Diploma,22363 Dougherty Lodge Suite 414,Christinehaven,Texas,7595.0,48632048985039,elizabethhull@gmail.com,Salaried,"Lawrence, Kramer and Baker Corp.",27.4,13444.0,95993834.0,Justin Pitts,Friend,0015482899455310
USLW-APP-20241002-931,2024-10-02,Personal,3094.0,Education,53.0,693-22-5071,Courtney Gibson,1968-07-16,Female,Divorced,High School Diploma,0637 James Vista Suite 880,Lake Brendaville,Colorado,9172.0,7455984943231,tphelps@manning.com,Salaried,"Sims, Harper and Lawrence Corp.",28.7,20893.0,12748978.0,Megan Ortega,Parent,0013000581102594
USLW-APP-20240421-808,2024-04-21,Small Business,354942.0,Expansion,81.0,236-30-7094,Beth Hardy,1954-09-01,Other,Divorced,Doctorate,258 Ryan Burg,Lindaport,Nebraska,92488.0,0017400564313193,xlewis@hotmail.com,Salaried,Johnson Inc Corp.,15.3,25263.0,40999320.0,Andrew Guzman,Sibling,2056109793211
USLW-APP-20240717-335,2024-07-17,Small Business,378456.0,Inventory,47.0,620-80-2312,Jimmy Jones,1995-12-04,Female,Single,High School Diploma,36047 Kevin Throughway,Christinehaven,Hawaii,39969.0,166332609398693,andrewbrown@yahoo.com,Hourly,Booker-Valenzuela Corp.,13.0,8629.0,13706142.0,Paula Hernandez,Friend,0015862694836
USLW-APP-20250309-900,2025-03-09,Mortgage,610271.0,Home Purchase,309.0,364-17-6691,Eric Torres,1966-06-08,Female,Married,Bachelor's Degree,055 Melanie Springs Suite 910,Randallburgh,Arkansas,61970.0,1546187767996059,tinasullivan@vaughan.net,Salaried,Ramos Group Corp.,25.3,13122.0,123110233.0,Patrick Green,Sibling,5385123328
USLW-APP-20241019-513,2024-10-19,Personal,8699.0,Other,34.0,387-71-6432,Thomas Martin,1987-08-11,Other,Single,Bachelor's Degree,12471 Foster Trail,Juliabury,Arkansas,7670.0,20352413827525,robinhill@yahoo.com,Salaried,"Ryan, Villarreal and Wright Corp.",28.2,6695.0,19636892.0,Jaime Campbell,Parent,001270133992370619
USLW-APP-20250225-100,2025-02-25,Personal,47674.0,Other,33.0,022-94-5461,Brianna Fitzgerald,1958-06-29,Male,Single,Master's Degree,775 Michael Well,New Danny,Louisiana,43443.0,00102251192030188,solisnicholas@hotmail.com,Salaried,"Reyes, Wilcox and Shelton Corp.",0.9,19908.0,129080435.0,Mr. James Smith DVM,Friend,14742733458
USLW-APP-20250113-864,2025-01-13,Personal,31429.0,Vacation,43.0,424-34-0746,Linda Hall,1999-11-28,Female,Single,Bachelor's Degree,04689 Flores Spurs Apt. 053,East Julie,South Carolina,88841.0,3246618268,andrew81@forbes.info,Self-Employed,Thomas-Rogers LLC,17.6,13004.0,123587248.0,Luke Ryan,Sibling,754646302285273
USLW-APP-20240608-291,2024-06-08,Personal,22982.0,Medical Expenses,55.0,070-03-7120,Sandra Phillips,1978-03-30,Male,Divorced,Master's Degree,05169 Kimberly Drive Suite 897,North Jeffrey,Colorado,89672.0,2346768415879,derek84@hotmail.com,Hourly,"Gonzalez, Kelley and Pope Corp.",6.9,24134.0,24383460.0,Devin Myers,Parent,67766790996818
USLW-APP-20240604-290,2024-06-04,Small Business,380265.0,Inventory,30.0,506-93-7126,John Bradford,2003-09-29,Female,Single,High School Diploma,20332 Thompson Harbor Apt. 974,Webbshire,Ohio,61643.0,577254351263625,aallison@berry-miller.com,Salaried,Jensen-Lewis Corp.,15.1,10112.0,83263220.0,Paul Jackson,Friend,246368702792927
USLW-APP-20250329-371,2025-03-29,Small Business,371994.0,Inventory,37.0,708-89-0767,Michael Sanchez,1979-07-22,Male,Separated,Master's Degree,5770 Brent Port,South Tiffany,Wisconsin,3422.0,10948844592,daniellepark@galvan.net,Hourly,Powell-Flores Corp.,28.4,10161.0,63336753.0,Kiara Carson,Parent,0368236282
USLW-APP-20241106-437,2024-11-06,Auto,16478.0,Used Car Purchase,54.0,511-33-4677,Andrew Rogers,1991-12-13,Male,Married,Master's Degree,531 Tommy Mission,Whitemouth,South Dakota,12367.0,2671317714366,lonnieharvey@boyd.biz,Salaried,Wiggins PLC Corp.,3.8,16922.0,85266801.0,Veronica Johnson,Friend,8522653543
USLW-APP-20240724-149,2024-07-24,Personal,31736.0,Vacation,15.0,387-48-7140,Cynthia Meza,1954-04-23,Male,Single,Associate's Degree,64266 Watson Street,New John,Kansas,4346.0,9366703175073,lowejames@hotmail.com,Salaried,Griffin PLC Corp.,2.8,15186.0,119205343.0,Timothy Perry,Spouse,12462259357253
USLW-APP-20241108-142,2024-11-08,Mortgage,960667.0,Refinance,333.0,817-04-5870,David Powell,1996-09-03,Male,Married,Bachelor's Degree,56591 Hayes Points Apt. 067,Davidside,South Dakota,28195.0,2802099554059,christopher38@hotmail.com,Salaried,Wilson-Robinson Corp.,19.2,14179.0,12777363.0,Nancy Myers,Spouse,9727790352
USLW-APP-20240426-538,2024-04-26,Small Business,351736.0,Inventory,72.0,486-32-2038,Michael Wallace,2001-04-19,Other,Married,Bachelor's Degree,35697 Taylor Keys Suite 059,Lake Sean,Arkansas,65739.0,1971261400069,tracyhill@hotmail.com,Salaried,Johnson Inc Corp.,13.0,3746.0,94014675.0,Darlene Ortiz,Parent,001916677935964861
USLW-APP-20240419-143,2024-04-19,Personal,20690.0,Medical Expenses,58.0,027-79-6310,Mary Barry,1981-10-17,Male,Separated,High School Diploma,48502 Atkinson Hill Apt. 711,South David,Virginia,54561.0,2431030781,krodgers@hotmail.com,Self-Employed,"Ponce, Gregory and Torres LLC",8.3,15131.0,91659486.0,Danny Barry,Sibling,53036068050429
USLW-APP-20240906-633,2024-09-06,Auto,74196.0,New Car Purchase,46.0,548-94-6932,Amanda Harvey,1991-03-13,Female,Single,Some College,72414 Troy Causeway Suite 472,Angelaview,Oklahoma,51130.0,4640536631,jamesnorton@hotmail.com,Salaried,Cooper Ltd Corp.,22.5,17901.0,15849874.0,Jill Garza,Spouse,0013740673750
USLW-APP-20240410-166,2024-04-10,Mortgage,177096.0,Home Purchase,330.0,564-79-2707,Melanie Chavez,1977-07-03,Male,Widowed,Some College,550 Jasmine Inlet,North Phillipton,Michigan,17886.0,57087387892706,kdiaz@yahoo.com,Salaried,Guzman-Garcia Corp.,29.1,17069.0,108927098.0,Rachel Johnson DVM,Sibling,659296267611083
USLW-APP-20240617-882,2024-06-17,Personal,42017.0,Vacation,28.0,146-81-0088,Tiffany Williams,1964-02-14,Other,Separated,Bachelor's Degree,91635 Michelle Spurs,Walkerchester,Ohio,36098.0,6028111350,uchang@armstrong-watson.org,Self-Employed,Vaughan Inc LLC,5.6,24104.0,71813307.0,Kathy Clark,Friend,7374352186
USLW-APP-20240904-571,2024-09-04,Personal,41100.0,Education,14.0,627-91-7727,Brent Reed,1967-05-07,Female,Widowed,Associate's Degree,08462 Smith Port Suite 559,East Amy,Hawaii,88597.0,11125342065,pagegeoffrey@yahoo.com,Self-Employed,Johnston LLC LLC,9.0,3212.0,24625775.0,Jennifer Carter,Friend,807522850070445
USLW-APP-20250226-867,2025-02-26,Small Business,107462.0,Startup Costs,71.0,619-31-3665,Caleb Olsen,1982-03-08,Male,Married,Bachelor's Degree,699 Linda Isle,Ambermouth,Ohio,68402.0,18753059337,estesjohn@bond.org,Salaried,Bailey-Jordan Corp.,13.3,11559.0,58145001.0,Mary Howell,Sibling,1395851777534891
USLW-APP-20250109-342,2025-01-09,Personal,29499.0,Medical Expenses,23.0,168-41-8722,April Reynolds,1976-09-12,Female,Married,Associate's Degree,24131 Erin Tunnel Suite 789,Christopherburgh,Oregon,67634.0,143006971667923,annetteyoung@yahoo.com,Self-Employed,Smith Inc LLC,10.8,3975.0,38035568.0,James Liu,Spouse,16980074718888
USLW-APP-20240417-515,2024-04-17,Mortgage,710618.0,Home Purchase,299.0,739-11-0700,Andrew Lee,1980-08-17,Male,Married,Bachelor's Degree,23038 Erin Trail,Kennethburgh,Texas,21124.0,2414943347872,simmonstonya@yahoo.com,Salaried,"Guerra, Woods and Collins Corp.",6.9,20809.0,72289998.0,Chad Phillips,Parent,2860712247
USLW-APP-20240808-500,2024-08-08,Small Business,461198.0,Startup Costs,48.0,730-47-9129,Sarah Graves,1994-07-12,Male,Divorced,High School Diploma,497 George Forges,North Nicoleside,Iowa,95612.0,3309432483,edwardsantos@diaz.info,Salaried,Chang-Robertson Corp.,18.5,12237.0,25291399.0,Charlene Cisneros,Friend,7334360524
USLW-APP-20240926-668,2024-09-26,Auto,15775.0,New Car Purchase,53.0,062-04-1100,Mr. Sean Knox,1996-11-15,Other,Separated,Associate's Degree,06462 Elijah Island,Harmonbury,West Virginia,55299.0,8696839787516,brenda76@hotmail.com,Salaried,Andrews-Mccarthy Corp.,17.9,18385.0,106690343.0,Megan Parks,Spouse,1893154128
USLW-APP-20240628-692,2024-06-28,Mortgage,739075.0,Home Purchase,231.0,492-58-2054,Laura Mitchell,1955-07-01,Female,Widowed,Associate's Degree,910 Susan Harbors,Salinasborough,Connecticut,87744.0,7785089582102,nnorris@yahoo.com,Self-Employed,Marks-Salazar LLC,18.2,21131.0,56177767.0,David Cox,Friend,8818660298145
USLW-APP-20240424-200,2024-04-24,Personal,21194.0,Debt Consolidation,58.0,816-25-5640,Ashley Williamson,1996-12-30,Other,Divorced,Bachelor's Degree,9979 Krueger Roads Suite 680,South Isaac,Vermont,87245.0,08982571342338,millerbryan@yahoo.com,Salaried,Thompson PLC Corp.,20.6,3679.0,62235224.0,Shannon Wolfe,Spouse,13748364772182
USLW-APP-20240622-294,2024-06-22,Small Business,316154.0,Inventory,27.0,530-82-1150,Karen Farmer,1996-06-17,Other,Divorced,Associate's Degree,62491 Carter Forges,East Donna,Texas,89949.0,00183484368216392,stephenclark@heath.com,Salaried,Austin-Jimenez Corp.,4.4,22394.0,42695826.0,Kimberly King,Sibling,2812976838326
USLW-APP-20240906-756,2024-09-06,Personal,18042.0,Vacation,42.0,004-23-2626,Heather Bentley,1979-12-28,Male,Widowed,Some College,7087 Jerome Cliff,Sheltonstad,Vermont,7437.0,7255480588,jonessamuel@hotmail.com,Salaried,"West, Yates and Reed Corp.",2.7,27339.0,14922886.0,Misty Martin,Sibling,4259447187
USLW-APP-20240826-386,2024-08-26,Personal,49048.0,Education,27.0,322-23-1924,Michael Gordon,1975-01-06,Male,Separated,Some College,20364 Jennifer Key,New Garytown,Iowa,64261.0,35778964071579,elliottcaitlyn@hotmail.com,Salaried,"Baker, Parks and Edwards Corp.",4.8,14423.0,111388857.0,Trevor Cole,Friend,4565357014
USLW-APP-20250220-633,2025-02-20,Mortgage,599052.0,Home Purchase,189.0,544-56-0434,Scott Garrett,1993-07-11,Other,Single,Doctorate,66865 Green Manors,West Anthony,Oklahoma,3707.0,001503102385370439,mmiller@best.biz,Salaried,"Wilson, Rogers and Maddox Corp.",10.5,7187.0,29549704.0,Claudia Nielsen,Sibling,4552686005
USLW-APP-20241002-449,2024-10-02,Mortgage,76401.0,Refinance,218.0,823-94-7254,Laura Poole,1968-08-31,Female,Single,Associate's Degree,36202 Ethan Prairie Suite 733,East Nathan,Wisconsin,77253.0,0248020312,ortizjonathan@hotmail.com,Salaried,Knight-Burke Corp.,23.6,10454.0,36778490.0,Travis Lopez,Sibling,8966469825
USLW-APP-20240603-849,2024-06-03,Small Business,241284.0,Equipment Purchase,65.0,353-35-4125,Robert Larson,1993-07-14,Other,Separated,Some College,417 Tamara Keys,Jenniferton,Louisiana,12765.0,9710109622,andersonkevin@mora.biz,Salaried,Hardy LLC Corp.,29.3,26639.0,39135409.0,Stephen Wilson,Spouse,18653040227
USLW-APP-20240920-938,2024-09-20,Auto,54344.0,Refinance,72.0,194-83-2850,Casey Carter,1997-11-13,Male,Separated,Associate's Degree,418 Baker Place Apt. 268,Amandaburgh,Iowa,60571.0,57015374979678,robertadkins@hotmail.com,Self-Employed,Martinez Ltd LLC,2.8,23187.0,31306003.0,Shawn Smith,Spouse,0535705653
USLW-APP-20240914-634,2024-09-14,Personal,5634.0,Medical Expenses,39.0,200-65-5431,Linda Campbell,1995-09-24,Other,Divorced,High School Diploma,04469 Johnson Viaduct,Kristinberg,Iowa,94312.0,146967643715877,gabriellewilson@yahoo.com,Salaried,Moore Inc Corp.,14.6,3706.0,29950487.0,Alex Page,Spouse,17084127735
USLW-APP-20240707-805,2024-07-07,Small Business,373505.0,Startup Costs,63.0,493-73-9812,Krystal Brown,1953-05-20,Female,Married,Some College,3151 Mendez Ridges Suite 567,Reevesfurt,Alabama,58230.0,0674616647490,nicholas13@williams.net,Salaried,Huerta-Salinas Corp.,13.2,16356.0,33844673.0,Olivia Howard,Parent,165107997378156
USLW-APP-20240618-676,2024-06-18,Mortgage,773554.0,Home Purchase,180.0,689-62-1396,Mr. Shawn Higgins,1962-11-03,Other,Single,Bachelor's Degree,04373 Vincent Flats,New Amber,Nevada,43131.0,6322547199,mvalentine@gmail.com,Salaried,"Barber, Rios and Pace Corp.",19.5,2692.0,85705223.0,Jessica Johnson,Parent,6311781011
USLW-APP-20240722-832,2024-07-22,Mortgage,883867.0,Refinance,252.0,403-50-6012,Amber Ramos,2005-11-03,Female,Widowed,Some College,6431 Wade Roads,West Charlesfort,Rhode Island,32438.0,759131806508289,michaelfernandez@morgan.com,Salaried,Carter and Sons Corp.,26.8,29437.0,45516795.0,Eugene Pena,Parent,2029675838
USLW-APP-20241219-567,2024-12-19,Personal,20231.0,Home Improvement,27.0,524-56-3918,Leonard Carter,1970-12-03,Other,Single,Some College,441 Garcia Drive Suite 524,Port Brentside,North Carolina,68092.0,1522412109,clong@yahoo.com,Salaried,"Ramirez, Love and Rojas Corp.",2.5,3116.0,122015436.0,Yolanda Phillips,Parent,2482012343
USLW-APP-20240407-561,2024-04-07,Personal,5224.0,Debt Consolidation,31.0,722-58-5463,Lawrence Kim,1999-04-12,Other,Married,Master's Degree,930 Kevin Sts Suite 490,South Paul,Iowa,68333.0,8365002432,gallegoskathy@yahoo.com,Hourly,Logan Group Corp.,17.4,3815.0,11289933.0,Mark Cruz,Parent,6599869659
USLW-APP-20240804-927,2024-08-04,Personal,18331.0,Education,28.0,478-50-4961,Jennifer Johnson,1965-08-05,Female,Divorced,Bachelor's Degree,484 Penny Causeway Suite 021,Kristinaport,Alaska,11544.0,19037739845,robert96@hotmail.com,Salaried,Wise Inc Corp.,19.8,8109.0,108520699.0,Robert Smith,Parent,1330572826
USLW-APP-20250208-123,2025-02-08,Auto,72633.0,Refinance,68.0,673-19-7555,Michael Thomas,1950-02-24,Other,Separated,Associate's Degree,735 Roberson Roads Suite 152,South Brandonton,Alaska,11352.0,08246478780259,katrinanichols@hotmail.com,Self-Employed,Evans-Lopez LLC,12.8,13553.0,31842774.0,Mrs. Dawn Russell MD,Spouse,1827728772650032
USLW-APP-20240503-423,2024-05-03,Mortgage,179721.0,Refinance,261.0,537-21-8799,Kari Kline,1994-10-07,Other,Divorced,Bachelor's Degree,20217 Carla Passage Suite 896,New Katrina,Wisconsin,50600.0,618149646263965,grantdavid@murphy.com,Salaried,"Carney, Combs and Saunders Corp.",27.4,13077.0,33286370.0,Matthew Alvarez,Spouse,50581533828141
USLW-APP-20241123-768,2024-11-23,Personal,6387.0,Medical Expenses,55.0,377-10-1989,Gregory Brewer,1976-11-21,Other,Widowed,High School Diploma,6266 Sosa Manors Suite 656,Hopkinsland,Mississippi,47280.0,871021651150685,amandachristensen@adams.com,Salaried,Miller Ltd Corp.,10.5,28800.0,21597356.0,Robert Warren,Spouse,1011835825
USLW-APP-20240430-476,2024-04-30,Personal,45266.0,Medical Expenses,32.0,585-07-0846,Evan Monroe,1969-06-07,Male,Single,Bachelor's Degree,95548 Carl Greens Apt. 059,New Rachelberg,Washington,18071.0,16668928490945,michaeljackson@fox-blair.com,Salaried,Jackson-Jones Corp.,4.3,25297.0,97877055.0,Jason Oconnor,Friend,001561866026348778
USLW-APP-20241220-230,2024-12-20,Personal,26017.0,Home Improvement,46.0,683-99-6800,Benjamin Randall,1959-01-02,Female,Divorced,Master's Degree,05079 Bailey Tunnel Suite 628,Melanieland,North Carolina,815.0,001538652668329113,lgarcia@hotmail.com,Salaried,"Fisher, Green and Gray Corp.",11.1,20885.0,126031186.0,Kelly Ray,Parent,8875286892
USLW-APP-20250209-781,2025-02-09,Auto,51382.0,Used Car Purchase,53.0,747-95-4616,Crystal Meadows,1966-05-29,Other,Divorced,Associate's Degree,5270 Anna Locks Apt. 451,Jamesfort,Wisconsin,6979.0,539646288859150,awarren@gmail.com,Salaried,"Horton, Lewis and Colon Corp.",7.0,5371.0,122020049.0,Matthew Coleman,Friend,75979523931828
USLW-APP-20250209-354,2025-02-09,Personal,6465.0,Home Improvement,38.0,826-93-5737,Keith Branch,1984-01-20,Other,Divorced,Associate's Degree,852 Robertson Extensions,New Stephanie,North Carolina,28708.0,13155257897,karen61@gmail.com,Salaried,Kelley-Clark Corp.,6.5,16389.0,15240651.0,Tammie Leon,Spouse,0310793255
USLW-APP-20240914-901,2024-09-14,Mortgage,834991.0,Home Purchase,190.0,371-64-0736,Christopher Hunt,1997-12-16,Male,Separated,Doctorate,44488 Bean Turnpike,East Brookeside,West Virginia,64047.0,0013797286456,robertspatrick@herrera.com,Salaried,Jackson Ltd Corp.,18.0,15756.0,108039889.0,Mrs. Danielle Welch,Sibling,02952325615643
USLW-APP-20250313-440,2025-03-13,Small Business,444920.0,Expansion,74.0,514-30-6639,Dan Williams,1998-01-26,Male,Married,Doctorate,1219 Lowe Point Apt. 255,Copelandport,Rhode Island,89247.0,8332325272,monique03@yahoo.com,Salaried,Garner-Todd Corp.,22.8,17016.0,110203522.0,Nicole Flynn,Spouse,0011651468681
USLW-APP-20241210-198,2024-12-10,Mortgage,62044.0,Home Purchase,321.0,686-40-5274,Daniel House,1958-12-12,Female,Married,High School Diploma,621 Smith Wells,Taylorhaven,Texas,79924.0,671941228197474,shawkins@hotmail.com,Salaried,Sanders-Rush Corp.,11.7,16009.0,71807148.0,Ashley Ho,Parent,0012190205037004
USLW-APP-20241214-144,2024-12-14,Auto,31763.0,New Car Purchase,43.0,168-67-9369,Mario Smith,1955-10-29,Female,Single,Master's Degree,08663 Peter Club,Laraberg,Hawaii,14523.0,623734465058236,john99@yahoo.com,Salaried,Pratt-Harris Corp.,10.7,16341.0,31594970.0,William King,Sibling,00133959245694847
USLW-APP-20250106-185,2025-01-06,Mortgage,467958.0,Home Purchase,254.0,002-16-7930,Justin Golden,1956-07-05,Male,Widowed,Doctorate,85613 Laurie Lakes Apt. 292,Katherinemouth,Michigan,87455.0,9108417572,parkshelby@hotmail.com,Self-Employed,"Palmer, Brown and Thompson LLC",9.1,6577.0,117706530.0,Aaron Lee,Friend,6480863350
USLW-APP-20240728-293,2024-07-28,Mortgage,915134.0,Refinance,185.0,560-32-0515,James Holloway,1989-03-02,Male,Separated,Bachelor's Degree,490 Carol Centers Apt. 691,Katieshire,West Virginia,75246.0,8814407827,ewilson@hotmail.com,Hourly,Tyler PLC Corp.,13.1,22922.0,49639610.0,Joshua Moreno,Spouse,249470234920540
USLW-APP-20240428-203,2024-04-28,Personal,4263.0,Debt Consolidation,22.0,424-97-8552,Philip Crawford,1995-10-07,Male,Married,Associate's Degree,1246 Thompson Pass,West Scottberg,Nevada,72736.0,4486693709124,jonathanflores@yahoo.com,Self-Employed,Blair PLC LLC,9.6,3628.0,23033889.0,Katie Heath,Spouse,14633403820699
USLW-APP-20240817-758,2024-08-17,Mortgage,433365.0,Refinance,268.0,072-78-5756,Timothy Robinson,1991-08-12,Female,Separated,Associate's Degree,801 Olson Parkways Suite 459,North Lisa,Oklahoma,830.0,0012232784375318,andrewwarren@gonzalez-gaines.com,Salaried,Wilson LLC Corp.,23.4,29451.0,21583137.0,Bruce Mora,Parent,0012247858071
USLW-APP-20240805-108,2024-08-05,Mortgage,524252.0,Refinance,273.0,770-21-1561,Christina Rowland,1958-10-27,Male,Single,Associate's Degree,380 Vincent Mountains Suite 016,Port Jimmy,Alabama,73450.0,8639269496,lewismark@monroe-hunter.com,Salaried,Villegas PLC Corp.,14.9,20699.0,117479281.0,Robert Booth,Friend,4139205400
USLW-APP-20250321-984,2025-03-21,Personal,27825.0,Debt Consolidation,13.0,466-88-3131,Marc Morales,1971-04-13,Female,Separated,High School Diploma,486 Stevens Forest Apt. 705,South Jamesland,Alaska,47999.0,85899340212421,wkoch@mitchell-williams.com,Salaried,Perez-Boyer Corp.,21.7,21315.0,51437761.0,James Fitzgerald,Parent,196153240564233
USLW-APP-20241120-954,2024-11-20,Small Business,408241.0,Equipment Purchase,52.0,027-10-9511,ERIC JENSEN,1983-12-23,Male,Separated,Doctorate,83340 Stephanie Village,Lake Alan,West Virginia,35261.0,0011930049806,origgs@yahoo.com,Hourly,"Donovan, Garza and Carter Corp.",20.4,22626.0,114967165.0,Belinda Gonzalez,Parent,2587946475
USLW-APP-20241221-230,2024-12-21,Mortgage,491223.0,Home Purchase,202.0,372-77-2489,Jonathan Mitchell,1963-01-21,Female,Single,High School Diploma,86653 Carter Mission,North Mariashire,Wisconsin,83247.0,1091084757,christinahawkins@yahoo.com,Salaried,Matthews-Thomas Corp.,20.8,2697.0,47334399.0,Matthew Benson,Spouse,54236828220792
USLW-APP-20240917-439,2024-09-17,Mortgage,341995.0,Refinance,315.0,343-51-7018,Elizabeth Logan,1999-06-20,Female,Divorced,Doctorate,03771 Copeland River Suite 555,West Stephaniemouth,Illinois,25974.0,1552809304863094,hannahrivera@yahoo.com,Salaried,Moreno-Owen Corp.,10.4,7251.0,114544067.0,Olivia Lee,Friend,81381724380242
USLW-APP-20240826-678,2024-08-26,Mortgage,430843.0,Refinance,283.0,264-42-6930,Linda Hernandez,1955-06-13,Male,Married,High School Diploma,057 Brown Loaf Suite 559,East Austinchester,West Virginia,88248.0,4065469079,michaelrobinson@andrews.com,Salaried,"Clarke, Choi and Huff Corp.",21.5,28595.0,116262897.0,Robert Curtis,Spouse,1932332429442028
USLW-APP-20241120-834,2024-11-20,Small Business,347077.0,Equipment Purchase,69.0,318-87-1558,Julie Davis,1976-10-28,Male,Separated,Doctorate,0723 Eduardo Run Apt. 607,Morganside,Wisconsin,93066.0,2089573057,james74@anderson.net,Salaried,"Gregory, Jacobs and Villegas Corp.",24.1,9639.0,119820391.0,Paige Mcdonald,Spouse,8505480293
USLW-APP-20240825-559,2024-08-25,Small Business,370120.0,Expansion,47.0,407-68-2120,Bruce West,1949-11-25,Female,Separated,Doctorate,969 Alvarez Dam,Carlsonbury,Texas,31374.0,15800524729993,maria68@yahoo.com,Salaried,Garner and Sons Corp.,7.7,11108.0,77154523.0,Billy Carlson,Spouse,4200022887
USLW-APP-20240509-101,2024-05-09,Personal,3233.0,Medical Expenses,14.0,519-22-5409,Monica Sullivan,2001-01-16,Male,Single,Associate's Degree,3273 Jeremy Locks Apt. 510,North Sara,Montana,57045.0,7323740948,shelby44@yahoo.com,Salaried,Nguyen Group Corp.,28.1,10186.0,117083981.0,Michael Patterson,Parent,16997243039889
USLW-APP-20250329-704,2025-03-29,Mortgage,332210.0,Refinance,338.0,438-42-0089,Joseph Murphy,1964-01-16,Male,Divorced,Associate's Degree,210 Tracey Circles,Jamesbury,Iowa,99622.0,18492870213,frankwilliams@yahoo.com,Salaried,Moore Ltd Corp.,2.5,8144.0,14740709.0,Russell Espinoza,Spouse,9369876230
USLW-APP-20241112-107,2024-11-12,Personal,33305.0,Medical Expenses,34.0,691-99-7566,Michael Cruz,1977-01-22,Male,Widowed,High School Diploma,88691 Hernandez Orchard Suite 023,Christopherfurt,Alaska,2695.0,15065989980,julie93@jacobs-lynn.net,Salaried,"Castro, Clark and Lozano Corp.",14.4,29747.0,70044025.0,Bruce Jackson,Friend,033202698756185
USLW-APP-20240718-447,2024-07-18,Personal,43501.0,Home Improvement,30.0,256-32-1286,Cassandra Chapman,1981-09-15,Female,Single,Master's Degree,1054 Edward Circle Suite 060,East Tammy,Alabama,41618.0,02410052968077,aprilbuchanan@williams.org,Salaried,Santana Group Corp.,24.9,20788.0,120687125.0,Zachary Vega,Friend,00172507860183817
USLW-APP-20240726-235,2024-07-26,Personal,43725.0,Vacation,31.0,310-09-1916,Juan Kennedy,1949-11-06,Other,Divorced,Some College,902 Marissa Pike,Lisaside,Illinois,99454.0,304744934308374,gellis@hanson-proctor.com,Salaried,"Larsen, Howard and Farmer Corp.",18.6,11080.0,64516514.0,Daniel Parker,Sibling,5509887642881
USLW-APP-20240404-396,2024-04-04,Mortgage,93201.0,Home Purchase,304.0,415-31-4642,Janet Browning,1974-08-18,Female,Single,High School Diploma,6311 Compton Islands Apt. 851,Youngberg,Iowa,26241.0,9740977968,lwhite@gmail.com,Salaried,Crawford PLC Corp.,8.2,3383.0,19668080.0,Jacob Thompson,Sibling,6220108570
USLW-APP-20240705-954,2024-07-05,Personal,33796.0,Debt Consolidation,29.0,480-27-3473,Christopher Ritter,1989-01-05,Female,Single,Doctorate,5753 Steven Circles,Franciscoton,Illinois,19776.0,5923556959,marywilliams@hotmail.com,Self-Employed,Martin-Jackson LLC,2.5,12430.0,40802640.0,William Merritt,Spouse,0182556155
USLW-APP-20250114-468,2025-01-14,Personal,1441.0,Education,56.0,193-53-9215,Eric Robinson,1988-05-25,Male,Single,Bachelor's Degree,50545 Tiffany Row,Danielleview,Mississippi,44348.0,780880848606547,kimberly32@hotmail.com,Self-Employed,Torres Ltd LLC,12.2,22024.0,43036785.0,Amber Harris,Parent,7995633152749
USLW-APP-20241106-936,2024-11-06,Mortgage,682115.0,Refinance,196.0,245-01-6186,Matthew Payne,1999-05-09,Other,Divorced,Master's Degree,140 Patricia Landing Suite 721,Bentonmouth,Nebraska,26044.0,1691546900,lcox@barajas.com,Salaried,"Peterson, Bush and Reed Corp.",8.4,9244.0,86743161.0,Stephen Collins,Spouse,14796723517561
USLW-APP-20240828-489,2024-08-28,Mortgage,337236.0,Refinance,249.0,812-95-5597,Anna Shaffer,1956-03-02,Other,Widowed,Associate's Degree,628 Lawrence Stravenue Suite 549,South Denise,Illinois,29751.0,14515177593300,danielcastillo@johnson-brooks.net,Salaried,"Boyd, Hutchinson and Burch Corp.",26.0,27994.0,26611703.0,Andrew Brennan,Friend,0018743887099
USLW-APP-20240714-356,2024-07-14,Personal,30579.0,Other,26.0,857-01-0392,Joshua Bond,1985-08-29,Other,Single,Associate's Degree,22385 Eric Trace Apt. 013,New Laura,Nebraska,34167.0,11556972670545,ifisher@morris.com,Self-Employed,Sullivan-Johnson LLC,6.4,14078.0,28568171.0,Cameron Sanders DDS,Friend,854049940273134
USLW-APP-20240910-706,2024-09-10,Personal,34308.0,Other,45.0,538-79-8909,Lucas Evans,1999-08-28,Other,Divorced,High School Diploma,630 Copeland Summit Apt. 616,South Sarah,Colorado,86588.0,6415968392,crystal95@clark-wong.com,Salaried,Holmes-Pierce Corp.,22.1,15048.0,41493621.0,Michael Pugh,Friend,3966114807
USLW-APP-20250101-547,2025-01-01,Small Business,345975.0,Working Capital,44.0,740-78-2863,Elizabeth Mendez,1984-07-11,Female,Widowed,High School Diploma,49845 Sean Mount,Casemouth,Colorado,41604.0,5233434639,scottbrittany@martinez.com,Salaried,"Lambert, Johnson and Woods Corp.",17.4,28258.0,61319743.0,Candice Obrien,Spouse,4516038468
USLW-APP-20240610-781,2024-06-10,Personal,15459.0,Debt Consolidation,30.0,861-45-6825,Alex Mills MD,1987-10-19,Other,Widowed,High School Diploma,922 Garcia Lane Suite 238,Carrmouth,Virginia,3424.0,170741148722089,mooredanielle@mccann.info,Salaried,Aguilar PLC Corp.,10.3,16776.0,36120297.0,Jonathan Cole,Sibling,1825128774
USLW-APP-20240605-419,2024-06-05,Small Business,377713.0,Startup Costs,84.0,669-46-5819,Jessica Hopkins,1955-11-23,Male,Single,Doctorate,74779 Victoria Freeway Apt. 725,Thomasbury,Alaska,98468.0,21137826276109,wrussell@hotmail.com,Self-Employed,Mcclain Inc LLC,4.1,10532.0,41862249.0,Jeffrey Cooper,Friend,8259114954
USLW-APP-20240606-917,2024-06-06,Personal,20061.0,Vacation,38.0,899-99-1930,Lisa Martinez,1958-05-05,Other,Single,Master's Degree,94816 Thompson Prairie Apt. 651,Hansonville,Iowa,35410.0,1348560624,sherry66@smith.com,Salaried,"Simpson, Chandler and Lewis Corp.",12.5,16077.0,59910439.0,Michelle Harris,Parent,1984604417141110
USLW-APP-20240403-928,2024-04-03,Personal,32536.0,Debt Consolidation,22.0,045-92-0681,Charles Nicholson,1984-12-21,Other,Separated,High School Diploma,38820 Angela Circles,Collinsburgh,Oklahoma,18938.0,4764579345,robertharris@gmail.com,Self-Employed,Farrell-James LLC,16.4,23385.0,58538498.0,Gwendolyn Walters,Spouse,0014617601833
USLW-APP-20240928-615,2024-09-28,Personal,18683.0,Vacation,60.0,179-80-5040,Heidi Phillips,2007-02-17,Other,Separated,Bachelor's Degree,9872 Timothy Cove Apt. 015,Karenland,Connecticut,42479.0,8691366215910,nicole46@gmail.com,Salaried,Davis-Lam Corp.,17.7,26204.0,11162089.0,Howard Hansen,Parent,02795792674354
USLW-APP-20241026-311,2024-10-26,Mortgage,931684.0,Refinance,272.0,333-41-9402,Ana Allen,1962-12-16,Female,Separated,Associate's Degree,5573 Jason Flats Suite 421,Toddfurt,Oregon,70651.0,90389157667199,pgonzales@mcdonald.org,Salaried,"Brooks, Hatfield and Valentine Corp.",28.2,27825.0,104543395.0,Jonathan Maxwell,Spouse,4666685648
USLW-APP-20240526-742,2024-05-26,Personal,23001.0,Vacation,20.0,596-91-8827,Jorge Walker,1978-06-04,Female,Widowed,Master's Degree,285 Sabrina Landing Apt. 152,South Jenniferborough,Hawaii,20360.0,0011325030778,mccluredonald@gmail.com,Salaried,Morrison Ltd Corp.,16.4,6352.0,115762424.0,Brandon Reed,Friend,619728256143209
USLW-APP-20250207-611,2025-02-07,Small Business,161965.0,Expansion,27.0,860-58-6415,Sherry Neal,1954-11-17,Female,Separated,Doctorate,3477 Andrew Grove Apt. 162,Port Dakota,Nebraska,76536.0,0015709475011697,philip07@zamora-rodriguez.com,Salaried,Dougherty-Huang Corp.,6.0,11990.0,122951833.0,Peter Russo,Parent,4975585260
USLW-APP-20240916-207,2024-09-16,Personal,7980.0,Medical Expenses,36.0,875-86-9666,Jessica Gallegos,1989-04-30,Other,Separated,High School Diploma,0378 Lori Unions,North Jeremyfurt,Colorado,64873.0,1725490202404302,sharonpowell@black.com,Salaried,Hart Inc Corp.,19.5,27842.0,125525211.0,Jacob Young,Sibling,1217914122968361
USLW-APP-20240804-502,2024-08-04,Small Business,149813.0,Working Capital,62.0,150-02-3196,Casey Dixon,1979-12-11,Other,Single,Master's Degree,4670 Bell Creek Apt. 334,Andrewtown,South Dakota,46805.0,448956322084358,karlalee@nguyen.com,Hourly,Ruiz Inc Corp.,5.7,19440.0,80551388.0,Laura Perez,Friend,7023225739
USLW-APP-20240405-127,2024-04-05,Personal,41312.0,Debt Consolidation,17.0,180-53-4277,Jamie Dyer,2000-03-14,Other,Married,Doctorate,7444 Bowers Estate Suite 339,Garciabury,Nebraska,14048.0,1379146544,louis07@thomas.com,Salaried,Hall-Smith Corp.,12.3,29206.0,86757937.0,Ashley Ballard,Parent,349121628051673
USLW-APP-20241021-319,2024-10-21,Small Business,330438.0,Inventory,74.0,681-90-3889,Larry Vaughn,1957-10-14,Male,Divorced,Bachelor's Degree,561 Howard Flat,Lake Allenchester,North Carolina,35517.0,75863274940789,andrew29@kelley-hart.biz,Salaried,Bradley-Duncan Corp.,17.2,21182.0,128200863.0,Ralph Robinson,Parent,00145349441831840
USLW-APP-20241219-666,2024-12-19,Small Business,174051.0,Working Capital,57.0,414-21-6306,Karen West,1985-08-25,Male,Widowed,Associate's Degree,256 Sean Underpass,Rickyside,Hawaii,73781.0,0018709124852,xboyd@hotmail.com,Salaried,Gross-Kim Corp.,22.3,18077.0,31764043.0,Christopher Gonzales,Spouse,493862954316093
USLW-APP-20240512-699,2024-05-12,Small Business,268866.0,Working Capital,83.0,231-90-0291,Luis King,1970-12-25,Male,Married,Bachelor's Degree,3111 Dustin Pass Apt. 433,Robinsonville,Vermont,60196.0,8462417213,santiagojoann@singleton.com,Self-Employed,"Porter, Richardson and Hill LLC",4.9,21116.0,44135805.0,Paul Gregory,Spouse,0013349609028
USLW-APP-20240602-260,2024-06-02,Personal,10547.0,Vacation,25.0,831-78-8317,Brian Williams,1995-01-06,Female,Married,High School Diploma,39966 Jason Locks,Nicolefurt,Oklahoma,11424.0,5732182304,melissajohnson@woods-reed.com,Salaried,Lawson-Harris Corp.,2.5,24003.0,26229276.0,Edward Forbes,Parent,3409512955750
USLW-APP-20240613-703,2024-06-13,Auto,52848.0,New Car Purchase,53.0,787-13-7899,Ronald Garrett,1970-09-03,Female,Separated,Bachelor's Degree,197 Sara Trafficway,Alexanderhaven,Oklahoma,2979.0,01850904736874,charris@kemp.com,Salaried,"Key, Jones and Mckinney Corp.",13.4,9674.0,126616501.0,Veronica Bender,Sibling,4985881723
USLW-APP-20240613-480,2024-06-13,Mortgage,501890.0,Home Purchase,316.0,077-81-2908,Elizabeth Logan,1995-07-13,Other,Widowed,Some College,74800 Grace Oval Apt. 235,Lake Michellefort,New Mexico,84424.0,1312410633180097,drakekenneth@hotmail.com,Salaried,"Barnes, Rodriguez and Rose Corp.",23.0,14014.0,63483732.0,Jasmine Snyder,Parent,4528248110053
USLW-APP-20240726-795,2024-07-26,Personal,30992.0,Other,44.0,289-74-2970,Angela Wolfe,1975-06-09,Male,Single,High School Diploma,66922 Gonzalez Valleys,East Andrew,Michigan,99889.0,95307850101554,gjohnson@smith.com,Salaried,"Phillips, Berg and Chang Corp.",25.6,11004.0,98113624.0,Ryan Hines,Parent,16837521472894
USLW-APP-20241103-145,2024-11-03,Mortgage,310284.0,Refinance,300.0,168-69-0765,John Hall,1955-12-06,Male,Married,Some College,416 Kathryn Pines Apt. 418,Brianfort,West Virginia,63376.0,00188138399056270,iperez@gmail.com,Salaried,"Rodriguez, Gonzalez and Hardin Corp.",13.9,18800.0,104000540.0,Joyce Smith,Parent,3536362543517
USLW-APP-20250107-304,2025-01-07,Small Business,113803.0,Working Capital,41.0,796-56-2900,Andrea Moore,1995-03-07,Male,Divorced,Bachelor's Degree,259 Gates Dale Suite 267,New Morganmouth,Texas,46693.0,176735138247500,barnessarah@avery-kim.org,Self-Employed,Camacho PLC LLC,4.9,5518.0,84035635.0,Michael Baker,Friend,1009477107
USLW-APP-20250227-652,2025-02-27,Personal,12166.0,Debt Consolidation,51.0,408-56-0634,Bonnie Fox,1964-07-01,Other,Separated,Bachelor's Degree,062 Christopher Estate Suite 410,New Jose,North Carolina,82002.0,6872926085083,hobbstimothy@reese-tucker.com,Self-Employed,Young-Gomez LLC,12.8,5268.0,106132021.0,Lauren Brennan,Friend,0989877942
USLW-APP-20240620-249,2024-06-20,Personal,21836.0,Home Improvement,42.0,403-56-6312,Michelle Snow,2005-01-29,Male,Separated,Associate's Degree,1380 Kiara Trace Apt. 064,Stevensonburgh,Texas,73504.0,1181680207798235,james94@hill-martin.info,Salaried,Lopez PLC Corp.,29.0,12596.0,48816191.0,Ellen Taylor,Parent,2500980972
USLW-APP-20240929-395,2024-09-29,Mortgage,204611.0,Refinance,284.0,555-47-9465,Madison Jones,2002-11-25,Male,Single,Some College,108 Ashley Square,East April,South Dakota,35100.0,16202676836,yjones@martin.com,Salaried,Nielsen-Wells Corp.,21.7,26208.0,79210627.0,Theresa Kelly,Parent,0016516389010
USLW-APP-20240718-519,2024-07-18,Small Business,315895.0,Equipment Purchase,28.0,674-13-3972,Nicholas Berry,1949-08-26,Female,Divorced,High School Diploma,1555 Woods Plaza,Port Kelli,Alaska,14953.0,388365050369016,virginiawong@hotmail.com,Self-Employed,"Cochran, Trujillo and Torres LLC",10.5,7545.0,31630973.0,Joseph David Jr.,Friend,8497699003924
USLW-APP-20240627-214,2024-06-27,Small Business,134663.0,Expansion,68.0,849-45-9946,Cynthia Patrick,1984-09-15,Female,Married,Master's Degree,00984 Danielle Points Apt. 617,Riceview,Wisconsin,11840.0,7881723537321,masonjohn@hotmail.com,Salaried,Wagner-Douglas Corp.,25.9,25439.0,19463337.0,Daisy Allen,Spouse,1489016975
USLW-APP-20250204-283,2025-02-04,Personal,12583.0,Education,14.0,603-82-2177,David Berry,2000-11-18,Male,Single,Bachelor's Degree,3087 Curtis Track Suite 840,Port Dianeton,West Virginia,88536.0,0014209292750,michelestone@yahoo.com,Self-Employed,Alvarez Inc LLC,2.6,24584.0,115520886.0,Jonathan Hayden,Sibling,1208368061
USLW-APP-20240929-715,2024-09-29,Personal,26288.0,Medical Expenses,33.0,216-38-8860,Jennifer Rodriguez,1982-06-29,Other,Separated,Doctorate,67593 Elizabeth Passage Suite 620,Lake Rebecca,Oklahoma,73986.0,3732314016,hmoore@webb.biz,Salaried,"Perez, Hernandez and Lawrence Corp.",16.3,26137.0,87787883.0,Danielle White,Friend,3835850650908
USLW-APP-20250218-929,2025-02-18,Mortgage,453799.0,Home Purchase,184.0,239-67-7138,Ashley Allen,1958-08-25,Other,Separated,Bachelor's Degree,0877 Williams Cliffs Suite 584,New Heathershire,West Virginia,56610.0,1141221548,eric93@simmons.com,Salaried,Weber-Smith Corp.,9.5,5386.0,101893323.0,Matthew Rowland,Spouse,7426106033
USLW-APP-20250224-551,2025-02-24,Personal,8637.0,Vacation,22.0,604-44-5902,Sara Todd,1998-02-28,Other,Widowed,Doctorate,50609 Crawford Villages,Port Leahshire,Wisconsin,81308.0,4723235948211,adrian90@pope.info,Self-Employed,Smith Ltd LLC,15.8,9404.0,11952341.0,Kenneth Dunn,Parent,9372574428
USLW-APP-20241013-199,2024-10-13,Small Business,176081.0,Inventory,61.0,750-50-1230,Mrs. Diana Cordova,1949-05-10,Other,Married,Doctorate,603 Stevens Key Suite 652,Bernardburgh,Alaska,58608.0,16882498800,louis73@gmail.com,Salaried,Sanchez Inc Corp.,16.0,13487.0,85926345.0,Laura Curry,Spouse,4393371892
USLW-APP-20250318-737,2025-03-18,Mortgage,328916.0,Home Purchase,355.0,657-70-1696,Brenda Casey,1969-05-16,Male,Widowed,High School Diploma,77540 Lisa Dale Suite 880,North Hector,Iowa,66765.0,2365038134,cassie20@armstrong-haynes.info,Salaried,Meyers and Sons Corp.,21.7,22070.0,100817180.0,Scott Henry,Spouse,18504669927062
USLW-APP-20240803-863,2024-08-03,Personal,20692.0,Education,18.0,331-65-6144,Julia Adams,1973-12-22,Male,Married,High School Diploma,487 Patrick Well,Port Vincentmouth,Montana,83702.0,001009628087501215,jamesduncan@myers-murphy.com,Salaried,King-Ramos Corp.,28.2,11278.0,68447359.0,Amy Bowers,Sibling,233149491153401
USLW-APP-20240710-945,2024-07-10,Small Business,77775.0,Expansion,60.0,399-50-6332,Randy Johnson,1968-07-17,Female,Separated,High School Diploma,161 Woodward Park Apt. 390,New Bryanville,Hawaii,64893.0,15265012046660,dawn32@jones.com,Salaried,"Garcia, Matthews and Clark Corp.",25.1,3665.0,19257873.0,Connie Mays,Sibling,86966926471493
USLW-APP-20241027-385,2024-10-27,Small Business,355717.0,Inventory,69.0,773-73-2413,Marc Henry,2006-06-11,Male,Separated,Bachelor's Degree,70491 Ralph Squares Suite 234,Shahfurt,Texas,89813.0,00136165482527787,ramosdavid@gmail.com,Self-Employed,Ford-Campbell LLC,17.1,7634.0,42336761.0,Amanda Lozano,Friend,0681597753
USLW-APP-20250315-758,2025-03-15,Personal,28317.0,Medical Expenses,17.0,127-17-5433,Ricky Young,1988-07-12,Female,Married,Associate's Degree,4016 Samuel Fork,Lyonsport,Mississippi,60229.0,1071251232043,snyderkevin@ramirez.info,Salaried,Cooper-Jackson Corp.,23.2,25836.0,36422681.0,Steven Davis,Sibling,8426160031
USLW-APP-20240702-950,2024-07-02,Small Business,168677.0,Equipment Purchase,74.0,296-84-3817,Jodi Smith,1979-10-04,Female,Widowed,Some College,45524 Robertson Mews,West Sarah,Michigan,37491.0,16040565330,thompsonlynn@hotmail.com,Hourly,Parker Inc Corp.,10.2,2390.0,58748259.0,Scott Shea,Sibling,1414231838954837
USLW-APP-20250227-242,2025-02-27,Personal,35752.0,Debt Consolidation,51.0,378-28-0834,Samantha West,2000-12-01,Male,Separated,High School Diploma,65159 Renee Path Apt. 934,Hernandezshire,Colorado,60084.0,2267285795568,rebeccafitzgerald@hoover.com,Hourly,"Bartlett, Jennings and Black Corp.",6.1,13007.0,100623332.0,Katie Garcia,Friend,4584344718136
USLW-APP-20240610-887,2024-06-10,Mortgage,573737.0,Home Purchase,348.0,341-89-6784,Mr. Ronald Morrison,1999-08-05,Other,Divorced,Associate's Degree,32065 Thompson Square Suite 216,Rodriguezton,Rhode Island,24394.0,9299052215,natalievalenzuela@thomas-blake.com,Salaried,"Wells, Myers and Stanley Corp.",5.0,3442.0,30415568.0,Lee Pollard,Parent,34559922396458
USLW-APP-20250212-903,2025-02-12,Personal,37191.0,Medical Expenses,47.0,234-34-9375,Isaac Johnson,2005-11-04,Male,Separated,High School Diploma,93855 Morales Station Apt. 898,East John,Nebraska,29226.0,011526305423961,ncooper@delgado-rodriguez.com,Hourly,Johnson-Hicks Corp.,21.6,4157.0,41361300.0,Megan Miller,Parent,1881489063110033
USLW-APP-20241226-336,2024-12-26,Personal,17955.0,Other,59.0,790-41-4422,Brett Page,1973-07-26,Other,Widowed,Master's Degree,5712 Angela Springs,Alexisview,Oklahoma,67812.0,3390330432,kingclaudia@price.info,Self-Employed,Powell-Young LLC,19.7,10303.0,117274677.0,George Salinas,Friend,5856845830
USLW-APP-20240805-571,2024-08-05,Personal,18930.0,Education,15.0,899-39-2916,Timothy Kennedy,1951-08-31,Male,Divorced,Some College,6721 Michael Trail Suite 278,Lake Derrickborough,Texas,44293.0,2840370988,jessica15@yahoo.com,Self-Employed,Flores-Palmer LLC,8.8,22036.0,123094252.0,Crystal Landry,Sibling,0018302771650
USLW-APP-20240507-710,2024-05-07,Small Business,393502.0,Equipment Purchase,72.0,326-95-0596,Christine Diaz,1972-02-06,Other,Single,High School Diploma,980 Alexander Roads Suite 190,New Sarahton,Wisconsin,33872.0,7921559795127,asimpson@robertson-davidson.net,Hourly,"Gutierrez, Jackson and Coleman Corp.",8.2,11451.0,51563952.0,Kimberly Collier,Spouse,2628253812
USLW-APP-20240929-136,2024-09-29,Personal,23863.0,Other,20.0,131-95-8748,Lawrence Richards,1963-10-11,Other,Widowed,Master's Degree,6929 Bowers Green Apt. 546,East Barbara,Nebraska,89503.0,149702806142568,martinezkimberly@harvey.com,Salaried,"Pope, Jones and Russell Corp.",18.4,18534.0,79415150.0,Steven Thomas,Spouse,7001972074
USLW-APP-20250310-962,2025-03-10,Small Business,408218.0,Equipment Purchase,61.0,506-27-3285,Benjamin Martinez,1993-03-18,Other,Widowed,Master's Degree,43988 Daniels Trafficway,New Justinborough,Iowa,65972.0,91362850786911,joseph29@diaz-chavez.info,Hourly,Russell Ltd Corp.,18.9,27804.0,122325401.0,Anna Jenkins,Sibling,0010795815211
USLW-APP-20250309-730,2025-03-09,Mortgage,423240.0,Home Purchase,246.0,778-56-5393,Destiny Mullen,1982-03-15,Male,Divorced,Associate's Degree,68268 James Fork Suite 251,Lake Nancyland,Alaska,82148.0,090394120355527,mgonzalez@lane.net,Salaried,"Smith, Garza and Wallace Corp.",13.0,8943.0,41742657.0,Regina Wiley,Spouse,1315955738397466
USLW-APP-20240422-970,2024-04-22,Small Business,374535.0,Working Capital,84.0,250-60-2283,Lori Roberts,1958-04-12,Female,Widowed,Associate's Degree,62714 Fernandez Fall Suite 192,Fergusonview,Florida,14182.0,1702916939917044,mcdanielveronica@ramsey.org,Self-Employed,Smith Inc LLC,10.0,18500.0,27019906.0,Tara Arellano,Sibling,6714079025
USLW-APP-20240515-213,2024-05-15,Personal,29404.0,Vacation,59.0,315-30-0566,Mrs. Emily Anderson,1986-07-17,Female,Separated,Master's Degree,146 Cameron Squares,Lake Davidchester,Wisconsin,35689.0,21303006071755,pamela46@lamb-hamilton.com,Salaried,Schwartz-Price Corp.,4.4,17421.0,79229142.0,James West,Friend,18054666878
USLW-APP-20240909-879,2024-09-09,Mortgage,135904.0,Refinance,225.0,148-71-4554,Victoria Black,2003-12-21,Other,Divorced,Doctorate,3289 Simmons Vista,Michaelside,South Dakota,55428.0,0011739135747017,kaitlynparker@robbins.com,Salaried,Allen PLC Corp.,14.0,4544.0,54289039.0,Heather Martin,Sibling,32302288458586
USLW-APP-20241226-566,2024-12-26,Personal,18756.0,Home Improvement,29.0,438-74-4330,Timothy Torres,1954-06-16,Male,Single,Bachelor's Degree,794 Swanson Run Apt. 086,Meganview,Colorado,95762.0,16523481660423,brian75@gmail.com,Self-Employed,Cook and Sons LLC,18.6,10834.0,83995129.0,Steven Parrish,Parent,13791999421677
USLW-APP-20240723-239,2024-07-23,Mortgage,831134.0,Home Purchase,353.0,117-61-0775,Tracy Stone,1951-09-27,Female,Single,Master's Degree,3951 Ross Landing Apt. 446,Port Samuel,South Carolina,10487.0,0855904411,christianduran@hotmail.com,Self-Employed,Choi Ltd LLC,3.1,24403.0,76549867.0,Johnny Wilson,Friend,3408727132
USLW-APP-20241222-162,2024-12-22,Mortgage,160667.0,Home Purchase,335.0,125-91-8974,Ray Diaz,2004-11-16,Male,Widowed,Associate's Degree,1004 Saunders Harbor Apt. 767,Lake Kathyburgh,Nebraska,26021.0,39793100189100,fryan@cherry.org,Salaried,"Lee, Patrick and Kline Corp.",0.7,19497.0,14713561.0,Kimberly Rivera,Spouse,0126429264773
USLW-APP-20240623-291,2024-06-23,Personal,35614.0,Vacation,19.0,782-17-1788,Michele Oliver,1979-08-17,Female,Divorced,Doctorate,68534 Charles Fields,Lake Christopher,South Dakota,1515.0,3500006534,reginaarnold@yahoo.com,Salaried,Wright-Atkins Corp.,12.7,18547.0,16487112.0,Jacob Collier,Spouse,00166893839368060
USLW-APP-20250202-594,2025-02-02,Small Business,375196.0,Equipment Purchase,50.0,449-19-7819,Trevor Lang,2001-05-02,Female,Single,Associate's Degree,2933 Flores Mall,New Anthonybury,Oregon,69983.0,19414409790,diamondgray@ramsey-barton.org,Hourly,"Vance, Mendoza and Long Corp.",15.4,28724.0,29016279.0,Jennifer Clay,Parent,0011643841555821
