next_of_kin_id,applicant_id,next_of_kin_full_name,next_of_kin_relationship,next_of_kin_phone_number
Nk221958,Ap221958,Amber Mccormick,Sibling,746557406215729
Nk771155,Ap771155,Natalie Lowe,Spouse,14061354533448
Nk231932,Ap231932,Erika Flores,Spouse,2391912367
Nk465838,Ap465838,Jerry Zhang,Sibling,69583450416433
Nk359178,Ap359178,Drew Preston,Friend,3955043536
Nk744167,Ap744167,Lisa Hines,Sibling,1253948230644
Nk210268,Ap210268,Carl Brown,Sibling,69078333769293
Nk832180,Ap832180,Miss Jacqueline Watson MD,Parent,98057388009905
Nk154886,Ap154886,David Hanson,Sibling,01238710630855
Nk237337,Ap237337,Darrell Griffith,Spouse,6140192544
Nk621430,Ap621430,Jacqueline Meyer,Parent,922965748162558
Nk187498,Ap187498,Jessica Pollard,Parent,8640595443
Nk999159,Ap999159,George Schmidt,Spouse,17758092288
Nk275203,Ap275203,Roger Gray,Friend,0943753181483
Nk291335,Ap291335,Charles Hale,Sibling,288427285456503
Nk378167,Ap378167,Steven Stephenson,Spouse,6267915670
Nk141090,Ap141090,Tracey Allen,Parent,0010053629814884
Nk429365,Ap429365,Eric Fernandez,Friend,475810965242135
Nk164820,Ap164820,Gerald Smith,Sibling,25526177306007
Nk887201,Ap887201,Randy Smith,Parent,614492672845406
Nk421879,Ap421879,Paul Avila,Spouse,1257891483
Nk818315,Ap818315,Jose Owens,Parent,4402667757148
Nk427069,Ap427069,Michael Hoffman,Spouse,001608873332929708
Nk876997,Ap876997,Tyler Gibbs,Sibling,285427939449437
Nk299041,Ap299041,Matthew Davis,Parent,12309478322670
Nk891743,Ap891743,Patricia Smith,Sibling,001078333870429358
Nk203355,Ap203355,Megan Hunt,Parent,6529506609
Nk335796,Ap335796,William Miller,Friend,8162619496
Nk314176,Ap314176,Raven Fry,Sibling,9756263297
Nk284779,Ap284779,Gregory Stewart,Parent,0019070379726
Nk447449,Ap447449,Steven Porter,Sibling,3755920186
Nk521909,Ap521909,Kristen Perez,Friend,803331588323566
Nk358795,Ap358795,Kimberly King,Spouse,181808957594048
Nk586232,Ap586232,Daniel Peterson,Parent,515014072323745
Nk600186,Ap600186,Shawn Mcdonald,Friend,2025241505207
Nk256730,Ap256730,Jennifer Villarreal,Spouse,198612225315282
Nk970910,Ap970910,Jacob Baker,Sibling,6306867145
Nk484681,Ap484681,Rachel Buchanan,Sibling,1484757556
Nk249503,Ap249503,Robert Crawford,Friend,16917772582
Nk754811,Ap754811,Dana Riggs,Sibling,1673603593924458
Nk627035,Ap627035,Paige Wood,Parent,8947114823
Nk748143,Ap748143,Thomas Stanton,Sibling,1610133682
Nk552366,Ap552366,Amber Bush,Friend,1647737210872566
Nk165725,Ap165725,Eric Wright,Sibling,2408549041762
Nk229981,Ap229981,Katherine Graham,Friend,5118950789
Nk184654,Ap184654,Jordan Carrillo,Spouse,975046284413227
Nk691723,Ap691723,Judith Vargas,Friend,134475709276868
Nk419030,Ap419030,Kimberly Black,Friend,4371995450076
Nk428947,Ap428947,Laura Neal,Spouse,6297779275
Nk655839,Ap655839,Shannon Smith,Parent,8925223541
Nk373538,Ap373538,Peter Chapman,Parent,0014543289916
Nk431236,Ap431236,Jeffrey Ewing,Parent,1297628310964909
Nk628178,Ap628178,Sabrina Atkins,Spouse,607802272552958
Nk665894,Ap665894,Michael Holland,Sibling,0012129511996
Nk589492,Ap589492,Anthony Logan,Friend,3537311074
Nk356840,Ap356840,Scott Miller,Spouse,159483672059280
Nk573254,Ap573254,Jesus Moore,Friend,2843188896
Nk449457,Ap449457,Angela Palmer,Sibling,0643721954374
Nk765987,Ap765987,Kimberly Pennington,Sibling,1729744949942454
Nk370936,Ap370936,Tina Lara,Spouse,00110402497729738
Nk339931,Ap339931,David Leonard,Spouse,1247769839454795
Nk339629,Ap339629,Michele Moreno,Parent,4147580407
Nk305041,Ap305041,Sharon Foster,Friend,139817705006586
Nk798361,Ap798361,Matthew Guzman,Sibling,1861558350251825
Nk831912,Ap831912,Louis Wagner,Spouse,4110195226676
Nk517113,Ap517113,Gregory Holland,Sibling,1929254793
Nk168148,Ap168148,Timothy Ferguson,Spouse,51986553599042
Nk877089,Ap877089,Cheryl Coleman,Parent,8869595387
Nk748531,Ap748531,Carol Wilson,Parent,19867769933049
Nk351995,Ap351995,Deanna Johnson,Sibling,020772142891729
Nk778843,Ap778843,Joseph Woods,Parent,7929753140
Nk672843,Ap672843,Jonathan Martin,Friend,224327497333380
Nk356508,Ap356508,Robert Lee,Sibling,6853629895
Nk903591,Ap903591,Kristen Hooper,Parent,6097043917
Nk996942,Ap996942,Tina Smith,Sibling,3687500745
Nk206530,Ap206530,Alicia Stewart,Sibling,19068170677
Nk704365,Ap704365,Tami Mendez,Friend,0805241786
Nk922352,Ap922352,Christopher Hughes,Parent,4818255263
Nk560337,Ap560337,Joshua Turner,Sibling,1317329425720954
Nk824839,Ap824839,William Porter,Friend,4736363973
Nk905889,Ap905889,Donna Santos,Friend,00184417070290353
Nk559773,Ap559773,Katherine Williams,Parent,29977483271758
Nk308261,Ap308261,Nicole Bennett,Spouse,6604761544968
Nk864469,Ap864469,Diana Barnes,Friend,293419144840957
Nk441097,Ap441097,Karen Ortega,Friend,18391463611047
Nk415139,Ap415139,Cassandra Johnson,Parent,11504643704
Nk271829,Ap271829,Lauren Cruz,Sibling,0014201562129
Nk371836,Ap371836,Keith Harrison,Parent,1137406179191163
Nk538974,Ap538974,Nicholas Strickland,Spouse,8725079812
Nk302283,Ap302283,Johnathan Yang,Parent,4451347008
Nk296769,Ap296769,Tracy Mitchell,Parent,2625431758617
Nk661353,Ap661353,Peggy Hall,Parent,00165572576876053
Nk323165,Ap323165,Charles Harrison,Spouse,1085740998612180
Nk723587,Ap723587,Jessica Williamson,Sibling,1975632530166181
Nk635822,Ap635822,Stacy Sutton,Sibling,0010479553513
Nk587879,Ap587879,Michael Frazier,Spouse,10724943730420
Nk664685,Ap664685,Michael Baker,Sibling,185130531932196
Nk882038,Ap882038,Robert Mcintyre,Spouse,524612211932084
Nk453531,Ap453531,Brittany Harris,Parent,401529716741870
Nk363160,Ap363160,Scott Fisher,Parent,001825414053272618
Nk679879,Ap679879,Savannah Reeves,Sibling,9952088295
Nk320884,Ap320884,Jessica Miller,Parent,13274130023
Nk123247,Ap123247,Tracy Kelley,Sibling,4692182084367
Nk124300,Ap124300,Joshua Sanchez,Parent,9333729308
Nk567281,Ap567281,Hannah Bautista,Parent,7889500921880
Nk707086,Ap707086,James Martin,Sibling,00152785513033895
Nk633556,Ap633556,Katherine Taylor,Parent,948648935763265
Nk448951,Ap448951,Russell Rivera,Sibling,206150249524915
Nk374329,Ap374329,Sherry Diaz,Spouse,4550356766510
Nk819064,Ap819064,Jennifer Marshall,Parent,35646981470028
Nk842139,Ap842139,Heather Hunter,Friend,0647616258
Nk532315,Ap532315,Joseph Burke,Spouse,1216362507944707
Nk616588,Ap616588,Anthony Lopez,Friend,27428883533467
Nk336584,Ap336584,James Conley,Parent,22137696714697
Nk662332,Ap662332,Julie Gray,Sibling,582210674838551
Nk937646,Ap937646,Roberto Navarro,Spouse,313436260163588
Nk476896,Ap476896,Amber Logan PhD,Parent,985869353537794
Nk148984,Ap148984,Anna Hayes,Spouse,001181481208122725
Nk402918,Ap402918,Wyatt Henry,Spouse,2193548510
Nk364712,Ap364712,Briana Boyd,Sibling,3994887534453
Nk220151,Ap220151,Kathleen Williams,Parent,55510439457491
Nk555808,Ap555808,Angel Williams,Sibling,3968009646
Nk233767,Ap233767,Christopher Stanley,Sibling,2071779248
Nk748663,Ap748663,Brittany Clarke,Friend,15870461137
Nk803550,Ap803550,Melissa Knapp,Spouse,10402373286
Nk236330,Ap236330,Dr. Peter Morrow,Friend,4640670693
Nk580754,Ap580754,Richard Salazar,Friend,001527171796352677
Nk401648,Ap401648,Christopher Greer,Spouse,9142475068
Nk788519,Ap788519,Joshua Miller,Friend,2796837220848
Nk113986,Ap113986,Victoria Smith,Sibling,68956858157979
Nk686146,Ap686146,David Buckley,Parent,17790691933
Nk229312,Ap229312,Rhonda Young,Sibling,3221058429
Nk112666,Ap112666,Christina Johnson,Spouse,9349872670
Nk400804,Ap400804,Lauren Butler,Parent,15712424771
Nk234633,Ap234633,James Bowman,Sibling,068684120168795
Nk388998,Ap388998,Melanie Johnson,Parent,998324679447286
Nk950937,Ap950937,Tyler Ford,Sibling,0012036081397512
Nk728776,Ap728776,Kelly Palmer,Sibling,11676628530
Nk807611,Ap807611,Crystal Williams,Parent,001532895698773435
Nk384806,Ap384806,Shannon Blackburn,Spouse,82204512164797
Nk894824,Ap894824,Alexander Perez,Spouse,85517533400025
Nk130535,Ap130535,Leah Adams,Friend,46286819792458
Nk475713,Ap475713,Martin Jenkins,Friend,48477454146734
Nk938688,Ap938688,John Diaz,Parent,9239401143
Nk451279,Ap451279,Carlos Schultz,Spouse,48302809758861
Nk921654,Ap921654,Tonya Williams,Friend,8952188019
Nk701661,Ap701661,Kathryn Russell,Sibling,831709720929213
Nk747972,Ap747972,William David,Spouse,1987565780
Nk589570,Ap589570,Kristin Kennedy,Friend,22022189172630
Nk556551,Ap556551,Sandra Hall,Friend,63403767375878
Nk373109,Ap373109,Deborah Johnson,Parent,8585108055
Nk124538,Ap124538,Kimberly Beasley,Parent,13465976033718
Nk994498,Ap994498,Cindy Flowers,Parent,5613706289
Nk301664,Ap301664,Joseph Jones,Friend,6333291411
Nk591234,Ap591234,Megan Hawkins,Spouse,10896873201333
Nk999684,Ap999684,Amber Watson,Spouse,00115871454970764
Nk239182,Ap239182,Katrina Montgomery,Parent,3998950738
Nk572525,Ap572525,Michele Curtis,Friend,138414235998439
Nk258338,Ap258338,Carolyn Bell,Spouse,1559756894486075
Nk284064,Ap284064,Christopher Miller,Sibling,2280538628
Nk314020,Ap314020,Robin Hutchinson,Sibling,0521949371065
Nk723094,Ap723094,Terri Boyd,Parent,3504365945
Nk997421,Ap997421,Jeremy Erickson,Spouse,64785940026311
Nk715270,Ap715270,Tara Bailey,Sibling,7227660399
Nk745914,Ap745914,Connie Martinez,Spouse,0013033891332902
Nk219176,Ap219176,Rodney Mcdaniel,Spouse,568596838386187
Nk318126,Ap318126,Jonathan Crane,Sibling,6574439648
Nk318969,Ap318969,Robert Gonzalez,Friend,9653837676
Nk222409,Ap222409,Michelle Franklin,Sibling,4974333947
Nk647707,Ap647707,Eric Lambert,Friend,849557512703785
Nk353618,Ap353618,Danielle Torres,Parent,26631198332620
Nk869598,Ap869598,Katrina Powers,Spouse,04804282843750
Nk150015,Ap150015,Julia Bradshaw,Parent,894656916407525
Nk872838,Ap872838,Donna Gallegos,Spouse,838563954483033
Nk222096,Ap222096,Meagan Garcia,Friend,00180093652699263
Nk731347,Ap731347,Larry Martin,Friend,7957634613204
Nk285340,Ap285340,Robert Barry,Parent,48263710378062
Nk210687,Ap210687,George Johnson,Spouse,9391487979
Nk974371,Ap974371,Daniel Mata Jr.,Spouse,111938795619607
Nk511357,Ap511357,Sheila Reed,Spouse,61395025817205
Nk835716,Ap835716,Micheal Kim,Friend,905869859532248
Nk205878,Ap205878,Vernon Taylor,Sibling,3332166112
Nk827270,Ap827270,Chad Krause Jr.,Sibling,0012139976369135
Nk298286,Ap298286,Allison Benitez,Sibling,17133413876317
Nk873290,Ap873290,Jeff Cole,Parent,0012945471027
Nk874684,Ap874684,William Kim,Sibling,112060487125328
Nk264899,Ap264899,Gabriel Hopkins,Parent,924416452138400
Nk424767,Ap424767,Bradley Shaffer,Sibling,2773801664
Nk961882,Ap961882,Eugene Wilkinson,Friend,4071699173767
Nk979858,Ap979858,Michael Mejia,Parent,3111157702391
Nk479989,Ap479989,Amber Carr,Sibling,4723946721
Nk515515,Ap515515,Larry Lopez,Friend,79750598285847
Nk143585,Ap143585,Timothy Aguilar,Spouse,8130721507
Nk471369,Ap471369,David Fuller,Spouse,65247673517032
Nk164044,Ap164044,Catherine Villa,Sibling,0016104453622
Nk542296,Ap542296,Christy Leblanc,Friend,0552031857
Nk209556,Ap209556,Ryan Jimenez,Sibling,2840950180
Nk626981,Ap626981,Andrea Olson,Sibling,3512134225
Nk981691,Ap981691,Gary Dougherty,Parent,16578987821382
Nk867595,Ap867595,Kimberly Valencia,Sibling,0588054329194
Nk300235,Ap300235,Cassandra Wells,Parent,6474232823
Nk125939,Ap125939,Kenneth Arias,Spouse,162490268161788
Nk252906,Ap252906,Amber Ortega,Spouse,3141306134381
Nk642335,Ap642335,Jeffrey Stewart,Spouse,8603505235586
Nk388249,Ap388249,Laura Wells,Parent,81669833429522
Nk175766,Ap175766,Steven Pittman,Sibling,001987444438295393
Nk508923,Ap508923,Donald Lynch,Sibling,1532107900754305
Nk515192,Ap515192,Paula Martin,Parent,2746150418
Nk668550,Ap668550,Brian Scott,Sibling,10470898835369
Nk487261,Ap487261,Lisa Harris,Spouse,31923304077569
Nk910208,Ap910208,Rebecca Williams,Parent,1667203531
Nk785440,Ap785440,John Sims,Spouse,1726559753136
Nk752664,Ap752664,Cindy Mccarthy,Friend,00136967392204876
Nk554589,Ap554589,Hunter Mendez,Parent,6156181696
Nk237848,Ap237848,Jaclyn Flores,Spouse,25470300511241
Nk717075,Ap717075,Fernando Henderson,Spouse,12667951912654
Nk227948,Ap227948,Frederick Morgan,Parent,869637424246203
Nk679304,Ap679304,Bobby Buckley,Friend,17769137072156
Nk502690,Ap502690,Andrea Williams,Sibling,7222726985
Nk599046,Ap599046,Joe Kelly,Sibling,8242171035
Nk551269,Ap551269,Travis Thornton DVM,Spouse,108915456891821
Nk121959,Ap121959,Ian Barrera,Sibling,001969225110259466
Nk760890,Ap760890,Robert Howard,Friend,8681984662
Nk850216,Ap850216,Michael Wilkins,Parent,0012391450093
Nk890180,Ap890180,Amanda Choi,Sibling,1313692062217
Nk328576,Ap328576,Lisa Moyer,Sibling,15760419426
Nk637833,Ap637833,Jessica Palmer,Spouse,1566592268
Nk265838,Ap265838,Eric Summers,Friend,06161625934585
Nk435674,Ap435674,Timothy Wolfe,Parent,217860465823026
Nk979989,Ap979989,Scott Delacruz,Sibling,655584569966036
Nk161087,Ap161087,Ashley Allen,Parent,230805129226012
Nk693128,Ap693128,Steven Hernandez,Sibling,82997002521626
Nk218451,Ap218451,Mary Baker,Parent,340699582170642
Nk547600,Ap547600,Cindy Phillips,Spouse,533748552706214
Nk937437,Ap937437,Elizabeth Norris,Spouse,8468890679
Nk539792,Ap539792,Brian Bridges,Friend,6444291582
Nk139353,Ap139353,Sarah Hines,Parent,127093809818903
Nk293075,Ap293075,Paul Gonzalez,Spouse,99795238857529
Nk314283,Ap314283,Sydney Morgan,Sibling,2500187390
Nk414877,Ap414877,Dominique Faulkner,Spouse,743742002742723
Nk165318,Ap165318,Justin Huynh,Spouse,0016292704307
Nk865313,Ap865313,John Conley,Sibling,8201223408
Nk582690,Ap582690,Robert Spears,Parent,5874139953237
Nk516880,Ap516880,Jonathan White,Friend,153443256689345
Nk691460,Ap691460,Vincent Smith,Parent,936865122468309
Nk840976,Ap840976,Kathryn Cordova,Friend,127976364969262
Nk881239,Ap881239,Christopher Larsen,Parent,00162153239495842
Nk193264,Ap193264,Shawn Moore,Friend,7736520401
Nk870746,Ap870746,Patricia Cochran,Spouse,12769543930792
Nk913168,Ap913168,Mark Nixon,Parent,10208728089806
Nk325281,Ap325281,Grace Mccormick,Spouse,825308612422843
Nk737147,Ap737147,Ricardo Miller,Parent,1908570114
Nk998613,Ap998613,Stephen Carlson,Sibling,035297217916995
Nk494070,Ap494070,Audrey Higgins,Sibling,9026006186270
Nk452228,Ap452228,Fernando Montgomery,Friend,602408776695086
Nk531839,Ap531839,Nicholas Clark,Spouse,271295140995074
Nk369536,Ap369536,Jackie Mcintosh,Spouse,9510145208427
Nk417824,Ap417824,Ashley Morales,Parent,92872798539934
Nk357426,Ap357426,Elizabeth Hodges,Spouse,6278082709235
Nk277789,Ap277789,Lynn Mitchell,Parent,131093562267872
Nk613153,Ap613153,Frank Davis,Sibling,1718629333829004
Nk842452,Ap842452,Melinda Kelley,Parent,100810702519599
Nk937291,Ap937291,Jacob Ramos,Sibling,3652733971393
Nk225657,Ap225657,Jerry Parker,Parent,10115064928839
Nk335167,Ap335167,John Griffin,Sibling,8253766988
Nk781669,Ap781669,Dalton Hubbard,Friend,8913578853
Nk580671,Ap580671,Tamara Welch,Spouse,8088968484328
Nk819094,Ap819094,Michele Patel,Parent,8537241866
Nk170467,Ap170467,Jeff Williams,Parent,8191699568
Nk283734,Ap283734,Roger Martinez,Sibling,835373728410106
Nk722794,Ap722794,Melissa Davidson,Spouse,161698592099916
Nk209751,Ap209751,Mary Wright,Parent,5622145712
Nk481050,Ap481050,Briana Johnson,Friend,7233265545
Nk911774,Ap911774,Sarah Stewart,Parent,3914305550
Nk792517,Ap792517,Taylor Green,Parent,298579737707291
Nk561079,Ap561079,Michele Vincent,Spouse,3185869406
Nk468452,Ap468452,Michael Kirk,Parent,8414849253
Nk206081,Ap206081,Ryan Gonzales,Sibling,16885029640
Nk713333,Ap713333,Haley Spencer,Friend,0012989792164439
Nk658986,Ap658986,Heather Kerr,Sibling,7789662149
Nk210078,Ap210078,Hunter Russell MD,Spouse,174852057998796
Nk967055,Ap967055,George Lewis,Friend,0019592424117236
Nk122671,Ap122671,Jessica Berry,Spouse,110865975617988
Nk518400,Ap518400,Emma Moore MD,Parent,0015331645804
Nk455528,Ap455528,Abigail Williams,Friend,2890502438
Nk710490,Ap710490,Melissa Ramirez,Spouse,8437951760
Nk151663,Ap151663,Tyler Howard,Sibling,7707481348
Nk115708,Ap115708,Jacqueline Murray,Spouse,81712826481254
Nk978338,Ap978338,Adrian Hopkins,Friend,6288682218
Nk411955,Ap411955,Justin Phelps,Friend,8974339324
Nk233883,Ap233883,Matthew Stone,Spouse,090973642134357
Nk418394,Ap418394,Selena Gomez,Spouse,12676812507306
Nk212547,Ap212547,Sara Ray,Friend,5685817470
Nk659042,Ap659042,Courtney Clark,Spouse,0004932161
Nk851102,Ap851102,Chad Sandoval,Parent,19362856625610
Nk862002,Ap862002,Gregory Chan,Friend,4178126677
Nk242483,Ap242483,Stephen Pugh,Spouse,0102227891
Nk758271,Ap758271,David Jimenez,Friend,1387529592260498
Nk314835,Ap314835,Stephanie Olson,Spouse,1024912782845638
Nk501896,Ap501896,Gregory York,Sibling,491063551736225
Nk184896,Ap184896,Cynthia Baker,Parent,6117327638
Nk577095,Ap577095,Kevin Richards III,Sibling,641862429187678
Nk171295,Ap171295,Michael Mcclure,Friend,143687017993779
Nk843974,Ap843974,Melissa Clark,Friend,235730207076326
Nk987121,Ap987121,Elizabeth Boyer,Friend,23304127944845
Nk373255,Ap373255,Brian Glenn,Friend,0502664632
Nk399648,Ap399648,Kimberly Kent,Parent,001821621574674969
Nk757162,Ap757162,Susan Yoder,Parent,1765583263103975
Nk108155,Ap108155,Chad Lane,Friend,0884123510428
Nk566872,Ap566872,Donald Eaton,Friend,22975054094354
Nk925816,Ap925816,William Carr,Sibling,0102061327
Nk474705,Ap474705,Kathryn Jordan,Parent,0019650759085
Nk671542,Ap671542,Tina Martin,Sibling,0014951702336560
Nk908350,Ap908350,Eric Mcknight,Sibling,72466356703724
Nk710269,Ap710269,Felicia Buchanan,Friend,220660602654545
Nk654594,Ap654594,Alyssa Howard,Spouse,9616621464
Nk247718,Ap247718,Brooke Williams,Spouse,1046282394
Nk408987,Ap408987,Denise Edwards,Parent,001515194938663348
Nk745263,Ap745263,Daniel Morgan,Sibling,114727447654438
Nk458745,Ap458745,Sean Bean,Friend,8933247154424
Nk207512,Ap207512,Theresa Dawson,Friend,9015821112
Nk247443,Ap247443,Christine Thomas,Sibling,001108288367594413
Nk570587,Ap570587,Kimberly James,Spouse,5257948473
Nk473616,Ap473616,Cheryl Berg,Sibling,0019311369206251
Nk757409,Ap757409,Suzanne Coleman,Sibling,562982377108606
Nk786976,Ap786976,Kelly Jones,Sibling,007343853768270
Nk465871,Ap465871,Joseph Potter,Friend,3365598028
Nk475037,Ap475037,Summer Roman,Spouse,95927718307894
Nk907364,Ap907364,Robert Horn,Parent,0211479444622
Nk217796,Ap217796,Andrew Patel,Parent,15101618717559
Nk391999,Ap391999,Christopher Gilbert,Spouse,3968309094136
Nk292506,Ap292506,Joshua Roy,Friend,0017143709516
Nk798376,Ap798376,Mrs. Sarah Ross,Parent,7665974968
Nk369544,Ap369544,Tracy Matthews,Friend,7503710890
Nk480002,Ap480002,Melanie Todd,Sibling,0033662753378
Nk798002,Ap798002,Shane Perry,Friend,195350766307348
Nk639439,Ap639439,Peter Lee,Parent,10869640712923
Nk690978,Ap690978,Michelle Garcia,Friend,8406814885
Nk628787,Ap628787,Michael Mcdowell,Sibling,135634198832094
Nk630583,Ap630583,Raymond Murillo,Friend,3442356318885
Nk488215,Ap488215,Gloria Jackson,Spouse,480641102583137
Nk421184,Ap421184,Wayne Tucker,Spouse,5782486175
Nk898615,Ap898615,Leslie Trevino,Parent,50563275242326
Nk522515,Ap522515,Eric Armstrong,Friend,5802041140
Nk768234,Ap768234,Amanda Schmidt,Spouse,4922357520296
Nk478480,Ap478480,Michael Kane,Friend,863008641261905
Nk132711,Ap132711,Debra Mcgee,Friend,0019368873467927
Nk891971,Ap891971,Dennis Garcia,Parent,0019968123094170
Nk601157,Ap601157,Dawn King,Friend,9901112609
Nk284423,Ap284423,Joel Bell,Spouse,23050068400637
Nk616349,Ap616349,Amy Carter,Friend,14297658854
Nk803714,Ap803714,Misty Fry,Spouse,73641156051694
Nk757917,Ap757917,Jasmine Harper,Parent,155506424017001
Nk924792,Ap924792,John Stewart,Sibling,0016705363319898
Nk837378,Ap837378,Sharon Vaughn,Sibling,0012722198323
Nk233272,Ap233272,Krystal Watson,Spouse,5993293452
Nk867836,Ap867836,Dawn Miller,Parent,0018858566324
Nk802335,Ap802335,Paul Mckenzie,Spouse,14967177673
Nk907789,Ap907789,Sarah Hays,Parent,890944599169362
Nk743409,Ap743409,Christopher Curtis,Sibling,18051715628179
Nk177505,Ap177505,Maria Dyer,Parent,7796011193
Nk102869,Ap102869,Deborah Grant,Friend,3008576654
Nk881474,Ap881474,Andrew Montgomery,Friend,0010072858127382
Nk554351,Ap554351,Troy Gonzales,Sibling,9809125346385
Nk412252,Ap412252,Hannah Lewis,Parent,673290711035322
Nk736584,Ap736584,Tina Wong,Friend,00161266951270078
Nk718467,Ap718467,Rachel Vega,Parent,08761430258722
Nk190272,Ap190272,Sandra Martinez,Friend,553036782437909
Nk138467,Ap138467,Curtis Hicks,Spouse,9302491352696
Nk909760,Ap909760,Debra Rodriguez,Parent,1046384973
Nk977844,Ap977844,Terri Thomas,Friend,110315146340866
Nk580047,Ap580047,Carol Keller MD,Friend,128613192697167
Nk759347,Ap759347,Elizabeth Howell,Parent,1355013567432
Nk158871,Ap158871,Lori Thompson,Sibling,3544885763
Nk228391,Ap228391,David Rowland,Spouse,1364060562316
Nk539430,Ap539430,Caroline Diaz,Friend,4655321151146
Nk710704,Ap710704,Mr. Robert Oliver II,Spouse,9135250417138
Nk956703,Ap956703,Theresa Dodson,Spouse,070627426156150
Nk930496,Ap930496,George King,Spouse,0019434524456
Nk356687,Ap356687,Kristen Carter,Spouse,9657764629581
Nk825451,Ap825451,Kristy Davis,Sibling,0694435941260
Nk207450,Ap207450,Holly Morse,Sibling,1922221998
Nk271890,Ap271890,Brenda Bentley,Spouse,7745296399
Nk538741,Ap538741,Susan Bailey,Spouse,7224383622
Nk381974,Ap381974,Michael Hood,Parent,0018422412387280
Nk500109,Ap500109,Brittany Mccarthy,Parent,741648258034841
Nk216381,Ap216381,Brian Brooks,Spouse,0480112725
Nk573125,Ap573125,Stephen Peterson,Friend,9064419007693
Nk671621,Ap671621,Thomas Gonzalez,Spouse,94713073052520
Nk234508,Ap234508,Natalie Miller,Spouse,0013381945957
Nk829650,Ap829650,Jeffrey Luna,Parent,7260000195
Nk962645,Ap962645,Robin Serrano,Friend,5925638462
Nk499111,Ap499111,Julie Wilson,Parent,18053112124
Nk250810,Ap250810,Roger Chang,Friend,001365020311047381
Nk392890,Ap392890,Darlene Brown,Spouse,113192639909015
Nk673665,Ap673665,Emily Shannon,Sibling,47558857523059
Nk940477,Ap940477,Robert Green MD,Sibling,1053870246
Nk460032,Ap460032,Alexandra Jimenez,Sibling,3930360802
Nk469599,Ap469599,Michael Weaver,Friend,924777022603399
Nk760960,Ap760960,Amanda Allison,Sibling,688684011506258
Nk850020,Ap850020,Matthew Taylor,Sibling,0015281066354
Nk979611,Ap979611,Sherry Leonard,Spouse,1612549785
Nk271836,Ap271836,Christopher Callahan Jr.,Spouse,19655515020
Nk829903,Ap829903,Kevin Liu,Sibling,9034199824
Nk145714,Ap145714,Andre Tran,Spouse,9484727774
Nk727234,Ap727234,Amanda Love,Friend,2018702695
Nk996048,Ap996048,Lisa Ramos,Friend,92121796104619
Nk730271,Ap730271,Stephen Jones,Friend,910818196237954
Nk566960,Ap566960,Logan Boyle,Spouse,497090308672525
Nk811851,Ap811851,David Bailey,Parent,3487329691
Nk224123,Ap224123,Paul Cochran,Sibling,15852208388
Nk405628,Ap405628,Joseph White,Spouse,2277920858
Nk182989,Ap182989,Melissa Williams,Spouse,356753799886157
Nk398356,Ap398356,Michelle Flores,Parent,1104763993964
Nk929957,Ap929957,Jerome Martin,Friend,0014821587325
Nk278274,Ap278274,Kendra Oliver,Parent,5694236589
Nk787995,Ap787995,Jessica Chung,Sibling,10894856447
Nk425352,Ap425352,Mia Young,Sibling,0166666131
Nk920260,Ap920260,Shirley Meyers,Sibling,175155567159650
Nk511927,Ap511927,James Larson,Sibling,0019551915280925
Nk889852,Ap889852,Jake Moreno,Sibling,3221117702066
Nk983184,Ap983184,Mary Dominguez,Spouse,383777263056652
Nk231373,Ap231373,Joshua Krueger,Friend,8294366970
Nk538452,Ap538452,Stephanie Tucker,Sibling,6398071375137
Nk215294,Ap215294,Angel Reese,Friend,1154206673406134
Nk559451,Ap559451,Tracey Bush,Parent,743239894476589
Nk748307,Ap748307,Shirley Ellis DVM,Friend,78520681720417
Nk165726,Ap165726,Juan Smith,Sibling,2138484711
Nk241564,Ap241564,Dustin Thomas,Spouse,1239463662193514
Nk477812,Ap477812,Wendy Oconnell,Spouse,0018415990761915
Nk368246,Ap368246,Teresa Harris,Spouse,19885718345817
Nk805696,Ap805696,Sydney Matthews,Friend,3718376021
Nk218015,Ap218015,Gregory Mayo,Friend,15754789570
Nk840674,Ap840674,Mr. Joseph Rojas MD,Spouse,804946071825919
Nk354079,Ap354079,Lisa Gomez,Sibling,6438307859
Nk650929,Ap650929,Dawn Jackson,Friend,4661191612
Nk789944,Ap789944,Bryan Beck Jr.,Sibling,0013062924644
Nk788105,Ap788105,Andrea Potts,Spouse,9708843902
Nk613758,Ap613758,Fred Edwards,Sibling,0014332818073
Nk465890,Ap465890,Amanda Allen,Sibling,1942827349337
Nk545101,Ap545101,Shannon Lozano,Sibling,94849907264486
Nk136631,Ap136631,Ashley Harrison,Sibling,960877747386756
Nk866577,Ap866577,Martin Poole,Spouse,7313106811
Nk172991,Ap172991,Anna Greer,Spouse,36160536340464
Nk104014,Ap104014,Ethan Morris,Spouse,21122869895837
Nk373237,Ap373237,Sandy Johnson,Parent,60064530934203
Nk118070,Ap118070,Lisa Grant,Parent,8210976111
Nk922209,Ap922209,Andrew Thompson,Sibling,1593524680
Nk156958,Ap156958,Natalie Lane,Friend,9604082066
Nk182074,Ap182074,Henry Mccann,Friend,141951774296877
Nk635017,Ap635017,Joshua Patterson,Parent,8399509184
Nk855073,Ap855073,Jessica Dorsey,Spouse,0153556162112
Nk276089,Ap276089,Stephanie Armstrong,Spouse,241934487854037
Nk297392,Ap297392,Juan Jackson,Friend,3282732660
Nk258823,Ap258823,Phillip Aguirre,Friend,3516630457
Nk730152,Ap730152,Michael Weber,Sibling,14264975375
Nk493002,Ap493002,Marvin Conner,Friend,4903776935
Nk833429,Ap833429,Daniel Rivera,Friend,0011508440987
Nk598863,Ap598863,Jordan Nash,Friend,7813556833760
Nk467654,Ap467654,Loretta Livingston,Sibling,72136645192606
Nk679036,Ap679036,Amanda Ramirez,Friend,823847727741463
Nk630089,Ap630089,Dr. Carla Vance,Spouse,1062197271557608
Nk250262,Ap250262,Jesus Richards,Parent,6716830006
Nk542905,Ap542905,James Singh,Parent,316412646001462
Nk335362,Ap335362,Karen Crawford,Parent,1451819473879436
Nk544209,Ap544209,Douglas Stevens,Friend,8878289032706
Nk653880,Ap653880,Hannah Dyer,Sibling,6901265413
Nk897079,Ap897079,Stephen Doyle,Friend,8369656238
Nk764076,Ap764076,Patricia Walker,Spouse,0637092004
Nk319963,Ap319963,Aaron Hayes,Friend,00169340841615094
Nk580761,Ap580761,Gary Herring II,Sibling,618600063174074
Nk348710,Ap348710,Amanda Pena,Sibling,4243614080
Nk320984,Ap320984,Adrienne Webb,Spouse,0016099523845723
Nk997059,Ap997059,Frank Villarreal,Parent,4184177546
Nk956748,Ap956748,Matthew Manning,Friend,89835971049295
Nk882355,Ap882355,Jeremy Smith,Friend,8391860625815
Nk364512,Ap364512,Jennifer Moore,Sibling,95948649598641
Nk701863,Ap701863,Jessica Davis,Spouse,0569107486210
Nk368799,Ap368799,Michael Smith,Spouse,46050372538265
Nk337549,Ap337549,Charles Campbell,Friend,8836593863
Nk694319,Ap694319,Rebekah Hernandez,Friend,001494420927870214
Nk584299,Ap584299,Michele Rangel,Sibling,0807278258
Nk712210,Ap712210,Jamie Myers,Parent,894642173522115
Nk548982,Ap548982,Rachel Gonzalez,Friend,16238408161897
Nk224046,Ap224046,Vincent Sanders,Sibling,1201405067510104
Nk506619,Ap506619,John Dunn,Sibling,4757854432173
Nk132097,Ap132097,Robert Mitchell,Spouse,17332915732
Nk766326,Ap766326,Lisa Morris,Friend,248062327938581
Nk749150,Ap749150,Brandon Burgess,Sibling,6358235003258
Nk330229,Ap330229,Gregory Thomas,Parent,24254572083876
Nk218834,Ap218834,Samantha Rodriguez,Spouse,1969438603341887
Nk193848,Ap193848,Steven Fleming,Spouse,1331710250
Nk152921,Ap152921,Charles Johnson,Friend,5759975232
Nk805086,Ap805086,Mr. Adrian Harris DVM,Parent,977159464077091
Nk750429,Ap750429,Elizabeth Smith,Sibling,17525055061343
Nk805660,Ap805660,Dana Davis,Parent,0427892200
Nk384821,Ap384821,John Newman,Parent,06636070705378
Nk155609,Ap155609,Martin Davis,Friend,65923757812511
Nk327897,Ap327897,Jamie Wang,Friend,139451945904061
Nk131024,Ap131024,Ross Mitchell,Parent,00137099252263737
Nk170313,Ap170313,Alyssa Short,Spouse,0013241513000274
Nk489957,Ap489957,Mr. Dustin Vasquez,Sibling,001636157818301897
Nk284078,Ap284078,Kyle York,Spouse,0011731965830854
Nk457429,Ap457429,Sean Hernandez,Sibling,2398270046
Nk561243,Ap561243,Cynthia Boyd,Friend,5496384974077
Nk213632,Ap213632,Lisa Spencer,Sibling,19235810852678
Nk351451,Ap351451,Deanna Aguirre,Friend,00180970392329651
Nk103051,Ap103051,Mr. Zachary Howard,Friend,9197086731
Nk804107,Ap804107,Cathy Vargas,Friend,58088494354624
Nk476836,Ap476836,Erica Frey,Spouse,2962060946814
Nk711523,Ap711523,David Lopez,Friend,1488147749
Nk821772,Ap821772,Robert Sullivan,Friend,0012183048924
Nk289407,Ap289407,Kathryn Armstrong,Parent,8835144808370
Nk549395,Ap549395,Jeffery Acevedo,Sibling,918744224914459
Nk562894,Ap562894,Mr. Victor Barr DDS,Spouse,226271580275961
Nk311810,Ap311810,Jason Chapman,Sibling,55228868337443
Nk827975,Ap827975,Angel Clark,Spouse,871344690129946
Nk173523,Ap173523,Michael Grant,Spouse,330647590948213
Nk860463,Ap860463,Eric Cisneros,Sibling,662309355283073
Nk194476,Ap194476,Jonathan Lamb,Spouse,34390937292108
Nk333841,Ap333841,Misty Torres,Friend,966012625713743
Nk903451,Ap903451,Nicole Roman,Parent,138471197028353
Nk970045,Ap970045,Timothy Fowler,Parent,3883161675
Nk322866,Ap322866,Gina Baldwin,Spouse,0903516072108
Nk186672,Ap186672,Connor Ortega,Sibling,2944838705
Nk698135,Ap698135,William Russell,Parent,2111029844
Nk444894,Ap444894,Ana Bowers,Parent,3061017751303
Nk834994,Ap834994,Isaac Ford,Parent,1423035621528688
Nk128251,Ap128251,Mitchell Schneider,Spouse,1395196408
Nk727769,Ap727769,Jared Tucker,Sibling,7426659212
Nk474710,Ap474710,Raven White,Spouse,64999054090266
Nk650233,Ap650233,Jeffrey Alexander,Sibling,7872534366682
Nk977284,Ap977284,Robert Rivera,Parent,0016409844371
Nk132217,Ap132217,Matthew Ramirez,Sibling,3093848449
Nk108308,Ap108308,Michelle Lee,Sibling,314280684360718
Nk368093,Ap368093,Brandon Chaney,Spouse,31816502423985
Nk283062,Ap283062,Lisa Hansen,Sibling,308489368714468
Nk494366,Ap494366,Robert Bell,Spouse,5456354210
Nk844840,Ap844840,James Ross,Parent,6669882106
Nk200235,Ap200235,Julie Shaw,Sibling,00184361031977276
Nk174740,Ap174740,Candace Parker,Parent,001892573189818109
Nk478496,Ap478496,Catherine Blair,Sibling,1401555485145260
Nk953049,Ap953049,Rodney Roberson,Friend,0019953779199
Nk850201,Ap850201,Timothy Kennedy,Spouse,0286825898686
Nk903328,Ap903328,Matthew Johnson,Friend,8835669230
Nk277247,Ap277247,Tammie Mejia,Parent,6003544557
Nk763165,Ap763165,Cody Carlson,Friend,11503587916
Nk629525,Ap629525,Larry Simmons,Spouse,75221657642127
Nk120056,Ap120056,Brianna Wilson,Parent,16811697436
Nk276615,Ap276615,Christopher Golden,Parent,001964778923878772
Nk287628,Ap287628,Stephen Jones,Spouse,3164565392
Nk738836,Ap738836,Latasha Stanley,Spouse,001510005346691607
Nk473632,Ap473632,Crystal Jones,Spouse,3786018520
Nk234415,Ap234415,Eric Herman,Sibling,00132250102310181
Nk506716,Ap506716,Christine Perkins,Spouse,00128275477346291
Nk546438,Ap546438,Cindy Leon,Parent,071552197990885
Nk653663,Ap653663,Christopher Brown,Friend,0875309727
Nk765022,Ap765022,Brandon Reyes,Parent,9628274814890
Nk641252,Ap641252,Kevin Logan,Sibling,78078310483296
Nk737717,Ap737717,Bradley Williams,Sibling,001236545961131776
Nk352764,Ap352764,Diane Smith,Spouse,3815474171
Nk814998,Ap814998,Dana Henderson,Friend,185576586656607
Nk566882,Ap566882,Carl Sanchez,Friend,0010097024504697
Nk840427,Ap840427,Mary Rose,Parent,964262435965610
Nk612153,Ap612153,Hannah Rodriguez,Friend,8698768759
Nk167215,Ap167215,Stephen Romero,Sibling,4970578136
Nk955474,Ap955474,Dennis Thompson,Spouse,531720516857640
Nk244356,Ap244356,David Phillips,Sibling,001636885733521222
Nk303861,Ap303861,Phillip Thompson,Spouse,144253932401961
Nk455612,Ap455612,Angela Johnson,Friend,1059909267851426
Nk554605,Ap554605,Miranda Johnson,Sibling,2862068763
Nk109435,Ap109435,Erin Hill,Spouse,70755644897901
Nk547556,Ap547556,Crystal Norman,Spouse,2844630054330
Nk799438,Ap799438,Laura Bradley,Sibling,5007856785
Nk965264,Ap965264,Laura Combs,Parent,0019807353096378
Nk675581,Ap675581,Lori Moore,Sibling,001067294898503080
Nk178781,Ap178781,Melinda Martin,Sibling,58011559396013
Nk291475,Ap291475,Colin Long,Spouse,48108090599546
Nk260196,Ap260196,Lori Kennedy,Friend,0674627018
Nk326507,Ap326507,Jeremiah Velez,Parent,788262689955671
Nk406063,Ap406063,Allison Hill,Friend,0015415804167760
Nk864121,Ap864121,Carol Edwards,Parent,00199062630408677
Nk876665,Ap876665,Alicia Parker,Spouse,0019967859131624
Nk790607,Ap790607,Dustin Holt,Sibling,303746147173205
Nk221172,Ap221172,Mary Perez,Friend,3940339097196
Nk456902,Ap456902,Vickie Brown,Friend,8127918495
Nk584963,Ap584963,Keith Anderson,Sibling,9172300113
Nk555968,Ap555968,Tamara Jacobson,Spouse,7875277227
Nk418717,Ap418717,Scott Vaughan,Spouse,514018622421298
Nk159101,Ap159101,Brian Farrell,Sibling,157491471106821
Nk595972,Ap595972,Christina Mahoney,Spouse,1770093927783004
Nk388790,Ap388790,Jordan Collins,Sibling,74118088574098
Nk990617,Ap990617,Justin Alvarez,Sibling,00162487553021130
Nk647337,Ap647337,Daniel Cole,Spouse,00138500176166048
Nk834965,Ap834965,Brian Obrien,Parent,3519531359
Nk460260,Ap460260,Alyssa White,Parent,754593772604475
Nk983811,Ap983811,Tara Floyd,Parent,2381740589
Nk692673,Ap692673,Kayla Robles,Sibling,70877787538627
Nk750419,Ap750419,Charles Robinson,Sibling,5560674484
Nk533374,Ap533374,Rebecca Romero,Friend,0015193160767192
Nk820777,Ap820777,Lori Miller,Sibling,0012498975917086
Nk647577,Ap647577,Nancy Rodriguez,Sibling,00132652631370210
Nk472370,Ap472370,Dale Potter,Friend,00100955375983847
Nk987225,Ap987225,Jill Thomas,Friend,6426785961
Nk371967,Ap371967,Sarah Doyle,Friend,5280935267
Nk291232,Ap291232,Debra Maldonado,Spouse,00156403040188931
Nk404119,Ap404119,David Williams,Friend,13711546481483
Nk109540,Ap109540,Mario Miller,Friend,13957629427813
Nk640652,Ap640652,Amy Reyes,Sibling,7642274003339
Nk497827,Ap497827,Jeffrey Alvarez,Parent,12724081443361
Nk651951,Ap651951,Steven Sharp,Sibling,7958493551
Nk151991,Ap151991,Marisa Stevenson,Sibling,00164049280281582
Nk288751,Ap288751,Linda Stewart DVM,Spouse,8684467033926
Nk466326,Ap466326,Drew Norman,Spouse,11863090800
Nk786337,Ap786337,Jamie Griffin,Sibling,2241981979595
Nk718992,Ap718992,Robert Saunders,Sibling,0454408750
Nk149115,Ap149115,Anna Boyd,Sibling,09237760345191
Nk453151,Ap453151,David Hopkins,Sibling,5023858915
Nk843583,Ap843583,Christian Nelson,Parent,7849113771
Nk291962,Ap291962,Robert Smith,Spouse,001894425432996294
Nk821747,Ap821747,Michael Nelson,Sibling,21664055556457
Nk249143,Ap249143,Samantha Reeves,Spouse,1154157486031417
Nk814635,Ap814635,Deanna Lee,Friend,3536228346
Nk636226,Ap636226,Michelle Landry,Spouse,1470229233741083
Nk453824,Ap453824,Isabella Lyons,Spouse,551957038503652
Nk104000,Ap104000,Heather Riley,Friend,208458065867708
Nk825948,Ap825948,Pamela Campbell,Spouse,4460028227
Nk987474,Ap987474,Paul Miller,Parent,0590342213605
Nk455754,Ap455754,Ms. Lisa Miles,Sibling,3037530276
Nk351492,Ap351492,Lindsey Pacheco,Parent,10089977745459
Nk990123,Ap990123,Jennifer Fuentes,Parent,127620691411899
Nk599522,Ap599522,Rebecca Mcdaniel,Parent,6311133893
Nk591072,Ap591072,Theresa Bell,Friend,90145243481408
Nk138304,Ap138304,Mackenzie Vaughan,Spouse,13984545549
Nk604999,Ap604999,Mark Ramos,Spouse,6063763618403
Nk431593,Ap431593,Mrs. Michelle Reed,Spouse,16019985791121
Nk707274,Ap707274,Richard Ross,Parent,2242572389
Nk251836,Ap251836,John White,Sibling,001532787377956731
Nk208940,Ap208940,Robert Mckinney,Parent,1419551856212300
Nk924926,Ap924926,Lee Neal,Parent,6854951255
Nk365517,Ap365517,Louis Evans,Sibling,8462927355680
Nk767521,Ap767521,Jacqueline Davis,Spouse,8135410128
Nk721820,Ap721820,Sandra Rhodes,Spouse,089248084457540
Nk979090,Ap979090,Heather Welch,Sibling,21194047953506
Nk485777,Ap485777,Leslie Holt,Sibling,0012704398861
Nk724674,Ap724674,Jeremy Stanton,Sibling,3247993022
Nk651638,Ap651638,Christopher Romero,Spouse,59010632179906
Nk717296,Ap717296,Gabriel Becker,Friend,1096329005
Nk980729,Ap980729,Chelsea Jones,Friend,5853578115
Nk649639,Ap649639,James Welch,Spouse,9192756154039
Nk712956,Ap712956,Sharon Mclaughlin,Parent,143102078812090
Nk738873,Ap738873,Miss Sarah Mendoza,Sibling,5405571217
Nk437497,Ap437497,Sandra Johnson,Spouse,7751598971
Nk307869,Ap307869,Carol Martinez,Parent,0914743835
Nk165953,Ap165953,Joel Black,Sibling,62468425969845
Nk943890,Ap943890,Sandra Garner,Sibling,0759202720
Nk600328,Ap600328,Kenneth Cook,Sibling,0016571867115
Nk906790,Ap906790,Michael Turner,Spouse,1629574560
Nk103267,Ap103267,Michael Barnes,Parent,5274435279
Nk182745,Ap182745,Brian Smith,Friend,3016559306
Nk976020,Ap976020,Dale Lawson,Sibling,18809375976352
Nk924945,Ap924945,Vanessa Hardy,Spouse,0015191675254
Nk257164,Ap257164,Christopher Francis,Spouse,14474380575227
Nk635626,Ap635626,Nicole Floyd,Parent,1933365112
Nk231484,Ap231484,Angela Porter,Sibling,6689788299
Nk631831,Ap631831,Gregory Lyons,Friend,854263622309982
Nk992323,Ap992323,Charles Medina,Spouse,0013373793921176
Nk160692,Ap160692,Karen Lambert,Parent,7644569742
Nk320156,Ap320156,Dawn Rodriguez,Spouse,2297735798
Nk323992,Ap323992,Brianna Benson,Parent,6336697084852
Nk616771,Ap616771,Thomas Ford,Friend,3463984049473
Nk930857,Ap930857,Tammy Mcdaniel,Spouse,1331723689472543
Nk663044,Ap663044,Kent Hart,Parent,1194482408
Nk643176,Ap643176,Steven Barrera,Sibling,0012099233305
Nk791095,Ap791095,Nicholas Young,Spouse,1553681077978803
Nk933727,Ap933727,Gina Martin,Parent,2832759635
Nk214352,Ap214352,Troy Sullivan,Sibling,0019754205275
Nk969474,Ap969474,Michael Bailey,Friend,0013651169453862
Nk185999,Ap185999,Leslie Sampson,Sibling,00133263837623248
Nk117955,Ap117955,Kenneth Crane,Sibling,2902941718
Nk924273,Ap924273,Jennifer Johnson,Spouse,04669315041350
Nk170640,Ap170640,Vincent Gray,Friend,18685636401205
Nk296582,Ap296582,Maria Griffith,Friend,5144039265
Nk844086,Ap844086,Gina Parrish,Friend,1678584473
Nk500573,Ap500573,Michael White,Friend,49530526446798
Nk525695,Ap525695,Denise Mason,Sibling,27320234589837
Nk161476,Ap161476,Paul Gardner,Parent,12067595787
Nk406955,Ap406955,Linda Jordan,Parent,9843419166
Nk267280,Ap267280,Nicole Rogers,Friend,594909812864978
Nk775510,Ap775510,Megan Gibson,Sibling,498791536862699
Nk695468,Ap695468,Tara Sharp,Sibling,7592717485
Nk798646,Ap798646,Christian Hall,Sibling,1134161096548823
Nk737144,Ap737144,Erika Ramos,Spouse,1686382162478656
Nk954882,Ap954882,Ashlee Rodriguez,Parent,00185296925456159
Nk514568,Ap514568,Darrell Hoover,Spouse,00185130876092892
Nk286141,Ap286141,Jennifer Edwards,Spouse,4465942382
Nk998320,Ap998320,Angela Bennett,Sibling,5011419996
Nk734736,Ap734736,Jennifer Wilson,Sibling,5576383534
Nk638685,Ap638685,John Spencer,Sibling,6470196807
Nk278031,Ap278031,Ashley Gonzales,Sibling,00121265833957346
Nk219180,Ap219180,Rebecca Baker,Spouse,1435584290390441
Nk166234,Ap166234,Amy Rivera,Friend,1068878281371098
Nk664242,Ap664242,Angela Weaver,Parent,14158283798417
Nk278352,Ap278352,Ronald Peterson,Friend,5224822788
Nk179459,Ap179459,Russell Zavala,Friend,71844796694608
Nk509995,Ap509995,Robert Roberts,Parent,870584205935339
Nk295004,Ap295004,Desiree Henderson,Sibling,17942660786
Nk566152,Ap566152,Lisa Hobbs,Parent,11211859627262
Nk825256,Ap825256,Danielle Woods,Parent,001175847152749791
Nk159163,Ap159163,Breanna Garcia,Parent,9823636460453
Nk575853,Ap575853,Dr. David Acosta DDS,Sibling,00114319794851423
Nk151934,Ap151934,Patricia Peterson,Sibling,2083195591953
Nk820255,Ap820255,Danny Crawford,Spouse,3495776842
Nk525523,Ap525523,Joseph Reid,Parent,2779529087638
Nk940530,Ap940530,Mr. William Andrews,Spouse,0013295117138
Nk554137,Ap554137,Melissa White,Sibling,1716237271938
Nk105486,Ap105486,Donna Nguyen,Spouse,1384672322
Nk239407,Ap239407,Kim Summers,Friend,4354846349
Nk973332,Ap973332,Brian Lynch,Spouse,3435446949
Nk750308,Ap750308,Lori Tucker,Friend,19632043986
Nk727083,Ap727083,Cynthia Valentine,Sibling,4382875986
Nk320184,Ap320184,Tiffany Mora,Parent,179920142709370
Nk766490,Ap766490,Amanda Sanchez,Friend,9822179774
Nk449652,Ap449652,Melissa Ryan,Friend,09590132071046
Nk861315,Ap861315,Mary Morales,Sibling,001333791497395178
Nk742612,Ap742612,Randy Johnson,Spouse,0165225262
Nk422710,Ap422710,Robert Davis,Sibling,001417912868923190
Nk297775,Ap297775,Kathryn Gonzalez,Parent,5079202377
Nk389336,Ap389336,Veronica Hoover,Sibling,01577281107487
Nk887494,Ap887494,David Evans,Spouse,001903830606179480
Nk708364,Ap708364,Marco Robbins,Sibling,2636641034
Nk189780,Ap189780,Reginald Mcmahon,Parent,149800754175982
Nk252617,Ap252617,Richard Green,Friend,4179387607
Nk645977,Ap645977,Michael Yoder,Spouse,465552342970247
Nk897606,Ap897606,Christine Decker,Sibling,5783819914118
Nk450605,Ap450605,Nathan Perry,Parent,174780140952389
Nk989465,Ap989465,Brian Hendricks,Friend,8718084768
Nk633636,Ap633636,Angela Lynch,Friend,9762894767084
Nk138102,Ap138102,Wayne Vega,Sibling,663313236097505
Nk174460,Ap174460,Judith Rosario,Friend,0731422828
Nk464778,Ap464778,Dr. Natalie Underwood,Sibling,237806576460282
Nk189930,Ap189930,Anthony Hodges,Friend,9649579291
Nk631089,Ap631089,Omar Hart,Spouse,2516709282
Nk727438,Ap727438,Rita Jacobs,Spouse,4648154807
Nk827627,Ap827627,Veronica Phillips,Spouse,03354025705153
Nk279208,Ap279208,Jessica Mathis,Parent,21275378939745
Nk254697,Ap254697,Brian Welch,Friend,0012436524596
Nk313945,Ap313945,Jason Butler,Parent,29013669307976
Nk331915,Ap331915,Danielle Moore,Spouse,00100992444954355
Nk827952,Ap827952,Claire Keller,Friend,6255780893
Nk308124,Ap308124,Kimberly Ewing,Sibling,15323364940898
Nk537477,Ap537477,Haley Pope,Parent,7428813796
Nk625830,Ap625830,William Hernandez,Friend,0997122884
Nk383821,Ap383821,Michael Gray,Sibling,1113251744241987
Nk277804,Ap277804,Cheryl Cook,Friend,00193873343090530
Nk805703,Ap805703,Nicholas Thomas,Sibling,001522118820102117
Nk139081,Ap139081,Gerald Murphy,Parent,5406289008
Nk818216,Ap818216,Paul Howard,Spouse,0019463945290
Nk455249,Ap455249,Melanie Dodson,Spouse,1399732820846
Nk319930,Ap319930,Pamela Lee,Sibling,5586799669
Nk905497,Ap905497,Daniel Nguyen,Parent,171067532907972
Nk617313,Ap617313,Melissa Hoffman,Friend,0014452827862
Nk314532,Ap314532,Christopher Barnes,Sibling,6823324600511
Nk712380,Ap712380,Rachel Jones,Sibling,00102826538007141
Nk619332,Ap619332,Misty Horton,Friend,9256164709
Nk416837,Ap416837,Stephanie Massey,Spouse,3088632251
Nk389106,Ap389106,Jimmy Delgado,Parent,616240862532659
Nk128295,Ap128295,Elizabeth Jennings,Sibling,7542767537762
Nk113807,Ap113807,Ashley Kelly,Spouse,3334939897
Nk535564,Ap535564,Walter Lee,Spouse,84523631471076
Nk257504,Ap257504,Christopher Jones,Friend,2207785138
Nk338067,Ap338067,Jordan White,Parent,17555289425743
Nk585008,Ap585008,Amanda Reynolds,Spouse,0397892409
Nk792440,Ap792440,Debbie Dickerson,Spouse,82793176066652
Nk494540,Ap494540,Debra Potter,Sibling,0016988319239
Nk977699,Ap977699,Julia Weaver DVM,Friend,0017254562359456
Nk617923,Ap617923,Lori Edwards,Parent,15609070292039
Nk266981,Ap266981,George Allen,Spouse,4210873300
Nk844699,Ap844699,Amber Smith,Friend,00107381024283321
Nk119870,Ap119870,Gail Ortiz,Sibling,6299446878
Nk303196,Ap303196,Dr. Taylor Foster,Friend,1158009058
Nk348683,Ap348683,Anna Gibson,Spouse,1793631681582386
Nk334677,Ap334677,Beth Smith,Parent,11579213630
Nk126790,Ap126790,Sergio Dean,Spouse,1184686667728
Nk743162,Ap743162,Roy Johnson,Sibling,00186936120996940
Nk911721,Ap911721,Brandon Caldwell,Parent,6776821569
Nk548345,Ap548345,Cynthia Burnett,Parent,56323012868081
Nk849074,Ap849074,Dr. Jessica Page DDS,Friend,7819510875
Nk587462,Ap587462,Matthew Parker,Friend,3038407675352
Nk639773,Ap639773,Nathan White,Sibling,0018285924102
Nk930914,Ap930914,Jasmine Lopez,Parent,99942410765590
Nk186188,Ap186188,John Singleton,Parent,84577261011944
Nk629036,Ap629036,Krystal Garcia,Sibling,00169307059798755
Nk842129,Ap842129,Kelsey Allen,Parent,10152581296
Nk764795,Ap764795,Derrick Chambers,Friend,3047868337
Nk890141,Ap890141,Daniel Fischer,Friend,581421159318077
Nk748249,Ap748249,Tanya Cohen,Sibling,0019741806663
Nk130355,Ap130355,Katie Allison,Friend,1979109352
Nk811131,Ap811131,Peter Ross,Sibling,1172106751
Nk551015,Ap551015,Joseph Paul,Sibling,0010629756240
Nk506332,Ap506332,Ricky Walker,Friend,0014906350027
Nk256542,Ap256542,Theresa Baldwin DVM,Spouse,61519529640719
Nk273416,Ap273416,Allen Lawson,Sibling,8668748310338
Nk405062,Ap405062,Leslie Bowen,Parent,4952661666
Nk938656,Ap938656,Brian Salazar,Spouse,9856061775440
Nk663586,Ap663586,James Thompson,Parent,4838334872
Nk601708,Ap601708,Connie Allen,Parent,5459611158486
Nk966651,Ap966651,Matthew Roberts,Parent,7647675967
Nk161629,Ap161629,Michael Caldwell,Parent,63533746671906
Nk428184,Ap428184,Tina Scott,Sibling,259943631232550
Nk592734,Ap592734,Barbara Rice,Spouse,103447551771801
Nk855195,Ap855195,Kyle Wolf,Friend,7139473696
Nk390160,Ap390160,Sarah Cook,Parent,13901898505385
Nk648248,Ap648248,Dr. Anna Daniels,Parent,0275063415
Nk920023,Ap920023,Tina Perez,Parent,3481426872
Nk313920,Ap313920,Timothy Kelley,Friend,6691240428
Nk989765,Ap989765,Alexander Grant,Parent,8641845781
Nk342804,Ap342804,Jeanette Soto,Friend,1526550042
Nk476965,Ap476965,Fernando Santana,Spouse,09988186038871
Nk560857,Ap560857,Tiffany Garcia,Friend,0350933869
Nk922827,Ap922827,Max Berry,Friend,9840548238048
Nk604492,Ap604492,Michael Kelley,Parent,53957873541695
Nk753983,Ap753983,Stephanie Hicks,Sibling,69646179537100
Nk515916,Ap515916,Natalie Mitchell,Parent,8890592209
Nk921052,Ap921052,Terry Ward,Spouse,0013790144579786
Nk858574,Ap858574,Lauren Richmond,Spouse,8909398594
Nk228148,Ap228148,Ashley Hawkins,Spouse,5457606260
Nk906991,Ap906991,Alan Johnson,Parent,94103192247584
Nk586261,Ap586261,Justin Rice,Parent,001723604941170695
Nk455540,Ap455540,Tony Webb,Sibling,20343258410070
Nk292714,Ap292714,Antonio Baker,Parent,449536290310560
Nk831899,Ap831899,Deanna Hobbs,Spouse,5049500922984
Nk383876,Ap383876,Rachel Santana,Parent,2475001571099
Nk359747,Ap359747,Edward Thompson,Parent,230021353551898
Nk715650,Ap715650,Scott Wilson,Spouse,1275136386471784
Nk523570,Ap523570,Judith Miller,Friend,6829646098
Nk375987,Ap375987,Sarah Anderson,Sibling,3038357681
Nk738353,Ap738353,Cynthia Schultz,Friend,7075782057530
Nk958158,Ap958158,John Henderson,Parent,0017434315758
Nk117640,Ap117640,Shari Reed,Spouse,9185274754208
Nk152528,Ap152528,Jennifer Schroeder,Friend,001720829821490333
Nk924845,Ap924845,Kristen Glass,Friend,6110720899747
Nk359214,Ap359214,Steven Foster,Parent,5119503265915
Nk939070,Ap939070,William Buckley,Spouse,4368967851
Nk601108,Ap601108,Karen Suarez,Sibling,49716500999850
Nk734421,Ap734421,Christopher Smith,Parent,10057216065888
Nk468501,Ap468501,Brian Martinez,Friend,943653722714202
Nk824226,Ap824226,Laura Davis,Spouse,2708348502
Nk250159,Ap250159,Daniel Liu,Parent,5600016240
Nk272502,Ap272502,Sara Gibson,Friend,14587246223
Nk255576,Ap255576,Matthew Williams,Parent,2087219765
Nk965291,Ap965291,Kimberly Morales,Parent,13562124930117
Nk986089,Ap986089,Michael Smith,Sibling,6016002453406
Nk111023,Ap111023,Wesley Robles,Sibling,6591392221
Nk645735,Ap645735,Calvin Bolton,Friend,889920175846497
Nk488043,Ap488043,Marissa Pena,Parent,984225394404375
Nk386103,Ap386103,Amanda Flowers,Parent,414127946376080
Nk166203,Ap166203,Nicholas Jackson,Sibling,173092783403460
Nk260775,Ap260775,Peter Smith,Friend,173742648560504
Nk109337,Ap109337,Charles Miller,Spouse,172252214206554
Nk670715,Ap670715,Jenna Norman,Parent,1441961676437061
Nk614723,Ap614723,Heather Casey,Friend,2513397760
Nk423673,Ap423673,Sandra Jackson,Friend,3865558654234
Nk464167,Ap464167,Trevor Huang,Spouse,36157306001547
Nk446809,Ap446809,James Scott,Spouse,0013491219786815
Nk730075,Ap730075,Brandon Wells,Sibling,3931132879123
Nk787281,Ap787281,Jessica Henderson,Friend,7830832300
Nk395451,Ap395451,Jennifer Munoz,Friend,600351250721685
Nk520571,Ap520571,Kerry Maxwell,Sibling,8414551085
Nk227016,Ap227016,Kaitlyn Kelley,Spouse,8064186954311
Nk891267,Ap891267,Helen Ward,Friend,5576033558
Nk644447,Ap644447,Amy Gray,Parent,2598665021
Nk597562,Ap597562,Steve Riley,Sibling,08185580910030
Nk802965,Ap802965,Cynthia Wilcox,Friend,9013517187
Nk483934,Ap483934,James Sullivan,Parent,2253080740109
Nk992048,Ap992048,Cassandra Martin,Spouse,6127533045556
Nk965184,Ap965184,Tyler Lindsey,Sibling,9586667057607
Nk417428,Ap417428,Robert Fischer,Sibling,38212300803497
Nk419187,Ap419187,Samuel Miller,Sibling,2770340579
Nk790907,Ap790907,John Ponce,Parent,001046517744404432
Nk983439,Ap983439,Morgan Lynch,Spouse,7046871137
Nk182844,Ap182844,Ashley Cook,Sibling,001073952056386107
Nk651820,Ap651820,Heather Smith,Parent,0793100033593
Nk265421,Ap265421,Steven French,Sibling,9529133866794
Nk222402,Ap222402,Crystal Ramirez,Friend,17912645233263
Nk218012,Ap218012,Angela Conley,Spouse,0015030859940620
Nk538661,Ap538661,Daniel Beasley,Sibling,4496772601
Nk498929,Ap498929,Benjamin Medina,Spouse,9320004357
Nk680466,Ap680466,Christopher Soto,Sibling,0019280958834321
Nk673695,Ap673695,John Gutierrez,Sibling,6834036342
Nk563556,Ap563556,Russell Baker,Parent,1647866465
Nk675278,Ap675278,Alexis King,Spouse,0838396481
Nk229473,Ap229473,Keith Wilson,Spouse,0013800552254
Nk578007,Ap578007,Alicia Simpson,Parent,5742543178
Nk944573,Ap944573,Amanda Anderson,Spouse,4012417601756
Nk517009,Ap517009,Christopher Copeland,Parent,1163517886228887
Nk418714,Ap418714,Shirley Thornton,Parent,00189838165447215
Nk326156,Ap326156,Pedro Heath,Sibling,1747532307604567
Nk268964,Ap268964,Phillip Harrell,Friend,7051422241
Nk625303,Ap625303,Kenneth Reynolds,Friend,3534544125
Nk161813,Ap161813,Virginia Alvarez,Spouse,3830180670
Nk127712,Ap127712,Elizabeth Rice,Friend,7633814950786
Nk724785,Ap724785,Austin York,Spouse,6671930613
Nk867214,Ap867214,Douglas Vasquez,Sibling,7031171912
Nk212816,Ap212816,Christine Brandt,Friend,666661539126644
Nk228778,Ap228778,Brian Christensen,Spouse,544026995627108
Nk686580,Ap686580,Kimberly Jones,Sibling,2324146004
Nk385977,Ap385977,Timothy Guerrero,Sibling,18158485902993
Nk235230,Ap235230,Ashley Wiggins,Sibling,0011284324731774
Nk818040,Ap818040,Christopher Black,Sibling,70431378871466
Nk906741,Ap906741,Mr. Johnathan Walker,Sibling,00171048967200883
Nk369114,Ap369114,Ashley Kelley,Spouse,7931509828
Nk434618,Ap434618,James Smith,Sibling,10384436579
Nk932972,Ap932972,Courtney Robinson,Parent,028546263075279
Nk251456,Ap251456,Amanda Wright,Friend,36976848933594
Nk904449,Ap904449,Angela Powell,Friend,1125247612075
Nk962312,Ap962312,Alexis White,Parent,7153559445768
Nk205570,Ap205570,Rachel Robertson,Parent,6878261815
Nk370846,Ap370846,Christine Wise,Parent,36563165475136
Nk100404,Ap100404,James Wagner,Friend,64521244021766
Nk803286,Ap803286,Edward Welch,Sibling,981575418831828
Nk374907,Ap374907,Anthony Hardy,Spouse,1265382192
Nk773744,Ap773744,Colleen Hull,Parent,136528874804647
Nk815460,Ap815460,Priscilla Hunt,Friend,2871459842
Nk984574,Ap984574,Joshua Anderson DDS,Sibling,984191874734319
Nk765220,Ap765220,Matthew Duarte,Friend,199748420512565
Nk335365,Ap335365,Elizabeth Stevens,Sibling,686803619903701
Nk442786,Ap442786,Michael Richardson,Parent,373841073224827
Nk150612,Ap150612,Matthew Alvarado,Parent,9994975492
Nk910006,Ap910006,Mary Johnson,Spouse,711025661107245
Nk909956,Ap909956,Ricardo Anderson,Spouse,7710646414
Nk300244,Ap300244,Gregory Chapman II,Sibling,533765192867851
Nk897348,Ap897348,Charles Williams,Sibling,8908131658
Nk104809,Ap104809,Dr. Mary Moore,Spouse,6992108465
Nk263273,Ap263273,Anne Brooks,Sibling,753915068106990
Nk808690,Ap808690,David Rose,Friend,716554115972609
Nk244528,Ap244528,Kelsey Martinez,Friend,731726663755806
Nk606964,Ap606964,Richard Butler,Parent,024730818044104
Nk549613,Ap549613,Amanda Martinez,Sibling,00152856655355321
Nk138765,Ap138765,Daniel Myers,Parent,3980035022
Nk931538,Ap931538,Anita Richardson,Spouse,0017289642681
Nk416076,Ap416076,Ryan Chen,Spouse,1101145890
Nk943523,Ap943523,Richard Conley,Sibling,0013979015841982
Nk646237,Ap646237,Jesse Dickson,Parent,8998725467000
Nk301152,Ap301152,Andrea Johnson,Sibling,1355287962459896
Nk399888,Ap399888,James Martin,Friend,9226880297
Nk800903,Ap800903,Kimberly Harvey,Spouse,7140009850
Nk994751,Ap994751,John Olsen,Sibling,00185924821609925
Nk192193,Ap192193,Alexandra Simon,Parent,189754397981577
Nk136187,Ap136187,Robert Jimenez,Sibling,1621286789868137
Nk605950,Ap605950,Ashlee Cox,Parent,93485847345706
Nk238311,Ap238311,Sergio Reese,Friend,122780876900116
Nk900921,Ap900921,Alicia Owens,Friend,37795614750118
Nk608153,Ap608153,Matthew Tucker,Sibling,001421134393637566
Nk289089,Ap289089,Mr. Jack Hamilton Jr.,Spouse,9434045383
Nk686165,Ap686165,Benjamin Jones,Sibling,3977274677566
Nk536341,Ap536341,Matthew Gutierrez,Parent,6721437212
Nk412066,Ap412066,Elizabeth Bishop,Sibling,8636485044
Nk718362,Ap718362,Gregory Fletcher,Spouse,9196864027
Nk787409,Ap787409,Selena Hall,Parent,5294824478
Nk661419,Ap661419,Marissa Sullivan,Parent,178213893194657
Nk740053,Ap740053,Nicholas Travis,Parent,1407412317
Nk960395,Ap960395,Jeremy Thomas,Parent,147022372855552
Nk731172,Ap731172,Philip Price,Sibling,61529020973289
Nk225917,Ap225917,Brooke Sanders,Friend,0016329036358
Nk910717,Ap910717,Janet Schultz,Friend,3761843622
Nk399770,Ap399770,Jamie Mcmahon,Parent,6818267399868
Nk798168,Ap798168,James Rodriguez,Parent,58739855641464
Nk581680,Ap581680,Jeffrey Ross,Spouse,8059455913
Nk381342,Ap381342,Jeffrey Williams,Sibling,362555490570931
Nk639542,Ap639542,Jennifer Jones,Parent,00190231116035740
Nk144238,Ap144238,Victoria Clark MD,Parent,1417901344762944
Nk101252,Ap101252,Kristine Sullivan,Sibling,9288844688
Nk926196,Ap926196,Ashley Sexton,Sibling,00168501733280626
Nk964141,Ap964141,Travis Martinez,Spouse,4696721388
Nk585450,Ap585450,Daniel Lozano,Spouse,13427524977781
Nk415826,Ap415826,Amanda Moreno,Sibling,770770919432886
Nk421638,Ap421638,Jerome Smith,Friend,001100696339966717
Nk705605,Ap705605,Thomas Jackson,Parent,0527322136501
Nk427359,Ap427359,Robert Khan,Parent,4709362801
Nk702875,Ap702875,Shane Jones,Parent,9167615866
Nk106949,Ap106949,Anna Hodges,Sibling,0017170109590
Nk863185,Ap863185,Christopher Dixon,Friend,8513054171
Nk417537,Ap417537,Bruce Cox,Sibling,9580815947
Nk828913,Ap828913,Thomas Soto,Parent,14338290276308
Nk762301,Ap762301,Miguel Wright,Sibling,0001663982
Nk650222,Ap650222,Reginald Cannon,Parent,9628991232
Nk880722,Ap880722,Timothy Moore,Sibling,6543235521
Nk555102,Ap555102,Fernando Parker,Sibling,1257322376
Nk437889,Ap437889,Barbara Gardner,Sibling,7624863892089
Nk576467,Ap576467,Ashley Patrick,Parent,56337464541489
Nk456600,Ap456600,Phyllis Ferguson,Sibling,8591937527247
Nk415557,Ap415557,James Morris,Parent,00121898969453369
Nk983671,Ap983671,Michael Martin,Friend,4056599118640
Nk404462,Ap404462,Katrina Murphy,Parent,14241891228180
Nk350875,Ap350875,Nicole Williams,Parent,546272197523189
Nk563389,Ap563389,Randall Smith,Friend,5008170460049
Nk170390,Ap170390,Lisa Green,Friend,7061156091
Nk807689,Ap807689,Susan Mcgee,Spouse,5825091397
Nk353490,Ap353490,Michael Wright,Sibling,40249099162524
Nk667376,Ap667376,Melissa Miller,Parent,9648950894
Nk347940,Ap347940,Debra Stewart,Parent,20709266492011
Nk465340,Ap465340,Joshua Travis,Spouse,74811037025402
Nk533027,Ap533027,Michael Boyd,Spouse,6643517546029
Nk608041,Ap608041,Anthony Jones,Friend,780556889342931
Nk417623,Ap417623,James Lam,Parent,83494353923066
Nk316464,Ap316464,Rose Mcfarland,Sibling,0397018517738
Nk842729,Ap842729,Donald Drake,Parent,8635350350
Nk610736,Ap610736,Shelly King,Sibling,15732929861744
Nk906395,Ap906395,Brian Flores,Friend,64014249257723
Nk417267,Ap417267,Stephen Howard,Sibling,2033293594
Nk750199,Ap750199,Brandi Walker,Spouse,18560258145916
Nk988900,Ap988900,Kristin Garcia DDS,Sibling,18098746232
Nk323777,Ap323777,Nicole Haas,Parent,3852298414049
Nk959909,Ap959909,Leslie Stewart,Parent,6353320261
Nk900820,Ap900820,Christopher Knapp,Parent,5176117686
Nk105569,Ap105569,Theresa Little,Friend,4804700382
Nk694124,Ap694124,Jason Greene,Parent,72843891185166
Nk728861,Ap728861,Austin Newton,Friend,7949672915
Nk529802,Ap529802,Stacy Larson,Friend,10016195442
Nk358090,Ap358090,Aaron Keith,Sibling,256555290398625
Nk767375,Ap767375,Todd Jackson,Sibling,15565443658212
Nk145002,Ap145002,Anthony Martinez,Spouse,089331218083574
Nk871954,Ap871954,Brandon Dyer,Sibling,0011183948428984
Nk761614,Ap761614,Angela Barker,Sibling,6652949001
Nk779574,Ap779574,Cynthia Fitzpatrick,Sibling,54921291468728
Nk598870,Ap598870,Paul Smith,Spouse,56088710290188
Nk311791,Ap311791,Beth Collins,Sibling,6418212597
Nk302846,Ap302846,Hannah Scott,Parent,967824438036645
Nk761450,Ap761450,Renee Russell,Friend,1474730717
Nk766997,Ap766997,Courtney Wilson,Sibling,4406768218
Nk777775,Ap777775,Shelia Williams,Friend,7622445129
Nk124071,Ap124071,Kimberly Kirby,Sibling,0379462177
Nk682531,Ap682531,Joel Kelly,Friend,001806175742151544
Nk994647,Ap994647,Craig Reyes,Parent,137747352959385
Nk272312,Ap272312,Timothy Parker,Friend,058251509648577
Nk357218,Ap357218,David Jennings,Spouse,001039182113934617
Nk314879,Ap314879,Adam Miller,Spouse,03131662944647
Nk463714,Ap463714,Brandy Hansen,Parent,11685711482092
Nk526650,Ap526650,Michelle Atkinson,Spouse,9756730091
Nk431868,Ap431868,Jermaine Medina,Sibling,15150536960770
Nk962129,Ap962129,Melissa Weaver,Friend,4523382667350
Nk653020,Ap653020,Mark Leach,Friend,00111558060707722
Nk745753,Ap745753,Aaron Randall,Spouse,14103378332170
Nk517170,Ap517170,Daniel Francis,Sibling,0291589602341
Nk157108,Ap157108,Steven Mendoza,Spouse,001667096660564243
Nk580721,Ap580721,Melvin Williams,Parent,186448013579201
Nk211195,Ap211195,Ashley Russell,Spouse,23666272883964
Nk989513,Ap989513,Phillip Peck,Spouse,9237168255
Nk136668,Ap136668,Stephanie Padilla,Sibling,1194473513971971
Nk385205,Ap385205,Stephanie Webb,Friend,420751266357617
Nk441396,Ap441396,Sara Davis,Parent,17478581229
Nk664037,Ap664037,Michael Ortega,Spouse,0011706614529
Nk230560,Ap230560,Cory King,Friend,9295028191
Nk466824,Ap466824,Robert Arnold,Sibling,0014702821249169
Nk247979,Ap247979,Heather Knight,Sibling,12647573752
Nk249849,Ap249849,Lindsay Frank,Parent,7769513782
Nk848589,Ap848589,Sarah Thompson,Spouse,8740058208
Nk151745,Ap151745,Rebecca Carson,Sibling,0015250019759
Nk470608,Ap470608,Stephanie Lang,Sibling,9931334062790
Nk191865,Ap191865,Brandon Smith,Spouse,848037152940594
Nk998860,Ap998860,Kevin Pratt,Spouse,5949676366
Nk312890,Ap312890,Kathleen Fletcher,Sibling,1214125849662269
Nk123624,Ap123624,Philip Carter,Friend,3248480970
Nk123321,Ap123321,Joseph Reyes,Parent,38943680385765
Nk503704,Ap503704,Mitchell Harris,Parent,851800219396549
Nk909006,Ap909006,David Daniel,Sibling,0222370383
Nk274293,Ap274293,Tammy Jones,Friend,0019273206810
Nk883415,Ap883415,Sara Gibson,Sibling,9929862878
Nk286717,Ap286717,Charles Stone,Parent,15577698580942
Nk480975,Ap480975,Anthony Meza Jr.,Spouse,00143644152870977
Nk283868,Ap283868,Travis Bridges,Parent,001963377925533469
Nk759792,Ap759792,Matthew Baker,Spouse,00141652317673075
Nk195257,Ap195257,April Hooper,Sibling,7636047023
Nk688579,Ap688579,Stephanie Johnson,Sibling,7690627649700
Nk310176,Ap310176,Glenn Reynolds,Spouse,81679053314488
Nk290471,Ap290471,Maurice Taylor,Parent,14555330482
Nk572930,Ap572930,Suzanne Lopez,Sibling,8059901236454
Nk936860,Ap936860,Karla Baker,Spouse,112859519531756
Nk843091,Ap843091,Mitchell Adams,Parent,48523939094304
Nk618862,Ap618862,Maria Schmidt,Friend,95550738141020
Nk575774,Ap575774,Seth Barnett,Spouse,1839273036
Nk735605,Ap735605,Marc Wall,Parent,558824976750365
Nk239789,Ap239789,Jessica Carlson,Sibling,850451910232106
Nk489593,Ap489593,Jeremy Kemp,Sibling,606709138839776
Nk915131,Ap915131,Hannah Perez,Sibling,01502081819733
Nk173686,Ap173686,Jacob Gonzalez,Friend,108849419316935
Nk167661,Ap167661,Ashley Cook,Spouse,187775324806409
Nk668535,Ap668535,Lynn Brown,Sibling,912367724580238
Nk345121,Ap345121,Jason Williams,Friend,9353422999
Nk772108,Ap772108,Charles Curtis,Friend,10603405509
Nk467257,Ap467257,Jennifer Smith,Spouse,0019456783149
Nk366765,Ap366765,Tracey Holmes,Spouse,5619670775
Nk246106,Ap246106,Jessica Ruiz,Parent,17164719711
Nk358930,Ap358930,Steven Golden,Friend,1707047188
Nk760482,Ap760482,Stanley Hoffman,Spouse,322999883637367
Nk904462,Ap904462,Dean Hill,Spouse,18317162470662
Nk969270,Ap969270,James Murphy,Parent,758929511256797
Nk971149,Ap971149,David George,Parent,4279910543933
Nk548874,Ap548874,Anita Johnson,Sibling,4298811945
Nk662926,Ap662926,April Carroll,Spouse,2358163522
Nk953499,Ap953499,Katie Chapman,Spouse,69601267808158
Nk218033,Ap218033,Brittany Meyer,Friend,2339161590
Nk730265,Ap730265,Mrs. Summer Anderson DDS,Sibling,08063098192640
Nk713157,Ap713157,Jamie Jackson,Parent,701244655425396
Nk729474,Ap729474,Mr. Thomas Joseph,Parent,4167715507
Nk921106,Ap921106,Sharon Lane,Spouse,1683323770
Nk266926,Ap266926,Deborah Griffin,Sibling,6505933106184
Nk670559,Ap670559,Mark Ramos,Friend,001527978613461629
Nk960120,Ap960120,Tiffany Reed,Friend,5112620089
Nk531734,Ap531734,Lacey Sims,Parent,93306484538640
Nk473220,Ap473220,Douglas French,Sibling,0018458601889
Nk765627,Ap765627,Carly Aguilar,Parent,37291879442023
Nk321897,Ap321897,Cody Lawrence,Sibling,135375744308558
Nk101062,Ap101062,Timothy Harrison,Parent,001937069936350392
Nk347736,Ap347736,Jeremy Wright,Friend,10116308431735
Nk674736,Ap674736,Andrea Callahan,Sibling,6554096787
Nk195462,Ap195462,Dr. Tina Craig,Sibling,4539843745976
Nk499445,Ap499445,John Morris,Sibling,7935200728
Nk550009,Ap550009,Kristine Mcdaniel,Parent,5336143208884
Nk870173,Ap870173,Charles Grant,Parent,8146716442121
Nk672203,Ap672203,Joyce Martinez,Spouse,0111042771
Nk366776,Ap366776,Willie Wilson,Friend,16591427106
Nk728880,Ap728880,Brent Jacobs,Friend,5382308577079
Nk758956,Ap758956,Elizabeth Wilson,Friend,681797297996650
Nk471923,Ap471923,Jason Alexander,Parent,2982985336
Nk499384,Ap499384,Jonathan Palmer,Spouse,0508903731
Nk732387,Ap732387,Shane Davis,Sibling,4128565808
Nk631849,Ap631849,Tonya Johnson,Friend,8916892740
Nk567010,Ap567010,David Perez,Parent,773543713419297
Nk706440,Ap706440,Abigail Reyes,Sibling,5331077934
Nk749324,Ap749324,Kimberly Brown,Spouse,3019559379
Nk486193,Ap486193,Teresa Rios,Spouse,16232542090157
Nk126734,Ap126734,David Miller,Parent,18841143569760
Nk126069,Ap126069,Michael French,Parent,3896686644959
Nk835265,Ap835265,Jorge Rose,Sibling,12557448268
Nk637198,Ap637198,Margaret Hunt,Sibling,25771475997740
Nk435623,Ap435623,Savannah Weaver,Spouse,38084857993541
Nk570951,Ap570951,Kenneth Richardson,Spouse,7323436236003
Nk181264,Ap181264,Regina Santana,Spouse,4290107406
Nk123275,Ap123275,Kaitlyn Hanna,Friend,69669324231379
Nk696562,Ap696562,Susan Nichols,Sibling,0621620112
Nk574665,Ap574665,Melvin Davis,Parent,0014275833593
Nk462920,Ap462920,Kelly Walsh,Friend,9934832758
Nk291076,Ap291076,Lisa Taylor,Spouse,01017543167733
Nk294053,Ap294053,Madison Simon,Spouse,35812292781865
Nk809913,Ap809913,Stephanie Manning DVM,Friend,328960183903654
Nk672735,Ap672735,David Pratt,Friend,376452907745486
Nk699991,Ap699991,James Case,Spouse,4820722967
Nk962522,Ap962522,Mary Fitzpatrick,Spouse,0906619410
Nk903692,Ap903692,Daryl Herrera,Spouse,0320933370
Nk212581,Ap212581,Darius Alexander,Friend,00171361231962060
Nk365956,Ap365956,Alison Porter MD,Spouse,390657472199704
Nk521240,Ap521240,Erin Vaughn,Friend,6920709740
Nk814016,Ap814016,Justin Morgan,Spouse,9962034103
Nk216421,Ap216421,Matthew Smith,Parent,9878113664503
Nk625893,Ap625893,Jessica Guerrero,Spouse,0460637350425
Nk564374,Ap564374,Crystal Jensen DDS,Sibling,0887549504203
Nk172303,Ap172303,Tammy Campbell,Sibling,18083715378
Nk258211,Ap258211,Ann Green,Sibling,2134697943
Nk287210,Ap287210,Sara Bailey,Parent,0571928356
Nk886237,Ap886237,Aaron Khan,Parent,0013300138371138
Nk962557,Ap962557,Jeffrey Cooley,Sibling,0010210726954803
Nk244990,Ap244990,Kimberly Cobb,Spouse,0018066805695
Nk258518,Ap258518,Jacqueline Bennett,Sibling,17730665189
Nk224040,Ap224040,Cody Frank,Sibling,001263318472060402
Nk768406,Ap768406,Jamie Ritter,Spouse,6404948772
Nk623138,Ap623138,Amanda Brown,Parent,00120484462491351
Nk518034,Ap518034,Kenneth Hart,Friend,10692889427
Nk856254,Ap856254,Jessica Brown,Sibling,0011626371260981
Nk890756,Ap890756,Paul Hurley,Sibling,125464165163138
Nk962755,Ap962755,Mitchell Nguyen,Friend,4366065566
Nk895543,Ap895543,Daniel Miranda,Spouse,7688617867
Nk640677,Ap640677,James Andrews DVM,Friend,4826999446
Nk746465,Ap746465,Vanessa Hahn,Friend,0011115849196321
Nk403571,Ap403571,Patrick Turner,Friend,195362979864762
Nk784106,Ap784106,Dawn Black,Spouse,447743322600621
Nk222883,Ap222883,Jesse Hunt MD,Spouse,6187318533682
Nk843246,Ap843246,Jason Vazquez,Spouse,74348232615445
Nk862501,Ap862501,Alison White,Spouse,7161407334
Nk487952,Ap487952,Yvonne Liu,Parent,3267701121611
Nk212221,Ap212221,John Nelson,Parent,281375411782390
Nk899666,Ap899666,Thomas Roberson,Sibling,760174356793245
Nk360669,Ap360669,Kristen Kelley,Parent,82318664950126
Nk859224,Ap859224,Carol Montes,Spouse,001974187277498495
Nk939873,Ap939873,Brian Valdez,Parent,0015335352065
Nk625134,Ap625134,Kyle Rhodes,Friend,084821539459708
Nk635242,Ap635242,Jennifer Duncan,Sibling,6963592662
Nk441383,Ap441383,Erin Young,Parent,10172569808743
Nk344761,Ap344761,Sean Maxwell,Friend,101442955781846
Nk932946,Ap932946,Victor Hansen,Sibling,92854854385908
Nk974668,Ap974668,Javier Saunders,Spouse,5989211378
Nk984011,Ap984011,Brian Anderson,Parent,285395676601811
Nk237541,Ap237541,Christopher Weeks,Friend,10111711833
Nk928533,Ap928533,Travis Mayer PhD,Sibling,8934713871
Nk164323,Ap164323,Aaron Larsen,Parent,00188812650082656
Nk716210,Ap716210,Kenneth Stanley,Parent,2636111694
Nk289139,Ap289139,Jennifer Jackson,Spouse,4493896923
Nk280448,Ap280448,Kimberly Scott,Parent,00142635936031142
Nk800947,Ap800947,Harry Bryant,Friend,3520813821708
Nk335659,Ap335659,Katie Pham,Spouse,4947977202115
Nk489678,Ap489678,Robert Tanner,Spouse,001317508955626466
Nk954016,Ap954016,Charles Peterson,Parent,0762761400
Nk204537,Ap204537,Rebecca Torres,Friend,241511184314188
Nk964909,Ap964909,Holly Hunter,Friend,14531201054
Nk341983,Ap341983,Sabrina Mcmillan,Parent,3603521707814
Nk666821,Ap666821,James Roberson,Sibling,1721731677187497
Nk888260,Ap888260,Michael Robinson,Sibling,7986222932
Nk101917,Ap101917,Jeremiah Graham,Parent,377064572465457
Nk382762,Ap382762,Robert Alvarado,Parent,803005856665611
Nk656542,Ap656542,Angela Harris,Parent,415482485647699
Nk886275,Ap886275,Sarah Stanley,Spouse,5093924893
Nk467436,Ap467436,Laura Hill,Spouse,0016289609619750
Nk609930,Ap609930,Wendy Perez,Friend,17418426243
Nk671650,Ap671650,Clinton Johnston,Friend,10272963962
Nk382272,Ap382272,Natalie Martinez,Sibling,7250407397
Nk485925,Ap485925,Janice Williams,Parent,6441017433892
Nk866641,Ap866641,Alexandra Maynard,Parent,1037283682866703
Nk814743,Ap814743,Kayla Austin,Friend,001350168668027726
Nk689833,Ap689833,Kristin Jackson,Spouse,1450353872
Nk182180,Ap182180,Samuel Reed,Friend,5340210424
Nk712246,Ap712246,Matthew Campbell,Sibling,1087546668430805
Nk503081,Ap503081,Kimberly Wood,Parent,77123857495976
Nk401953,Ap401953,Timothy Castro,Parent,35324801618251
Nk478892,Ap478892,Justin Smith,Spouse,5998710709062
Nk105287,Ap105287,Karen Henderson,Friend,078746405017968
Nk357665,Ap357665,Shannon Ford,Parent,5451657683
Nk108512,Ap108512,Michelle Munoz,Sibling,19120604986
Nk756702,Ap756702,Tammy Johnson,Friend,3218161342
Nk556292,Ap556292,Nicole Prince,Parent,15955385891
Nk208872,Ap208872,Melissa Shaw,Friend,894889313193769
Nk872042,Ap872042,Dr. Justin Rivera,Spouse,001042775599473300
Nk193070,Ap193070,Tiffany Allen,Parent,058949889681432
Nk704055,Ap704055,Valerie Braun,Sibling,10060831628
Nk722117,Ap722117,Rebecca Wilson,Friend,5073386466
Nk529474,Ap529474,William Ryan,Parent,7562052592532
Nk142078,Ap142078,Logan Bird,Spouse,9266962270
Nk468432,Ap468432,William Monroe,Parent,17050544996180
Nk707812,Ap707812,Juan Chen,Parent,861892004908040
Nk327645,Ap327645,Jeffrey Vargas,Sibling,2594247986
Nk636507,Ap636507,Bradley Perez,Sibling,7844521207
Nk886667,Ap886667,Mr. Michael Avery,Sibling,001913143341794121
Nk405073,Ap405073,Michelle Erickson,Sibling,001988012127869226
Nk227309,Ap227309,Elizabeth Clayton,Spouse,56008390513658
Nk429588,Ap429588,Xavier Walters,Parent,24956150385766
Nk763927,Ap763927,Jesus Williams,Sibling,5495686343613
Nk988266,Ap988266,Natalie Wagner,Spouse,00145787395184413
Nk564008,Ap564008,Jeffrey Mitchell,Spouse,001850964961233845
Nk820801,Ap820801,Christina Price,Friend,19791895914
Nk446699,Ap446699,Diane Rodgers,Parent,90354267475355
Nk435842,Ap435842,Joshua Mullen,Spouse,213241055838067
Nk486594,Ap486594,Katherine Brown,Friend,6571454220
Nk872608,Ap872608,Julie Warner PhD,Parent,00139569673975424
Nk760775,Ap760775,Courtney Rojas,Spouse,1002970206180810
Nk791519,Ap791519,Samantha Hudson,Parent,4579010850533
Nk143925,Ap143925,Betty Jackson,Sibling,464150210747266
Nk237023,Ap237023,John Mora,Parent,0017508296364178
Nk187388,Ap187388,Jose Zuniga,Spouse,171574730140841
Nk632295,Ap632295,Kathy Mcbride,Parent,9135009158
Nk357802,Ap357802,Andres Nguyen,Spouse,39346410604549
Nk535048,Ap535048,Robert Hall,Sibling,7838984791
Nk158596,Ap158596,Katrina Henderson,Sibling,0017739933372954
Nk451005,Ap451005,Mrs. Shelly Bishop,Sibling,1986221038594
Nk879554,Ap879554,Holly Bell,Spouse,16334226758712
Nk973172,Ap973172,Aaron Erickson,Parent,00153945807994617
Nk639812,Ap639812,Laura Vance,Parent,1727113850864
Nk622244,Ap622244,Jordan Barnett,Sibling,10947935784
Nk512498,Ap512498,Melissa Wolf,Spouse,621587006588829
Nk779290,Ap779290,Jason Shaffer,Sibling,00187726467786258
Nk599097,Ap599097,Nicole Carter,Parent,0779774613
Nk749789,Ap749789,Kevin Scott,Parent,609790763116041
Nk907043,Ap907043,Mark Cooper,Spouse,9526696583
Nk248056,Ap248056,Jacob Zimmerman,Sibling,8085030037
Nk114060,Ap114060,Jillian Martinez,Parent,7980169855
Nk838345,Ap838345,Jaime Vaughan,Friend,0017705989952277
Nk577272,Ap577272,Ronald Rios,Friend,00122043537058803
Nk618545,Ap618545,Keith Patel,Sibling,588919364084925
Nk929735,Ap929735,Tamara Miller,Sibling,32957864730661
Nk290279,Ap290279,Charlotte Walker,Spouse,7001802739
Nk830406,Ap830406,Patrick Fritz,Friend,253227404270061
Nk784647,Ap784647,Alexander Patton,Spouse,0018130723994989
Nk139711,Ap139711,Jennifer Doyle,Parent,14722233616821
Nk243026,Ap243026,Jennifer Ramirez,Parent,0016685316634
Nk435484,Ap435484,Scott Smith,Parent,0019986680771272
Nk565317,Ap565317,Connie Holloway,Friend,001228570858105415
Nk318134,Ap318134,Anthony Perez,Spouse,9526664245
Nk202974,Ap202974,Melanie Smith,Sibling,12720769203306
Nk249646,Ap249646,Christopher Bullock,Spouse,10247966716445
Nk502400,Ap502400,Julie Todd,Spouse,586849337504115
Nk250168,Ap250168,Robert Wang,Spouse,00199253619055892
Nk692016,Ap692016,John Hebert,Friend,4028064134
Nk789376,Ap789376,Stephen Lawrence,Parent,3174801541168
Nk635534,Ap635534,Cynthia Andrews,Sibling,5330151034
Nk538774,Ap538774,Melissa Lee,Sibling,001210063218319301
Nk611937,Ap611937,Brady Russell,Friend,00171010547679912
Nk511597,Ap511597,Elizabeth Chavez,Spouse,5881242080
Nk192263,Ap192263,David Fields,Spouse,11060064103
Nk635590,Ap635590,Jose Hill,Friend,848479723511643
Nk953938,Ap953938,Barbara Brown,Parent,17517031936
Nk665445,Ap665445,Alice Allen,Parent,8011910989487
Nk679205,Ap679205,Corey Black,Sibling,163276266274522
Nk323810,Ap323810,Katelyn Kennedy,Friend,933443751629660
Nk196646,Ap196646,Vanessa Wilson,Spouse,1635538600
Nk445266,Ap445266,Robert Kidd,Spouse,71698602762599
Nk910951,Ap910951,George Cooper,Spouse,2655230092
Nk590025,Ap590025,Michael Davis,Friend,1255941728
Nk580703,Ap580703,Rodney Weber,Spouse,1790612078980447
Nk443054,Ap443054,Nicole Aguilar,Spouse,5575855196
Nk957756,Ap957756,Kathy Dunn,Parent,8728985692
Nk367552,Ap367552,Kyle Thompson,Parent,001894543960507064
Nk159379,Ap159379,Howard Burgess,Spouse,17076132116478
Nk125053,Ap125053,Sarah Chavez,Sibling,9416720251
Nk502662,Ap502662,Kelsey Hunt,Parent,4630605869
Nk756282,Ap756282,Lisa Boyle,Sibling,0991397361
Nk198723,Ap198723,Candace Long,Parent,7247170266
Nk675644,Ap675644,William White,Friend,6601685140
Nk372933,Ap372933,Shannon Soto,Spouse,7609168727
Nk984152,Ap984152,Scott White,Spouse,7674452627
Nk953088,Ap953088,Amanda Ward,Sibling,79652485987940
Nk930460,Ap930460,Kevin Steele,Spouse,9551318403
Nk950916,Ap950916,Sheri Medina,Spouse,2905496979186
Nk132154,Ap132154,Casey Brown,Friend,0016342188061666
Nk313942,Ap313942,Olivia Guerrero,Spouse,96756805986615
Nk364480,Ap364480,Stephanie Velez,Parent,9502017123
Nk465821,Ap465821,Mary Willis,Parent,4776455619
Nk954211,Ap954211,Mark Benson,Friend,001736802871340669
Nk381173,Ap381173,Joseph Santiago,Friend,13722528009
Nk945633,Ap945633,Todd Cain DVM,Sibling,2685639005
Nk132265,Ap132265,Sandra Acevedo,Sibling,001423062996821786
Nk465060,Ap465060,Robert Oconnell,Spouse,00185795254698030
Nk343322,Ap343322,Ashley Brown,Parent,753961713890752
Nk274944,Ap274944,Nicole Lopez,Friend,0015321554239
Nk670485,Ap670485,Stephanie Gibbs,Spouse,0006067705
Nk548396,Ap548396,John Gonzalez,Parent,2691583292
Nk254782,Ap254782,Darlene Schwartz,Sibling,1523972498
Nk784846,Ap784846,Kimberly Watts,Spouse,53622907025256
Nk171907,Ap171907,Donna Boyd,Friend,001378336258536365
Nk302967,Ap302967,Michael Wright,Spouse,72762859458901
Nk950867,Ap950867,Austin Riley,Friend,4333468532597
Nk402775,Ap402775,Susan Johnson,Sibling,677395894500262
Nk491182,Ap491182,Deborah Bryant,Sibling,4941811811
Nk856892,Ap856892,Robert Cortez,Friend,2426581477
Nk382247,Ap382247,Colleen Webb,Sibling,9023573744
Nk164772,Ap164772,Kristin Hicks,Sibling,1815000160152553
Nk226108,Ap226108,Crystal Lutz,Friend,001433469949914609
Nk114382,Ap114382,Judith Campbell,Friend,3343313537
Nk184291,Ap184291,Amanda Hernandez,Parent,1023948998912
Nk463339,Ap463339,Amanda Moreno,Friend,00104928949982918
Nk759116,Ap759116,Christopher Lopez,Parent,001746384868339939
Nk382753,Ap382753,Lori Baxter,Parent,18480063242985
Nk247550,Ap247550,Kimberly Santana,Parent,5416399103
Nk332050,Ap332050,Joshua Barker,Sibling,7076211347
Nk532882,Ap532882,Michael Taylor,Friend,4953971200
Nk437827,Ap437827,William Mejia,Friend,4703464517730
Nk592313,Ap592313,William Rogers,Friend,160956292968805
Nk486858,Ap486858,Christopher Wilson,Parent,5007614145
Nk754618,Ap754618,Andrew Macdonald,Sibling,15438672631
Nk695603,Ap695603,Michael Martin,Parent,4721053875318
Nk964266,Ap964266,Adrian Young,Spouse,4519488881
Nk488349,Ap488349,Andrew Castillo,Parent,3801223919
Nk114153,Ap114153,Jeremy Hoffman,Spouse,8873281060
Nk700613,Ap700613,Cheryl Clark,Sibling,9353429221153
Nk340773,Ap340773,Dr. Alicia Welch,Sibling,001783924440121728
Nk155318,Ap155318,Kimberly Edwards,Friend,47499714696139
Nk494030,Ap494030,Mr. Marc Brown,Sibling,001186474925623211
Nk477177,Ap477177,Bryan Mack,Sibling,1117600708370
Nk176077,Ap176077,Brandon Evans,Parent,1396258657736556
Nk976906,Ap976906,Michael Williams,Sibling,681143417274542
Nk233515,Ap233515,David Black,Friend,7210535162
Nk306988,Ap306988,Darrell Allen,Spouse,1417199977159217
Nk959751,Ap959751,Robert Hill,Parent,7104782862
Nk225885,Ap225885,Mark Dennis,Friend,004108620297311
Nk996209,Ap996209,Taylor Smith,Parent,3433865326
Nk641656,Ap641656,Luis Perez,Friend,0013746560445523
Nk770688,Ap770688,Nancy Bender,Sibling,5931434914
Nk288014,Ap288014,Jenna Cole,Friend,69585307295625
Nk191751,Ap191751,Meghan Choi,Sibling,5220449068
Nk330203,Ap330203,Darryl Jacobs,Parent,1093802209938
Nk913738,Ap913738,John Gonzales,Parent,1677777494239199
Nk795275,Ap795275,Mark Silva,Spouse,156181232318781
Nk923651,Ap923651,Raymond Stevens,Sibling,14312111890741
Nk311951,Ap311951,Elizabeth Davidson,Parent,658028286353230
Nk605155,Ap605155,Jeffrey Henderson,Parent,001774815523525679
Nk295716,Ap295716,Andrew Delgado,Spouse,1574138835
Nk684567,Ap684567,Jessica Rivera,Parent,1281159457379174
Nk415172,Ap415172,Emily Powell,Friend,18902713493
Nk990695,Ap990695,Frank Powers,Friend,8145656105775
Nk100126,Ap100126,Keith Fox,Friend,55221568071941
Nk938761,Ap938761,Rickey Ho,Sibling,0013093323854293
Nk127632,Ap127632,Carol Wagner,Spouse,092686015366996
Nk600315,Ap600315,Jason Bates,Sibling,6880186553
Nk820670,Ap820670,Kevin Mullins,Parent,491140718379013
Nk209945,Ap209945,Greg Jackson,Parent,144521311276600
Nk417320,Ap417320,Nicole Vincent,Friend,13216853143305
Nk350869,Ap350869,Nicole Ortiz,Friend,0016984547570896
Nk841426,Ap841426,Christian Martin,Parent,1107339770
Nk598716,Ap598716,Karen Luna,Parent,00184226440086580
Nk275399,Ap275399,Ruth Booker,Parent,0010508425966493
Nk562120,Ap562120,Kimberly Acevedo,Parent,0012476110741
Nk234869,Ap234869,Lori Martinez,Friend,9523219972
Nk278954,Ap278954,Sarah Holland,Friend,111887372522363
Nk769078,Ap769078,Edward Smith,Sibling,2312630000
Nk134560,Ap134560,Brad Cummings,Friend,0014233022368559
Nk963021,Ap963021,Danielle Jones,Spouse,3463704411
Nk384260,Ap384260,Jennifer Newman,Friend,5220043199
Nk232717,Ap232717,Colleen Carter,Parent,5745594753812
Nk278595,Ap278595,Juan Wood,Spouse,5715032446
Nk748373,Ap748373,Charles Jones,Parent,1690023937721
Nk479862,Ap479862,Kenneth Hammond,Friend,000559505146366
Nk905688,Ap905688,Terrance Murphy,Friend,7187289247
Nk594592,Ap594592,Lisa Cowan,Spouse,1619862432156721
Nk200158,Ap200158,Aaron Cruz,Friend,6770163484
Nk808533,Ap808533,Mary Krueger,Parent,06881197606934
Nk268502,Ap268502,Patricia Owens,Spouse,8794893919
Nk532498,Ap532498,Debbie Baker,Sibling,8463575039415
Nk430388,Ap430388,Joshua Archer,Parent,001528686457276853
Nk767054,Ap767054,Jonathan Kim,Sibling,156147882106847
Nk418408,Ap418408,Charles Brown,Friend,22140754410447
Nk568276,Ap568276,David Curry,Parent,5038359867
Nk157545,Ap157545,Jeffrey Gomez,Sibling,14166765871
Nk611411,Ap611411,Bradley Taylor,Sibling,801927930847850
Nk925656,Ap925656,Stephen Olsen,Spouse,5371397736739
Nk984377,Ap984377,David Lawrence,Parent,17343331751
Nk113224,Ap113224,Kristopher Brown,Parent,8537889250952
Nk140738,Ap140738,Melissa Browning,Spouse,0886203753
Nk950163,Ap950163,Jill Hunt,Sibling,8889430356
Nk280760,Ap280760,Brenda Ortiz,Friend,159176305396207
Nk863978,Ap863978,Cindy Freeman,Parent,11086847449247
Nk566725,Ap566725,Jeffrey Horton,Spouse,0801914949820
Nk763937,Ap763937,Raymond Murphy,Parent,0013712721415
Nk632358,Ap632358,Michael Medina,Friend,16981502940479
Nk226161,Ap226161,Dominique Cruz,Parent,38174293769847
Nk632954,Ap632954,Tonya Smith,Sibling,4958395039
Nk944193,Ap944193,Joshua Ritter,Parent,5598443296579
Nk398512,Ap398512,Shane Henderson,Sibling,30571605265615
Nk762143,Ap762143,Amanda Reyes,Parent,287263247733570
Nk666202,Ap666202,Deborah Carr,Friend,5088544430
Nk301579,Ap301579,Seth Cooke,Spouse,197590976305529
Nk752026,Ap752026,Pamela Franklin,Spouse,2108875243
Nk871253,Ap871253,Karen Copeland,Friend,81573486301455
Nk604471,Ap604471,Shelley James,Parent,1829504376799335
Nk429670,Ap429670,Scott Thomas,Parent,15097191511280
Nk906388,Ap906388,Joy Shields,Spouse,5860776927
Nk318967,Ap318967,Brian Crane,Friend,6103801384
Nk932672,Ap932672,Emily Ellison,Parent,00177788684846258
Nk483152,Ap483152,Nancy Jones,Friend,2105337531148
Nk194270,Ap194270,Kenneth Bell,Parent,5122900134
Nk891189,Ap891189,Kyle Leonard,Sibling,420450015824986
Nk643385,Ap643385,William Franco,Sibling,00134863976504136
Nk765755,Ap765755,Thomas Roberson,Parent,16965636505
Nk247313,Ap247313,Jacob Love,Friend,001258238590624510
Nk990324,Ap990324,Susan Perez,Friend,1087098384464
Nk258768,Ap258768,Lori Thomas,Sibling,58295823848289
Nk346726,Ap346726,Dennis Jackson,Friend,19992538346
Nk956912,Ap956912,Scott Reed,Sibling,962347012496613
Nk670451,Ap670451,Patricia Jackson,Sibling,8533111675
Nk119816,Ap119816,Mark Fletcher,Spouse,001629944992944773
Nk857907,Ap857907,Cindy Long,Sibling,2991985772513
Nk414997,Ap414997,Scott English,Friend,70591119799897
Nk255989,Ap255989,Katherine Gonzalez,Parent,0015017114735322
Nk721019,Ap721019,Emily Perkins,Spouse,3645934240
Nk776926,Ap776926,Felicia Chang,Spouse,8213553796
Nk306524,Ap306524,Carol Carlson,Spouse,5621460642
Nk687111,Ap687111,Philip Grant,Sibling,5613773088183
Nk251878,Ap251878,Jason Vincent,Friend,0628659230
Nk830880,Ap830880,Carol White,Parent,6636255379
Nk626047,Ap626047,Bailey Young,Parent,672937827901535
Nk881452,Ap881452,Jodi Jones,Friend,5070360415
Nk535165,Ap535165,Katherine Weaver,Parent,6145834058
Nk978806,Ap978806,Jennifer Ortiz,Friend,8881999032
Nk233554,Ap233554,Christopher Davis,Parent,1268205209492019
Nk910874,Ap910874,Danielle Pineda,Spouse,0015741241879807
Nk551282,Ap551282,Nicholas White,Sibling,165926249322531
Nk193501,Ap193501,Thomas Williams,Friend,7549618028
Nk364223,Ap364223,Sandra Fuentes,Spouse,21336727439516
Nk159676,Ap159676,Tiffany Walsh,Parent,179612655396245
Nk841804,Ap841804,Jason Lopez,Friend,2110619537
Nk273532,Ap273532,Nicole Waller,Spouse,1815525752603801
Nk714685,Ap714685,Caleb Lopez,Spouse,246843154755737
Nk697135,Ap697135,Jeanette Hubbard,Sibling,0015761135969118
Nk717895,Ap717895,Zachary Watts,Spouse,9122883179
Nk320178,Ap320178,Cesar Blanchard,Sibling,7058486924990
Nk249521,Ap249521,William Baker,Sibling,001932935190887188
Nk526752,Ap526752,Elizabeth Miller,Parent,004873444129395
Nk688365,Ap688365,Shelby Johnson,Parent,5370782363
Nk924690,Ap924690,Justin Barnes,Parent,9723543894
Nk803662,Ap803662,Nicole Barnett,Friend,0014940914962
Nk357009,Ap357009,Christopher Acevedo,Parent,7557744767791
Nk237717,Ap237717,Amy Flores,Spouse,1827814049
Nk481915,Ap481915,Loretta Johnson,Sibling,5081050948736
Nk662288,Ap662288,Brenda Rocha,Sibling,5310353958
Nk651025,Ap651025,Dennis Woodward,Sibling,3442329611
Nk897917,Ap897917,Kristie Long,Friend,7507723516125
Nk400709,Ap400709,Francisco Mcdaniel,Friend,0534369541
Nk951587,Ap951587,Alexis Nichols,Parent,2031436060
Nk286240,Ap286240,Rodney Miller,Parent,5499172939860
Nk676775,Ap676775,Mark Morris,Parent,0011981636069
Nk374486,Ap374486,Kevin Scott,Parent,77540981465216
Nk402950,Ap402950,Dawn Hardy,Friend,9838319274
Nk410914,Ap410914,Jessica Shaw,Spouse,720568547160413
Nk178623,Ap178623,Jackson Torres,Friend,001942735526209896
Nk465321,Ap465321,Randy Anthony,Spouse,5642396628
Nk962061,Ap962061,Ashley Malone MD,Spouse,5531403013681
Nk283675,Ap283675,Haley Stevenson,Parent,886640334345176
Nk837334,Ap837334,Robert Guerrero,Friend,0016225059652040
Nk730235,Ap730235,Margaret Stein,Sibling,440208388783736
Nk912831,Ap912831,Elizabeth Hill,Friend,196168662624999
Nk752465,Ap752465,David Arellano,Parent,96674529143806
Nk316454,Ap316454,Michael White,Parent,00133043732736352
Nk209575,Ap209575,Roy Brooks,Sibling,001976650145573208
Nk997336,Ap997336,Michael Gomez,Parent,3173556070
Nk307606,Ap307606,Nathan Kennedy,Sibling,8839090605
Nk605815,Ap605815,Matthew Guerrero,Parent,90708947768331
Nk392822,Ap392822,Brooke Stewart,Parent,001099602143752803
Nk176218,Ap176218,Nathan Sheppard,Sibling,124809962710687
Nk687518,Ap687518,Kevin Terry,Spouse,47047641969405
Nk870044,Ap870044,Thomas Wallace,Parent,1308894849409302
Nk436199,Ap436199,Anthony Potter,Parent,0740227103
Nk549589,Ap549589,Katrina Sampson,Parent,0012757739062
Nk786840,Ap786840,Jeffrey Stafford,Parent,13754676511
Nk578446,Ap578446,Heather Richards,Friend,5969518271405
Nk562052,Ap562052,Michael Duran,Sibling,5811991174218
Nk434402,Ap434402,Joseph Yang,Parent,9373011045
Nk139986,Ap139986,Ms. Kathryn Gray MD,Friend,0018090384907565
Nk779520,Ap779520,Veronica Bonilla,Parent,0015246185176837
Nk447739,Ap447739,Jeffrey Morris,Parent,13018908452381
Nk725646,Ap725646,Joan Hinton,Spouse,5558121137
Nk572327,Ap572327,Thomas Patel,Friend,19536575476
Nk427073,Ap427073,Jason Jones,Friend,10090750198
Nk697794,Ap697794,Eric Santana,Sibling,7238096219
Nk134911,Ap134911,Tammy Mathis,Parent,18440843852302
Nk973559,Ap973559,Steven Lynn,Sibling,14199401146554
Nk525037,Ap525037,Martha Martinez,Spouse,0657062374
Nk830399,Ap830399,Dawn Clark,Spouse,0012735884958008
Nk999885,Ap999885,Timothy Miller,Friend,00180243094546077
Nk708746,Ap708746,Chad Molina,Friend,24996266019661
Nk112175,Ap112175,Wendy Haynes,Friend,1835382489906079
Nk416915,Ap416915,Jean Wright,Parent,17779264008
Nk599876,Ap599876,David Miller,Parent,1223846719
Nk745588,Ap745588,Sean Glover,Friend,7816332789
Nk711213,Ap711213,Joshua Perez,Friend,00198067130928017
Nk868734,Ap868734,Adam Watts,Spouse,340548357603088
Nk166358,Ap166358,Ann Fox,Sibling,171008111081022
Nk510543,Ap510543,Jessica Blankenship,Spouse,15541106318
Nk147057,Ap147057,Charles Esparza,Spouse,6066698789
Nk368294,Ap368294,Tara Roberts,Spouse,843427027443727
Nk890857,Ap890857,Sherry Nelson,Spouse,10877182029
Nk354726,Ap354726,Jamie Reeves,Sibling,9355027913
Nk378176,Ap378176,Jasmine Wood,Friend,93522350293089
Nk626486,Ap626486,Rebecca Cline,Spouse,39224566404349
Nk808754,Ap808754,Michelle Sandoval,Parent,00185170906770155
Nk267292,Ap267292,James Terrell,Parent,4687798132
Nk244931,Ap244931,Thomas Mcgee,Spouse,001477363207755974
Nk543676,Ap543676,Jennifer Adams,Parent,1128341169450607
Nk262491,Ap262491,Amber Rush,Parent,15010653626
Nk481009,Ap481009,Daniel Sanchez,Parent,9388600034
Nk501921,Ap501921,Travis Mitchell,Friend,0010346406615442
Nk360910,Ap360910,John Newman,Spouse,2165291197269
Nk123236,Ap123236,William Benson,Sibling,300767094671123
Nk187955,Ap187955,Jeffrey Anderson,Spouse,001793047840052406
Nk840874,Ap840874,Ryan Lewis,Parent,0380540062
Nk727433,Ap727433,Sheri Montgomery,Sibling,54232710566189
Nk770718,Ap770718,Henry Schmitt,Spouse,7564072405779
Nk330785,Ap330785,Jocelyn Welch,Spouse,41168779566863
Nk194914,Ap194914,Sean Briggs,Sibling,09458467244257
Nk989302,Ap989302,Alyssa Smith,Spouse,001367856628954077
Nk307990,Ap307990,Tamara Mcdowell,Parent,1788616594
Nk478387,Ap478387,Mark Cook,Friend,00167178379257696
Nk638884,Ap638884,Michael Jones,Friend,0529078079
Nk756639,Ap756639,Sarah Barker,Friend,06192508522235
Nk294269,Ap294269,Deborah Dixon,Friend,849539346875308
Nk997928,Ap997928,Brandon Adams,Sibling,1152954216427978
Nk492417,Ap492417,Ann Mendoza,Parent,14715902774
Nk238155,Ap238155,Alexis Daniels,Friend,8465433711
Nk220674,Ap220674,Lori Mcfarland,Parent,0015427272503028
Nk881817,Ap881817,Ryan Johnson,Spouse,610252608392917
Nk864757,Ap864757,Daniel Murray,Spouse,962445392662858
Nk356713,Ap356713,Calvin White MD,Sibling,654210255516863
Nk541501,Ap541501,Benjamin Davis,Parent,432011580376829
Nk643351,Ap643351,Kimberly Choi,Friend,0019543871814215
Nk167642,Ap167642,Laura Proctor,Spouse,15069710535742
Nk190093,Ap190093,Linda Williams,Friend,32314208190885
Nk607606,Ap607606,Ashley Ray,Parent,0016012772211831
Nk317215,Ap317215,Krystal Lin,Parent,0013824562552385
Nk807280,Ap807280,Stephanie Washington,Spouse,102998979268901
Nk783889,Ap783889,Daniel Hardin,Parent,274092789495709
Nk135954,Ap135954,Brandon Strong,Sibling,6522830882
Nk127856,Ap127856,Jason White,Parent,43302081164037
Nk626861,Ap626861,Tara Bell,Sibling,4971513118
Nk659655,Ap659655,Emily Hampton,Spouse,51956578087599
Nk595553,Ap595553,Michael Johnson,Friend,001333511623735058
Nk862092,Ap862092,Stephanie Graham,Parent,109988815005643
Nk986040,Ap986040,Shelia Gutierrez,Friend,121259682518187
Nk422918,Ap422918,Donald Garcia,Parent,9884864292
Nk123752,Ap123752,Frank Harmon,Sibling,1588857745128206
Nk941461,Ap941461,Elizabeth Morgan,Spouse,662833937851528
Nk248757,Ap248757,Thomas Alvarez,Friend,621707904810995
Nk413837,Ap413837,James Nelson,Sibling,7851276127
Nk216739,Ap216739,Cindy Byrd,Friend,1826445850673656
Nk942393,Ap942393,Julie Melton,Sibling,0412361514
Nk338009,Ap338009,James Nguyen,Parent,84134008906796
Nk880316,Ap880316,Brian Brown,Friend,0010241402133923
Nk307980,Ap307980,Amy Vaughn,Friend,9653291419
Nk356609,Ap356609,Raymond Myers,Spouse,9087189894214
Nk488822,Ap488822,Ralph Hernandez,Sibling,8812058177
Nk436676,Ap436676,Carl Young,Spouse,54749178767558
Nk444138,Ap444138,Levi Tran,Spouse,5890187885
Nk418277,Ap418277,Michele Reyes,Spouse,15344932381216
Nk618271,Ap618271,Grace Frey,Friend,9923713465
Nk423412,Ap423412,Danielle Williams,Spouse,022198019138764
Nk585417,Ap585417,Andrea Nolan,Friend,79075314926534
Nk531459,Ap531459,Thomas Short,Sibling,1275805740646750
Nk288456,Ap288456,James Johnson,Sibling,03191986833945
Nk655941,Ap655941,Brent Davis,Spouse,8460482816
Nk257729,Ap257729,William Monroe,Friend,91713571527926
Nk328504,Ap328504,Jeremy Conner,Spouse,14329449678
Nk746117,Ap746117,Jeff Martinez,Sibling,12006013253
Nk752665,Ap752665,Marc Wright,Parent,4344666997483
Nk625910,Ap625910,Beverly Moore,Friend,001619247202562118
Nk673044,Ap673044,David Harvey,Parent,101509572341667
Nk140809,Ap140809,Mark Guzman,Sibling,61895007381909
Nk641013,Ap641013,Joshua Davis,Spouse,7265334020
Nk816756,Ap816756,Randall Harmon,Sibling,31781842190119
Nk151226,Ap151226,Kelly Larsen,Spouse,0843697142449
Nk599512,Ap599512,Jessica Moss,Spouse,576357237276920
Nk705470,Ap705470,Jessica King,Spouse,00181781304078342
Nk575781,Ap575781,Justin Decker,Friend,25278496851202
Nk129402,Ap129402,Tara Rocha,Spouse,2217812629
Nk104263,Ap104263,Brian Crane,Sibling,5159779277
Nk851883,Ap851883,Kristie Landry,Friend,0013141151255251
Nk277900,Ap277900,Michael Simon,Spouse,176949913737784
Nk672212,Ap672212,Caleb Olsen,Parent,1789233524113127
Nk436326,Ap436326,Carolyn Galvan,Sibling,9027398262095
Nk324137,Ap324137,Wendy Perkins,Spouse,87191376577485
Nk552268,Ap552268,James Jones,Friend,0186666492524
Nk397881,Ap397881,Sarah Miller,Friend,4799005119
Nk463476,Ap463476,Megan Martin,Spouse,18961255699
Nk451707,Ap451707,Ashley Morales,Spouse,944843801323464
Nk784733,Ap784733,Stacy Jackson,Parent,0016940106179
Nk610585,Ap610585,Rebecca Singleton,Sibling,7204356415
Nk791757,Ap791757,Jennifer Smith,Parent,4724429358042
Nk490719,Ap490719,Amanda Lopez,Friend,8374574104
Nk579361,Ap579361,Mitchell Moreno,Friend,68490224899090
Nk201371,Ap201371,Alyssa Henderson,Parent,7453212830243
Nk662997,Ap662997,Jeremy Moore,Parent,14236215419542
Nk292192,Ap292192,Walter Blankenship,Sibling,86906854727485
Nk250322,Ap250322,Paul Allen,Sibling,408712662261542
Nk121172,Ap121172,Christina Boyd,Spouse,0010005890418
Nk635843,Ap635843,Thomas Fletcher,Parent,3817435334322
Nk677564,Ap677564,Tami Erickson,Parent,6911371610576
Nk681780,Ap681780,Teresa Swanson,Spouse,3065427523
Nk808362,Ap808362,Kevin Johnson,Parent,4425975467
Nk613319,Ap613319,Rodney Norris,Spouse,0013010350056
Nk880298,Ap880298,Alexis Robinson,Sibling,0016819516927852
Nk976031,Ap976031,Cynthia Garrett,Sibling,0011923760797815
Nk322320,Ap322320,Eric Collins,Friend,7524698816188
Nk517978,Ap517978,Jonathan Sanders,Sibling,179089195360785
Nk111046,Ap111046,Sarah Smith,Parent,9592973553
Nk328071,Ap328071,Shane Morgan,Spouse,5467109645
Nk478165,Ap478165,Lauren Nixon,Friend,001147749761936103
Nk808662,Ap808662,Brooke Moore,Spouse,1402007452
Nk516366,Ap516366,Katrina Hamilton,Parent,12350466504937
Nk366997,Ap366997,Lori Simmons,Friend,4511028124953
Nk745188,Ap745188,Brooke Horn,Friend,00135143582370215
Nk582615,Ap582615,Lori Simmons,Spouse,001735130808776832
Nk515008,Ap515008,Jamie Mays,Parent,4217662878
Nk683417,Ap683417,Dorothy Walker,Spouse,82071373585829
Nk861379,Ap861379,Valerie Mitchell,Parent,622470584800372
Nk305550,Ap305550,Carl Allen,Spouse,404526936240022
Nk344883,Ap344883,Patrick Gomez,Spouse,001968299018060464
Nk738418,Ap738418,Renee Harrington,Spouse,1805060663
Nk560514,Ap560514,Bruce Brown,Friend,7559669906699
Nk771210,Ap771210,Lisa Luna,Parent,19147631341460
Nk221789,Ap221789,Bradley Hall,Spouse,1168525070840068
Nk779418,Ap779418,Thomas Armstrong,Spouse,34526336544348
Nk800780,Ap800780,Richard Rivera,Friend,379730046259558
Nk663178,Ap663178,Robert Reyes,Spouse,47329784601993
Nk166017,Ap166017,Steven Hall,Parent,4459059361146
Nk278376,Ap278376,Cindy Houston,Sibling,32329590065594
Nk788281,Ap788281,Danielle Pham,Spouse,7101789496
Nk599137,Ap599137,Carolyn Herrera,Friend,0014209325048
Nk756884,Ap756884,John Mills,Spouse,335540961224294
Nk724712,Ap724712,Barbara Madden,Sibling,001180066743884128
Nk901480,Ap901480,Christopher Myers,Sibling,8817374781339
Nk793264,Ap793264,Kimberly Burns,Sibling,7909096658
Nk941344,Ap941344,Vanessa Rodriguez,Parent,001869494509516778
Nk658296,Ap658296,Megan Collins,Spouse,644315402201318
Nk493276,Ap493276,Catherine Anderson,Sibling,195467035301220
Nk830026,Ap830026,David Warren,Spouse,36596632652893
Nk707847,Ap707847,Brad Reyes,Friend,19841370806
Nk155337,Ap155337,Jason Levy,Spouse,969571678589308
Nk997048,Ap997048,Catherine Keller,Friend,00167655112121091
Nk375494,Ap375494,Brent Mendoza,Spouse,01878095242122
Nk124354,Ap124354,Catherine Chase,Sibling,1062408510087
Nk145186,Ap145186,Jonathan Miller,Spouse,5192126437061
Nk652433,Ap652433,Sara Douglas,Sibling,87003507483793
Nk527236,Ap527236,Dr. Omar Miller,Sibling,3719216591066
Nk710411,Ap710411,Anita Kelly,Parent,00194007651659063
Nk599883,Ap599883,Erin Barrera,Spouse,8379974413
Nk830546,Ap830546,Sonia Johnson,Sibling,2271673902
Nk840829,Ap840829,Matthew Smith,Friend,001164057667483726
Nk644869,Ap644869,Kelly Adams,Friend,247711382893513
Nk713217,Ap713217,Kristin Schultz,Sibling,8023995494370
Nk385195,Ap385195,James Parker,Spouse,18885943443
Nk675762,Ap675762,Marisa Evans,Friend,189865437334594
Nk716036,Ap716036,David Christensen,Sibling,0775998441
Nk225995,Ap225995,Lisa Allen,Sibling,10561487415
Nk345690,Ap345690,Kimberly Herrera,Sibling,3553841665
Nk431770,Ap431770,Jeremy Wang,Friend,1971978267
Nk893392,Ap893392,James Russo,Sibling,7684933363575
Nk528988,Ap528988,Victor Chavez,Parent,1178001019136584
Nk280553,Ap280553,Nathan Kane,Sibling,3884657919
Nk660696,Ap660696,James Brown,Sibling,299260472173564
Nk980438,Ap980438,Michelle Rose,Friend,0014353990305305
Nk359568,Ap359568,Brandy Maddox,Spouse,0649114123
Nk419278,Ap419278,Christopher Kelley,Friend,2902627907
Nk251563,Ap251563,Michael Cantrell,Spouse,3799806442522
Nk756701,Ap756701,Michael Rice,Spouse,54837898629413
Nk799983,Ap799983,Frederick Weaver,Sibling,6911141823
Nk714615,Ap714615,Ashley York,Friend,484929944394798
Nk493554,Ap493554,Robert Rogers,Parent,3028538898972
Nk302503,Ap302503,Steven Martinez,Spouse,530760396475408
Nk243326,Ap243326,Lance Fields,Spouse,5543844283
Nk807220,Ap807220,Jennifer Fowler DDS,Parent,00180853054802702
Nk111344,Ap111344,Maria Smith,Parent,153709370012571
Nk494966,Ap494966,Angelica Lee,Parent,60067377499692
Nk692245,Ap692245,Kayla Herrera,Spouse,00106403265735003
Nk205423,Ap205423,Ryan Howard,Spouse,55408896085800
Nk420197,Ap420197,Gregory Zhang,Parent,5385530935451
Nk564071,Ap564071,Kelly Vasquez,Parent,123353493321629
Nk771256,Ap771256,Stephanie Harris,Parent,4141200301
Nk286833,Ap286833,Sarah Hernandez,Sibling,4981751302
Nk817912,Ap817912,Katie James,Parent,14872995806
Nk875435,Ap875435,Tina Jones,Sibling,1342180750999073
Nk177454,Ap177454,Andrea Garrett,Parent,9653249779
Nk357594,Ap357594,Robert Ryan,Parent,38209489195043
Nk611897,Ap611897,Brett Long,Friend,6462376888748
Nk452744,Ap452744,Anthony Cook,Parent,64079027047314
Nk616142,Ap616142,Randall Hanson,Spouse,7262920925
Nk137641,Ap137641,Nicole Roy,Parent,185679009171403
Nk653999,Ap653999,Miguel Perry,Sibling,202915528115066
Nk956774,Ap956774,Bryan Malone,Sibling,0815324756
Nk469040,Ap469040,Michael Poole,Parent,645432511563022
Nk767542,Ap767542,Matthew Whitaker,Spouse,1505087275283561
Nk712121,Ap712121,Patrick Wade,Sibling,13068161535
Nk418420,Ap418420,Kaitlyn Anderson,Parent,001058247135807126
Nk381685,Ap381685,George Wilson,Spouse,877026128676850
Nk980889,Ap980889,Austin Smith,Friend,1705104643706540
Nk575526,Ap575526,Jason Marshall,Sibling,87601270363879
Nk144813,Ap144813,Mr. Benjamin Garza,Friend,9987932875
Nk792558,Ap792558,Jacqueline Barnes,Sibling,1322502297988921
Nk764180,Ap764180,Harry King,Spouse,4443586423
Nk386214,Ap386214,Richard Adams,Friend,12834498675
Nk442703,Ap442703,Kathleen Moore DVM,Friend,09570052146660
Nk304615,Ap304615,Leslie Cooper,Parent,0842133828691
Nk576657,Ap576657,Matthew Bolton,Parent,4150317565068
Nk666074,Ap666074,Jennifer Rubio,Friend,21904629246627
Nk850294,Ap850294,Michael Walker,Sibling,3652794332
Nk855164,Ap855164,Jason Johnson,Parent,10004641971810
Nk499953,Ap499953,Sarah Diaz,Parent,1679860145762
Nk922494,Ap922494,Elizabeth Cooper,Sibling,5602930100
Nk938003,Ap938003,Emily Velez,Sibling,18999260345489
Nk387654,Ap387654,Kenneth Ryan,Parent,1265282105
Nk381570,Ap381570,Teresa Carson,Friend,4966260882
Nk137265,Ap137265,Michael Schmidt,Friend,001057955255898203
Nk349321,Ap349321,Phillip Peters,Sibling,001268166077239224
Nk166150,Ap166150,Cassandra Ryan,Spouse,6618790564
Nk711600,Ap711600,Melody Thompson,Spouse,6138239373
Nk189613,Ap189613,Thomas Diaz,Friend,0908768932
Nk437054,Ap437054,Mark Velez,Parent,7762233091
Nk938807,Ap938807,Rhonda Gilmore,Parent,071250889614041
Nk221826,Ap221826,Elizabeth Morris,Sibling,9455494509
Nk659723,Ap659723,Lori Jacobson,Parent,7603014201
Nk982875,Ap982875,Erika Lee,Friend,00124500154718608
Nk550348,Ap550348,Matthew Mason,Spouse,2055462886
Nk310017,Ap310017,Stephen Scott,Parent,1277696657
Nk234055,Ap234055,Pamela Robbins,Spouse,0018974686518320
Nk590457,Ap590457,Melissa Cobb,Sibling,054386879311167
Nk776022,Ap776022,Christopher Estrada,Spouse,0750966034
Nk909942,Ap909942,Brian Hull,Parent,67289135027727
Nk833547,Ap833547,Manuel Williams,Parent,9379076501
Nk796358,Ap796358,Michael Perez,Spouse,001722144701150594
Nk550062,Ap550062,David Nguyen,Friend,1133073613
Nk194071,Ap194071,Philip Smith,Spouse,2962474959
Nk893072,Ap893072,Renee Bowen,Spouse,3076532626
Nk406691,Ap406691,Elizabeth Harris,Spouse,1778774943
Nk941052,Ap941052,Benjamin Moore,Spouse,107624711510274
Nk246389,Ap246389,Heather Colon,Spouse,0015188058704
Nk739896,Ap739896,Juan King,Parent,23499227019814
Nk369708,Ap369708,Dustin Chen,Sibling,738322489582987
Nk782705,Ap782705,Justin Pitts,Friend,0015482899455310
Nk738112,Ap738112,Megan Ortega,Parent,0013000581102594
Nk354444,Ap354444,Andrew Guzman,Sibling,2056109793211
Nk703561,Ap703561,Paula Hernandez,Friend,0015862694836
Nk961291,Ap961291,Patrick Green,Sibling,5385123328
Nk311837,Ap311837,Jaime Campbell,Parent,001270133992370619
Nk210017,Ap210017,Mr. James Smith DVM,Friend,14742733458
Nk223618,Ap223618,Luke Ryan,Sibling,754646302285273
Nk559297,Ap559297,Devin Myers,Parent,67766790996818
Nk225341,Ap225341,Paul Jackson,Friend,246368702792927
Nk915862,Ap915862,Kiara Carson,Parent,0368236282
Nk830892,Ap830892,Veronica Johnson,Friend,8522653543
Nk652076,Ap652076,Timothy Perry,Spouse,12462259357253
Nk850865,Ap850865,Nancy Myers,Spouse,9727790352
Nk541759,Ap541759,Darlene Ortiz,Parent,001916677935964861
Nk955778,Ap955778,Danny Barry,Sibling,53036068050429
Nk982554,Ap982554,Jill Garza,Spouse,0013740673750
Nk664262,Ap664262,Rachel Johnson DVM,Sibling,659296267611083
Nk993741,Ap993741,Kathy Clark,Friend,7374352186
Nk640659,Ap640659,Jennifer Carter,Friend,807522850070445
Nk931516,Ap931516,Mary Howell,Sibling,1395851777534891
Nk522845,Ap522845,James Liu,Spouse,16980074718888
Nk806544,Ap806544,Chad Phillips,Parent,2860712247
Nk424060,Ap424060,Charlene Cisneros,Friend,7334360524
Nk698260,Ap698260,Megan Parks,Spouse,1893154128
Nk293259,Ap293259,David Cox,Friend,8818660298145
Nk375128,Ap375128,Shannon Wolfe,Spouse,13748364772182
Nk919471,Ap919471,Kimberly King,Sibling,2812976838326
Nk709719,Ap709719,Misty Martin,Sibling,4259447187
Nk970123,Ap970123,Trevor Cole,Friend,4565357014
Nk945038,Ap945038,Claudia Nielsen,Sibling,4552686005
Nk503832,Ap503832,Travis Lopez,Sibling,8966469825
Nk989097,Ap989097,Stephen Wilson,Spouse,18653040227
Nk729661,Ap729661,Shawn Smith,Spouse,0535705653
Nk281144,Ap281144,Alex Page,Spouse,17084127735
Nk911006,Ap911006,Olivia Howard,Parent,165107997378156
Nk350195,Ap350195,Jessica Johnson,Parent,6311781011
Nk243748,Ap243748,Eugene Pena,Parent,2029675838
Nk504032,Ap504032,Yolanda Phillips,Parent,2482012343
Nk132733,Ap132733,Mark Cruz,Parent,6599869659
Nk841040,Ap841040,Robert Smith,Parent,1330572826
Nk626338,Ap626338,Mrs. Dawn Russell MD,Spouse,1827728772650032
Nk209996,Ap209996,Matthew Alvarez,Spouse,50581533828141
Nk658221,Ap658221,Robert Warren,Spouse,1011835825
Nk649239,Ap649239,Jason Oconnor,Friend,001561866026348778
Nk656701,Ap656701,Kelly Ray,Parent,8875286892
Nk265873,Ap265873,Matthew Coleman,Friend,75979523931828
Nk810979,Ap810979,Tammie Leon,Spouse,0310793255
Nk999005,Ap999005,Mrs. Danielle Welch,Sibling,02952325615643
Nk533816,Ap533816,Nicole Flynn,Spouse,0011651468681
Nk813135,Ap813135,Ashley Ho,Parent,0012190205037004
Nk321888,Ap321888,William King,Sibling,00133959245694847
Nk885332,Ap885332,Aaron Lee,Friend,6480863350
Nk845453,Ap845453,Joshua Moreno,Spouse,249470234920540
Nk867950,Ap867950,Katie Heath,Spouse,14633403820699
Nk266472,Ap266472,Bruce Mora,Parent,0012247858071
Nk497710,Ap497710,Robert Booth,Friend,4139205400
Nk311760,Ap311760,James Fitzgerald,Parent,196153240564233
Nk222744,Ap222744,Belinda Gonzalez,Parent,2587946475
Nk975863,Ap975863,Matthew Benson,Spouse,54236828220792
Nk830051,Ap830051,Olivia Lee,Friend,81381724380242
Nk601946,Ap601946,Robert Curtis,Spouse,1932332429442028
Nk143001,Ap143001,Paige Mcdonald,Spouse,8505480293
Nk691652,Ap691652,Billy Carlson,Spouse,4200022887
Nk931460,Ap931460,Michael Patterson,Parent,16997243039889
Nk338506,Ap338506,Russell Espinoza,Spouse,9369876230
Nk853019,Ap853019,Bruce Jackson,Friend,033202698756185
Nk530789,Ap530789,Zachary Vega,Friend,00172507860183817
Nk756166,Ap756166,Daniel Parker,Sibling,5509887642881
Nk811998,Ap811998,Jacob Thompson,Sibling,6220108570
Nk752589,Ap752589,William Merritt,Spouse,0182556155
Nk599722,Ap599722,Amber Harris,Parent,7995633152749
Nk785117,Ap785117,Stephen Collins,Spouse,14796723517561
Nk658924,Ap658924,Andrew Brennan,Friend,0018743887099
Nk835457,Ap835457,Cameron Sanders DDS,Friend,854049940273134
Nk279352,Ap279352,Michael Pugh,Friend,3966114807
Nk910694,Ap910694,Candice Obrien,Spouse,4516038468
Nk966867,Ap966867,Jonathan Cole,Sibling,1825128774
Nk293283,Ap293283,Jeffrey Cooper,Friend,8259114954
Nk550195,Ap550195,Michelle Harris,Parent,1984604417141110
Nk869884,Ap869884,Gwendolyn Walters,Spouse,0014617601833
Nk531413,Ap531413,Howard Hansen,Parent,02795792674354
Nk403988,Ap403988,Jonathan Maxwell,Spouse,4666685648
Nk426898,Ap426898,Brandon Reed,Friend,619728256143209
Nk963561,Ap963561,Peter Russo,Parent,4975585260
Nk402186,Ap402186,Jacob Young,Sibling,1217914122968361
Nk161665,Ap161665,Laura Perez,Friend,7023225739
Nk346584,Ap346584,Ashley Ballard,Parent,349121628051673
Nk216953,Ap216953,Ralph Robinson,Parent,00145349441831840
Nk576072,Ap576072,Christopher Gonzales,Spouse,493862954316093
Nk782736,Ap782736,Paul Gregory,Spouse,0013349609028
Nk286626,Ap286626,Edward Forbes,Parent,3409512955750
Nk245271,Ap245271,Veronica Bender,Sibling,4985881723
Nk218533,Ap218533,Jasmine Snyder,Parent,4528248110053
Nk698069,Ap698069,Ryan Hines,Parent,16837521472894
Nk565966,Ap565966,Joyce Smith,Parent,3536362543517
Nk166262,Ap166262,Michael Baker,Friend,1009477107
Nk933032,Ap933032,Lauren Brennan,Friend,0989877942
Nk176898,Ap176898,Ellen Taylor,Parent,2500980972
Nk555699,Ap555699,Theresa Kelly,Parent,0016516389010
Nk249369,Ap249369,Joseph David Jr.,Friend,8497699003924
Nk654736,Ap654736,Daisy Allen,Spouse,1489016975
Nk388316,Ap388316,Jonathan Hayden,Sibling,1208368061
Nk107657,Ap107657,Danielle White,Friend,3835850650908
Nk577602,Ap577602,Matthew Rowland,Spouse,7426106033
Nk880977,Ap880977,Kenneth Dunn,Parent,9372574428
Nk474999,Ap474999,Laura Curry,Spouse,4393371892
Nk784191,Ap784191,Scott Henry,Spouse,18504669927062
Nk107906,Ap107906,Amy Bowers,Sibling,233149491153401
Nk423557,Ap423557,Connie Mays,Sibling,86966926471493
Nk678316,Ap678316,Amanda Lozano,Friend,0681597753
Nk893719,Ap893719,Steven Davis,Sibling,8426160031
Nk395804,Ap395804,Scott Shea,Sibling,1414231838954837
Nk568974,Ap568974,Katie Garcia,Friend,4584344718136
Nk946936,Ap946936,Lee Pollard,Parent,34559922396458
Nk815080,Ap815080,Megan Miller,Parent,1881489063110033
Nk727267,Ap727267,George Salinas,Friend,5856845830
Nk134701,Ap134701,Crystal Landry,Sibling,0018302771650
Nk183300,Ap183300,Kimberly Collier,Spouse,2628253812
Nk865537,Ap865537,Steven Thomas,Spouse,7001972074
Nk773034,Ap773034,Anna Jenkins,Sibling,0010795815211
Nk183560,Ap183560,Regina Wiley,Spouse,1315955738397466
Nk342615,Ap342615,Tara Arellano,Sibling,6714079025
Nk143642,Ap143642,James West,Friend,18054666878
Nk617083,Ap617083,Heather Martin,Sibling,32302288458586
Nk591036,Ap591036,Steven Parrish,Parent,13791999421677
Nk427304,Ap427304,Johnny Wilson,Friend,3408727132
Nk904034,Ap904034,Kimberly Rivera,Spouse,0126429264773
Nk465464,Ap465464,Jacob Collier,Spouse,00166893839368060
Nk713089,Ap713089,Jennifer Clay,Parent,0011643841555821
