Applicant SSN,Credit Score,Number of Credit Accounts,Number of Derogatory Marks
578-55-9197,850,2,0
842-01-0289,850,4,1
526-57-5741,850,8,2
195-72-1380,634,7,1
156-40-9119,510,3,0
226-65-6512,850,1,0
529-89-8582,649,12,4
313-36-8310,531,3,1
235-21-6513,642,12,2
426-59-7331,654,0,0
868-31-7966,754,4,1
166-62-3108,850,11,2
551-63-8556,729,5,0
369-23-9819,850,9,2
411-40-6357,655,4,1
521-62-5510,485,0,0
794-94-9872,850,4,0
461-46-4993,704,11,0
241-54-9602,714,13,2
838-36-7615,614,13,1
566-01-4327,798,6,2
572-79-6307,800,14,0
301-32-8248,734,8,0
,644,15,0
692-76-8399,795,3,1
264-72-9120,645,11,0
877-86-4675,712,15,0
,811,7,0
066-06-0347,496,12,2
165-85-3412,626,11,3
439-01-8801,651,11,3
470-38-4266,533,6,1
566-60-4912,628,15,5
184-89-9934,505,7,0
544-99-8148,836,13,0
651-11-3190,536,13,2
404-01-1682,650,3,0
867-74-3121,644,2,0
223-08-2065,719,4,0
381-19-9182,686,3,0
840-04-1465,635,13,3
824-92-9683,850,1,0
001-10-1932,850,0,0
830-19-0880,544,14,1
897-39-7755,513,8,2
531-19-0895,698,1,0
581-88-7244,616,11,0
755-35-1733,492,3,1
217-98-8303,844,14,1
044-76-8656,670,2,0
622-83-7400,765,1,0
707-78-1880,823,8,2
249-40-2776,600,10,2
266-01-7161,538,12,2
636-59-8182,475,6,1
187-12-8594,635,11,2
409-71-0489,521,1,0
880-70-9087,591,14,2
332-97-9584,725,8,1
342-01-0742,817,12,2
482-13-9214,778,15,3
701-18-9650,686,9,0
683-53-8925,519,2,0
468-15-1379,630,3,1
509-15-0091,653,0,0
,592,0,0
,844,10,0
579-23-3460,850,15,1
595-02-1719,839,6,1
770-63-4407,659,15,2
339-78-4152,773,1,0
146-34-6969,828,1,0
181-24-8449,850,5,0
687-62-7928,606,14,4
060-31-9492,505,9,0
627-98-2323,850,0,0
188-70-4880,492,9,2
313-41-4270,761,14,0
839-79-1095,757,2,0
010-22-8401,554,13,0
610-97-2212,697,9,3
236-77-2371,602,5,1
622-77-0998,613,8,1
785-44-7975,580,13,2
572-91-3459,470,2,0
252-91-3748,635,1,0
380-80-7584,700,13,2
174-22-1404,773,4,0
564-41-6191,504,4,0
358-81-0793,612,4,1
292-57-7046,683,1,0
132-70-5666,771,6,1
515-22-1546,706,2,0
367-36-3547,447,5,1
502-52-4826,682,0,0
513-46-2009,587,10,3
176-12-1530,444,0,0
738-38-9481,807,2,0
287-20-8388,704,3,1
467-91-0702,690,3,1
028-68-3444,609,11,1
252-12-0649,850,8,2
078-18-6979,634,4,1
638-30-0968,850,6,2
162-82-7500,641,5,1
489-64-8826,778,10,3
235-66-7959,407,0,0
165-12-6724,850,15,5
257-82-3650,563,11,0
820-40-3374,647,15,1
772-66-9017,672,9,2
886-70-9936,711,7,0
,554,7,0
795-94-3490,719,0,0
125-77-2173,646,12,3
252-02-8461,586,14,3
552-36-1797,723,10,0
503-17-6032,662,1,0
347-98-9821,809,0,0
399-04-0671,691,14,0
830-09-3708,579,3,1
538-23-0704,634,2,0
199-09-1075,509,9,1
663-60-5924,826,9,1
522-32-3280,515,3,0
822-79-4711,503,2,0
138-22-7683,606,6,0
107-45-5868,850,10,0
039-44-5919,629,15,2
496-40-4065,778,13,3
642-29-6627,592,2,0
898-80-4578,783,2,0
568-09-9653,811,9,3
661-91-6783,793,8,0
115-49-5046,507,4,0
349-81-0910,789,10,0
875-32-8475,809,12,2
762-63-6123,743,3,1
405-14-2082,752,2,0
764-99-5087,617,15,2
234-50-2064,829,14,1
728-79-9726,774,14,3
158-28-2397,830,4,0
813-86-6967,640,0,0
804-10-3792,850,12,3
625-83-8664,825,9,3
221-52-9161,516,8,0
500-72-1999,586,12,0
339-39-0844,510,12,3
711-20-3087,454,10,0
201-22-8778,850,14,3
626-79-7418,505,7,1
233-13-4814,813,5,1
724-40-0997,850,0,0
407-27-7705,592,2,0
838-69-7270,761,1,0
221-42-6885,584,12,3
782-59-0343,530,3,0
359-26-6132,527,2,0
701-19-4072,700,5,1
648-33-5474,711,15,2
886-31-0112,741,7,1
029-90-3368,557,1,0
844-57-5273,655,3,1
550-24-2976,554,2,0
858-65-5610,680,10,3
054-93-2592,662,15,1
329-58-9951,797,10,0
862-08-7345,808,15,3
315-96-7876,733,5,1
129-68-5312,732,14,2
450-22-1657,850,8,2
576-81-4661,659,8,2
827-05-5300,481,2,0
448-54-5215,731,12,4
886-93-5498,653,9,1
,691,1,0
863-64-8989,850,12,2
752-49-6173,634,2,0
429-42-9904,728,3,1
215-24-4217,850,3,0
408-82-1120,584,10,3
861-41-4221,680,14,4
572-20-6451,644,4,1
492-22-2567,567,13,2
888-13-9509,452,1,0
562-48-7174,606,5,0
520-57-4113,362,13,1
216-89-7751,795,14,4
216-74-7879,744,0,0
707-23-3861,810,8,1
243-05-6564,715,2,0
,661,6,2
891-80-2852,405,1,0
672-10-5163,850,9,2
708-14-1807,850,9,3
,513,9,0
187-75-4761,699,6,1
541-86-0290,755,13,0
402-45-1508,850,13,1
,823,3,0
244-96-6237,812,9,2
855-39-0566,592,8,0
757-61-7532,635,0,0
750-21-1361,696,7,2
362-03-7792,627,10,1
028-71-1389,850,15,5
295-93-8543,850,5,0
295-07-8482,691,0,0
306-05-9935,450,5,1
509-21-1015,609,2,0
040-83-6849,454,5,0
510-56-2112,654,3,1
365-63-0020,730,11,0
565-17-7229,502,10,0
083-35-0958,839,7,2
432-79-5173,850,0,0
,552,4,1
338-44-5846,709,1,0
569-24-5151,754,15,3
487-48-5404,620,5,1
118-28-1378,850,2,0
276-67-5774,540,11,0
665-05-9511,475,5,0
614-31-8147,588,7,0
609-89-0550,850,1,0
250-10-4057,759,4,0
327-09-2093,519,14,2
861-16-2061,512,3,1
761-03-4842,850,2,0
899-24-4918,570,13,2
266-87-2732,695,5,1
595-15-8735,559,6,2
160-08-3744,685,13,1
087-55-7659,711,6,2
425-99-8594,694,4,0
467-14-8894,638,9,2
482-61-0628,644,11,2
086-31-1134,608,8,2
781-94-5845,621,11,0
733-25-4867,850,5,1
284-81-7032,475,5,0
516-59-0704,797,10,2
251-12-0950,300,10,0
239-49-6622,766,2,0
276-09-7141,645,15,3
154-76-4729,636,13,0
,529,3,0
129-95-1782,508,15,4
,705,8,0
095-78-6044,651,8,0
638-70-0876,850,14,0
059-69-0698,693,4,0
431-38-8989,495,0,0
268-17-3155,332,2,0
215-06-5203,777,5,0
659-05-1893,495,13,2
108-33-4174,418,13,4
437-78-8093,757,2,0
740-96-0857,808,12,0
519-24-9779,617,5,0
617-53-7457,777,0,0
690-89-8160,344,13,4
295-43-1979,637,4,0
398-54-4961,729,0,0
517-76-0269,748,1,0
727-77-8736,566,11,3
103-51-6353,586,12,2
655-90-4908,568,4,1
468-33-3014,813,7,1
010-46-1575,849,15,3
872-78-6827,543,9,0
746-04-8742,622,14,3
720-72-9927,776,4,0
133-77-8961,799,0,0
419-92-5222,561,6,1
788-36-0056,625,0,0
570-96-3261,846,7,2
750-03-3964,541,10,0
747-25-9027,678,5,1
272-67-6399,709,0,0
717-68-7733,600,11,3
,655,13,1
885-25-6687,647,12,3
537-80-7238,711,8,1
027-78-2876,797,4,0
872-89-9062,518,11,1
584-16-2544,751,10,2
567-59-7058,812,3,0
672-77-6945,662,2,0
645-90-7998,568,3,0
128-23-1213,630,14,1
527-77-3793,504,15,3
218-63-1005,845,7,2
415-26-8707,850,0,0
157-07-9817,751,14,3
073-60-5242,382,9,0
090-77-6993,673,8,2
572-61-9623,555,7,2
408-59-6214,524,14,2
440-88-1376,777,10,2
558-08-0093,850,14,2
038-45-2899,575,5,0
808-51-9252,735,2,0
888-38-1685,839,0,0
094-36-2203,583,0,0
373-33-1697,653,11,1
261-21-8380,300,9,3
608-80-3503,589,8,2
093-39-5477,513,9,3
788-66-3429,843,13,4
382-42-2772,765,4,0
158-53-4773,850,15,1
635-90-5364,697,10,3
017-78-9454,641,8,1
012-13-1875,850,15,4
513-14-4447,314,3,1
229-50-5369,838,2,0
606-13-8129,624,14,3
552-23-9600,656,10,3
605-23-3052,607,5,1
231-36-5217,810,2,0
760-17-1978,802,6,1
521-06-6074,588,10,3
254-90-7351,824,14,0
248-15-2138,850,15,5
378-94-4416,486,9,2
423-89-2401,562,4,1
677-94-8684,716,11,1
638-26-6658,658,13,0
,850,2,0
398-71-6973,710,4,0
533-08-2320,679,12,2
446-75-1377,688,14,1
846-20-9741,721,4,1
068-56-3916,583,2,0
380-48-2320,752,7,0
850-81-6429,632,1,0
291-03-0034,850,13,0
790-23-8821,459,7,2
304-05-2298,417,5,0
,677,5,1
572-83-8810,850,11,1
586-72-8757,620,10,2
181-95-8000,849,5,1
462-96-1050,424,9,2
016-39-1104,684,3,0
097-71-3899,850,11,0
471-11-5631,723,4,1
108-10-2688,677,5,0
130-18-5206,554,7,0
378-84-9120,602,2,0
116-77-9468,850,12,1
464-69-4402,646,3,0
466-69-9980,736,6,0
074-96-6824,560,12,3
202-24-0683,558,10,0
012-57-6240,796,13,2
038-35-1691,850,10,0
812-95-1128,566,7,0
030-34-4211,595,4,1
229-93-9284,850,14,0
762-71-8406,848,6,0
026-10-3159,628,9,1
892-70-5395,850,9,1
054-17-9047,741,0,0
225-18-8215,684,13,1
354-04-7331,620,5,0
169-33-6582,708,14,0
455-89-9466,812,9,0
447-32-7146,746,13,0
539-19-2416,420,0,0
261-41-3739,755,11,2
552-69-2215,638,13,4
,610,9,3
261-71-0383,667,3,0
143-08-5734,850,11,3
624-88-7493,726,12,0
823-19-2114,699,6,1
025-48-9800,482,9,3
087-44-0865,850,7,2
770-78-6169,686,4,1
244-03-2827,500,11,3
305-04-6607,723,0,0
176-02-3558,795,14,4
181-92-2560,680,9,3
835-73-0324,537,11,0
292-84-2484,611,2,0
668-53-5559,793,2,0
774-78-4271,623,15,4
381-51-3903,769,13,4
472-55-5913,683,7,0
591-85-7233,604,4,1
510-20-8720,847,11,1
363-35-0870,850,11,1
,646,13,2
275-19-2618,538,13,0
498-72-0694,850,6,1
363-84-6055,471,0,0
241-99-8599,683,9,2
567-88-0941,752,3,0
316-76-6844,646,2,0
415-04-6091,610,2,0
,618,4,1
500-42-9961,825,10,2
285-84-8606,835,15,4
164-82-6116,631,15,2
375-70-5739,743,7,1
050-14-7611,515,15,4
635-95-7985,349,10,3
,715,10,3
065-22-7324,523,2,0
162-75-9204,709,7,0
819-37-1038,723,10,3
627-40-0162,567,7,1
818-39-8728,521,3,1
651-31-5066,850,5,0
138-34-4219,740,2,0
478-91-1605,850,1,0
358-84-3253,769,6,0
396-11-4136,695,3,1
290-17-2333,790,12,1
624-89-7674,574,8,0
206-76-5103,766,9,2
451-80-0938,609,13,1
058-09-8596,530,2,0
,850,6,2
371-23-9257,688,9,1
645-25-1513,407,4,1
,788,8,0
416-85-5318,548,5,0
049-80-9071,741,10,1
495-21-6347,666,13,1
813-65-3259,686,9,0
724-40-4313,729,15,3
067-33-8770,531,12,4
060-12-7268,304,10,0
443-70-0389,565,1,0
088-66-6518,742,11,0
771-14-9264,445,7,2
694-02-9481,736,2,0
851-99-5302,686,7,2
667-01-3624,735,9,2
313-01-8536,728,7,2
218-50-0289,663,15,0
339-54-4428,537,12,4
504-07-7615,757,7,2
342-95-9771,819,3,0
246-02-3914,497,5,1
263-52-3794,734,1,0
304-44-2508,645,1,0
,614,4,1
500-38-8728,608,7,2
,743,8,0
875-24-1213,577,2,0
807-54-5423,447,11,3
830-29-3339,661,10,0
322-29-4715,791,2,0
205-40-0375,777,7,1
603-27-0268,523,15,4
264-38-4276,774,13,1
182-87-0580,560,15,2
597-67-0800,850,3,1
106-11-2249,588,13,1
,422,1,0
162-15-2941,714,11,3
744-46-4753,747,12,1
112-82-0077,533,9,2
862-04-2111,553,1,0
003-13-2825,850,9,1
105-40-2081,682,5,1
632-88-0924,707,4,0
517-75-4522,789,7,0
874-47-6152,682,6,2
503-55-6589,747,6,0
417-02-3228,850,4,0
153-93-2082,516,6,1
206-13-8466,850,3,0
301-82-0342,612,13,1
842-45-2169,814,11,1
285-82-0916,799,11,1
,609,1,0
691-21-3664,648,12,2
866-12-5868,684,6,2
382-14-9741,622,1,0
467-66-3934,643,1,0
637-64-5715,571,5,1
774-02-7661,752,12,4
396-81-2562,767,4,1
824-34-5363,734,12,1
705-54-0654,664,15,2
346-89-9172,761,2,0
317-57-0308,850,2,0
490-78-0183,701,12,4
669-16-5847,702,14,0
444-81-5716,613,14,3
689-98-5227,732,2,0
404-10-6638,705,4,1
320-44-9040,662,7,0
266-09-5577,549,3,0
317-18-3447,510,0,0
529-04-4701,693,13,0
437-20-2872,478,9,2
423-61-2629,841,3,1
260-43-0831,850,3,1
754-45-3481,840,12,0
545-65-5485,777,13,1
808-39-2864,760,10,0
570-55-4655,751,5,0
617-01-8519,427,15,4
023-34-9687,614,1,0
581-66-6590,726,13,0
119-82-5273,515,8,2
461-19-2240,628,1,0
331-95-8109,850,0,0
122-51-1428,850,1,0
644-05-3878,850,3,0
717-97-3146,604,4,1
690-71-6776,485,6,0
150-10-6995,553,3,1
513-92-3179,517,5,1
,814,10,2
860-64-7860,743,8,1
095-70-8004,556,12,3
062-98-7999,835,7,2
231-52-6092,706,9,2
818-74-6996,736,5,0
698-91-6162,564,7,0
320-93-2931,625,8,2
536-68-2135,850,9,2
338-55-1682,579,0,0
611-75-4035,300,1,0
706-14-9041,833,2,0
538-52-5687,510,11,1
833-09-6816,817,3,0
773-21-1842,850,3,0
356-19-5949,718,7,2
184-21-5303,694,6,1
753-79-8597,850,4,1
783-70-3410,751,3,1
826-95-9850,845,6,2
693-55-8434,600,11,2
,637,7,0
332-61-4160,574,4,0
432-16-7616,837,13,4
352-61-5726,702,4,1
610-65-8771,819,8,0
069-92-1117,568,14,3
209-65-7789,666,4,0
578-61-0477,833,5,0
212-33-4893,791,8,1
321-57-1712,477,11,1
652-78-8815,813,5,1
,622,5,1
123-65-1627,588,8,1
851-06-7128,720,5,1
700-86-1665,815,14,4
279-10-4138,740,4,1
164-07-6018,544,5,0
,664,13,4
472-73-3779,694,13,3
146-38-5161,596,15,4
899-61-2166,685,13,2
545-01-3405,598,10,2
224-03-0297,615,2,0
247-61-4090,685,3,1
644-16-1068,477,9,1
517-36-7352,546,14,0
160-13-3173,508,8,1
003-61-3942,661,14,2
002-11-8881,767,7,0
618-45-3108,657,10,1
012-01-2377,712,5,1
327-77-0781,781,3,1
026-02-4383,598,12,2
704-95-5734,439,11,3
,598,4,0
190-05-0102,617,5,1
786-49-0879,403,7,1
678-42-9499,674,12,1
874-89-4505,591,0,0
770-97-4663,529,8,2
628-43-1582,652,12,3
833-72-6477,599,13,1
846-77-8595,850,14,4
147-64-3529,735,10,2
697-43-9285,784,8,0
680-91-5613,718,0,0
042-68-6703,700,12,1
125-79-4241,664,9,2
668-83-9973,709,8,1
546-68-7470,714,6,2
598-31-7728,565,8,0
358-56-4498,496,3,0
499-68-3795,627,1,0
378-62-9677,602,13,3
665-75-3246,565,10,2
021-30-8150,551,9,1
639-66-6899,741,12,4
635-94-7216,552,15,2
346-89-9598,595,6,0
,643,10,0
433-15-8612,609,3,0
750-88-0708,659,12,0
064-63-6013,457,6,0
075-12-0122,673,12,0
105-88-4648,741,13,0
214-34-4692,838,7,2
361-93-2078,567,11,3
858-78-7487,564,0,0
448-74-5285,850,14,3
577-74-9472,728,6,1
,560,7,1
512-38-0775,488,7,1
619-99-2753,626,15,2
192-86-9482,404,3,0
550-83-9775,655,10,1
832-37-5389,691,3,1
342-12-0365,668,0,0
284-85-6398,502,1,0
452-60-1777,350,5,0
669-64-2471,531,6,1
131-09-8824,376,4,1
489-80-7982,767,5,1
062-54-1501,441,8,2
226-76-2010,781,6,2
107-41-5981,468,11,3
068-46-0095,833,3,0
512-08-5196,757,13,2
763-62-1145,850,6,1
,685,14,0
820-10-1471,603,15,5
705-46-3305,720,8,2
167-72-2845,850,3,0
791-98-3550,766,0,0
,850,8,2
414-71-8371,524,9,2
779-57-6801,850,12,1
051-65-0684,552,10,0
295-85-8902,850,7,0
478-12-6936,542,9,0
678-95-4692,577,13,3
126-13-0241,632,13,4
122-04-1446,696,9,2
857-13-6283,767,12,3
141-39-8362,611,4,1
415-87-3471,680,4,0
337-04-9695,693,11,3
591-99-5146,645,15,2
310-26-4936,484,2,0
637-90-9671,820,3,1
704-94-4270,847,11,0
,704,13,2
017-19-1046,688,12,1
746-87-0602,681,10,1
583-88-6194,833,13,4
311-57-0902,391,7,2
587-16-3746,513,0,0
145-77-0045,676,11,3
816-16-3619,850,11,2
568-37-0039,779,1,0
849-64-3988,600,6,1
248-04-6355,786,5,0
061-71-9146,677,13,1
518-26-0230,428,7,2
438-81-2023,711,8,1
467-43-4699,779,5,1
599-79-7941,761,3,1
437-42-4039,850,6,1
,545,15,0
876-23-4215,596,3,1
634-75-1609,801,7,0
096-90-6206,850,10,0
261-70-4221,512,13,0
834-48-9409,714,8,0
304-36-1073,660,7,0
238-29-2879,579,0,0
679-01-0201,700,9,1
607-72-0140,806,14,1
550-25-7865,485,14,4
176-07-3341,730,4,1
104-73-2324,817,5,0
625-10-3213,759,5,1
,417,0,0
422-84-5359,639,13,1
755-53-1208,545,12,4
883-40-7232,850,1,0
783-95-3335,484,13,4
328-95-7293,550,0,0
486-04-0850,769,6,2
048-08-5960,505,14,1
,772,9,3
752-40-8706,714,2,0
602-92-3318,662,0,0
315-54-7316,634,3,0
312-85-7656,850,10,2
871-68-6956,696,7,1
534-36-8585,493,8,0
637-28-2694,850,0,0
320-01-0362,833,10,1
385-68-1112,603,14,4
043-21-2362,717,0,0
361-08-0514,850,6,2
216-07-9783,389,0,0
726-74-2469,834,0,0
632-31-0174,777,0,0
806-60-4570,637,8,0
680-42-9774,598,6,0
629-67-7290,741,14,4
783-60-2182,620,14,0
549-83-7462,764,5,0
534-35-2495,556,2,0
727-11-9321,666,11,0
247-39-0523,709,1,0
250-77-8247,410,5,1
086-37-8624,579,4,1
620-63-0022,765,12,4
139-57-4632,611,10,2
739-71-8841,614,8,0
003-84-6445,749,11,2
544-65-3131,569,0,0
890-72-8273,792,2,0
786-44-6208,794,6,2
011-34-2431,439,4,0
682-97-4497,710,3,1
200-83-3392,479,6,0
484-89-8208,714,0,0
792-29-8936,744,5,0
319-60-7510,732,4,0
339-62-7539,715,14,4
774-69-7158,617,8,0
520-93-4986,482,7,1
874-20-4987,580,4,0
659-53-7321,524,3,1
324-07-0942,850,6,1
454-37-8854,795,1,0
053-27-1094,850,11,2
533-07-7891,636,9,0
050-09-2513,769,8,1
004-85-0415,698,13,1
270-32-1844,577,14,3
546-14-2015,850,5,0
873-58-5835,709,0,0
,621,11,2
240-02-8060,773,2,0
427-74-2636,566,4,0
699-84-4815,670,2,0
664-07-0642,715,8,1
732-99-7097,841,11,2
561-13-3901,703,3,1
004-10-1500,735,13,2
781-39-7180,603,12,3
123-94-4546,679,5,0
706-29-1483,614,7,0
614-49-1634,651,15,5
489-10-7725,770,6,2
092-37-3745,850,6,0
304-86-8690,714,7,0
678-71-4712,586,11,2
099-54-6210,667,6,1
741-68-5499,789,15,4
798-77-8024,556,5,0
118-70-0573,766,15,4
795-84-7828,586,11,1
,613,14,2
,818,7,0
115-10-7689,704,7,0
028-27-8230,395,4,0
367-78-2896,790,15,3
077-48-4129,830,4,0
521-52-2345,850,15,2
355-52-0439,688,4,0
468-75-6171,850,8,1
873-28-5456,615,12,2
,583,7,2
096-63-5197,565,6,1
327-01-9577,700,14,4
622-93-1138,738,6,0
801-72-0156,667,15,1
350-31-1179,718,14,1
676-25-3744,370,6,0
091-47-4365,815,5,0
351-07-7003,850,14,0
493-44-3618,694,10,3
583-77-2806,626,11,2
097-32-2012,779,15,2
224-26-1639,597,11,1
017-90-6768,524,9,3
,759,13,1
,518,4,0
010-40-3155,792,6,0
591-23-9941,850,5,0
206-06-3942,462,11,3
852-56-0685,506,12,1
820-68-2705,405,15,1
785-77-7443,850,7,1
201-78-1879,745,0,0
087-26-1680,643,1,0
088-69-1315,763,11,0
556-43-1232,809,12,2
296-42-4869,818,3,1
254-85-7083,783,6,1
335-28-8420,821,4,0
158-35-9409,653,4,1
791-39-9089,693,10,2
012-67-8150,374,6,0
164-42-9025,795,4,1
674-12-8544,676,12,1
135-33-4765,671,4,0
078-24-2107,795,4,0
573-32-7992,627,9,0
446-79-3455,606,0,0
089-03-1229,836,10,0
579-34-8951,561,2,0
294-14-0821,694,6,1
171-73-1113,586,7,1
302-85-7559,625,14,0
193-32-0689,850,10,0
005-74-3592,564,11,2
704-70-2907,594,6,1
878-47-2263,646,7,1
798-17-5039,762,3,1
764-30-0225,465,6,1
192-96-1583,656,2,0
184-20-5247,612,10,1
830-22-7746,752,7,2
531-96-2973,590,9,0
601-67-7086,673,15,0
200-37-2475,300,11,1
026-69-4435,695,9,3
899-93-5588,830,11,0
147-74-5339,598,6,0
867-29-2266,537,1,0
321-21-7384,482,12,4
695-62-1798,850,4,1
781-83-2190,358,7,1
797-12-1677,844,6,1
125-18-6184,742,12,4
363-10-4397,596,2,0
701-41-1395,735,10,3
841-88-6782,816,3,0
824-15-4369,638,11,3
309-37-4392,698,3,1
877-05-0908,690,8,2
333-28-6725,475,10,2
594-79-8690,603,2,0
658-43-2318,683,2,0
757-57-9349,850,4,0
045-50-7527,491,3,1
,626,10,0
323-16-2290,519,14,3
120-75-0293,850,3,0
454-40-0478,850,10,0
633-38-5246,386,15,5
408-53-7607,577,7,2
787-67-9981,706,6,1
715-01-5253,850,15,1
652-73-4004,703,5,0
840-73-1829,625,4,0
868-79-3767,816,15,0
505-21-2440,556,6,2
109-05-4250,771,13,2
171-74-9615,850,10,3
856-86-1517,664,12,0
810-72-7830,789,12,4
261-54-5305,751,13,1
491-18-9153,727,7,2
461-89-3170,850,6,0
721-66-6080,661,12,4
272-84-0835,653,5,1
461-87-5530,803,3,1
376-23-4359,833,1,0
716-93-2313,671,5,0
788-39-6614,850,4,1
,850,10,0
368-56-0528,850,9,2
580-25-1112,564,14,2
175-58-9444,850,10,3
156-62-7552,761,12,4
349-49-4586,670,15,0
025-51-1092,654,14,2
698-99-3888,358,13,0
,846,1,0
835-29-9509,669,11,3
780-41-1569,300,6,1
,666,8,0
274-89-2819,576,9,0
660-71-7594,532,15,3
683-27-4185,704,12,0
,704,12,4
115-66-3874,687,12,3
431-39-3557,686,10,3
339-24-2489,634,14,3
726-90-3238,590,15,2
876-72-4616,625,14,4
226-40-7520,786,1,0
833-58-5187,850,14,0
756-87-4090,619,9,0
494-30-3254,791,14,1
870-78-7506,618,6,1
769-43-1531,574,2,0
136-74-4473,719,1,0
786-48-3800,850,7,2
597-31-5600,685,14,2
404-22-5946,492,5,1
373-09-2936,735,8,0
314-78-8808,597,10,2
195-11-8584,647,10,2
709-39-5589,727,12,1
096-76-6497,758,4,1
656-14-5298,701,10,3
223-91-4001,474,14,4
095-33-3486,850,13,2
020-82-3345,541,13,1
097-83-1284,623,9,3
324-04-8988,555,10,2
527-81-6812,770,14,4
866-96-6956,536,13,2
893-84-5033,674,14,0
659-61-9024,626,15,3
441-89-6208,759,4,0
106-98-3711,850,13,1
251-01-7942,566,7,0
257-87-9840,414,5,0
476-77-5273,850,3,0
816-06-9844,720,13,2
590-18-5033,769,6,0
515-02-3065,850,2,0
861-36-0756,663,10,1
023-21-1272,653,8,1
307-55-0095,705,9,3
,646,12,0
627-03-0673,597,11,2
547-97-0632,728,12,4
306-88-3769,765,5,0
210-99-6931,622,15,2
401-90-2986,626,12,2
530-39-9594,850,3,1
592-20-8699,471,13,1
812-35-0015,656,14,4
774-17-3499,850,1,0
705-11-6330,850,14,0
082-01-0211,815,9,2
817-40-9371,552,9,0
029-38-3766,628,8,0
277-58-4744,790,15,1
231-34-6629,566,12,0
667-69-5098,721,11,3
013-33-1088,823,6,2
289-60-6063,732,9,0
,792,7,1
347-34-3447,850,8,1
004-80-2902,613,11,1
394-64-1138,616,6,1
542-03-8880,456,3,1
841-85-7256,733,7,2
467-15-4071,850,1,0
264-51-0039,850,2,0
333-02-0452,616,8,2
766-28-2102,771,1,0
400-25-4415,715,4,1
623-95-1412,735,9,0
088-39-6860,850,13,3
178-08-4663,746,5,1
,593,9,1
577-17-9768,638,7,0
447-34-2170,717,15,5
395-33-2101,737,9,0
710-51-7798,689,3,1
332-73-6051,634,0,0
351-54-3974,661,3,0
562-97-5404,440,14,4
443-10-0687,763,14,3
331-80-9700,469,1,0
030-87-6750,482,14,0
858-78-3644,743,4,0
596-58-2651,634,7,2
208-39-0515,788,5,1
280-34-5473,649,5,0
633-53-6314,642,11,0
441-86-9224,643,4,0
,687,3,0
439-66-3127,560,15,2
129-97-3401,631,2,0
,747,9,1
360-04-3436,555,11,0
702-90-6240,850,4,0
875-99-3827,703,2,0
079-17-8096,733,3,1
674-13-2143,573,1,0
,694,6,1
211-76-8250,516,5,1
415-37-3740,672,13,2
280-03-7357,850,8,1
525-52-7572,736,1,0
064-45-1727,575,7,0
081-50-1282,464,6,0
419-79-1373,752,10,0
662-22-5785,539,15,5
817-17-8491,560,3,1
172-49-6821,748,0,0
851-26-6496,717,9,1
728-39-6174,705,8,2
672-85-5305,498,7,1
,440,1,0
340-81-6519,654,4,0
555-04-9813,635,7,2
090-68-1424,850,15,2
048-67-2086,749,3,0
043-67-1573,621,14,1
849-67-3733,760,5,1
150-63-8276,787,3,0
565-76-6361,670,9,0
025-33-1206,761,5,0
202-25-0507,694,5,0
181-13-9553,713,6,2
114-42-5855,519,2,0
669-78-7784,571,3,0
577-83-5136,633,1,0
273-02-3164,622,0,0
109-33-1587,710,6,2
283-90-2613,850,7,0
085-18-4572,738,4,1
439-73-2154,711,3,0
799-06-7173,850,6,0
391-38-4638,440,11,3
642-77-2276,850,8,1
482-35-0022,628,2,0
787-04-4772,722,6,0
176-47-9938,590,2,0
838-35-3776,745,3,0
010-25-8625,850,1,0
681-31-3488,541,1,0
653-76-4217,670,4,0
807-52-5863,722,15,0
,570,8,1
596-90-6240,703,0,0
624-30-7965,661,7,0
148-83-5283,707,14,3
124-98-7721,440,8,0
278-86-9178,524,0,0
642-92-2342,850,7,0
735-93-5405,608,10,3
212-62-4397,589,7,0
525-29-7225,408,4,1
749-09-7356,775,11,2
855-53-4920,738,1,0
799-97-5148,552,13,0
795-03-9742,517,8,2
546-96-1601,716,3,0
612-57-9864,602,9,0
662-32-0552,746,4,0
619-44-8133,850,15,3
683-28-5947,538,10,0
303-28-9719,662,0,0
021-54-3281,658,14,2
706-87-5067,807,13,4
129-13-5980,793,10,2
201-61-1672,661,14,1
761-17-3572,488,3,1
733-49-6667,850,7,1
686-17-1656,850,10,1
640-18-6642,601,1,0
458-39-1524,850,7,0
880-10-2236,586,11,2
613-18-2037,476,0,0
216-17-0983,476,14,0
074-32-7784,694,6,2
628-69-8891,482,15,0
431-94-4214,622,2,0
372-38-0333,768,15,3
005-19-4560,545,10,1
184-18-1652,850,12,4
767-16-2740,700,5,1
496-99-8761,493,13,3
223-45-5707,722,2,0
175-92-9595,850,13,0
579-52-8191,593,7,1
881-12-5639,587,13,2
750-23-2872,567,4,0
320-19-6172,651,2,0
559-40-2761,591,10,1
465-83-9857,601,12,1
304-60-8193,720,8,0
419-59-2482,850,7,2
820-07-5579,575,11,0
247-12-9249,850,11,2
693-96-8739,811,4,0
190-08-5518,677,1,0
002-51-0230,610,1,0
143-69-1549,575,0,0
076-69-7653,850,14,2
898-84-4925,522,4,0
224-57-3420,849,10,3
780-43-9877,455,13,4
063-80-6831,704,4,0
201-73-7307,752,4,1
156-64-4378,850,0,0
506-53-0451,734,13,0
130-83-6141,632,11,2
520-94-1038,493,3,1
395-90-6488,568,5,1
670-49-1846,847,9,1
778-08-9173,487,15,3
542-80-6499,830,3,0
290-98-8806,545,1,0
161-14-1737,512,1,0
136-99-7724,356,14,3
579-37-4733,544,13,4
863-61-8623,850,4,1
682-94-9093,746,5,1
784-59-9714,473,5,1
657-23-2698,743,4,1
069-40-5561,644,10,0
863-79-4336,586,4,1
517-78-4952,850,15,2
623-31-9929,675,2,0
711-46-9395,649,9,0
172-98-8254,722,8,0
870-53-9911,758,14,2
674-17-2956,668,14,2
101-46-2897,651,15,5
368-09-5279,728,9,1
562-73-1037,850,8,0
874-65-6449,690,5,0
636-38-0947,756,0,0
507-06-5040,805,9,3
166-51-5609,793,3,0
326-04-6029,850,8,0
212-17-3427,476,3,1
419-21-3871,850,12,4
652-44-1353,813,4,0
269-61-2292,850,14,0
254-43-0340,503,15,4
114-68-0666,850,4,1
807-55-0817,649,15,4
370-73-8295,697,12,0
344-57-6037,620,9,2
737-41-6996,555,10,3
181-29-1100,845,9,0
784-93-2654,521,12,2
013-75-8434,634,5,0
172-91-5945,560,13,1
345-83-4656,534,0,0
884-83-7868,794,4,0
685-08-0234,809,7,1
119-68-4394,573,0,0
055-35-8446,391,4,1
571-28-2624,496,8,2
764-93-9088,719,10,1
060-37-0126,586,10,2
806-02-6709,850,8,2
616-32-9391,824,12,2
689-84-9327,636,2,0
476-53-3943,507,11,2
823-93-4496,577,9,2
814-67-1547,703,7,1
861-79-5982,377,11,3
880-40-1458,476,2,0
889-78-3683,531,5,1
239-64-9659,608,12,1
780-10-8077,416,7,2
483-45-5301,721,6,0
462-86-8990,714,4,0
665-27-7719,850,2,0
059-09-9962,746,12,1
730-35-5254,559,9,0
684-19-9906,444,11,2
610-41-9622,833,1,0
458-99-7589,701,0,0
624-52-8008,827,3,0
150-10-4244,682,3,0
880-34-2722,758,3,0
291-66-6806,801,1,0
412-15-2696,691,7,0
749-92-0862,751,2,0
130-14-2649,541,2,0
253-72-8906,697,15,3
803-76-7312,520,0,0
199-54-4805,479,0,0
575-48-1779,631,12,4
709-43-5911,850,0,0
658-31-4653,602,14,2
094-94-5833,561,10,2
401-22-0614,564,10,0
709-46-8959,835,14,1
302-06-2442,438,2,0
569-97-6868,490,7,1
245-71-5575,712,8,0
459-17-9794,790,11,2
875-56-8945,594,9,0
063-18-4947,651,9,1
594-76-0256,764,14,0
588-17-1386,743,12,2
306-13-3857,728,3,0
183-23-7749,757,14,2
162-17-4013,631,6,0
343-19-3733,300,4,1
194-71-8578,801,13,3
388-58-7837,711,13,4
772-48-8215,629,8,1
476-43-7488,647,5,0
502-59-2345,815,9,1
332-04-0745,670,4,1
787-30-3204,364,13,1
049-12-8811,524,3,0
552-78-2278,606,0,0
488-79-2865,605,13,4
743-43-7937,769,11,1
764-15-9650,669,8,0
828-34-3867,599,2,0
754-99-5165,637,4,1
865-25-4171,483,3,0
325-14-3299,850,11,1
872-62-3685,772,7,0
752-95-1465,676,8,0
,586,3,0
171-04-2588,730,4,1
486-10-9639,595,11,3
886-43-2123,718,6,1
260-66-3986,787,11,0
567-78-0811,535,8,1
187-24-2902,791,9,3
511-91-7004,356,8,1
452-58-8520,300,6,1
464-20-5404,774,1,0
368-15-3780,395,6,2
292-98-8980,424,6,0
579-44-7620,784,14,3
548-93-1460,441,4,0
599-17-4122,575,9,3
157-92-1089,850,2,0
605-09-4018,681,2,0
829-77-2105,792,9,2
760-91-4548,558,14,3
,837,6,2
589-91-7174,758,5,0
066-48-7247,850,12,3
447-77-2391,567,12,3
339-03-3765,563,11,0
257-44-0414,516,9,1
443-09-1434,727,0,0
755-39-8112,850,12,4
134-35-7485,647,2,0
370-11-2278,590,2,0
649-13-9154,526,7,2
106-82-1138,669,2,0
411-17-2644,741,11,2
829-14-0986,850,3,0
707-25-7848,602,3,0
790-78-9050,453,11,0
153-60-2458,381,10,1
892-09-2186,455,4,1
128-53-4778,821,10,2
842-39-7656,655,6,2
498-75-6527,804,6,0
559-99-6906,480,12,4
551-74-6564,541,2,0
,672,10,3
053-74-2473,689,6,1
363-82-3199,586,7,0
329-35-4867,599,8,1
895-59-0764,688,7,1
216-81-1412,683,7,2
002-15-7263,656,0,0
632-16-1445,543,1,0
655-24-5856,850,7,1
131-63-2536,444,0,0
199-15-8798,680,12,3
432-35-3188,672,12,4
256-33-3921,519,5,0
290-76-0668,625,2,0
470-04-6638,850,4,0
321-09-3354,840,13,1
473-92-5648,739,14,3
064-57-4385,582,3,1
896-99-8363,640,1,0
559-69-3908,850,14,3
142-51-0982,702,5,0
769-29-6405,388,7,2
010-96-3180,850,0,0
619-19-8867,542,2,0
520-28-7760,687,15,3
382-02-8917,539,14,3
234-31-5309,698,2,0
879-47-4938,519,4,1
373-32-7099,444,13,1
475-38-0820,684,13,4
438-52-6041,573,1,0
,620,2,0
794-64-5403,735,10,1
267-25-7012,766,4,0
431-61-7531,735,13,2
704-51-1715,587,7,1
570-13-2099,542,4,0
350-93-1187,677,10,0
500-85-8715,850,11,0
713-87-0932,687,1,0
800-33-8204,464,0,0
336-01-5341,534,11,1
238-89-2204,816,3,1
125-47-4360,850,9,2
879-36-0784,540,5,1
863-14-2378,726,6,1
364-59-1058,850,14,4
855-98-3152,777,7,0
298-79-4306,643,0,0
845-79-1378,850,11,0
358-30-8096,455,11,1
051-38-8523,850,6,0
325-93-3555,636,14,0
287-76-6089,562,9,3
349-12-9565,850,12,3
706-48-9824,850,15,0
567-99-5353,605,2,0
108-02-9169,621,1,0
825-14-6273,721,7,1
126-67-4257,667,9,0
,850,12,1
632-01-5917,725,15,4
229-92-8596,356,12,0
641-17-6124,761,2,0
325-97-6056,702,5,0
200-80-7536,593,9,0
,406,10,0
756-68-7298,567,3,1
056-46-2576,615,5,0
766-61-8797,710,6,0
487-49-0721,702,13,1
469-91-6112,790,9,3
455-99-0703,366,0,0
432-43-9000,565,2,0
037-85-8107,692,4,0
698-57-7198,652,3,0
491-18-8772,767,3,1
089-77-0916,677,9,0
545-16-6371,739,1,0
,584,2,0
821-80-3873,811,11,3
084-79-4872,809,13,3
593-54-1949,626,9,0
593-01-2211,369,8,1
700-23-5876,537,13,0
474-29-4373,584,12,4
749-31-5775,847,7,1
219-27-6099,676,0,0
212-48-8427,712,11,0
669-20-1490,485,13,0
555-84-3177,743,3,0
170-22-5871,423,13,0
,765,12,3
472-28-6181,629,13,0
446-73-9008,562,0,0
571-21-9377,513,11,0
148-59-9094,846,4,0
856-57-5868,802,0,0
870-18-7946,850,3,1
841-45-0392,806,15,2
750-29-3329,790,8,2
377-39-7554,850,0,0
122-97-3817,663,12,0
155-72-4943,850,14,0
737-94-0226,681,2,0
141-87-3997,637,9,0
894-51-7672,788,3,0
052-35-9776,650,4,1
599-75-6286,707,15,3
,663,13,4
085-55-9032,466,10,3
093-54-7047,821,3,0
315-11-2527,609,11,2
242-01-5550,850,12,4
152-32-1809,517,1,0
704-70-4464,783,3,1
060-22-4060,850,0,0
157-96-4396,668,1,0
275-50-6860,768,11,1
655-91-9603,850,5,0
800-60-6067,788,0,0
473-50-5970,659,2,0
315-67-4177,782,8,1
027-94-9688,497,5,0
647-53-4236,822,11,2
818-21-7356,649,13,2
503-10-2220,661,3,0
474-10-0885,630,9,3
649-90-8047,537,6,0
777-49-9569,850,1,0
210-40-3400,725,13,3
536-37-7632,747,11,2
515-12-5432,766,9,0
309-88-1473,455,6,0
239-08-7106,682,9,2
012-37-7567,850,2,0
133-42-0183,850,12,3
093-08-9214,850,8,0
377-71-9282,715,1,0
020-06-6623,550,6,2
715-16-1059,850,15,1
017-34-7219,833,6,2
445-88-6264,589,15,0
118-67-6384,839,14,3
581-43-5081,518,3,0
230-54-9252,722,6,0
174-21-9126,701,9,2
537-62-3175,635,4,0
719-18-8531,739,10,3
574-08-8615,591,10,1
502-36-8027,588,4,1
101-15-8488,464,5,1
463-12-3170,544,5,1
227-40-6557,489,11,0
744-75-0308,666,12,0
766-04-5009,321,4,0
835-66-9342,628,12,2
017-46-5237,667,15,0
350-23-8379,656,4,1
836-98-1666,726,4,0
096-77-4453,545,7,1
889-87-3901,590,9,0
184-63-4648,528,12,1
180-32-0502,374,14,1
652-81-9258,658,3,1
205-31-7149,657,12,0
211-56-5374,675,6,0
675-68-1385,445,14,2
,639,3,1
224-28-3713,710,9,2
386-67-7903,664,10,0
567-25-9156,606,14,1
197-87-6964,516,5,1
543-75-6148,647,8,2
627-12-1390,771,0,0
721-20-4165,746,3,1
770-83-2571,817,3,0
300-05-9845,775,5,0
388-24-5519,762,7,0
293-12-0127,665,1,0
572-36-3082,437,15,5
891-54-0742,850,11,1
745-01-0069,634,7,1
497-61-4211,740,3,1
454-59-5736,656,9,1
757-65-0098,550,9,2
,850,2,0
407-63-1858,695,13,2
562-46-1418,850,13,3
640-95-5366,654,14,2
298-28-0312,572,14,4
620-37-1343,506,7,0
685-58-4746,302,15,5
541-65-1055,560,15,1
597-24-2809,738,4,0
550-72-7759,722,3,1
879-64-4738,722,10,0
167-34-8915,535,6,2
234-72-7792,728,10,2
126-82-9158,789,10,3
016-50-9160,499,0,0
639-83-5696,588,10,0
,712,9,3
368-55-5122,566,1,0
705-80-2146,850,0,0
140-77-3929,596,7,0
373-99-6403,850,4,1
153-27-2590,593,12,0
150-22-4349,578,8,2
367-97-6927,773,10,1
219-30-7156,529,1,0
790-08-6984,850,7,2
482-36-1752,417,9,2
847-78-9885,745,0,0
065-07-6379,651,5,0
632-10-6928,486,6,1
068-26-1176,850,14,1
419-15-3125,658,15,4
,694,12,0
468-89-4396,662,2,0
222-98-7444,547,7,0
299-17-9769,769,4,1
639-01-9081,850,4,0
166-61-7709,752,7,0
023-43-7743,657,2,0
754-34-6314,656,6,0
486-55-5841,506,2,0
,549,14,3
768-52-9344,757,6,1
024-22-9314,742,10,0
703-08-7831,803,2,0
448-37-0009,850,9,1
879-91-0753,540,2,0
509-68-4660,736,0,0
129-77-4275,798,12,2
337-49-9284,605,15,5
,687,8,0
428-17-8520,850,10,1
560-45-0811,546,6,0
152-80-0531,443,12,3
209-91-0125,363,13,1
716-44-7452,536,2,0
392-35-6424,815,3,1
790-43-0184,692,13,0
662-08-2558,489,5,0
630-30-0139,850,8,0
,544,13,0
499-80-0288,802,7,2
779-69-7781,623,15,0
511-01-4371,850,11,0
017-20-4249,850,10,2
,494,5,1
302-63-3205,708,15,5
492-04-9540,712,15,1
816-65-5883,306,14,2
103-37-8802,547,15,3
446-12-1742,686,1,0
889-63-9379,850,7,2
228-21-2072,724,12,3
874-46-7547,808,12,4
665-03-9031,850,14,1
654-07-3998,317,3,1
003-08-2563,585,11,0
362-40-7188,601,14,0
798-13-0679,684,5,1
809-30-8514,748,14,0
261-37-3616,523,8,2
474-15-2263,527,11,0
710-40-9414,588,0,0
180-66-7056,598,15,4
449-19-9311,649,14,0
749-92-7347,689,15,1
373-60-4818,735,5,0
815-79-2438,552,4,0
549-17-2792,832,5,1
897-54-5455,783,13,1
874-18-1567,594,13,4
648-86-1998,850,7,0
710-52-2559,632,9,3
407-45-7804,850,1,0
586-92-6515,850,15,5
852-48-6588,838,5,1
625-51-5908,602,3,1
291-40-1414,728,5,1
341-43-5825,827,9,2
661-81-5327,819,14,0
149-37-5312,647,12,3
830-08-1345,568,10,1
009-67-6392,775,3,0
431-16-4348,592,2,0
051-92-4586,484,6,0
298-57-0793,670,7,0
346-80-7493,705,9,1
486-79-1170,537,11,2
005-81-1063,548,5,1
399-47-0083,658,14,3
438-23-7142,517,2,0
377-57-7082,300,5,0
776-28-6469,602,13,0
172-77-3717,745,7,0
517-89-2713,656,2,0
474-64-4061,640,4,1
045-81-3329,718,7,0
250-52-3408,560,2,0
874-16-2840,795,8,2
889-72-4152,500,13,2
432-67-2871,704,3,0
512-40-8567,611,1,0
696-74-6944,420,13,1
003-05-5338,789,12,4
885-36-9304,608,1,0
268-16-5731,521,7,1
688-48-9139,606,10,0
848-15-8303,838,12,2
886-08-5649,734,14,2
296-41-3796,670,4,0
135-37-1770,345,15,2
421-36-0836,740,1,0
596-16-0412,848,9,2
032-70-7373,830,5,1
086-94-5513,603,5,1
367-90-5173,650,14,3
505-81-7785,561,13,1
397-76-7038,489,0,0
030-27-1265,785,0,0
528-46-4476,446,1,0
049-51-9361,616,7,2
372-47-5193,795,6,1
842-16-8536,697,5,0
220-11-2099,690,4,1
340-86-1078,418,1,0
107-32-9307,850,15,0
707-44-4350,760,5,1
626-12-4622,504,7,0
643-70-3681,624,5,0
064-72-1848,803,7,2
098-56-5659,776,1,0
894-16-1387,417,11,2
562-89-7501,772,5,0
574-24-9541,397,2,0
636-76-8413,617,1,0
069-23-7975,707,13,4
796-83-4160,625,10,2
453-68-3514,720,11,2
107-21-4713,793,6,0
851-92-3905,607,4,1
699-62-5748,707,11,1
693-34-1991,689,4,1
293-53-4430,799,0,0
852-43-5505,665,4,1
554-44-1433,675,9,1
553-64-4306,587,8,1
853-46-1553,819,13,0
027-94-5125,660,8,2
766-24-6704,502,6,2
637-50-8505,695,2,0
510-42-0944,666,9,1
047-51-1031,666,11,1
,597,4,0
052-47-2616,527,14,2
768-47-9477,628,1,0
102-72-7303,760,3,1
216-87-6501,459,0,0
480-43-4489,697,5,1
816-26-3947,841,15,5
472-67-9376,380,13,2
437-51-5421,585,11,2
244-73-9337,850,15,5
260-82-5330,643,1,0
880-27-8417,612,13,0
003-39-6286,733,7,1
616-19-7890,644,6,1
683-90-4223,839,10,1
816-79-6494,746,4,0
393-79-1613,598,2,0
790-53-3333,826,10,0
315-77-6816,408,2,0
807-72-5845,850,10,0
496-37-5608,641,0,0
233-66-7075,728,12,1
612-20-6964,720,15,0
106-22-3591,692,13,0
270-90-3790,821,0,0
090-93-2445,410,0,0
724-42-4077,811,0,0
704-58-3505,850,10,0
542-69-0484,692,13,4
114-24-5073,406,4,0
883-81-4914,819,13,3
450-26-1108,565,10,1
801-60-9382,504,4,1
596-02-6952,560,11,3
361-87-2454,665,1,0
196-50-0677,850,11,2
267-25-6556,525,7,0
218-79-3471,413,11,0
702-37-7684,335,14,0
252-50-6063,850,1,0
673-61-6302,746,5,0
573-39-0210,850,5,1
412-96-4688,814,13,1
635-29-9820,850,3,1
846-32-4005,473,6,0
866-86-9804,661,15,4
871-45-1290,703,12,1
273-68-4882,601,1,0
429-96-2628,653,2,0
645-25-8468,700,4,0
706-01-2447,850,10,3
006-83-0610,850,11,0
244-15-2051,588,15,3
169-55-4772,521,6,1
686-88-6832,850,4,0
,788,15,2
389-93-9950,735,1,0
379-08-0353,621,3,1
816-78-4183,554,10,3
619-48-7812,760,9,2
272-46-5434,740,10,2
838-58-4867,773,2,0
,616,6,0
418-28-0045,850,1,0
358-97-9433,635,15,4
722-56-0157,827,0,0
298-77-0584,826,12,4
780-81-0791,627,1,0
450-91-0152,799,11,0
496-03-5548,816,15,1
018-92-7909,557,5,0
634-74-7309,450,12,3
615-64-4043,643,14,0
246-07-6279,850,9,1
688-39-5776,652,10,2
610-49-6103,703,12,4
382-74-0427,563,2,0
449-01-1456,771,10,0
563-46-9864,850,7,0
504-93-3860,598,15,0
352-69-9703,728,3,1
267-52-5365,850,5,1
302-81-7226,850,2,0
402-81-9290,658,9,3
257-99-6879,577,12,0
855-63-0329,595,0,0
638-77-7600,693,6,2
716-40-5589,487,6,0
260-22-8029,702,6,1
178-11-9538,727,1,0
474-31-6075,607,9,3
169-19-3344,690,11,3
773-47-0463,621,13,2
082-70-0282,766,14,3
799-79-4141,697,10,3
,760,12,2
103-44-3746,850,15,4
,769,7,1
823-85-8697,594,10,3
495-49-3896,482,6,1
466-12-1931,850,4,1
090-11-7060,300,1,0
498-84-2324,611,14,1
842-75-5740,725,5,1
878-18-8657,488,12,3
442-19-7316,701,6,0
121-85-5526,549,13,4
625-74-9295,502,10,2
085-42-7511,680,8,2
842-09-9803,417,3,1
565-90-6620,814,14,3
648-02-5471,850,4,0
280-97-8233,607,1,0
414-32-1451,677,10,1
499-12-1118,602,3,0
441-35-6563,399,11,3
386-20-2745,812,1,0
449-54-4147,439,1,0
415-88-7469,850,5,0
610-64-0789,611,9,2
,669,12,0
116-44-1620,728,1,0
412-64-6113,689,7,0
358-36-2057,558,4,0
183-11-4458,693,6,0
340-27-4456,361,14,4
608-14-4748,657,0,0
011-10-5755,743,10,1
005-66-0201,611,12,2
161-44-7759,656,0,0
589-86-8541,681,13,3
134-84-2538,850,4,1
126-79-6422,801,6,0
806-30-3487,678,11,2
148-53-7843,850,1,0
676-19-1757,850,15,4
876-79-3092,850,7,0
560-96-3081,650,14,2
558-06-2563,838,15,1
,814,6,1
640-72-7933,465,14,0
248-17-9650,660,8,0
214-95-5363,572,13,3
360-29-6740,656,14,2
,321,8,2
774-29-8686,813,5,0
566-29-0397,850,11,3
123-85-0852,425,9,1
553-96-5951,488,7,2
172-69-4364,850,8,0
623-52-6965,757,10,1
555-18-6723,460,6,0
070-11-1045,850,5,1
005-95-6383,613,3,0
709-71-3294,511,11,2
236-64-6008,850,14,3
716-41-7111,459,2,0
663-58-4059,826,9,2
437-98-6735,562,5,1
,300,15,2
508-86-4944,594,0,0
,532,11,3
199-56-8923,774,4,0
723-95-4630,716,4,1
236-03-9687,624,0,0
239-70-5599,754,8,1
080-07-6996,626,0,0
578-21-4558,620,12,0
482-50-2983,664,14,1
818-91-4299,686,10,3
687-15-7968,712,5,0
792-79-7116,457,2,0
563-19-1073,796,12,0
237-97-3537,499,9,0
613-77-5094,494,7,0
455-87-2073,680,15,3
894-43-9518,717,7,2
440-45-0898,750,2,0
684-93-5723,504,15,5
070-97-9246,747,7,1
848-63-9642,665,11,0
303-12-4666,673,9,3
567-68-0059,682,4,1
561-29-0548,676,7,2
844-28-2123,383,11,3
851-77-5203,407,8,2
831-99-7689,850,11,1
670-27-8818,715,4,1
288-50-7136,592,0,0
417-40-3110,844,1,0
075-77-6198,701,12,3
460-15-5053,850,3,1
681-99-6589,438,14,0
254-17-7609,630,9,2
849-71-0442,511,5,0
269-11-9945,739,8,1
398-90-4324,365,14,1
053-79-4287,594,11,1
222-01-5839,580,7,2
882-11-8904,520,1,0
889-68-2300,680,9,3
470-76-1645,685,14,4
609-06-0402,522,12,3
495-54-1833,688,5,0
190-67-5528,590,8,0
698-17-5959,850,15,0
506-57-2831,506,10,2
474-35-1368,808,10,2
823-12-5888,850,0,0
499-33-5453,560,7,0
029-69-8634,753,5,1
562-58-1542,614,4,1
417-95-5069,517,10,3
430-21-2908,561,2,0
667-03-2932,696,11,3
320-83-4727,850,3,0
008-79-6806,523,3,0
111-71-7334,700,6,2
497-29-0976,516,14,1
434-94-0516,850,3,0
720-62-1025,814,10,3
695-42-4762,849,5,0
137-90-1988,850,10,0
547-92-3241,841,14,1
470-67-7699,701,11,3
062-87-1142,638,14,2
350-03-0186,850,15,2
266-37-4461,810,1,0
450-54-1216,763,12,2
032-93-6995,850,0,0
098-94-4905,504,7,2
205-60-3996,520,12,1
776-04-8690,580,2,0
877-06-1788,705,15,2
519-67-6801,775,5,0
291-46-2567,850,4,0
025-98-4239,514,0,0
589-25-4382,623,11,3
816-97-1222,850,9,0
653-73-4710,650,4,0
487-54-7938,594,5,1
706-09-6117,829,4,1
416-37-2898,514,6,0
228-71-0038,542,13,0
438-77-7970,850,4,0
435-52-6728,644,10,0
204-81-0265,850,4,0
023-49-7332,850,10,2
454-10-3856,788,6,0
892-31-0341,432,12,4
,606,10,3
851-70-1131,554,3,0
546-75-2229,664,11,1
571-19-6371,498,6,1
681-22-3864,491,15,2
733-36-4522,850,3,0
661-56-5495,662,5,0
798-07-5504,732,1,0
555-74-9314,669,10,2
302-91-1709,509,1,0
172-80-7455,659,7,1
490-08-5986,766,9,2
268-28-5620,463,13,4
521-71-2561,441,13,1
126-06-2900,644,6,0
710-42-3875,393,5,0
588-75-3559,850,1,0
131-20-9272,769,13,2
589-19-8464,400,1,0
097-77-6003,646,5,0
160-44-4127,811,13,1
447-54-1435,850,4,1
769-86-0170,526,15,2
480-99-9399,535,10,0
583-41-3086,651,5,0
,682,9,3
312-22-5012,678,12,2
559-01-6271,609,4,1
599-43-5688,844,2,0
240-22-5921,850,15,3
484-28-3593,662,7,0
888-58-2096,556,12,2
675-22-6785,656,11,0
143-23-8225,697,15,1
473-04-0337,667,14,3
,801,1,0
743-71-8006,318,8,0
320-44-1822,532,8,0
,739,0,0
714-42-0702,487,13,4
305-98-2994,534,3,1
771-67-0644,730,6,0
770-44-8380,538,9,1
044-54-0344,677,7,0
124-94-8943,719,5,0
037-90-4045,850,3,0
507-08-2673,850,15,1
061-79-8796,538,6,0
615-96-8321,850,5,1
612-69-6265,796,7,2
,495,0,0
345-33-1952,608,3,0
485-81-8598,449,4,0
259-82-7978,539,12,2
650-74-3403,617,11,3
037-03-5795,700,2,0
072-70-1116,850,7,1
651-58-5499,781,1,0
773-42-8688,560,4,1
537-20-2947,639,3,0
355-57-2989,655,14,3
433-17-9779,631,11,0
390-11-0928,625,3,1
723-35-1645,850,8,2
818-01-3462,322,15,2
844-44-5995,818,14,0
138-13-1707,850,14,0
699-92-5024,850,3,0
550-61-5359,486,8,0
124-35-8884,850,3,0
325-04-5013,824,4,0
896-87-4514,561,2,0
288-37-8249,471,6,1
613-88-2825,776,4,1
326-21-5980,643,7,0
344-93-7404,744,1,0
135-86-9453,559,5,1
139-74-0939,566,15,0
520-34-0973,791,5,0
380-11-5025,339,15,1
103-60-2872,823,2,0
,798,5,0
178-38-4376,850,1,0
257-01-6700,661,0,0
527-26-9952,776,13,2
464-79-4658,564,15,0
297-25-3685,834,15,5
343-50-3705,687,8,2
266-36-7003,691,11,0
,684,13,3
779-49-5432,634,14,3
620-80-9698,484,4,0
496-75-0786,708,7,0
,696,5,1
622-64-2973,759,6,1
716-72-0030,554,9,2
646-41-8003,802,13,1
,623,7,2
570-46-7200,850,2,0
825-26-5838,663,9,1
,799,9,0
153-77-3294,724,2,0
859-90-2096,542,11,2
,688,9,0
,687,3,1
170-50-7131,758,2,0
012-90-6848,681,5,0
288-85-8157,850,15,0
522-35-2811,837,15,1
573-58-6047,541,10,2
607-55-8677,417,3,1
873-58-1667,643,3,1
158-03-6716,612,15,0
027-85-1893,551,0,0
784-81-6845,555,8,2
474-16-6368,540,4,1
631-80-0615,545,9,3
296-24-7024,744,9,3
609-40-3831,655,12,2
556-40-2695,670,7,2
676-70-0857,333,11,3
490-53-6147,793,10,3
667-88-6527,607,2,0
189-78-1546,768,8,0
040-19-0298,641,6,1
705-51-7975,839,12,4
376-36-2260,604,12,2
478-33-0542,667,4,1
479-70-7264,850,8,0
182-46-3675,850,1,0
651-16-3701,515,9,0
896-64-5300,733,9,3
141-55-2414,460,7,1
665-58-5302,746,12,0
031-53-1344,707,0,0
,578,8,0
053-66-4890,590,9,1
133-40-8765,850,3,1
497-94-6623,804,8,2
284-18-2814,649,15,4
253-16-2768,850,6,2
582-11-1026,662,13,3
129-70-2273,571,2,0
482-33-1505,529,0,0
585-29-9246,484,8,2
456-59-5272,300,2,0
412-10-2237,746,10,2
430-07-4855,570,14,4
703-59-2885,711,11,2
560-25-2290,609,13,1
717-97-3579,740,2,0
340-86-1860,528,4,1
208-37-7933,521,11,3
709-28-2239,850,14,2
546-15-9582,729,6,2
084-76-5732,850,9,1
886-87-1245,776,6,0
138-68-7031,599,8,1
206-49-4483,785,12,1
428-86-8603,433,14,1
876-95-0972,850,15,0
005-17-5961,850,2,0
574-80-1282,789,12,4
537-52-9828,752,13,4
285-37-4222,754,4,1
848-16-9898,556,2,0
229-43-2464,603,6,1
594-92-4929,651,15,1
,690,0,0
124-43-7836,816,13,2
050-98-8624,725,6,2
504-11-5525,582,2,0
687-89-8760,814,2,0
889-01-0601,850,13,1
698-30-5669,689,6,2
414-21-6311,817,9,1
705-31-2397,615,8,0
696-98-9051,773,1,0
547-80-9893,620,12,0
091-34-2705,805,6,0
579-94-2325,850,7,2
176-08-4290,598,5,1
314-53-3109,575,8,2
582-48-6714,705,13,4
741-37-2669,779,1,0
236-26-3770,751,9,0
,850,12,4
574-23-8391,650,4,1
126-13-7161,761,1,0
176-79-0372,850,4,0
083-77-1438,546,3,1
580-47-8268,850,13,1
116-27-0126,676,2,0
115-14-6147,685,14,0
396-04-5103,609,5,0
644-47-5145,789,10,0
332-48-2198,590,2,0
396-80-4500,647,9,1
250-87-2895,850,15,0
532-42-2325,672,14,2
440-25-8540,551,12,2
361-28-6405,706,7,0
325-84-7611,412,5,0
149-78-6095,789,3,1
513-13-9569,752,1,0
210-45-0375,844,8,2
513-79-0763,805,8,0
896-34-1154,557,8,1
744-53-1244,569,11,1
857-18-2014,640,10,1
222-16-8136,825,2,0
011-28-6722,491,13,3
627-63-8561,749,11,0
476-98-5722,850,7,0
230-23-1777,601,13,0
520-75-4667,376,8,1
525-24-0192,459,0,0
268-60-2620,573,15,4
379-72-9458,781,12,1
456-09-3623,850,13,4
425-37-1625,676,11,1
486-74-5573,498,7,0
664-47-8953,761,10,1
226-31-6396,667,4,1
133-86-1355,710,0,0
656-72-0059,564,6,0
866-58-7270,793,15,4
555-72-5594,752,10,2
411-23-1780,806,7,1
016-54-3357,708,0,0
674-23-0088,574,13,0
742-40-0048,547,1,0
149-26-0634,592,3,1
149-59-0895,660,1,0
758-83-4476,419,10,2
495-82-3772,745,15,1
332-76-7044,789,8,0
255-74-1969,742,8,1
507-82-1385,678,12,3
550-46-8946,848,4,1
,814,9,1
540-11-5848,657,2,0
445-07-6870,593,15,1
684-40-2800,755,8,1
267-50-2528,643,13,4
443-18-0132,784,4,1
729-28-0170,850,9,3
488-14-6113,667,9,1
,357,7,0
485-93-5033,665,15,4
710-58-7186,628,6,1
229-36-1567,810,0,0
332-38-7510,800,1,0
359-07-1469,695,15,1
893-20-1444,541,3,0
247-07-6870,615,11,3
220-24-4695,574,1,0
663-67-3050,415,9,1
592-78-9884,641,9,3
492-27-7177,494,15,5
238-47-9257,546,3,1
598-15-9219,550,12,0
710-71-8294,556,12,1
436-94-1579,850,11,0
035-93-7742,434,3,1
517-38-0697,850,12,3
116-59-5076,582,5,1
200-45-6972,382,15,5
295-94-9517,773,13,0
569-44-4608,644,14,0
192-89-6131,710,1,0
414-37-5915,799,5,1
045-27-8583,850,1,0
526-07-4840,850,3,0
693-19-0385,582,4,0
729-65-6725,560,13,0
,691,14,4
843-12-1167,781,12,3
461-77-9064,409,7,0
212-16-0294,531,11,0
056-74-9783,725,3,1
452-49-3973,796,13,3
126-54-8425,687,1,0
416-14-0155,850,3,1
723-11-3960,764,8,2
466-43-5724,850,2,0
311-12-4819,591,5,1
409-98-8079,407,0,0
574-58-4726,511,6,0
049-40-1507,614,10,3
,844,3,1
297-63-5119,738,7,0
376-96-0069,850,10,3
,684,15,5
730-63-6008,850,1,0
406-79-3948,629,7,0
883-29-3916,753,0,0
413-70-4644,695,1,0
598-37-6093,796,1,0
321-75-2436,435,9,3
712-68-8553,646,0,0
521-17-8788,737,15,5
181-28-2831,535,8,1
585-80-5846,653,13,4
604-91-1307,703,2,0
596-61-2403,680,5,1
880-17-0519,739,8,2
597-49-2142,790,4,1
372-74-2678,529,3,0
048-77-8399,736,5,1
,850,5,1
836-74-6060,775,9,3
537-24-0604,624,11,0
440-51-5469,692,4,0
301-29-7394,658,10,2
171-98-4587,759,14,0
496-27-5988,770,15,5
355-55-9127,726,1,0
239-97-7627,552,6,0
834-27-3695,760,15,3
458-71-7421,534,12,3
517-67-3819,440,14,3
790-08-1747,680,7,1
695-06-8382,824,11,3
408-79-7942,665,12,1
023-03-7489,791,4,1
265-54-4572,738,3,1
,758,9,3
530-79-3310,511,9,1
,688,7,2
658-62-0083,674,0,0
820-35-5850,477,5,1
534-38-1479,755,3,1
293-28-5178,761,15,4
830-63-3585,850,8,1
499-66-3593,850,8,1
131-79-8671,850,5,1
369-99-9598,680,8,1
012-79-7135,728,1,0
349-91-5280,300,4,1
379-52-1532,748,14,3
292-35-3574,344,10,0
783-65-6241,850,12,1
489-85-9375,617,2,0
201-07-8370,845,9,1
653-96-1125,792,11,0
750-86-8947,721,2,0
284-78-1555,734,13,0
279-29-9984,435,6,0
657-71-9805,752,15,3
262-95-0512,475,7,0
519-44-2477,381,8,2
794-77-5935,818,14,4
802-29-9638,549,15,0
424-89-9118,687,11,1
107-51-9186,465,14,3
787-71-9280,699,1,0
770-43-1677,641,3,1
499-86-3614,604,5,0
422-33-7428,435,10,3
085-78-1914,584,14,1
562-26-3655,641,11,1
054-61-8838,539,15,5
266-52-6007,582,2,0
377-98-5879,513,10,1
643-48-4270,719,12,0
773-70-9439,712,6,1
515-03-2523,479,8,0
356-61-1201,783,5,0
314-07-9584,659,6,0
333-40-6631,769,6,1
695-73-4225,673,12,0
014-56-2249,645,13,3
815-52-2614,611,11,0
499-78-7199,850,0,0
016-46-0119,850,9,1
111-40-8553,850,13,0
539-73-7165,850,12,4
667-35-5443,697,4,1
142-14-8960,609,5,1
,766,7,0
633-68-8579,317,7,0
648-92-6628,731,4,0
705-02-9250,662,6,2
181-85-8149,497,11,1
449-06-2116,524,7,2
004-60-8108,763,1,0
182-79-5944,415,2,0
740-73-9250,850,5,0
211-33-9909,799,5,0
040-37-9997,598,3,0
456-30-0103,754,14,4
235-11-4441,583,9,1
659-63-5886,763,10,0
811-65-5774,806,3,0
474-60-2589,300,14,3
131-14-5628,618,12,1
253-18-5940,517,4,0
310-23-2311,656,2,0
,754,10,3
500-10-3421,692,15,5
219-89-2938,710,13,1
388-65-8254,595,10,2
215-71-8306,647,1,0
889-27-8453,850,12,2
869-15-3635,762,10,0
,740,3,1
751-20-2601,732,10,3
204-26-0177,401,14,3
078-02-8103,627,4,0
723-41-2024,629,13,3
402-57-7085,546,8,0
178-81-3777,471,8,0
249-72-5238,850,11,2
601-33-1871,300,5,1
107-94-2598,556,8,0
892-68-8568,722,9,3
092-44-0879,659,12,4
366-87-7079,613,10,3
690-08-8029,846,2,0
030-58-0456,630,4,0
840-09-0807,515,3,1
766-17-8662,725,6,1
724-31-1324,750,13,4
044-78-7339,683,2,0
592-04-7442,850,7,1
293-76-3238,669,10,3
578-90-6153,797,12,2
407-10-6231,840,15,4
051-24-4863,850,6,2
249-44-0643,769,8,1
117-56-2781,626,12,3
866-42-7253,507,7,1
385-51-0741,804,15,4
755-46-6904,821,10,1
,850,1,0
335-53-3142,689,14,1
301-03-0634,554,3,0
188-31-2163,642,13,1
434-04-4332,564,0,0
672-45-9872,488,5,0
619-85-0058,431,2,0
614-70-5416,705,5,0
781-88-9349,839,14,0
118-70-8093,830,9,0
872-68-0725,459,9,2
013-03-1850,665,3,0
393-22-7599,518,0,0
371-27-7320,838,14,3
684-59-2608,583,12,1
084-23-1662,823,11,0
552-78-1830,602,1,0
517-40-0023,756,15,5
467-99-5978,718,12,1
044-19-8783,850,14,3
478-30-5432,766,11,3
177-03-9239,558,15,3
569-68-4394,593,4,1
312-61-5451,702,9,1
697-54-6107,564,8,0
,708,13,4
435-55-8825,758,6,2
443-55-4895,850,8,2
733-14-1008,850,2,0
599-63-1434,850,6,2
382-92-9205,682,11,1
029-39-1351,850,3,1
044-51-0971,823,13,1
221-19-4079,687,11,3
532-58-1002,809,5,1
624-86-7490,685,6,1
034-14-4865,468,0,0
255-89-1438,809,5,0
115-22-8060,677,4,0
850-47-0089,830,15,0
837-53-3779,627,7,1
426-01-3994,599,10,2
,513,2,0
423-08-3726,850,2,0
891-86-0897,467,1,0
883-21-7179,645,14,3
076-54-2943,705,11,3
866-91-8871,771,5,1
237-35-6050,818,6,2
370-87-1243,711,11,3
092-17-2459,634,3,1
004-05-8461,487,7,0
714-57-0711,810,6,2
432-79-8805,850,12,3
456-69-1797,586,9,2
147-53-8215,623,2,0
366-80-4604,820,10,3
818-09-4897,697,1,0
193-35-2113,667,4,0
403-09-5338,637,5,0
284-98-9976,603,15,0
538-95-4494,826,10,2
073-34-7819,504,12,2
165-43-0155,763,13,2
874-06-6551,565,7,0
366-27-2743,716,15,3
529-89-1053,508,3,0
680-13-3873,755,8,1
592-45-7363,597,6,1
049-67-2036,850,3,1
120-53-5137,850,2,0
844-83-6741,496,9,3
884-60-4927,457,2,0
012-94-7848,850,8,0
443-84-6239,659,13,1
039-62-0694,635,12,3
185-03-9500,697,15,4
,604,0,0
060-05-8600,613,7,1
780-34-3683,836,7,2
097-39-9314,534,14,3
838-71-3823,722,15,2
892-08-0213,489,1,0
167-82-4474,648,11,3
119-76-2230,725,12,4
632-33-9701,847,10,3
457-14-1907,698,8,2
558-62-0358,850,14,1
434-17-8423,600,12,1
263-54-4286,446,0,0
156-46-1936,575,6,1
247-20-4219,561,5,1
319-19-8630,654,9,0
136-95-4836,788,4,1
820-83-5464,676,12,2
846-52-4890,703,12,4
617-20-9068,840,13,2
304-43-5603,785,10,2
887-66-7073,814,6,1
596-92-3835,743,11,0
023-67-8042,620,0,0
729-25-6487,626,5,0
484-16-4262,432,15,0
695-36-4138,601,8,0
376-80-9801,567,0,0
430-12-9458,647,1,0
,710,4,1
139-38-9621,695,8,2
300-23-4730,601,4,1
883-30-9406,850,4,1
565-98-4681,850,4,1
024-39-6372,850,8,2
120-91-5433,345,6,2
305-51-6772,652,11,3
756-57-5683,568,7,2
663-02-5994,632,9,2
441-47-3353,617,2,0
693-17-2841,645,6,1
443-25-5917,778,3,1
054-80-7960,552,10,3
587-69-2447,593,5,1
385-37-4930,618,11,3
780-47-1965,685,0,0
754-52-6109,653,0,0
076-18-2760,378,3,0
559-53-1876,815,9,1
886-61-4495,828,9,0
632-99-1208,424,3,0
575-92-8220,469,8,1
478-87-8459,623,6,0
331-22-7477,584,6,1
892-68-6443,456,0,0
889-90-5851,578,14,2
832-68-9532,447,4,1
093-78-9358,850,11,1
177-08-6760,600,3,0
797-88-6097,674,15,4
438-28-8323,498,1,0
816-96-7893,850,8,2
573-18-8488,519,10,1
412-55-1511,681,4,1
830-43-2843,575,12,3
003-36-7639,658,12,2
529-91-3827,850,6,0
845-78-8717,729,2,0
148-13-1107,637,2,0
765-89-4226,708,15,3
318-85-0036,403,15,0
854-93-0506,702,2,0
047-36-2438,850,4,0
146-04-3040,701,13,4
,752,14,0
002-88-9706,755,9,2
287-65-2767,731,10,1
109-31-6799,669,2,0
046-64-4220,724,13,3
677-62-6847,695,5,0
788-39-3488,566,3,0
683-82-1030,698,12,4
232-18-9288,616,3,1
688-68-1770,798,12,0
260-65-0813,824,15,4
858-53-7258,850,9,3
178-60-7113,426,15,1
739-75-6586,609,5,1
597-66-5613,675,7,1
763-88-5741,663,15,2
031-57-0723,687,8,0
,850,5,1
232-86-1933,593,14,4
168-08-1271,572,15,4
721-23-9557,539,5,1
726-96-9601,795,12,3
216-16-2987,572,1,0
643-37-3025,727,11,3
390-80-4111,850,7,1
474-51-7696,625,9,0
163-37-0671,511,0,0
891-05-7511,791,6,1
009-57-0909,728,0,0
812-23-5472,728,5,1
321-84-6771,736,8,0
123-30-6562,660,1,0
257-74-9482,705,1,0
745-47-1506,597,11,1
,850,8,0
380-70-2178,523,5,1
541-91-2743,850,1,0
757-71-9544,493,0,0
769-11-1444,531,11,1
011-73-8659,459,4,1
679-39-8347,723,6,0
849-28-3424,835,8,1
869-21-8832,658,14,1
234-53-4605,629,8,2
222-35-4172,300,6,2
842-99-9355,673,13,1
702-10-2361,850,1,0
086-51-2277,604,11,1
111-65-6340,585,11,0
506-03-4498,586,13,3
295-42-5434,837,0,0
431-70-8443,569,4,1
875-32-1798,499,11,1
157-72-2477,556,7,0
419-78-4077,595,9,0
768-95-9268,585,8,1
863-80-4879,681,10,0
280-41-2544,659,10,0
688-51-2270,635,14,3
139-97-2757,806,13,1
849-98-3831,813,2,0
334-76-8172,831,6,2
751-78-0189,677,1,0
467-01-6213,796,13,2
101-09-9843,782,13,1
322-16-3186,751,3,0
,679,7,1
790-70-6384,610,7,1
525-34-9056,850,3,0
588-76-3398,539,3,1
166-43-3589,687,8,2
789-22-9384,746,12,2
003-65-6641,561,4,0
227-27-6864,832,13,1
025-80-9425,722,4,1
448-48-6098,805,11,0
366-36-1221,788,5,1
800-66-4238,775,5,1
621-93-6560,498,8,0
160-97-0845,789,15,1
344-93-4663,675,9,3
636-72-7023,617,12,0
129-75-7210,845,5,0
064-33-0471,505,15,2
471-53-2563,745,8,0
338-72-6429,764,2,0
166-98-4285,805,8,1
246-26-0143,628,9,0
295-91-7888,560,11,3
426-82-3775,553,15,2
822-64-6029,827,5,1
702-93-0125,799,15,3
801-36-9475,747,0,0
850-40-2938,413,0,0
584-91-6798,672,15,0
786-67-1560,850,3,1
016-34-4417,566,5,1
504-11-1487,647,15,4
820-42-0320,650,13,2
290-05-2195,850,12,2
692-14-1337,788,11,2
,775,15,2
196-23-5529,378,13,3
791-78-0283,657,1,0
646-67-9206,691,8,2
,850,5,1
791-58-3366,638,14,0
473-61-6594,850,6,1
009-20-5206,778,11,0
027-94-8168,484,9,3
084-33-3252,756,5,1
610-01-1308,321,1,0
864-39-4768,749,9,0
516-46-1504,850,6,1
033-41-7679,618,0,0
149-91-2308,628,4,0
897-14-0621,710,13,3
181-34-2797,808,12,3
123-41-1346,600,12,4
440-82-6492,817,14,2
231-42-0044,628,0,0
284-20-0654,646,1,0
807-75-4912,758,14,0
768-91-6110,507,5,0
,646,14,4
454-78-0780,763,11,3
833-21-5675,691,13,1
341-10-9976,645,10,2
843-41-9763,618,1,0
671-36-9953,509,12,1
766-94-3119,346,4,1
,519,2,0
131-16-3616,578,11,2
599-10-3419,742,12,2
575-36-1904,743,12,3
588-29-4037,780,12,0
780-42-9200,528,8,1
635-05-9444,850,11,3
580-78-3707,662,0,0
464-32-3578,615,5,0
135-70-8709,781,9,2
823-99-3523,556,0,0
018-68-6193,718,3,0
320-44-9185,582,14,4
464-11-2082,850,11,2
253-42-3175,850,3,0
754-71-4638,850,0,0
207-04-2777,604,0,0
692-55-7822,850,15,2
047-70-4399,581,1,0
137-07-4483,555,7,1
215-80-1867,618,8,0
876-48-1856,612,1,0
292-56-3993,850,12,4
076-92-7160,850,13,2
201-69-2654,850,13,2
318-65-0929,850,13,3
211-83-5842,528,9,0
276-84-0359,779,15,3
097-06-9655,646,15,3
736-63-3709,394,2,0
339-87-0099,608,3,1
744-32-7929,850,14,4
575-17-3291,850,2,0
698-85-2733,564,14,0
494-29-2385,613,9,2
076-35-2128,507,10,1
646-95-5074,794,15,5
,666,9,0
697-91-0931,612,12,0
538-69-4502,669,14,3
138-99-1780,783,6,1
067-35-9349,850,1,0
106-68-5788,466,13,4
336-21-5626,697,10,2
264-41-3436,580,5,0
375-56-8681,732,11,2
884-05-6125,839,2,0
373-81-7375,626,13,3
263-06-3777,759,9,2
674-42-2555,782,10,2
690-88-1588,725,12,2
514-46-1117,712,8,0
549-53-2790,541,12,4
538-60-3122,651,15,4
569-31-2549,551,5,0
,422,4,0
024-72-2964,781,5,1
804-09-3484,796,7,0
399-60-8069,825,10,2
661-23-7989,635,6,1
431-48-7476,443,7,2
121-27-9200,695,0,0
164-35-1114,605,7,2
276-45-0779,471,4,0
242-29-8195,778,7,2
606-70-1818,785,1,0
030-46-1928,850,7,2
562-60-9619,761,1,0
464-90-2930,745,12,0
457-60-7703,404,11,1
625-09-0060,543,6,0
703-03-9200,836,14,0
870-36-4182,789,12,2
528-58-2072,850,3,1
489-96-8572,846,4,0
240-33-2023,584,1,0
600-04-4672,448,4,0
179-87-4419,518,11,2
116-07-7257,612,11,0
763-64-4736,515,4,1
731-37-0379,595,8,2
836-09-4455,724,5,1
178-78-3137,850,8,0
792-85-9258,586,11,2
764-77-2163,419,13,1
817-87-4494,513,2,0
405-34-9562,730,10,3
154-19-6554,518,15,0
542-19-3510,597,11,1
088-92-8074,582,2,0
781-44-2230,545,15,1
525-42-5266,850,13,2
356-32-6853,730,10,1
582-54-7372,850,11,2
758-83-2496,850,13,2
149-27-4146,393,6,2
199-59-2330,817,10,2
739-35-6452,543,7,1
624-62-6207,653,4,1
693-69-5405,722,11,1
136-55-6906,724,11,3
614-02-3109,605,4,1
388-45-0438,649,0,0
,839,14,2
441-04-7921,818,14,4
308-10-1984,850,13,2
262-35-0609,552,1,0
289-03-3487,499,2,0
773-03-2228,609,7,0
228-52-4107,732,8,0
702-33-0901,497,14,2
297-63-8253,646,13,2
021-35-3148,384,7,1
334-27-0874,731,11,0
873-76-5141,567,3,0
556-65-3398,850,11,2
432-77-7977,567,14,2
,745,9,2
616-08-1913,811,10,3
803-43-1524,625,14,2
376-33-8779,850,1,0
743-14-4054,465,6,1
072-06-1436,844,13,0
312-63-8671,521,5,0
307-37-3988,678,7,0
885-29-3325,693,1,0
519-32-2962,555,14,4
096-55-9734,850,15,5
889-32-3988,410,3,1
276-91-8355,606,6,2
824-10-8703,850,12,4
523-97-3505,716,12,0
763-08-3264,694,5,1
569-14-5523,645,2,0
,850,12,1
619-37-1261,546,3,1
547-31-4670,624,9,0
606-85-2140,685,14,4
655-41-7156,439,2,0
864-21-7564,768,4,1
321-29-2215,838,2,0
138-62-4777,814,9,1
691-92-6138,544,12,0
137-41-5467,850,6,2
,543,12,0
272-26-5068,650,0,0
306-40-1131,850,11,3
662-08-5335,635,1,0
073-93-3601,739,12,4
261-38-2064,842,10,1
410-65-0246,545,11,2
153-82-9592,631,6,2
573-38-4902,609,5,1
894-15-8056,531,8,1
023-58-5433,672,6,2
772-43-7961,641,10,3
165-98-0951,575,2,0
366-17-5372,603,4,1
746-21-3437,300,11,0
854-27-6133,710,3,1
401-95-4248,364,11,1
188-90-3636,595,9,1
177-05-3867,663,15,5
346-64-4387,686,6,0
177-14-2958,711,9,1
754-44-5601,790,5,1
619-64-8907,677,3,1
060-37-0915,768,8,0
197-62-0020,850,0,0
409-01-4084,797,11,3
716-44-9032,721,3,0
168-19-5530,773,4,1
393-94-3175,699,15,0
525-02-7069,503,1,0
756-66-8336,579,15,1
835-45-9100,850,2,0
047-37-8663,664,14,4
112-26-3876,630,5,1
684-99-7835,523,13,3
590-10-3713,827,5,1
796-83-1607,848,10,3
862-66-1475,728,2,0
075-06-8213,611,3,1
874-98-9451,809,7,0
,566,3,1
127-99-1832,639,12,4
761-93-6191,431,15,1
488-44-6503,850,10,0
024-85-0496,850,1,0
,850,15,5
891-05-9989,709,0,0
896-04-0252,697,3,1
047-76-1977,485,6,2
869-79-0148,497,0,0
068-22-5917,686,10,3
840-80-6090,471,9,0
346-58-4546,794,1,0
210-24-9295,539,11,3
563-65-7085,828,11,1
376-63-8826,580,14,3
,760,15,5
089-93-7244,850,14,4
404-26-2557,730,6,0
675-85-7069,785,5,1
037-59-7163,850,6,2
086-54-7465,455,1,0
747-39-5160,850,13,2
535-31-7794,761,3,1
756-72-2820,689,8,0
565-22-7884,578,11,1
578-28-7278,850,10,0
667-51-0968,847,0,0
863-84-6068,563,14,2
643-11-6778,559,10,0
191-95-5828,671,3,1
848-15-6599,666,4,0
,743,0,0
712-59-3882,690,4,1
782-12-3574,600,11,2
263-55-8499,850,12,2
558-90-6202,300,3,1
,693,8,1
290-14-2256,559,9,0
431-61-6308,820,7,0
844-37-7622,850,4,1
197-97-3227,779,14,2
027-49-1789,606,2,0
869-33-7317,518,3,0
449-70-4477,556,2,0
083-96-1282,605,12,0
741-73-7840,715,11,3
570-27-4308,659,5,0
432-11-2697,701,11,2
209-66-1951,603,1,0
785-50-8962,300,4,0
290-79-6012,850,13,3
654-34-4258,467,13,4
592-92-5377,775,14,1
849-91-2967,757,11,2
086-74-4297,648,11,3
370-61-2775,559,11,3
078-35-2541,627,5,1
187-61-0528,650,12,0
696-60-4413,850,10,1
224-92-1568,773,7,2
,850,10,2
781-27-3355,667,14,3
253-63-2130,850,6,1
120-56-3917,592,0,0
241-70-7386,695,11,0
617-84-6628,667,3,1
106-16-5725,720,1,0
727-55-2256,449,10,0
743-56-5139,640,12,0
787-84-7290,518,0,0
744-31-7965,762,1,0
316-48-5233,790,11,3
793-67-2272,814,8,2
853-18-0426,850,2,0
123-85-6947,698,11,3
347-07-1980,850,1,0
194-78-0486,788,5,0
861-71-1024,613,12,3
457-16-8588,590,2,0
198-81-9387,844,12,4
671-99-1544,601,5,1
006-82-1107,596,1,0
326-13-0954,670,1,0
091-26-0686,697,9,1
,850,15,0
315-29-9849,526,11,0
485-22-6647,534,10,2
832-05-3825,780,3,1
117-95-3370,818,1,0
790-38-1548,850,8,2
091-04-7252,570,13,2
535-16-1223,663,4,0
761-20-8841,850,0,0
458-69-5911,662,3,0
028-32-0469,839,13,1
448-88-5090,476,6,0
278-12-4438,850,9,3
498-76-7058,601,11,1
611-38-0094,677,13,0
,614,14,1
363-72-6254,672,3,1
504-91-3297,698,14,3
616-07-9661,508,14,1
363-55-3988,725,2,0
892-04-6183,686,9,1
175-12-3453,512,14,1
484-02-2971,644,12,4
157-45-1175,768,6,2
219-81-7085,690,8,1
580-50-4369,779,2,0
569-21-3295,793,0,0
249-10-9912,850,15,0
,850,15,1
662-68-6995,692,0,0
005-44-0965,716,12,1
763-73-6194,537,11,1
770-10-2416,843,2,0
019-21-5558,376,3,1
088-40-2434,745,11,3
722-36-9719,746,1,0
161-67-4778,639,9,3
067-33-8037,458,2,0
132-24-0840,645,15,1
,850,12,2
,777,8,0
370-41-2610,439,10,0
847-47-9018,702,15,1
665-40-5351,811,7,2
044-42-7046,613,6,2
463-47-2583,625,7,0
536-01-4805,651,12,4
211-53-0192,672,15,2
145-45-7856,810,6,1
440-24-0945,702,2,0
321-79-0747,643,0,0
,702,1,0
447-14-7474,779,3,0
628-01-7076,506,15,2
598-18-6875,714,8,0
446-24-0415,791,13,0
786-02-3827,713,14,2
260-99-4491,507,2,0
862-25-1512,816,14,0
856-93-5465,573,4,1
368-96-0733,738,12,2
188-87-7083,693,14,0
661-22-3345,457,7,1
893-51-5065,535,1,0
344-13-5725,510,6,2
008-21-7033,850,15,2
389-72-0848,554,6,1
837-30-7770,850,8,0
261-58-8775,755,2,0
513-15-8738,746,8,0
707-62-6091,538,3,1
588-15-6545,696,0,0
886-76-0381,595,2,0
,589,10,1
021-22-1293,850,13,2
462-14-1786,453,0,0
431-77-6860,850,12,1
684-55-8607,601,4,1
109-43-2737,850,8,1
513-34-2000,588,1,0
465-13-3809,591,5,1
816-52-0555,624,6,1
543-97-5540,633,5,0
420-08-1333,437,12,4
245-56-4205,731,5,0
199-55-0123,842,15,2
036-37-4033,550,13,4
291-55-8343,773,14,3
214-84-4745,850,0,0
342-19-9353,375,1,0
698-28-3710,576,5,0
146-23-8839,672,14,4
496-06-2613,831,3,0
411-47-7232,660,14,2
725-44-1820,850,2,0
176-36-8422,467,5,1
878-74-8739,759,7,1
235-04-6239,659,2,0
780-30-0598,618,8,1
484-81-1429,821,12,2
595-32-8894,770,6,1
761-80-8837,689,9,2
178-34-3030,809,4,0
403-59-8098,810,8,1
205-34-9257,715,5,1
364-77-4352,633,3,1
328-98-6148,621,14,2
747-03-8198,568,2,0
,534,3,0
192-23-1308,594,4,0
876-58-9019,850,2,0
266-01-2136,504,15,4
598-56-1337,419,2,0
268-31-2071,646,6,1
501-82-4346,585,1,0
166-95-3301,751,3,0
159-91-2467,693,0,0
721-37-4303,638,0,0
192-60-3502,684,10,1
383-47-2378,713,4,0
534-37-9937,637,13,0
537-88-8665,781,11,1
621-45-3026,625,0,0
041-56-2461,520,4,0
584-19-2082,838,15,5
595-92-6466,850,7,2
813-61-7677,651,6,1
089-20-8898,850,10,1
279-94-0869,674,6,1
875-69-2203,850,13,0
225-38-1354,569,9,1
266-50-3899,401,8,1
419-24-9055,791,14,2
028-64-4348,846,10,3
715-12-2102,850,14,4
388-83-2587,585,8,1
862-98-0648,768,4,0
115-24-2647,607,6,1
194-37-8028,759,15,4
586-37-3762,701,4,0
848-70-5609,608,14,1
629-97-7790,686,10,2
370-33-8427,654,14,2
734-12-1880,638,9,2
205-96-7862,415,7,2
006-37-0884,850,9,3
602-32-7518,531,9,2
581-62-7458,541,12,4
428-85-2757,850,7,2
773-32-9602,802,1,0
609-18-1161,850,7,2
085-44-4945,832,4,1
186-54-0266,850,3,1
678-51-5812,850,4,1
234-03-0156,649,4,1
041-10-0946,850,15,3
534-47-4760,850,7,2
251-05-6241,620,15,4
562-30-3363,743,15,4
688-91-7802,761,2,0
078-84-4671,483,11,3
325-30-6438,774,9,0
803-54-8889,717,10,0
126-43-7874,616,15,1
722-31-5422,783,4,1
891-82-6781,850,3,0
564-62-1910,706,8,0
784-39-9231,329,2,0
,841,10,1
265-97-9056,695,7,2
379-49-3563,850,10,3
116-01-3299,464,5,1
169-26-9400,785,9,3
084-64-3000,742,1,0
769-01-2767,600,4,1
274-25-6680,727,12,4
352-97-6776,628,0,0
,850,6,2
842-24-3709,839,5,0
810-62-6880,630,8,0
538-37-4331,558,9,0
008-72-6608,850,5,1
066-20-7258,815,12,4
188-53-2625,732,7,0
377-93-1052,850,7,1
419-38-6532,786,4,0
768-88-3805,850,4,1
799-87-2004,490,13,4
707-64-3089,605,11,0
726-93-9294,697,8,0
876-05-8852,587,3,1
449-99-3484,660,7,1
787-20-6802,760,3,0
675-49-8255,593,10,3
,545,9,2
089-03-1765,850,10,1
669-56-1998,533,12,2
627-85-4342,484,8,0
065-44-7109,767,1,0
876-38-1326,620,9,3
247-68-0646,850,5,1
805-52-7791,850,9,0
622-63-6454,718,7,0
271-12-2992,753,9,3
893-75-1597,653,4,1
523-39-3872,675,5,0
185-28-6143,665,4,1
,836,2,0
633-66-5182,575,10,0
579-96-4969,580,1,0
,614,5,0
594-91-1603,850,11,0
446-67-1596,444,8,2
591-61-0402,494,11,1
621-34-0569,720,9,2
227-55-5347,850,10,0
473-03-1867,764,0,0
,583,8,1
680-13-5532,850,0,0
472-51-7579,834,4,0
751-23-1879,587,3,1
461-97-5161,714,15,4
582-24-0616,567,0,0
348-15-3325,533,2,0
374-02-6141,708,7,0
751-48-4001,829,10,2
643-28-2957,646,14,3
048-72-4923,300,13,4
353-94-7485,544,3,0
782-65-4363,850,10,3
474-75-8353,735,6,1
662-56-8857,595,5,0
706-42-9571,850,12,0
074-49-6155,710,9,2
175-32-7879,681,7,0
096-86-5200,587,12,4
081-94-9693,405,12,0
124-17-4465,678,4,0
444-60-3574,620,12,0
646-16-5382,706,15,3
867-27-2249,678,8,1
092-02-1617,668,15,4
887-42-9695,555,8,2
169-90-0546,810,11,2
139-91-9415,655,15,5
629-68-8312,842,12,1
106-27-9242,584,0,0
613-14-0605,633,13,3
310-80-8693,751,13,3
,585,3,1
383-78-3598,741,0,0
381-51-6712,522,4,1
242-78-9692,724,14,2
832-73-8884,563,8,1
305-22-2987,684,11,3
874-93-4237,698,8,0
032-03-8296,850,0,0
646-63-6851,580,15,0
664-56-0402,727,5,0
230-17-9490,850,6,2
537-75-9992,598,4,0
304-72-6684,677,13,1
002-49-5418,818,8,2
745-05-5864,374,15,5
083-74-0416,850,12,4
771-68-0473,850,13,1
656-47-0437,601,11,2
466-09-6496,847,15,4
374-73-2992,712,2,0
800-79-3417,850,7,0
669-59-3148,568,7,0
882-32-4977,751,10,2
066-67-5458,846,7,0
661-55-0338,767,3,1
,798,4,1
022-78-8551,481,15,5
738-44-8779,565,4,1
444-92-5168,455,15,4
571-57-8580,850,0,0
749-21-1800,631,15,2
,661,15,4
460-28-5255,850,15,2
713-01-0585,442,8,0
737-28-8574,500,13,0
337-91-1589,850,0,0
885-20-1809,716,0,0
800-82-2181,640,6,1
168-10-1064,734,13,0
046-98-4307,633,6,0
126-60-4645,824,1,0
882-69-5172,713,7,2
,568,1,0
236-80-2204,594,11,3
211-72-6781,784,2,0
765-59-1942,771,6,2
158-73-5471,539,15,4
318-60-5781,780,8,1
484-61-5858,716,0,0
798-03-5752,668,0,0
710-56-8120,554,13,2
028-01-8004,837,4,1
637-13-4592,766,7,2
488-17-9086,824,2,0
405-10-7767,722,8,1
067-64-8083,695,15,0
679-13-9264,839,11,0
838-15-0452,850,13,0
621-68-7120,826,1,0
807-73-1200,773,0,0
705-65-5309,850,10,1
867-16-9776,776,12,1
060-75-4861,396,9,2
397-51-9567,805,8,0
863-77-2532,840,4,0
347-39-5119,631,9,3
812-16-7319,398,3,0
271-93-9017,449,6,0
566-78-8208,623,1,0
646-46-1923,345,3,1
239-93-3096,595,1,0
322-47-1764,472,15,4
470-21-6017,520,15,3
117-48-7629,807,9,1
,850,14,3
,850,4,1
096-89-4401,850,7,1
100-20-0968,764,9,1
698-05-3924,518,15,5
693-84-3014,610,12,2
589-82-2876,807,12,0
749-65-4908,835,12,2
759-14-9521,644,8,2
412-15-4432,712,4,1
197-58-1233,570,12,2
888-29-2857,516,11,3
377-17-1644,850,13,1
299-89-4484,648,12,0
843-73-7174,647,1,0
015-63-1993,611,9,1
306-05-4354,574,14,0
120-30-4902,523,15,2
146-64-5595,841,12,2
624-07-8247,850,15,0
549-30-8926,850,4,0
674-78-7458,746,1,0
795-90-4969,488,4,1
694-02-4838,501,0,0
645-01-9529,792,7,1
138-69-4463,559,1,0
290-70-1155,697,2,0
876-43-8790,793,10,1
893-97-8288,741,9,1
239-90-6301,723,1,0
657-02-9567,747,11,1
059-97-0523,729,14,3
426-58-8579,612,12,2
103-24-4177,835,14,1
092-16-1495,694,7,2
101-28-2020,497,12,1
086-71-3756,462,12,2
163-02-2878,637,15,3
252-21-8044,507,12,0
265-87-7602,615,4,0
517-23-6400,639,5,0
025-60-7634,840,0,0
504-43-7921,670,4,1
746-75-9711,724,1,0
847-06-1660,493,13,0
068-85-7280,850,6,0
738-04-7273,661,7,2
252-76-4333,658,15,1
632-88-8508,621,11,3
893-97-7238,777,10,1
836-60-3890,750,0,0
,843,8,2
284-46-8142,800,15,3
440-90-1093,841,3,0
668-18-9715,541,10,3
737-01-8097,582,8,0
117-76-3016,695,5,1
876-24-5641,497,6,0
741-88-5471,750,8,2
558-14-9556,550,11,2
168-45-1302,753,1,0
320-38-9961,850,9,1
564-75-0299,751,7,0
218-05-5822,656,13,0
096-27-0474,635,14,3
887-56-7569,850,14,4
,525,15,4
216-10-0082,848,14,2
017-34-1552,439,0,0
709-92-7945,633,10,0
410-89-3027,475,1,0
814-04-8312,618,10,2
361-94-6101,514,7,2
430-09-1845,586,1,0
486-18-8946,690,0,0
716-40-4508,828,14,4
668-07-8998,422,1,0
,850,0,0
436-86-3983,753,12,4
078-64-7495,850,0,0
884-80-8604,753,4,0
337-86-9355,617,15,2
849-10-5016,611,8,0
685-24-5966,538,0,0
178-20-7669,759,13,4
542-14-6997,580,13,1
176-54-1720,850,4,0
266-50-9976,584,11,1
467-07-0611,649,4,1
615-15-0711,615,6,2
550-59-3881,850,5,0
536-74-0848,606,6,1
095-44-9234,683,5,1
094-72-4141,457,13,2
216-71-8509,703,11,1
447-29-5434,850,5,1
388-93-2564,539,5,1
,606,1,0
250-05-0296,464,10,1
879-38-8039,649,7,0
,648,13,4
084-06-4362,653,14,4
788-37-3964,496,3,1
434-06-7758,651,1,0
491-04-1633,821,13,2
392-42-3724,821,3,1
013-03-6040,335,14,4
767-49-9329,850,10,2
294-60-7522,792,6,1
683-20-9453,748,1,0
020-31-3130,608,8,1
090-54-1142,368,13,3
125-04-6628,850,12,4
836-20-1253,549,15,3
234-92-6361,691,6,2
433-24-4414,521,4,0
127-74-4816,665,15,5
602-19-8809,613,7,0
758-90-4294,549,6,2
639-23-0032,850,10,2
500-17-1714,731,2,0
896-14-6347,683,8,2
,850,7,1
832-15-5943,796,14,1
556-96-4311,790,13,3
278-90-9520,544,3,0
764-76-7117,630,10,2
268-28-3325,792,7,1
,850,5,1
009-38-3410,595,5,1
161-09-9830,850,8,1
,850,3,0
201-69-5609,850,8,0
,598,15,0
269-55-3315,819,6,2
782-44-7040,850,13,1
487-33-6082,850,12,2
623-55-1260,736,15,5
869-89-1847,850,0,0
562-53-2341,553,10,1
818-83-4927,677,14,0
234-60-5298,751,2,0
356-30-6313,593,0,0
178-57-0379,850,9,0
712-77-3845,760,4,0
562-57-8030,769,7,1
704-56-7867,679,10,3
599-03-1279,846,11,1
410-10-0360,504,8,0
170-89-0352,574,15,5
040-60-8774,693,6,0
698-69-0320,586,12,0
757-44-9658,598,0,0
322-24-3585,725,13,1
647-76-5491,488,4,0
670-39-9695,620,12,1
068-22-0229,846,9,3
139-50-6797,753,8,2
012-16-5028,850,14,2
564-22-2303,850,0,0
394-27-0357,618,3,0
019-26-9436,697,3,0
717-15-4737,530,14,1
791-76-0494,850,8,0
100-68-5855,739,0,0
577-23-6497,590,10,1
728-78-0218,647,14,4
,637,12,0
233-50-3750,743,6,1
832-26-2612,488,3,1
768-37-6003,708,6,2
409-13-3957,720,8,1
626-64-9920,840,7,1
257-78-9821,594,7,2
643-33-8840,739,9,2
077-22-1350,835,2,0
339-80-9408,738,6,1
056-28-2552,578,7,1
607-52-6237,425,10,2
241-53-6335,713,1,0
763-32-6850,686,10,3
562-92-3866,723,11,1
112-22-3003,556,8,2
362-54-8581,358,3,0
223-76-7732,531,12,4
459-18-1241,604,8,0
338-87-9066,809,11,2
463-90-9681,680,12,1
304-35-4610,552,7,0
399-54-4050,767,1,0
813-63-7573,524,7,2
854-59-7520,748,0,0
767-55-8541,561,15,2
191-66-3172,784,12,4
749-57-1611,850,6,0
113-83-3123,720,1,0
020-60-5323,745,4,1
873-29-6974,300,6,1
232-30-7672,671,3,1
093-25-0852,850,2,0
458-17-4907,722,5,0
851-57-1786,618,10,3
838-28-9882,665,15,4
096-01-9141,850,15,5
442-44-6370,842,9,1
055-66-1749,485,12,2
400-33-0680,680,2,0
281-43-0289,850,0,0
658-35-0056,619,12,2
870-99-1771,573,2,0
640-49-8584,582,9,3
890-70-7538,772,0,0
383-56-8858,850,12,2
561-34-0516,657,11,3
309-39-3845,300,11,1
401-75-6367,830,6,0
536-38-9765,736,6,0
353-53-6932,691,12,2
580-56-5135,666,6,1
206-63-9516,554,0,0
647-18-4154,504,8,0
733-54-9506,599,10,2
882-67-5321,762,6,0
620-10-9218,850,5,0
740-97-8992,850,2,0
,850,12,0
600-21-2543,800,4,0
107-95-7050,624,15,1
362-04-2778,790,15,3
327-44-8615,550,3,0
114-63-8778,644,15,3
058-92-3919,850,7,1
837-07-0095,850,11,2
484-91-8405,764,3,1
658-60-8732,799,4,0
119-21-5300,850,7,0
291-88-8844,729,13,2
345-39-0466,702,0,0
576-75-5004,843,4,0
391-70-0572,803,3,0
178-99-6305,481,13,3
325-39-3678,411,7,2
830-71-5570,815,10,3
828-55-0616,635,14,3
,542,11,3
205-05-5845,814,13,4
377-22-8605,624,3,1
,488,4,1
,543,5,0
406-59-6284,448,7,0
472-61-9746,776,7,2
,563,7,0
169-82-9041,730,11,2
361-85-5497,438,15,0
895-66-4422,657,9,0
,802,14,2
043-06-0671,553,11,3
,534,0,0
062-57-2132,709,5,0
291-94-8194,780,4,1
139-93-0845,589,15,3
030-25-4012,596,11,3
050-42-8228,300,4,1
276-60-7261,427,4,1
438-64-7298,850,4,0
863-06-8298,693,11,2
152-02-6933,550,8,2
775-99-5227,742,4,0
621-14-8155,688,1,0
517-07-7422,742,6,0
299-03-8851,850,13,0
374-58-4804,509,6,2
155-58-5265,511,0,0
895-18-4110,544,13,0
070-22-8293,660,3,1
644-08-4573,850,12,1
012-59-4155,750,11,0
165-96-9998,850,2,0
800-97-1630,723,14,1
265-12-6724,561,5,1
502-81-2367,847,0,0
059-06-7625,764,14,1
032-16-0627,685,5,1
476-35-4655,850,6,1
419-13-7208,550,4,1
871-51-7650,740,5,1
041-31-4885,835,9,3
020-63-9388,683,11,0
080-58-8251,429,3,0
497-02-4354,637,1,0
132-17-9212,371,8,2
117-39-5237,825,13,4
736-22-8487,546,15,0
123-39-4934,716,1,0
077-93-2563,732,2,0
112-64-2858,662,10,1
739-51-4530,725,11,3
224-97-8564,817,4,1
093-09-7460,791,9,0
146-40-1028,405,6,0
560-21-0207,829,3,1
160-75-8673,720,9,2
527-33-6066,683,3,1
216-39-8078,419,11,0
520-54-2006,374,15,3
551-17-0105,684,2,0
728-51-8457,418,9,1
053-88-5131,521,0,0
590-89-2313,793,1,0
,638,3,1
745-15-9057,547,9,0
508-16-0688,850,8,0
031-16-2969,682,4,0
266-41-0566,850,12,1
113-97-9195,740,2,0
112-04-9175,731,8,0
487-17-2096,771,4,1
610-50-2878,782,15,3
513-35-3244,760,8,0
748-34-7847,675,10,1
169-58-2268,850,0,0
669-13-0013,619,0,0
528-65-1818,842,9,2
806-42-1490,850,3,1
380-12-3814,770,14,4
,473,5,0
733-03-5951,803,11,2
,713,6,1
142-42-3952,646,15,4
309-23-9475,614,3,0
271-47-2040,300,2,0
,466,3,0
888-08-4557,850,1,0
242-91-6949,715,14,2
010-24-4401,850,10,0
720-76-9596,582,2,0
360-52-4169,750,8,1
844-57-6002,618,9,0
862-72-2859,680,15,0
587-11-1422,819,12,4
604-68-7627,586,2,0
644-26-0059,704,13,4
394-93-8393,665,0,0
668-42-3844,840,10,2
800-01-6893,588,10,2
,632,5,0
187-45-1944,557,2,0
104-40-4005,524,0,0
,555,3,0
457-52-1131,850,8,1
602-86-2828,809,8,2
157-17-7028,823,3,1
502-34-0633,749,13,4
220-35-8133,315,2,0
299-51-0670,763,10,1
800-33-4012,760,5,0
530-15-4840,505,5,1
071-36-8735,850,11,3
609-16-5528,759,5,1
,624,1,0
178-50-2868,787,11,1
630-41-3152,695,0,0
523-95-7947,742,10,1
869-97-9009,699,7,2
491-89-8992,626,0,0
304-82-3894,671,2,0
124-36-9008,543,3,1
847-07-3387,654,14,3
475-92-1085,471,3,0
307-33-5354,758,2,0
700-05-1033,687,8,0
388-19-6336,850,0,0
719-03-4972,725,1,0
791-27-5198,761,15,2
729-82-4379,458,0,0
080-08-5215,745,13,1
819-01-4761,535,14,3
167-03-7481,532,0,0
087-41-7266,699,13,0
337-70-2443,466,10,2
679-79-5606,300,11,2
362-73-9265,499,2,0
406-18-9414,512,7,1
801-95-1588,592,15,5
416-86-3358,836,10,0
013-84-8978,484,13,2
056-85-4285,848,6,2
781-11-4313,405,13,3
663-10-3674,695,8,1
415-74-4211,730,6,0
629-10-5779,763,11,3
634-68-8613,743,11,2
241-35-5748,672,14,3
842-23-9453,427,2,0
043-99-9831,588,0,0
,743,15,4
847-12-1725,672,2,0
384-29-3847,783,2,0
546-04-3193,590,1,0
740-75-6426,453,4,0
772-58-2795,455,1,0
133-75-9540,526,1,0
847-73-4500,850,12,4
325-52-6664,635,5,1
285-23-2059,850,10,2
750-31-0680,750,8,1
383-56-7130,664,15,0
238-75-1382,743,9,2
270-53-0767,850,5,1
776-27-0804,589,15,1
006-02-4773,514,9,1
416-26-0844,850,9,2
807-20-7823,593,7,1
846-84-5708,789,1,0
459-67-6594,706,4,0
570-18-1610,825,1,0
109-17-2932,751,7,0
002-64-4269,651,9,0
498-97-4064,647,6,0
253-57-9433,728,1,0
804-20-7790,682,8,0
220-27-5245,536,12,3
614-04-0717,810,14,0
806-32-6135,843,7,0
002-09-3414,850,7,0
414-59-2573,688,5,1
874-64-8859,850,15,3
595-93-8455,784,15,1
516-72-3121,332,1,0
412-80-0047,618,5,1
269-59-9862,599,14,2
622-68-1264,832,8,1
335-51-0438,850,6,1
194-99-8797,752,8,0
327-91-0165,659,3,1
766-85-2090,616,2,0
217-78-8541,850,1,0
524-27-2355,496,7,2
094-48-6746,690,5,0
394-72-8726,542,7,2
705-94-7837,679,11,3
481-06-3696,784,6,2
178-33-9011,547,13,2
330-15-1720,630,5,0
897-79-5695,430,1,0
791-84-1306,728,6,2
583-84-7927,566,13,0
517-80-1971,563,14,2
054-52-0154,625,6,2
304-51-4508,668,15,4
287-99-6550,641,2,0
436-51-6631,606,10,0
810-82-6242,850,8,1
411-84-0578,337,5,0
429-40-8646,850,15,1
823-65-0292,623,15,4
842-45-2932,845,9,2
459-28-9616,702,5,1
603-94-5626,779,15,4
536-74-9061,662,0,0
623-78-3285,592,10,3
052-54-4386,617,3,0
648-44-0664,466,5,1
229-35-2044,511,5,0
369-94-5915,464,7,1
394-46-6802,409,1,0
619-84-4072,600,7,1
166-99-9991,515,9,0
661-22-5213,677,10,2
821-24-3726,677,6,2
718-03-3686,850,1,0
566-26-8137,649,14,4
389-45-5180,850,9,3
170-69-3678,792,15,2
287-70-8870,850,8,1
458-89-4880,651,14,2
368-72-8916,702,15,5
060-51-5524,793,4,1
048-89-4585,736,14,4
527-05-1086,719,5,0
541-36-9910,850,6,0
479-40-5415,782,15,3
588-21-1944,815,2,0
,620,12,2
023-26-7164,560,8,0
759-10-7809,638,12,1
680-81-1123,850,0,0
332-57-0363,804,11,1
234-14-8028,694,9,1
291-21-3809,741,15,3
849-27-8901,800,12,4
213-61-8761,610,15,0
227-28-3240,819,15,0
601-63-7606,727,0,0
433-38-6294,414,7,1
036-38-8011,509,7,2
157-46-5898,631,7,2
591-38-9959,850,4,0
506-52-3752,646,2,0
388-05-6951,484,5,1
486-59-9052,737,6,1
162-12-2036,850,6,0
270-51-0025,443,12,4
271-96-1917,850,4,1
426-15-9005,625,9,1
329-41-7512,830,7,1
863-92-1766,645,9,3
490-84-4154,574,13,1
377-69-7545,684,13,3
635-02-9031,642,11,0
261-13-9584,687,0,0
110-65-8762,775,8,0
679-76-4718,850,7,1
441-28-9860,643,5,1
455-26-6141,778,11,1
475-99-3414,578,12,0
742-51-9956,850,14,1
209-84-8815,768,2,0
728-42-2408,544,4,0
196-77-9902,583,5,1
018-05-5700,728,6,1
379-88-5994,560,13,4
,414,7,0
247-22-6221,576,3,0
463-29-1451,850,0,0
028-85-9352,669,0,0
850-75-0417,711,7,1
726-11-8160,515,2,0
409-20-9400,463,13,1
335-18-4040,658,14,4
646-96-2337,442,2,0
646-18-1210,814,8,2
291-07-5298,412,12,3
194-92-0591,536,10,1
639-46-3731,810,1,0
788-54-6838,572,13,2
706-29-8209,628,3,0
086-70-7913,638,7,1
891-77-9845,544,3,1
088-72-0362,728,10,0
541-49-5064,612,1,0
444-25-6159,850,13,3
355-51-0971,503,9,3
086-84-9151,712,2,0
286-42-8215,679,4,1
827-19-2272,583,3,1
770-13-6750,850,13,0
215-66-2637,583,10,1
531-14-8683,674,2,0
354-83-0789,794,10,0
290-10-6293,622,11,3
513-63-8427,650,4,0
264-79-3529,717,2,0
599-30-9791,788,15,3
076-01-8850,757,0,0
650-03-5380,779,4,1
113-26-4187,788,8,1
781-11-7094,850,1,0
314-70-4709,480,13,4
796-78-1654,745,1,0
794-45-9133,602,10,3
384-69-0379,600,7,2
022-89-1575,381,10,2
279-44-3400,592,15,5
552-03-2271,300,9,3
155-05-2540,459,5,1
656-40-4097,850,2,0
107-52-4683,737,10,0
739-75-0803,679,0,0
099-09-5753,530,8,1
676-21-6490,781,8,0
122-79-7190,766,2,0
887-29-2229,667,2,0
254-13-3574,764,7,1
359-43-8843,850,1,0
,804,4,1
571-43-8494,632,8,1
138-31-7766,504,7,0
802-63-9564,702,0,0
064-93-8151,544,1,0
354-55-1567,850,13,2
866-68-3641,541,1,0
057-48-3630,395,6,0
705-90-5341,499,14,3
777-61-2100,573,6,2
210-15-1009,850,15,3
557-95-6147,685,15,5
141-24-9662,586,12,3
604-39-9293,850,7,2
632-29-5517,741,13,0
577-97-9853,625,2,0
689-90-5335,555,8,0
138-02-1641,690,11,3
530-16-1320,671,2,0
424-71-3453,732,5,1
249-76-0900,750,3,0
120-17-9012,791,5,1
820-65-7525,844,5,0
042-05-1685,671,15,4
621-08-8166,606,14,3
850-78-4846,594,11,0
374-70-4406,464,15,0
049-93-1336,850,15,4
482-85-5324,788,9,1
380-04-8125,825,4,1
333-18-3200,333,13,2
479-59-6805,825,6,2
344-82-1994,343,9,2
764-34-4523,420,13,4
406-50-8244,656,4,1
525-17-0712,850,1,0
805-71-3808,519,12,3
350-82-6454,518,2,0
228-97-9601,830,15,2
511-31-4694,810,1,0
815-66-0856,850,13,3
478-72-7153,636,13,0
,726,5,0
537-37-4102,493,0,0
837-56-9529,468,14,3
048-21-7834,734,12,3
292-22-5063,567,13,3
,632,1,0
625-57-2024,624,11,2
382-96-3366,835,9,0
209-41-5132,431,9,1
229-99-8490,723,3,1
153-13-2548,791,2,0
665-27-6837,668,5,1
414-58-3283,478,6,2
,613,7,1
072-86-4039,582,15,1
195-17-5949,711,11,3
444-92-4969,504,7,1
475-94-4230,675,1,0
882-74-0154,559,7,1
182-52-4811,776,15,3
638-29-6955,600,9,1
047-36-1857,850,12,4
641-59-3583,850,1,0
689-63-6379,654,9,0
050-71-1709,446,11,0
832-07-3738,631,3,0
663-35-8531,595,1,0
663-87-6909,679,8,1
786-60-1223,850,6,1
679-01-7491,706,11,0
592-99-2880,375,5,1
374-78-6869,684,15,1
115-30-4972,767,13,3
104-84-0005,563,14,1
239-78-1197,609,12,1
141-06-6604,850,4,0
215-29-8407,766,14,0
364-97-0466,510,12,0
894-88-5523,608,2,0
439-78-9849,827,15,0
205-12-5454,458,9,0
,573,2,0
222-21-6657,607,14,2
181-84-1784,604,11,2
318-02-3668,767,14,2
605-84-5689,433,10,0
252-16-5326,555,0,0
633-93-3166,509,0,0
274-98-0621,706,12,3
632-83-9233,751,15,3
350-83-1017,615,0,0
429-30-1129,850,12,1
014-59-1964,698,10,2
,850,6,2
446-68-1437,652,9,3
290-24-0190,464,13,0
465-08-4787,557,1,0
,801,9,3
,720,7,1
040-39-6465,492,1,0
210-08-9018,680,5,1
190-82-5194,532,15,3
036-58-7134,647,5,1
,579,6,0
,472,2,0
136-74-1783,695,10,0
897-93-1770,566,12,0
132-66-2234,710,2,0
143-42-8511,648,0,0
132-88-1730,850,3,1
086-42-8745,389,5,1
238-69-4440,345,14,1
653-45-5559,593,11,3
613-19-7370,763,1,0
071-63-0566,791,13,1
356-67-4888,530,6,0
361-97-3877,475,1,0
356-57-8370,629,6,2
133-88-0467,707,3,1
136-14-3230,748,6,1
856-70-7631,695,15,4
054-81-4272,850,0,0
291-77-5616,372,11,2
025-25-8892,748,6,1
638-60-8534,690,13,0
004-14-3929,674,1,0
257-76-3546,468,11,1
738-44-3302,590,13,4
849-74-3250,802,7,0
094-33-2412,300,4,0
869-11-5973,629,2,0
075-52-2402,643,2,0
896-08-9741,683,10,1
144-42-0727,645,8,1
705-47-2961,595,6,1
850-77-3220,331,2,0
110-96-6368,706,5,1
088-88-9800,772,7,1
300-96-4876,784,9,1
154-22-2161,721,15,5
584-96-6120,538,7,1
,712,1,0
790-41-4204,611,10,1
594-41-1447,850,14,1
873-06-8216,748,2,0
652-31-0316,599,12,3
341-80-8362,537,15,1
388-12-7702,614,8,1
609-08-3943,615,6,0
589-55-0004,812,13,1
456-54-7902,624,11,1
565-35-1812,406,3,1
421-16-7381,620,12,1
636-58-1638,656,7,0
865-05-1498,850,5,0
787-43-7695,778,9,1
737-98-1730,789,15,5
818-24-0121,850,14,4
447-49-7446,622,4,0
269-91-4361,850,12,1
367-78-8278,850,3,0
205-87-9570,512,8,0
,638,14,0
690-76-5815,669,6,0
612-54-9751,844,11,1
350-81-8373,794,3,0
596-04-6476,722,3,1
009-20-6393,850,3,1
340-53-0230,810,6,2
201-03-6107,617,8,1
831-05-4193,850,10,3
648-70-7140,850,6,2
001-17-3241,571,6,2
442-09-7581,713,2,0
160-22-2090,762,4,1
161-42-6831,788,14,2
581-58-4757,728,14,0
610-50-3258,427,15,3
720-42-4482,850,15,5
744-67-6018,530,9,3
139-26-3256,850,8,0
654-23-1523,781,1,0
373-60-2715,676,9,1
286-52-5251,484,13,4
488-68-6706,710,0,0
550-80-1202,568,2,0
,629,10,3
318-61-7530,807,0,0
896-52-6057,850,8,1
692-85-0018,850,10,0
100-35-9559,775,1,0
224-83-8586,722,10,3
491-80-7772,850,14,0
466-74-0522,705,0,0
435-44-6137,505,11,2
183-17-0401,631,12,4
340-50-6795,779,3,0
895-23-6039,663,10,1
236-41-8925,544,0,0
766-17-4947,845,8,2
688-20-0658,532,3,1
046-49-2140,763,10,2
196-81-7932,653,10,3
882-03-1725,487,13,1
880-13-8657,582,14,2
422-58-1970,635,4,1
,594,2,0
385-19-0560,580,0,0
839-12-4840,537,12,2
120-13-5844,605,1,0
340-15-8878,756,3,0
139-15-6636,597,7,2
349-07-1303,538,1,0
056-78-2582,541,4,0
492-35-2623,831,10,1
269-54-8402,551,6,2
835-75-6250,850,5,1
038-79-0483,603,0,0
165-42-2341,688,11,1
859-09-5186,679,2,0
553-82-3154,722,15,2
598-75-4740,550,6,1
813-14-4714,494,2,0
695-81-0947,669,8,2
870-03-2141,650,3,0
700-13-7958,713,2,0
020-76-0937,841,7,1
654-75-8398,750,0,0
800-93-0227,422,4,1
128-82-2370,850,7,1
225-85-4059,742,14,4
263-22-9339,590,6,0
131-98-0079,729,14,3
015-96-3332,703,15,2
707-90-5658,760,13,3
434-17-8801,687,14,2
465-76-6969,600,9,2
,753,11,3
870-54-1051,531,13,2
885-95-4461,553,10,3
361-12-2402,602,5,1
423-16-8273,389,6,2
428-12-9627,796,13,1
327-23-4292,706,5,0
482-61-9707,657,0,0
776-99-0123,804,10,3
719-53-0626,788,10,1
796-28-5853,598,14,0
146-52-3814,300,10,1
793-85-9906,593,7,0
135-35-2623,671,3,0
527-37-1297,658,7,0
538-71-1593,441,14,4
,618,13,4
501-69-9460,713,13,0
340-28-7953,594,14,1
746-82-3736,784,4,1
037-20-0963,605,7,2
189-55-3907,735,8,0
784-91-5739,850,1,0
379-14-6452,762,4,0
523-48-4744,756,15,3
575-63-7162,746,7,1
089-69-5624,783,11,2
186-74-6947,580,1,0
732-25-6398,676,13,3
642-69-1055,606,3,0
010-52-2211,496,0,0
,702,7,2
135-33-4245,392,4,0
590-23-9623,850,2,0
461-72-5091,850,7,1
309-33-6305,515,15,0
548-91-5922,784,9,2
528-72-4687,792,0,0
,794,14,3
,644,8,2
083-56-1825,532,7,1
043-64-7965,300,11,2
333-68-1121,850,13,4
,576,3,0
112-69-8116,818,8,1
436-09-4403,678,14,0
677-47-3590,820,13,3
080-96-9669,733,13,1
792-61-9680,810,12,2
056-37-9826,599,8,0
874-01-9138,339,6,0
110-85-0861,491,9,0
325-79-5379,724,12,3
440-07-3519,849,7,1
315-90-1412,651,3,1
491-63-8920,845,4,0
842-67-6920,514,10,2
698-37-2684,825,15,3
337-60-1670,525,12,1
309-46-1117,412,1,0
128-64-6302,628,13,2
748-57-5988,639,8,0
011-23-4782,500,0,0
667-32-3680,629,2,0
815-96-5232,675,5,1
668-20-7528,644,5,0
285-70-0570,646,6,2
271-76-5270,678,9,2
805-75-7197,732,0,0
774-90-5109,464,8,0
212-57-8010,467,9,1
150-88-9318,809,8,2
550-78-8070,850,9,0
069-37-2291,584,7,2
303-07-0950,627,8,1
744-73-4076,693,11,1
708-87-0295,533,12,1
739-55-5623,694,13,2
,657,10,0
658-71-0157,811,8,1
110-47-9615,850,12,1
640-78-7666,712,11,2
034-36-8431,607,1,0
085-32-8188,803,13,3
452-24-5516,571,2,0
116-67-4376,510,5,0
796-96-0731,726,10,0
303-75-1834,828,3,1
280-27-9943,657,12,1
509-34-2407,639,5,0
278-15-5426,850,10,2
595-18-4183,677,2,0
625-13-1868,692,13,2
129-84-5667,466,0,0
075-81-7058,443,5,1
338-27-7293,839,5,1
626-80-0103,850,4,0
734-39-2111,666,8,0
235-96-2681,780,0,0
347-49-6890,669,0,0
425-43-6162,692,14,0
398-62-4374,642,6,0
099-26-4270,722,11,3
115-43-1381,828,7,1
118-16-2874,737,3,0
410-39-5141,643,1,0
610-18-6074,571,14,3
087-11-6759,403,8,1
897-10-1352,550,14,1
483-55-2417,300,11,1
071-15-7533,577,15,4
898-63-4877,843,11,0
423-17-2793,630,11,1
,653,4,1
254-88-5826,647,2,0
,668,11,0
213-69-8921,850,1,0
360-22-0617,484,4,0
504-85-3792,499,7,2
638-64-4277,819,6,2
041-86-8737,751,8,0
856-22-4059,541,7,2
139-30-7583,753,3,0
856-16-8757,685,5,1
145-56-7560,850,4,0
,684,6,0
114-13-6025,459,14,2
622-39-9368,644,13,0
167-66-1057,757,7,1
431-86-6063,850,12,4
365-78-3497,717,9,3
484-66-1252,818,14,4
804-81-2428,570,0,0
205-06-6829,589,14,2
788-10-8874,847,15,2
280-27-9569,669,10,2
438-63-7985,763,14,4
895-69-1346,706,7,0
659-38-5161,606,13,0
553-18-1778,504,8,2
025-25-1707,778,4,0
844-62-4725,669,7,2
570-18-1301,674,5,0
216-44-2209,632,7,0
124-94-5993,618,10,2
226-94-8111,747,13,0
201-53-2242,550,9,3
118-08-4932,316,5,1
297-10-1002,841,14,4
668-24-8847,731,14,3
251-45-7765,591,11,1
851-34-8292,675,11,3
158-53-8505,832,9,1
113-08-0148,462,2,0
145-33-0179,627,12,3
380-85-4104,497,9,3
362-94-7941,850,9,1
533-96-6387,381,6,1
414-59-7651,850,3,1
864-01-8779,695,3,0
681-27-1837,491,0,0
031-35-1687,610,14,0
244-69-6622,676,1,0
885-73-3783,654,8,1
145-23-0416,692,7,1
776-69-9772,328,4,1
466-72-6418,795,15,3
116-23-8250,664,13,1
587-80-5246,733,11,1
292-43-4266,588,5,0
618-99-6317,663,3,1
822-40-5008,789,10,0
210-22-3894,737,0,0
298-83-8744,597,2,0
638-04-4597,601,7,2
680-79-1777,726,7,1
702-70-2830,563,14,3
792-82-9775,666,15,3
859-90-1181,752,5,1
091-72-4143,747,7,1
517-88-7693,616,2,0
226-74-6922,601,10,1
866-40-2223,585,4,0
236-21-7932,670,1,0
007-99-4865,555,12,3
527-70-7970,372,9,2
870-93-3649,727,7,0
002-16-0814,835,14,3
562-93-5171,562,11,2
169-45-0248,640,1,0
535-35-5336,850,2,0
097-79-1315,820,15,5
622-46-2787,619,15,0
776-33-0789,581,6,0
386-44-7406,828,14,1
536-02-8624,850,14,1
550-25-4271,569,15,2
277-17-9788,742,5,1
390-17-1615,700,15,2
321-87-9074,464,5,0
098-27-9861,304,0,0
171-76-1826,567,7,2
384-04-1711,466,3,1
085-43-6361,621,5,1
046-09-3019,445,5,1
423-99-8031,665,10,0
320-84-9842,628,3,0
259-74-8259,678,5,1
301-31-6484,843,11,0
794-11-1152,850,6,1
262-69-9696,681,14,3
554-11-8894,711,14,0
542-77-5336,615,4,1
,513,2,0
325-71-4571,652,14,4
018-63-6252,662,0,0
507-88-3181,690,5,1
071-25-7869,648,6,0
640-79-5542,733,15,4
623-20-6509,560,15,4
284-24-5165,608,8,0
578-25-1870,576,13,0
,850,5,1
002-69-6176,790,12,3
280-88-4045,850,1,0
114-91-9792,571,13,4
285-21-3823,813,3,0
141-34-2027,560,3,1
657-79-5453,630,8,0
614-97-2615,789,7,0
474-88-5208,850,9,3
025-10-4534,609,1,0
,403,14,0
561-16-9847,790,12,4
140-63-6922,594,11,2
121-64-4156,813,15,4
458-76-7967,809,8,0
178-08-4763,478,0,0
354-40-0718,686,13,1
365-49-8428,786,7,1
143-83-5520,700,1,0
799-21-4746,300,12,3
749-15-9586,557,9,3
084-14-5297,823,5,0
620-14-4405,850,8,0
065-02-9247,683,6,2
147-92-0503,638,2,0
037-02-2901,779,13,0
427-71-1228,532,12,1
121-43-2189,767,9,1
104-16-2412,850,5,0
825-01-1218,706,10,1
110-92-6380,800,12,0
186-04-1379,664,0,0
410-77-9830,727,6,2
,738,14,4
046-73-5353,520,6,0
228-38-5932,772,7,0
731-53-8953,547,9,1
185-89-6571,850,4,0
042-47-4426,514,9,1
485-95-8577,786,10,3
289-83-9327,464,1,0
191-12-0296,552,3,0
024-57-0145,850,11,2
551-03-9198,657,13,1
342-04-5763,523,10,0
089-01-3862,732,5,1
262-88-8722,572,11,1
527-82-9460,451,4,1
608-89-8472,581,9,0
531-94-2624,748,4,0
818-41-6809,480,13,3
155-53-3455,615,14,3
253-23-2029,726,6,1
023-77-4465,300,10,0
558-99-1766,477,8,0
340-11-8352,595,8,0
,850,12,0
667-26-8676,719,15,3
001-11-7995,683,1,0
191-86-3964,808,6,2
089-10-2128,702,14,0
561-04-2114,431,2,0
268-26-3309,518,7,0
013-64-4686,771,5,0
233-58-6867,403,11,1
614-48-5017,750,13,0
709-28-2762,776,7,0
804-26-7421,656,5,1
475-26-6299,793,6,2
158-05-8824,783,1,0
162-79-1812,731,10,1
524-46-9435,850,9,0
664-38-2983,752,5,0
,695,12,1
661-51-6809,674,14,1
100-48-3618,656,11,2
664-04-0071,640,8,0
762-33-0849,598,11,1
502-58-0885,606,3,1
598-04-0447,756,12,0
775-45-5234,664,12,4
864-73-3209,816,3,0
323-18-1622,514,9,0
681-68-1595,609,9,1
791-39-8428,646,2,0
424-95-6188,850,5,0
878-63-2698,843,6,0
612-81-4682,503,9,2
215-82-5244,652,3,1
643-44-0574,657,4,0
675-54-8772,716,0,0
396-96-5245,719,13,1
034-24-4688,797,4,0
587-31-7958,850,8,0
,627,11,3
691-84-3467,850,5,0
348-53-2974,641,10,2
,515,7,1
239-98-6098,850,13,3
071-44-0691,520,12,1
874-72-1227,597,14,2
832-68-4777,749,11,1
132-59-0862,703,0,0
690-73-4738,760,2,0
265-78-1736,560,10,1
492-04-5675,573,9,0
444-52-4768,723,13,2
866-91-1269,657,12,2
271-34-7128,732,1,0
538-65-3545,566,8,0
236-15-5496,644,4,0
643-69-5180,850,3,1
661-32-8027,557,11,2
629-62-7336,410,5,1
485-96-8723,586,7,2
422-21-3421,679,9,0
410-09-5417,772,15,5
466-74-4012,591,14,1
607-81-7358,450,13,0
240-27-8674,522,3,0
189-65-2340,742,10,2
615-90-6557,680,7,0
333-33-5143,612,14,3
665-40-1512,546,13,4
509-34-6241,773,7,0
317-40-4525,603,9,1
350-74-6663,671,3,0
,687,12,4
252-37-4038,563,0,0
582-83-2094,794,9,3
726-13-9863,436,14,3
847-69-0126,815,14,4
724-28-4902,571,14,1
272-09-1766,557,0,0
717-36-3481,319,10,0
453-64-3500,850,15,3
187-82-3881,782,14,1
651-84-8120,589,12,0
321-67-0766,807,1,0
866-14-9934,815,14,2
581-73-2723,553,15,2
704-30-6928,572,5,1
438-41-4750,549,9,0
261-49-7125,850,0,0
554-03-4515,699,10,2
243-10-8078,716,7,2
638-89-6270,629,4,0
564-33-1217,632,10,3
581-89-0536,588,15,3
710-96-0760,627,14,0
572-71-5096,850,5,0
051-02-2279,704,15,1
420-39-9469,827,3,1
638-60-7860,371,9,2
340-81-1241,850,13,4
365-08-2431,606,13,4
538-12-3529,761,6,1
605-22-1377,799,3,1
104-45-8086,656,4,0
,318,3,1
866-36-4632,554,15,4
004-95-6242,804,11,0
590-76-7905,677,6,2
644-88-0897,717,11,1
013-80-3809,657,1,0
150-74-8275,535,5,0
086-79-6995,551,6,1
244-98-2391,626,2,0
611-59-7446,742,1,0
619-72-5220,599,10,0
540-10-2511,819,3,1
371-66-4803,533,9,2
299-88-0785,627,12,1
807-01-5653,469,6,2
794-72-8670,850,5,1
424-69-6299,595,1,0
634-21-3302,748,4,1
126-45-6689,850,6,2
445-02-6887,770,1,0
722-72-3257,604,10,3
652-20-1801,850,2,0
387-84-7978,620,2,0
,448,3,1
,796,3,1
533-03-1962,582,12,2
638-51-9976,755,10,1
420-06-4479,775,0,0
065-52-8425,512,12,0
744-35-7397,721,0,0
611-66-3535,707,15,4
674-84-8119,783,11,3
272-57-1102,850,6,1
642-59-5634,587,12,0
865-18-4415,840,2,0
178-67-9204,792,0,0
652-62-4595,671,13,1
350-88-1033,801,10,2
529-63-8474,817,5,1
542-32-6636,850,4,1
447-12-2918,850,9,2
534-33-4636,690,11,3
508-47-7099,509,3,1
672-20-9476,645,0,0
580-55-3467,620,12,0
,695,3,1
376-85-4540,424,3,0
604-06-6505,650,15,1
021-08-4382,793,13,1
,480,6,2
543-40-1606,836,15,3
660-48-1468,551,4,1
771-57-3335,820,11,1
250-51-8887,385,11,2
242-18-8156,616,15,5
279-22-0111,678,8,1
351-31-6059,701,6,0
488-01-1272,415,8,2
062-56-1467,829,1,0
330-23-5254,494,11,2
316-26-3348,807,11,2
,850,9,1
251-62-0535,503,11,0
183-08-3291,660,4,0
283-53-4196,850,10,0
835-86-4857,850,4,0
538-32-6370,850,3,1
879-88-2549,624,12,1
323-07-9971,728,7,0
686-12-5257,677,14,0
298-65-3219,695,6,0
656-59-7098,850,2,0
718-52-5161,486,10,3
256-63-7406,515,2,0
889-22-5148,850,4,1
589-46-4707,836,7,1
503-50-6712,850,6,1
169-02-4269,713,3,1
449-87-0383,656,7,2
788-53-4047,615,10,3
538-62-4231,589,4,0
105-63-8732,839,6,1
474-24-7164,367,6,1
723-39-6233,380,10,1
626-82-3328,671,10,0
702-54-2566,756,10,1
499-46-0862,670,1,0
029-33-9208,579,2,0
357-89-2480,734,7,0
696-84-5481,597,3,0
304-38-2661,489,1,0
499-11-0710,396,2,0
522-86-1014,670,14,0
788-71-9822,775,11,3
891-05-0484,850,3,1
003-55-9957,499,2,0
088-25-7499,685,4,1
,610,13,3
099-36-9669,850,2,0
387-24-9608,719,6,0
250-15-4777,528,13,3
,785,1,0
396-31-8528,816,3,0
,741,15,4
790-75-5008,813,6,0
067-34-0552,577,11,3
333-48-4490,758,5,0
503-28-0295,785,4,1
267-75-6539,667,2,0
564-49-5419,497,5,0
277-29-6159,850,13,3
,850,4,0
434-78-5261,482,0,0
898-89-1783,850,5,0
277-84-9103,596,11,1
240-69-0075,704,2,0
438-55-2562,829,6,1
394-70-7980,526,12,1
074-47-2747,767,5,0
540-56-1926,850,6,1
459-52-8012,509,10,3
428-44-3165,615,8,2
662-49-2052,604,14,4
485-94-8545,732,13,0
840-98-7629,725,11,1
506-77-1437,755,2,0
035-67-1472,662,13,3
155-10-5078,595,7,0
174-47-7852,517,3,0
084-34-0991,443,0,0
498-99-3096,558,0,0
297-82-6382,639,7,0
541-89-8167,565,0,0
,850,12,2
407-12-1718,592,11,0
888-39-2472,740,1,0
643-82-6696,850,9,2
340-91-7622,850,4,1
586-23-5706,787,5,1
339-74-7661,850,0,0
541-86-1130,700,14,4
004-99-8051,836,11,3
516-52-6709,760,7,0
018-92-5724,624,0,0
383-48-5076,488,10,3
014-15-3612,681,3,1
251-92-4136,766,14,2
216-80-7298,662,1,0
246-92-4329,601,4,1
812-24-9407,847,2,0
551-95-9566,704,0,0
423-55-9434,437,0,0
863-87-7613,529,3,0
703-20-1006,307,8,0
865-06-5825,614,4,1
753-71-3148,663,1,0
022-89-4188,640,13,0
177-18-3535,699,9,0
,535,2,0
737-85-4055,610,13,2
399-26-0860,629,14,2
387-81-3909,503,13,0
196-68-2914,609,8,2
,685,2,0
771-64-0920,748,2,0
275-49-3611,838,5,0
650-47-8637,466,2,0
505-34-2196,581,5,1
633-03-3501,448,3,0
868-12-2432,850,7,2
108-61-4800,424,6,2
706-77-3183,850,6,0
325-36-1496,595,2,0
586-34-6740,765,3,0
595-31-3623,565,6,0
586-86-7730,687,8,0
321-83-9253,787,3,0
538-50-1344,685,14,3
618-26-7914,736,14,4
392-78-9660,613,8,2
635-93-0625,732,11,2
455-13-5544,835,10,0
276-61-0949,573,12,1
374-27-0700,764,11,0
073-51-9178,546,15,1
421-47-4124,561,15,0
684-45-5149,687,5,0
631-43-9465,722,4,1
135-18-3220,658,6,2
498-53-1866,739,1,0
169-37-7970,721,4,1
719-43-3467,699,7,0
266-38-9572,764,12,2
214-10-9179,841,12,4
610-81-7334,659,6,0
708-04-6736,672,6,0
098-53-7286,780,8,0
,635,11,2
877-44-3995,599,6,2
833-91-9362,699,1,0
539-27-8287,801,2,0
616-75-0491,850,12,4
815-93-5011,773,13,1
559-40-7729,742,2,0
014-25-0659,696,13,1
804-54-2494,512,1,0
564-68-9153,603,14,3
020-21-0705,710,9,3
529-22-4929,809,15,4
211-86-2707,744,1,0
030-97-4125,676,15,0
682-11-0716,438,12,3
238-14-9415,738,12,1
128-85-8917,605,5,1
759-46-1049,594,5,0
509-93-8710,584,13,2
741-14-7253,595,11,1
429-46-7892,714,11,2
,609,5,0
643-80-3816,807,6,1
623-65-9915,511,1,0
260-10-0982,482,11,0
780-54-0988,745,1,0
044-32-8425,716,8,0
522-61-0207,850,2,0
242-81-5636,432,12,3
776-97-3396,693,2,0
367-58-8955,549,11,1
099-86-1328,625,5,0
580-98-2378,850,11,2
766-69-3046,621,7,1
880-58-2632,777,9,3
554-59-2350,558,5,0
169-16-2454,689,2,0
785-33-3672,850,15,5
238-10-9524,478,3,1
496-30-5813,527,5,0
184-38-9529,664,2,0
064-77-0283,519,0,0
691-28-7166,582,8,2
343-19-7637,714,14,1
702-47-1232,740,2,0
015-67-5542,727,11,2
258-75-3965,533,4,0
856-21-8336,702,9,0
760-47-1458,519,1,0
665-02-9054,637,2,0
487-35-7993,515,9,3
762-49-2394,659,1,0
808-42-4063,850,2,0
762-75-2371,526,3,0
534-55-9834,702,15,3
107-92-7646,850,8,1
062-96-3386,620,14,2
002-09-8085,761,9,1
,619,11,1
230-03-7090,558,8,2
,560,5,0
297-02-3601,646,14,3
287-01-2072,688,5,0
741-52-0231,671,13,2
456-77-2450,644,3,1
,792,6,1
777-26-7925,796,12,3
237-92-6311,837,2,0
,850,2,0
797-16-8291,615,8,0
405-04-2284,469,4,0
370-94-4286,818,2,0
456-96-8698,713,15,2
108-12-3101,742,15,2
235-18-6276,802,11,0
696-98-6877,767,13,0
121-33-9437,591,10,2
707-60-0827,771,9,0
,677,14,4
679-21-0745,705,2,0
247-48-5304,663,4,0
688-97-0104,473,7,0
261-90-6365,496,5,1
686-06-0151,596,7,0
891-63-4956,681,3,0
654-64-9969,740,10,3
,432,12,3
760-97-3300,576,12,1
077-54-6068,679,15,5
181-92-4475,586,8,0
637-97-8910,440,12,0
445-67-9023,818,5,1
132-11-7018,604,11,1
804-51-4531,411,9,3
,850,12,3
427-83-2904,748,15,3
619-30-8121,617,3,1
084-37-9941,781,11,1
521-72-4361,510,11,1
872-84-8603,626,0,0
140-54-3652,646,8,2
097-81-8726,571,15,0
433-81-7316,634,8,0
176-12-3738,621,15,5
870-62-5235,563,4,0
315-62-1939,685,1,0
631-63-4538,596,2,0
875-76-9543,616,4,1
102-29-6783,850,7,1
,602,1,0
727-31-2823,813,15,1
088-68-4502,784,1,0
868-55-0261,626,0,0
227-34-8475,570,14,4
504-44-8918,592,0,0
212-70-9489,427,15,4
464-91-5098,751,11,0
800-87-6190,608,6,2
421-61-6399,486,9,1
433-42-4224,744,1,0
085-88-0726,656,12,2
511-14-9597,480,13,4
083-53-9693,766,13,2
132-38-8788,682,12,2
469-65-6434,801,8,2
747-48-9109,477,4,1
637-44-3439,496,10,3
802-73-9136,727,13,2
056-25-5908,527,2,0
382-83-0715,659,3,0
,794,11,3
459-05-5677,564,12,3
415-31-3649,755,10,3
758-59-3094,544,2,0
172-05-0253,655,14,4
135-41-0279,571,15,4
405-71-1158,613,1,0
850-58-7481,615,15,3
354-52-3505,818,8,1
767-89-3018,850,12,0
111-26-2728,714,6,0
581-71-5449,667,0,0
018-34-5582,680,4,0
519-28-9038,793,10,0
489-28-2763,726,12,2
688-45-7120,850,8,2
304-73-1210,618,8,1
098-87-1049,805,11,1
409-29-0315,745,10,3
301-42-7809,643,2,0
563-59-1453,850,8,0
304-96-4867,600,1,0
129-50-5181,850,6,1
861-37-3375,850,5,1
150-67-3557,813,0,0
,850,2,0
582-75-9426,850,11,3
407-79-0301,671,4,1
172-73-7513,615,5,0
670-71-2559,850,1,0
089-77-4263,550,14,4
759-64-0435,685,15,0
381-49-8565,553,10,0
739-25-2504,819,13,2
059-08-9218,614,5,1
759-27-3043,585,3,0
682-91-7439,744,4,1
258-16-5181,430,9,1
710-65-4353,559,2,0
032-65-0942,759,1,0
170-14-8304,730,4,1
751-41-2439,694,3,1
546-97-5090,786,15,2
244-56-8635,548,2,0
122-42-8548,554,5,0
723-87-0061,805,8,0
860-13-8253,850,1,0
879-30-4849,769,13,3
214-76-3285,521,14,4
032-45-7521,665,5,0
579-84-2406,515,9,2
502-26-9596,850,13,3
262-83-1032,577,13,3
306-56-6964,850,0,0
155-47-7640,435,8,0
,729,7,0
782-84-7283,850,14,4
378-37-6241,827,0,0
,570,5,1
,771,15,3
807-37-7971,414,7,2
085-05-3881,526,11,3
230-40-9975,612,8,0
527-97-8568,454,8,0
,634,5,0
482-93-0826,458,0,0
827-51-0494,850,13,4
336-43-2931,662,15,4
848-66-8449,739,2,0
436-43-7027,780,7,1
330-79-4609,850,3,1
830-30-0297,775,8,0
711-94-5518,722,15,5
097-96-9844,589,13,2
812-04-3277,658,9,2
598-80-2994,696,13,2
235-27-1138,608,13,1
263-42-5285,486,10,0
650-35-2866,664,13,1
624-69-1011,850,12,2
,850,8,2
715-89-3442,730,0,0
186-08-9426,806,14,1
494-31-9389,696,6,1
,767,4,1
682-66-6315,748,0,0
050-07-0981,462,12,0
155-47-4159,669,2,0
252-65-8462,591,12,0
124-79-3977,435,0,0
134-68-2961,709,13,4
693-53-2748,850,4,1
845-64-4660,577,7,2
108-76-9349,485,13,0
875-70-1849,687,1,0
884-02-4957,850,14,3
336-38-6472,759,2,0
837-63-3681,695,15,0
196-80-9790,785,12,4
,850,13,4
598-45-6070,583,1,0
,517,6,2
326-86-7245,600,9,3
524-77-6585,568,2,0
181-36-1016,754,15,4
,478,15,3
604-16-0940,610,10,0
453-12-8973,683,6,1
,850,1,0
104-95-8432,746,12,3
125-06-2928,781,12,2
005-50-1795,486,14,3
288-82-5804,646,1,0
617-95-0822,656,5,0
043-19-8457,809,8,0
670-56-3031,610,8,1
338-59-3069,663,14,3
552-69-2892,459,9,1
679-77-3291,322,9,0
637-47-7740,485,0,0
019-06-5579,561,7,2
023-27-6299,745,1,0
754-35-2730,430,6,0
141-78-0933,635,9,3
,465,10,3
553-11-9463,720,6,2
230-73-6304,563,9,0
164-73-4452,601,5,0
418-70-7820,850,9,3
350-36-2537,850,5,1
377-44-8194,848,12,1
319-85-7745,802,4,1
742-56-1839,850,1,0
007-69-9883,566,13,3
111-39-8297,728,3,0
727-59-3908,593,6,1
520-08-6739,850,2,0
535-93-7968,850,4,1
475-93-8121,740,11,1
665-88-5480,787,2,0
,706,8,0
689-34-3471,740,9,0
172-07-3638,753,15,0
145-08-3875,653,7,1
896-98-9172,687,9,0
585-37-5076,605,4,1
163-33-0819,850,13,1
575-44-1194,713,6,2
304-88-9568,706,13,2
615-07-5184,719,3,1
306-88-3508,679,1,0
323-55-1541,822,2,0
133-65-2816,559,6,1
110-97-6481,630,8,2
720-95-3399,424,0,0
121-83-9747,589,11,2
191-37-2414,667,4,1
540-52-9399,665,4,1
734-98-4407,687,11,1
188-34-5415,735,12,1
323-63-1694,608,9,0
742-83-7731,738,12,4
395-50-6623,726,0,0
095-96-6018,733,15,0
585-25-6858,668,1,0
795-51-1691,627,1,0
,850,2,0
792-71-7322,740,13,3
446-61-1631,573,7,0
203-43-4850,699,11,3
066-30-7800,815,11,1
027-36-6146,590,6,1
818-27-3416,850,0,0
183-67-7782,736,8,1
375-62-8841,810,3,0
260-10-9178,817,10,1
861-14-9710,622,1,0
044-88-4872,721,15,3
639-34-1424,791,14,4
,519,12,0
661-14-8993,420,11,3
,539,3,1
669-03-9605,664,14,1
214-14-3868,553,2,0
645-39-5724,518,8,2
577-82-2877,655,2,0
112-45-9275,698,2,0
696-27-0230,689,10,2
051-83-5446,685,14,0
669-38-7281,819,1,0
485-42-6450,814,3,0
246-51-1230,707,0,0
895-25-7706,719,8,1
049-31-0958,580,3,1
562-41-6033,850,2,0
155-98-2574,375,14,0
562-98-8325,615,0,0
257-09-1897,705,5,1
745-04-2486,602,9,1
,462,14,2
073-40-9530,638,13,4
028-79-8039,410,3,0
287-15-6808,712,1,0
,721,14,4
723-18-7627,815,3,1
,798,1,0
690-78-0383,808,8,0
182-16-6649,759,2,0
,782,1,0
845-55-9076,534,4,0
806-28-3948,817,2,0
624-07-0958,482,8,1
180-27-4851,809,3,0
893-10-8972,674,9,1
294-69-6235,569,10,2
849-78-8412,609,8,1
166-14-1385,789,5,0
603-97-0647,850,1,0
551-59-6942,726,3,1
303-95-6050,555,5,0
075-24-0778,563,7,2
664-75-9741,836,11,3
542-18-7335,774,10,0
,850,8,2
013-77-5703,567,12,3
850-50-2794,588,0,0
171-59-3609,683,4,0
735-42-0691,647,4,0
,736,6,0
585-89-0257,728,13,0
511-12-5358,358,12,4
778-36-3279,432,2,0
295-01-5706,362,4,0
670-42-1003,782,8,2
285-34-2035,670,5,1
631-33-5502,369,9,3
493-98-8841,566,7,2
778-10-1766,656,1,0
270-30-2032,570,4,1
241-33-0955,676,3,1
,640,2,0
638-39-6700,530,6,0
383-67-2998,772,1,0
212-67-3860,598,7,0
277-73-1854,827,2,0
856-39-6596,828,6,2
750-73-6377,734,9,1
844-49-9845,703,10,1
362-29-6860,850,2,0
517-12-3146,300,7,2
611-81-8112,850,9,2
822-59-0789,702,7,2
,640,11,3
382-57-5424,600,5,0
832-66-8891,662,5,1
014-97-8094,579,9,2
585-33-4817,639,9,3
090-83-5415,616,14,4
082-08-9617,817,12,2
702-25-8695,748,13,4
609-47-1532,829,2,0
727-88-1819,715,5,0
750-30-8367,612,2,0
512-10-5959,636,12,2
079-94-6906,664,2,0
194-19-1072,769,9,2
337-74-6019,850,6,0
181-72-1546,413,12,0
301-65-9375,809,9,0
763-85-6993,850,14,3
243-82-8394,666,13,4
306-54-2071,826,10,2
580-17-7809,338,7,0
200-66-6200,700,12,1
864-85-7097,702,4,1
,688,0,0
399-77-5805,756,12,2
081-79-7522,609,13,3
148-01-4944,768,10,2
813-81-0414,732,14,0
805-14-1922,850,14,3
496-53-2816,850,4,0
406-48-3214,511,0,0
470-80-1830,850,1,0
371-89-2145,738,3,1
679-16-7443,533,7,1
462-10-9084,605,5,0
776-98-2928,616,5,0
709-21-9445,776,6,1
822-23-1330,850,14,2
799-74-9505,850,13,1
504-47-7850,641,14,2
070-17-5875,477,15,5
093-34-1389,626,8,1
,850,15,5
614-54-9357,749,6,2
353-45-4544,706,4,1
220-15-5904,592,13,3
399-27-8716,488,9,0
421-40-5760,700,14,0
210-38-0866,622,4,0
288-58-6745,850,11,3
545-37-7657,716,12,3
443-88-7767,765,1,0
084-94-8100,604,5,1
062-38-9661,690,11,3
185-73-5625,706,12,0
435-77-7506,850,0,0
561-06-0934,834,1,0
190-48-0105,649,13,4
834-76-3898,582,13,4
545-49-3747,747,2,0
079-54-0379,526,6,1
172-88-6077,622,1,0
191-44-4667,647,8,0
674-86-0222,685,10,1
268-65-1744,555,13,0
751-89-9053,459,10,1
191-31-0685,712,4,1
873-73-1692,413,3,0
762-96-9827,806,2,0
310-39-2511,773,13,3
322-48-6957,695,11,1
035-31-1695,761,13,4
867-46-6056,717,6,2
734-56-0811,716,7,0
640-47-8203,610,6,2
892-31-0071,462,15,4
599-26-3112,850,2,0
225-30-6390,750,5,0
051-60-1945,850,1,0
701-06-2682,717,0,0
430-03-9472,664,3,0
725-41-0287,300,9,0
778-53-9702,617,11,0
527-70-1857,476,2,0
169-63-8141,850,0,0
119-58-4881,850,0,0
,428,2,0
110-95-5725,606,9,0
393-04-3202,774,7,0
653-78-1011,673,0,0
519-16-6426,691,9,2
,826,1,0
679-83-8582,706,1,0
897-36-0107,714,11,2
494-57-7947,850,2,0
,629,9,0
205-81-7163,484,9,2
859-31-8989,850,10,3
077-80-7767,850,6,2
413-17-7806,425,15,1
576-89-3427,850,10,2
141-55-6446,378,9,3
815-62-2620,652,13,0
662-98-4640,614,12,2
040-58-2617,664,0,0
595-54-3556,850,14,3
520-97-9570,840,12,2
166-45-3396,509,4,1
736-39-8226,668,14,2
484-55-9118,607,3,0
323-83-2056,675,7,0
145-94-0947,821,12,1
563-03-4930,593,2,0
831-31-2590,850,14,1
844-98-3102,850,4,0
836-79-6611,504,14,2
127-99-7778,734,6,0
519-75-8006,428,8,0
729-91-4086,728,2,0
856-30-5359,785,6,2
488-55-6504,517,11,0
815-19-9410,590,15,1
,506,12,0
213-76-5033,635,10,2
845-29-1461,850,6,0
428-65-4419,673,14,1
595-76-4568,726,6,2
260-15-8979,764,14,4
769-30-8964,604,15,2
035-06-9226,440,13,0
626-89-5790,769,4,0
197-59-5738,617,14,2
417-19-1254,497,2,0
250-23-5249,609,9,3
505-96-5218,551,9,0
233-84-6313,850,15,1
827-82-6405,375,10,3
708-98-0136,752,15,1
742-47-4199,735,2,0
271-41-4871,633,10,0
385-83-0181,787,6,0
600-43-9646,547,0,0
804-47-7538,819,3,0
290-47-0078,646,3,1
833-40-5452,850,4,1
063-61-4718,809,2,0
883-53-0243,793,7,1
391-04-6932,571,4,0
339-05-8292,656,9,0
585-49-1974,792,10,0
265-04-9800,547,11,2
889-19-8824,471,3,0
564-23-3217,798,4,0
264-93-0943,550,4,0
117-62-9109,783,15,1
381-79-8130,850,0,0
603-24-3943,768,7,0
601-21-8401,607,10,3
312-57-9739,781,2,0
093-56-1065,729,8,2
019-11-2136,643,13,4
026-29-6105,624,3,0
,744,1,0
016-98-8026,663,11,2
116-42-2211,850,14,1
483-86-0052,524,13,4
343-74-7718,569,12,4
557-48-7596,400,4,0
172-28-0096,587,11,1
003-07-3143,728,15,4
101-11-6054,537,2,0
720-87-3821,850,5,0
132-71-2406,774,9,2
847-96-5545,408,11,1
084-74-6892,525,3,0
750-69-4415,673,1,0
579-54-9458,466,8,2
624-09-4184,676,2,0
509-47-2220,743,11,1
820-04-6871,850,2,0
591-55-3702,548,3,0
497-11-7516,586,4,1
089-24-8552,761,7,1
030-45-5295,810,7,2
,742,3,1
029-52-4793,636,6,0
782-33-7283,850,2,0
072-08-6720,774,0,0
456-94-8749,501,14,3
430-17-4998,703,2,0
226-68-6304,667,15,1
637-96-4488,665,5,0
657-65-9795,397,7,0
803-30-7410,850,2,0
699-49-3472,792,7,1
592-20-3728,850,7,0
177-93-2857,632,13,2
171-47-4846,496,3,1
503-93-3405,626,1,0
035-72-8597,554,3,1
088-66-0766,810,0,0
564-46-8245,850,7,1
028-93-8261,577,0,0
,699,11,1
209-74-6880,645,7,0
750-76-9703,530,0,0
721-23-3364,452,14,1
851-47-1124,639,1,0
763-98-2529,523,15,0
756-95-3074,747,8,1
036-27-6390,471,8,0
033-27-8005,850,15,4
036-80-4036,712,1,0
,715,2,0
106-03-9831,736,7,0
833-25-1806,729,7,2
074-97-2831,558,5,1
678-09-4248,756,15,3
403-37-6412,657,8,2
448-12-9972,688,8,1
432-74-6226,521,5,0
502-28-9991,692,8,0
,799,6,1
888-11-1502,736,3,0
359-33-2205,529,10,0
788-47-1995,785,2,0
333-11-1040,832,12,2
783-36-6766,590,6,1
188-94-8919,584,13,1
277-31-3890,361,14,1
138-59-6339,652,4,1
078-98-2298,798,14,1
316-38-8486,556,5,0
,491,8,0
029-79-4399,775,4,0
004-17-5566,706,14,3
481-45-0773,850,2,0
667-35-0869,520,12,0
347-36-1066,814,15,3
860-93-1569,788,10,2
103-50-9236,699,15,0
233-90-6881,487,1,0
220-49-1965,523,0,0
309-18-5904,634,1,0
616-89-7692,709,2,0
368-83-7703,612,8,0
437-52-1180,850,13,1
411-97-4648,515,5,1
853-65-1718,410,7,0
123-37-2273,648,10,1
,538,9,1
705-81-8305,630,2,0
342-24-8956,680,3,0
802-32-3188,427,1,0
330-50-2970,744,8,1
677-41-6767,515,5,1
762-38-6383,848,15,0
422-20-5232,674,10,0
397-83-2061,737,1,0
541-13-2108,752,14,3
348-24-0793,775,5,0
,543,12,3
682-83-6297,595,1,0
422-72-3364,600,10,2
617-85-2621,808,6,0
491-80-2105,485,0,0
405-45-6637,398,14,4
262-43-3929,781,13,4
769-97-4002,569,2,0
542-20-1617,768,14,2
709-72-3764,611,5,1
631-21-3229,516,13,4
771-11-4697,722,1,0
074-09-9994,652,6,2
599-26-5794,850,9,2
886-96-7856,634,3,1
424-01-1679,820,0,0
878-92-4558,485,14,0
609-51-4985,385,4,0
415-24-6276,850,7,1
409-38-1393,563,14,3
278-79-6504,751,10,3
785-62-1783,850,13,2
838-98-1286,697,4,1
538-11-9704,850,7,1
594-27-2212,691,4,1
415-31-3073,366,12,0
644-14-5634,800,4,1
887-75-2698,671,1,0
154-28-8477,334,12,1
710-01-5866,766,2,0
406-20-8077,850,3,0
894-22-1559,641,2,0
013-47-5925,817,8,1
847-21-8577,697,2,0
726-01-4605,680,5,1
464-53-0775,695,1,0
436-68-3666,587,11,0
837-01-4957,640,5,1
503-52-2094,786,6,2
363-13-6345,800,13,1
,840,1,0
753-47-8826,703,7,0
327-54-5783,845,8,0
474-72-1000,836,8,2
005-19-3779,850,7,1
650-89-2654,758,2,0
317-53-8101,542,15,5
427-27-8918,841,14,4
672-11-7797,540,11,2
015-75-9963,497,12,0
517-55-8618,421,8,0
092-35-3578,528,7,2
050-48-0911,632,14,4
877-38-9992,810,1,0
,850,8,2
255-10-7467,708,6,0
247-69-1333,758,9,3
068-59-5962,699,8,1
813-28-8973,738,10,1
270-20-9626,850,12,2
223-25-6043,599,9,0
715-88-8443,707,8,1
745-35-4250,511,7,1
337-97-7763,708,13,1
845-38-4333,678,7,2
466-77-4679,727,3,0
056-69-5867,463,12,3
896-19-6556,612,13,1
452-58-9937,752,6,1
559-61-3737,746,13,0
261-42-9549,674,2,0
590-21-0670,717,9,0
655-02-0902,534,8,0
220-94-0489,850,11,3
236-32-8557,673,10,3
120-52-5061,802,14,1
071-11-9159,684,8,0
566-96-9285,751,12,4
468-34-4392,850,12,4
064-05-4195,815,3,1
405-04-5517,519,14,4
039-95-5176,727,8,2
434-31-0511,725,12,3
333-97-8003,431,11,2
501-54-6223,796,7,0
326-69-5710,628,3,1
057-01-2994,850,10,2
128-69-4855,631,1,0
323-92-3088,766,0,0
808-91-1980,502,0,0
744-96-4147,476,3,1
764-88-1206,655,0,0
512-58-9687,476,5,1
,748,4,0
235-77-2297,850,5,1
866-06-1906,680,4,0
802-59-5899,524,14,0
817-99-3667,482,2,0
691-51-3150,546,14,0
618-76-9117,850,10,2
484-50-8370,670,9,1
249-04-3047,850,3,0
798-42-5211,489,6,2
272-57-2476,687,14,0
236-87-2491,543,12,4
787-08-6072,820,2,0
776-77-7699,850,3,0
558-24-4071,850,4,0
824-58-4391,850,8,1
526-73-0411,426,0,0
838-94-9806,590,11,3
644-54-8587,662,10,3
487-33-8503,850,10,1
875-37-0914,850,14,2
672-95-3417,591,15,3
695-86-2369,699,4,1
289-69-3740,667,7,2
807-14-9260,694,2,0
855-33-2251,804,2,0
404-67-0524,732,6,2
409-78-2318,850,10,0
,707,13,2
204-90-9505,522,4,0
053-99-0972,683,8,1
119-21-8806,799,1,0
606-01-8514,300,14,3
784-56-9467,709,5,0
631-50-3854,790,11,1
772-44-7069,764,13,4
743-39-9407,835,5,1
126-14-6580,485,1,0
249-34-4234,648,13,1
262-74-6260,847,8,0
029-82-6478,679,13,2
182-61-0290,686,11,1
563-59-1456,850,11,2
536-22-0580,622,11,3
478-52-2600,614,4,1
034-90-5597,379,13,0
789-63-9153,613,15,4
390-06-5026,850,10,2
527-06-7458,617,2,0
429-41-5409,546,14,0
693-42-6208,755,10,2
,658,13,0
553-03-2167,417,10,3
339-22-8473,720,4,1
404-63-1211,604,15,5
849-36-3596,563,0,0
524-65-1805,850,8,2
596-75-9120,383,10,2
749-19-7835,429,5,1
311-58-4961,850,8,2
432-91-9353,444,7,1
549-19-3063,685,14,4
365-46-4518,617,0,0
272-43-9102,677,1,0
742-19-0827,826,8,0
670-30-3900,712,2,0
018-76-0218,850,7,1
256-97-9385,821,12,0
491-47-1867,762,9,3
810-52-2296,527,7,2
491-23-1559,730,12,0
069-96-8236,807,7,0
297-64-6775,410,12,2
,594,6,1
175-40-9271,453,0,0
118-90-9171,613,8,2
376-90-5851,468,10,2
321-46-9571,801,9,3
272-46-9840,643,14,1
106-05-0362,747,1,0
407-55-4831,739,13,3
535-07-3203,688,0,0
149-65-0697,701,5,1
797-07-6276,658,14,4
859-35-4886,559,4,1
605-13-0721,650,15,2
555-33-7108,650,9,0
527-94-9921,595,12,0
043-74-9044,799,7,2
201-12-8966,598,8,0
066-79-9268,764,7,0
008-74-4325,523,0,0
815-03-7085,850,0,0
624-44-5797,784,13,4
719-69-8280,529,15,4
419-25-5000,668,7,2
209-07-0275,701,10,0
836-92-3630,790,8,0
425-53-4272,850,13,2
204-92-2698,675,6,2
368-21-5564,498,6,2
487-25-4018,767,14,1
250-74-4085,850,9,0
769-68-6931,735,9,3
885-93-8140,661,10,1
146-14-3394,789,9,3
080-06-6218,850,1,0
509-44-8007,705,4,0
631-86-6414,744,1,0
555-71-9383,850,13,3
822-70-8064,732,12,0
142-91-7139,850,12,1
,766,2,0
839-64-4553,588,10,2
460-69-9517,645,8,2
212-84-5026,804,7,1
178-46-5395,547,2,0
531-88-1454,765,4,0
686-04-3051,752,11,0
408-48-9742,850,1,0
499-40-4542,605,10,0
375-41-6581,706,14,1
434-20-1480,736,5,0
203-74-8776,850,4,1
320-86-9658,586,6,0
506-89-5350,743,14,0
453-58-5956,571,2,0
832-94-1282,661,11,1
395-55-1208,657,8,1
625-02-7401,528,10,0
860-83-2490,850,4,0
004-56-4958,617,10,0
353-55-1312,574,8,2
890-01-3203,559,0,0
036-72-7450,503,14,0
234-05-5694,391,7,2
617-51-8612,542,5,0
896-01-3063,589,5,1
288-52-4758,827,1,0
005-04-7096,558,6,0
648-32-2744,300,15,3
764-72-9719,586,11,2
878-35-9791,718,9,1
415-71-1062,574,2,0
120-59-0053,358,8,2
449-98-2063,562,14,0
062-72-6813,503,0,0
289-52-2603,447,8,2
705-61-0295,754,8,0
074-80-5032,727,13,2
,786,3,0
,587,1,0
173-80-4873,647,6,0
321-98-1445,560,15,4
163-07-3484,686,5,0
191-74-9627,699,11,1
378-57-4680,850,11,2
542-52-0601,780,12,4
325-78-9927,633,10,2
215-29-7016,574,9,2
528-07-4357,850,9,3
895-65-3101,776,8,2
,846,7,0
762-23-7790,850,14,3
091-50-1924,401,11,2
518-20-0421,721,10,1
804-46-1659,782,7,2
014-21-9118,735,0,0
125-41-7336,850,14,3
531-87-5893,800,4,1
281-78-1913,590,14,0
196-54-1198,649,3,0
629-06-3067,686,1,0
146-88-0725,850,11,0
062-65-7591,670,11,0
248-89-9371,405,6,2
,558,4,1
252-31-1908,736,4,1
427-42-1360,827,0,0
008-41-4318,449,7,1
511-74-7702,587,12,1
635-03-6070,644,11,2
216-57-2763,477,5,0
847-51-4443,850,15,3
012-30-3918,730,15,3
887-61-7930,389,0,0
437-94-6044,532,6,1
701-60-6845,545,13,2
439-08-7172,582,3,1
,714,3,0
664-76-8277,501,10,1
642-43-8545,598,4,0
574-34-9732,527,11,0
861-08-8619,658,15,0
672-11-4159,614,11,3
479-20-0990,590,13,1
758-23-0653,510,1,0
391-04-6943,694,15,0
653-10-4104,419,4,0
441-07-2262,850,0,0
867-87-7855,624,5,1
630-32-8333,655,10,0
891-44-9346,741,6,0
018-17-2624,845,11,0
,465,14,4
312-27-4744,572,0,0
805-44-5440,843,3,0
048-70-3079,567,5,1
194-94-2714,741,8,2
411-41-9253,668,8,1
820-09-2741,560,7,1
229-87-2262,759,6,0
584-38-7284,781,6,1
357-72-7785,835,3,1
355-04-9945,726,5,0
850-25-8658,750,11,0
476-46-3981,463,12,1
162-04-8046,516,10,1
710-79-4368,836,6,2
284-36-2668,688,15,3
099-15-7757,683,1,0
827-71-4627,740,5,1
754-16-1956,838,1,0
282-70-6519,850,7,2
708-38-7944,523,7,1
006-34-9011,850,1,0
364-44-2448,651,11,1
754-86-2929,696,11,2
732-12-2913,783,6,0
746-02-3985,513,10,3
440-48-0694,700,10,0
234-85-8322,684,14,0
587-77-3109,385,4,1
635-88-4415,564,4,1
190-56-7784,605,0,0
111-17-7634,808,11,3
033-61-8304,715,5,1
563-49-6569,850,10,2
021-49-2471,488,12,2
814-73-7722,792,10,3
648-12-3442,744,10,0
117-80-9547,642,1,0
106-34-9310,790,11,3
155-37-5288,850,9,1
885-91-3792,663,3,0
055-77-1696,466,14,1
386-91-5176,550,0,0
788-67-4909,719,12,3
293-97-2018,633,14,1
461-18-8093,736,0,0
784-13-0178,538,0,0
651-98-0188,802,6,2
212-87-5388,569,6,2
657-78-7540,406,3,0
779-12-8007,841,7,2
369-31-7438,770,8,1
496-96-2837,718,0,0
828-11-7157,702,1,0
122-15-6637,756,0,0
884-98-4704,455,14,4
542-48-6414,745,3,0
051-81-2410,543,2,0
673-41-6515,732,12,4
270-42-0807,719,12,3
196-31-1100,700,6,2
847-85-3637,850,1,0
307-74-6686,482,3,1
044-86-5770,689,6,1
340-43-5877,533,7,2
530-74-4695,688,6,2
396-30-0054,682,10,1
589-61-4269,611,7,1
568-88-2723,813,0,0
034-95-7245,500,4,0
099-60-3475,719,9,3
,703,15,2
822-45-1863,586,4,1
177-10-7024,850,9,0
889-33-4117,656,5,1
653-97-1585,536,8,1
484-46-3892,726,9,2
309-43-6839,836,0,0
734-87-7300,731,12,4
891-03-8054,363,3,1
838-67-3805,534,1,0
460-74-5134,775,4,0
384-97-2719,465,1,0
143-21-4379,519,2,0
027-37-2470,850,3,1
030-09-6327,726,5,1
182-08-8304,662,6,2
167-97-6549,845,14,3
178-95-9647,711,10,2
559-22-0079,370,9,0
356-73-1475,643,14,0
003-06-1805,553,10,1
182-41-7299,624,12,2
426-89-2074,403,12,4
304-05-1492,452,15,3
031-74-9420,569,9,0
181-85-4892,651,10,1
850-07-3530,795,0,0
700-13-7701,850,7,1
302-28-4820,850,8,0
103-40-5764,850,14,1
820-69-4221,752,14,1
565-22-1564,657,10,1
200-10-5506,787,8,2
255-64-1765,468,11,1
335-24-7545,687,0,0
090-78-0336,850,14,2
654-42-1541,550,4,0
153-38-0147,850,13,1
718-04-7137,664,3,0
413-25-6838,736,12,4
246-05-7893,608,7,2
800-45-7959,633,13,4
237-08-3115,572,3,0
389-94-7806,399,2,0
316-40-5242,607,14,3
660-77-6388,714,1,0
653-53-9532,663,1,0
800-66-8620,544,14,0
160-10-8193,541,5,1
242-39-1552,850,2,0
050-46-1857,473,11,3
278-62-9009,353,11,1
275-49-2198,470,7,1
434-10-4149,772,10,3
,764,8,2
552-31-6781,771,7,2
657-87-3283,543,9,0
661-05-5674,432,6,0
005-10-7808,718,9,0
775-95-3553,655,8,2
365-90-4410,838,9,2
755-66-5397,572,13,2
862-50-1267,850,14,0
593-07-5485,629,10,1
313-24-5577,824,12,3
423-80-1604,704,9,0
646-44-2671,547,15,1
017-10-0444,684,9,2
238-08-8855,600,11,1
401-19-6791,638,2,0
737-86-8986,445,6,2
376-01-2639,822,13,4
387-12-8316,850,14,1
844-10-8200,698,8,1
397-48-3429,669,1,0
357-56-9974,735,7,2
561-75-7600,833,5,1
786-25-5096,738,2,0
725-11-8654,850,13,0
711-56-4754,575,2,0
061-20-6571,652,4,0
335-89-5271,696,1,0
516-64-7248,718,4,1
836-35-1303,850,9,3
239-93-0831,697,0,0
840-72-0724,688,3,1
894-36-2758,850,14,2
038-26-8685,576,12,0
028-14-3967,645,9,0
823-82-3356,566,9,3
,850,0,0
327-84-4344,547,6,1
354-67-3265,826,10,2
647-62-8845,786,8,1
580-55-2818,779,9,1
004-14-3454,695,6,1
840-69-9128,398,9,1
830-21-5360,388,2,0
279-77-8773,677,3,1
469-18-9744,850,3,1
343-74-7135,510,12,2
089-02-2694,736,9,1
248-95-8353,698,3,0
152-20-4803,694,2,0
238-72-4915,745,15,2
548-46-7266,811,4,1
418-58-0845,785,9,1
723-07-0895,828,9,3
164-85-5015,724,10,2
212-24-7546,602,13,0
078-28-2844,792,11,1
150-41-3943,642,13,3
883-16-7497,600,11,2
872-42-7871,820,13,1
783-70-3915,634,15,2
498-93-4411,633,3,1
497-98-1086,451,3,1
860-24-5399,799,10,0
126-44-3374,850,11,2
,850,0,0
786-26-1852,840,0,0
648-38-2001,474,11,3
343-40-2807,721,14,1
073-94-7111,687,6,2
602-47-2077,835,11,2
870-36-2711,440,10,2
484-87-0847,602,1,0
032-84-9404,800,2,0
141-11-0635,625,9,0
351-51-8906,850,1,0
897-59-1812,850,6,1
649-33-3425,766,14,3
183-23-1837,850,11,3
275-87-1409,533,11,1
532-23-9053,774,6,1
044-37-6772,749,14,4
636-37-2253,554,11,2
322-49-3393,583,8,1
282-50-4401,850,1,0
,778,6,0
746-09-3914,716,7,1
227-22-6334,476,12,0
633-14-6618,581,3,0
798-64-8867,547,12,1
044-90-6851,530,13,4
521-10-5380,633,7,1
071-87-4644,788,15,0
809-13-0216,782,0,0
041-83-9225,537,15,3
399-79-1984,850,6,1
128-45-8181,616,13,3
,752,9,3
,850,13,2
258-24-6216,822,9,3
180-25-0708,653,0,0
488-71-3143,565,12,4
711-57-6054,533,14,3
595-82-5648,730,13,1
002-30-8360,707,15,0
315-35-7151,850,10,3
228-79-5942,610,10,3
317-17-4988,850,0,0
087-33-7579,829,4,1
689-77-8655,586,8,2
734-21-5167,719,15,2
537-19-6134,761,2,0
626-89-3543,470,6,2
320-08-4245,532,15,0
437-55-3234,680,10,0
677-74-2754,463,6,1
321-95-4630,591,11,3
122-67-8111,631,3,1
705-04-4217,695,3,1
076-24-9634,591,12,3
,662,8,1
291-77-0430,850,7,0
394-54-8220,360,6,1
104-81-9252,411,5,1
003-45-1679,759,4,1
869-76-3120,828,9,1
219-27-8592,718,14,3
868-14-4277,787,3,1
092-73-0113,646,2,0
134-33-1962,655,9,0
496-36-2056,796,9,3
086-48-0876,707,15,0
652-78-0374,759,7,1
763-66-2413,850,3,0
393-39-8625,481,10,0
867-53-3143,669,2,0
650-85-9361,526,5,0
651-62-1511,689,5,0
852-15-4133,537,11,3
412-30-6705,529,6,0
375-77-5788,692,15,1
396-56-0671,765,3,0
407-69-5872,840,7,1
449-48-7692,604,15,4
216-07-6567,484,9,3
037-02-0339,782,10,1
061-79-1880,566,9,0
004-59-2879,690,4,0
597-33-4195,720,11,1
350-52-1090,665,1,0
339-77-4871,573,7,1
223-11-5625,790,5,1
318-48-5975,611,6,2
150-74-7985,850,6,2
004-79-3574,796,1,0
445-38-2321,590,1,0
,830,13,1
205-41-0629,850,0,0
499-22-7704,739,0,0
418-94-1949,641,9,0
577-87-4099,467,8,0
209-48-4734,729,13,0
588-63-0614,753,0,0
078-37-0043,735,10,2
363-76-5663,752,8,0
232-13-9050,716,9,3
769-76-8775,720,2,0
883-83-0931,819,1,0
683-58-2840,596,3,1
356-70-8863,824,15,2
466-34-2319,353,11,3
,563,10,1
597-41-4322,850,14,4
550-28-4776,837,15,3
104-05-2592,300,0,0
509-44-6040,826,15,0
768-35-7449,676,15,4
190-77-2159,850,15,0
222-98-8404,658,2,0
082-15-5473,744,8,2
450-34-0119,442,12,4
817-67-9013,607,15,5
325-54-1489,798,3,1
660-20-2107,800,12,2
843-67-2615,850,2,0
052-73-7988,543,8,2
372-87-6607,628,11,1
483-75-1262,765,9,1
221-61-7564,486,3,0
800-84-4332,681,1,0
651-92-8413,469,9,1
679-88-3583,749,2,0
847-87-9821,762,7,2
467-09-1310,645,6,1
821-72-9178,850,2,0
338-68-8599,610,0,0
443-21-7486,652,15,1
298-91-3982,850,1,0
486-88-7053,661,1,0
249-96-5347,850,1,0
385-20-4624,588,4,0
618-03-4306,692,14,0
614-37-4800,731,14,3
553-42-2989,748,0,0
255-11-3968,730,10,3
,487,15,2
100-90-8581,645,11,3
095-95-8507,820,5,1
,789,3,0
179-63-6738,594,3,0
467-01-8016,755,12,1
501-30-7347,665,5,1
374-90-5511,850,10,2
197-23-7908,833,5,1
224-73-9167,557,12,4
842-34-7829,530,3,1
258-24-2269,766,12,1
394-86-9578,687,8,1
649-48-8585,675,15,0
066-05-1617,390,13,1
497-91-6895,576,9,3
869-50-3330,720,3,0
446-68-2122,558,10,2
025-64-9373,850,0,0
697-95-8589,850,13,3
118-06-2243,526,3,1
696-13-8305,548,13,0
214-56-5568,476,14,3
078-14-8034,691,9,3
,850,8,2
810-62-1295,650,7,2
,527,5,1
650-39-1819,610,3,0
819-52-0040,422,8,0
191-97-5184,443,14,1
601-12-9525,715,8,2
677-59-8855,582,8,1
784-94-7132,787,5,1
726-87-3043,850,6,1
325-65-8779,671,3,0
103-58-1451,591,15,0
814-97-6448,576,5,1
610-06-9635,653,7,1
004-64-8997,691,3,0
896-90-3937,677,11,3
825-61-7327,725,14,1
335-62-7334,821,4,0
338-34-5907,633,5,0
,618,6,2
167-23-3148,601,15,3
642-74-1954,524,12,2
639-76-0064,732,1,0
163-06-3633,755,12,1
584-17-0025,557,2,0
253-80-3629,632,13,4
454-18-1547,565,8,2
083-31-3981,850,14,1
106-07-3106,850,10,2
760-27-5181,794,3,0
540-84-0456,769,0,0
787-35-9796,447,0,0
778-59-4328,850,2,0
684-89-4448,675,14,4
441-32-9973,401,1,0
895-09-4589,737,6,0
362-42-2639,850,8,0
646-78-1514,719,6,0
849-23-8527,671,7,1
664-68-9857,462,3,0
634-77-3003,850,7,0
830-40-5043,796,11,1
056-48-4396,705,8,1
664-53-0826,718,7,1
801-14-4258,615,7,2
202-94-2595,669,5,0
047-70-3645,711,6,0
108-95-3823,838,7,2
763-80-5476,621,15,1
125-12-6359,590,3,0
618-26-6564,639,0,0
273-86-6326,681,5,1
,629,13,3
510-77-7980,850,1,0
174-32-1352,635,9,0
411-63-6774,850,11,0
571-69-3394,706,12,3
718-32-1475,552,0,0
239-05-7602,651,13,3
310-43-2586,850,1,0
034-83-8982,583,4,1
158-10-9925,731,12,1
602-22-5404,638,13,4
656-94-9713,718,13,0
825-13-4195,732,0,0
712-22-2292,580,1,0
,726,14,0
638-14-0420,613,9,3
001-17-9084,771,3,1
380-34-1362,585,15,1
481-09-9136,535,10,3
258-58-5075,799,2,0
076-44-3560,733,8,2
108-48-5078,769,7,1
555-83-3407,647,12,0
104-91-4435,850,11,0
820-78-6175,695,10,3
,605,12,1
710-22-5262,702,14,1
544-56-7323,683,6,0
682-93-6372,752,7,1
622-25-1566,691,14,0
280-55-4563,590,9,3
034-24-3485,449,9,2
246-14-4908,800,2,0
793-71-5195,631,15,5
280-51-3684,643,6,0
451-12-6770,691,0,0
088-49-4892,738,0,0
020-83-2751,768,1,0
829-28-8136,500,1,0
443-20-1162,828,7,0
706-28-5931,644,6,1
689-58-3031,850,9,0
830-04-8660,621,0,0
650-13-4516,463,15,4
,709,11,0
868-69-3491,699,12,4
241-12-0200,744,14,2
117-15-6426,732,6,1
597-13-7089,572,7,2
091-44-1259,520,14,1
347-75-4763,790,3,1
415-01-5771,850,4,0
608-88-0049,832,2,0
777-70-2610,563,7,0
630-17-9649,656,1,0
109-78-7566,754,15,4
074-50-2388,758,6,1
786-93-6686,808,12,2
387-91-7747,848,14,1
697-39-1741,496,6,2
377-23-6983,845,4,1
337-47-1929,768,7,1
527-04-8850,701,14,1
792-58-7412,464,0,0
284-21-3660,850,7,2
463-94-7971,555,7,2
256-51-5320,704,12,3
185-13-1856,844,13,1
835-53-3219,630,15,4
763-66-8482,312,8,0
774-08-0385,548,8,2
841-25-5903,850,15,3
651-11-9221,648,7,2
649-25-0562,576,11,2
029-45-3928,847,15,4
536-17-0361,659,2,0
651-61-2762,691,14,4
,850,8,2
491-15-0166,776,3,1
079-36-4433,677,2,0
069-27-2504,659,14,2
498-86-1817,737,1,0
521-85-7205,832,15,5
752-58-3672,850,4,0
117-39-5445,805,2,0
443-15-0694,647,11,1
417-92-3644,660,3,0
255-37-3442,599,14,1
740-10-8318,745,14,2
805-32-3320,850,15,1
037-35-3366,550,15,0
469-59-5873,669,12,1
403-35-2488,821,6,1
664-27-7500,743,2,0
869-23-9874,465,15,3
842-12-1988,636,11,0
499-39-0056,649,11,1
247-22-6042,733,11,1
361-76-3892,613,10,1
546-69-3271,740,9,1
026-21-7570,680,10,3
712-25-4153,586,10,0
006-18-1778,833,10,2
135-74-1119,850,9,0
063-99-5887,604,5,1
261-76-6304,850,0,0
582-88-7402,764,6,0
152-41-3493,827,13,2
432-78-2965,850,4,0
250-15-3570,783,15,3
131-93-2345,736,7,0
654-46-8694,763,11,1
648-10-0123,850,6,1
643-83-1039,747,11,0
447-59-6935,601,8,1
052-82-9333,806,10,2
770-59-2345,796,13,1
029-66-6967,776,13,3
437-22-7942,717,11,3
827-87-1538,850,5,1
243-07-3303,751,7,0
896-50-1752,625,15,3
123-60-7622,796,11,2
297-84-9344,459,3,1
709-05-1648,850,8,2
860-13-0091,546,1,0
436-92-0062,682,10,3
119-34-7862,538,4,1
195-56-4199,449,14,4
389-88-5872,501,12,1
398-42-4300,539,3,1
074-21-4179,776,8,1
011-71-0695,673,13,3
345-73-0534,700,14,3
584-32-3526,756,12,4
484-02-3837,644,4,0
768-33-7113,850,1,0
282-13-9583,631,11,3
402-33-0321,756,4,1
520-86-7634,652,2,0
689-86-3482,688,8,0
778-23-7413,822,8,2
793-48-0610,711,6,0
182-84-2338,578,12,0
153-93-5800,850,9,1
,800,15,5
557-28-6265,789,9,1
282-18-4353,528,8,2
647-16-9206,850,2,0
809-15-0295,784,10,2
334-04-3192,799,1,0
886-54-1175,801,15,3
441-52-4249,615,5,1
073-60-5180,802,7,2
325-40-7446,724,1,0
672-94-7035,842,2,0
249-63-3776,636,4,1
470-62-6641,543,3,0
609-44-4534,801,8,0
433-22-1793,564,5,1
449-25-4114,356,12,4
,720,9,0
030-47-8801,760,10,1
437-31-2525,641,4,0
025-47-7955,637,14,4
501-70-5065,761,8,2
605-29-8020,523,8,1
661-57-1415,818,7,2
446-73-5043,656,5,1
408-11-9212,710,11,3
005-27-2350,834,6,0
057-38-4074,546,0,0
204-55-5045,562,2,0
412-77-5942,682,11,1
277-11-0612,300,15,0
365-52-3504,659,14,2
325-46-6213,712,6,0
778-41-3529,850,10,0
413-41-1144,695,4,0
590-89-0294,569,3,1
808-06-0435,359,12,3
005-45-9518,779,6,1
271-57-3665,850,9,3
335-77-4261,556,14,2
349-58-7232,639,14,3
238-78-0621,664,3,1
414-18-8035,519,11,3
605-08-3803,603,3,0
845-55-7137,356,8,1
059-57-1685,348,2,0
004-60-7316,721,6,0
445-46-7043,579,4,0
863-14-5075,645,4,0
342-99-8044,559,13,3
024-87-4248,682,14,2
306-44-9625,614,10,3
293-10-2166,678,11,3
248-54-6320,848,3,1
281-04-5922,497,11,0
506-67-0795,830,10,3
045-40-3059,631,0,0
224-55-1769,585,2,0
,617,14,2
158-28-0420,465,8,1
094-93-8139,739,4,0
883-02-9630,429,9,2
784-34-7322,845,11,3
581-76-5226,704,10,3
896-31-2589,613,15,0
122-94-1007,545,9,0
231-27-2002,581,12,2
650-95-5992,621,13,0
751-46-1747,783,9,3
312-60-3198,773,6,0
665-56-7236,678,10,0
512-92-4743,737,6,0
533-73-5884,785,0,0
327-47-5851,673,12,1
310-70-6181,416,11,0
551-47-5533,617,6,2
,616,6,0
479-32-3241,533,6,2
527-65-1803,554,15,5
768-21-6249,809,12,3
518-87-2829,537,13,3
232-91-3510,764,2,0
669-74-7296,800,1,0
432-25-6608,832,8,1
610-88-2027,733,5,0
010-52-6301,768,14,3
332-42-3582,468,6,2
332-65-2579,789,15,5
418-86-8234,585,8,0
465-68-7593,725,11,3
436-75-4648,669,5,1
789-34-6079,850,12,4
774-29-3428,793,2,0
721-41-7230,825,3,1
,694,8,0
855-60-5854,481,11,2
434-97-9328,672,8,2
703-96-1617,599,15,0
877-73-0713,780,13,0
513-81-6895,577,4,0
023-69-0861,642,13,2
403-67-8275,740,2,0
550-24-3997,714,11,0
304-18-5722,850,1,0
379-80-3117,591,10,2
167-11-8342,611,2,0
549-58-1994,715,2,0
056-80-4314,850,2,0
221-89-3360,850,10,2
857-02-6407,473,4,1
077-50-8437,582,0,0
302-60-9022,726,6,0
459-22-0713,706,11,0
811-20-2251,625,6,0
035-93-3142,795,11,3
487-03-3374,704,9,3
229-29-5721,850,0,0
365-04-0375,638,5,0
554-10-3427,850,11,1
343-37-7284,634,7,1
331-83-5644,434,10,0
553-28-0487,826,0,0
373-80-4484,789,11,1
371-50-0149,677,4,0
321-07-2138,783,8,0
483-46-0657,655,0,0
502-69-3081,490,13,2
723-57-1468,572,6,1
519-26-9049,772,5,1
527-78-6839,573,13,2
544-74-4322,398,9,0
441-83-9104,592,15,5
479-91-0524,818,10,2
851-70-7541,729,10,3
682-73-4824,740,13,1
288-07-2483,680,0,0
578-97-7446,558,12,3
367-77-7951,513,9,0
782-86-8851,590,15,4
,524,6,2
356-34-4874,674,11,1
768-54-2231,634,3,0
759-66-5401,382,8,1
592-26-7801,523,14,2
377-38-3904,521,14,2
702-41-0650,624,15,1
844-13-3077,609,3,1
846-42-8248,617,2,0
496-05-0323,722,7,2
769-58-8250,579,12,2
569-76-1521,451,10,3
560-42-2571,709,9,3
840-60-5876,579,8,2
214-94-6607,659,12,3
384-07-1603,681,8,2
765-03-6665,778,2,0
877-29-1917,649,4,1
389-87-8328,600,5,0
159-71-4576,664,1,0
297-36-6034,786,7,0
224-30-7543,814,3,0
539-34-1756,414,12,2
725-23-4716,494,13,0
114-22-9325,850,11,3
865-42-6172,790,12,1
379-43-2226,439,12,0
073-95-1831,497,12,1
619-77-6699,626,13,4
894-04-8495,503,6,2
082-83-5529,792,13,0
853-97-0996,559,2,0
172-67-5609,825,10,2
228-42-9445,339,5,0
276-46-2620,584,1,0
544-93-8754,665,13,3
850-78-7489,498,4,0
869-44-8232,764,8,2
463-37-8421,501,3,1
779-63-9915,665,10,1
024-77-0889,850,3,1
314-82-5301,850,9,3
695-49-2855,585,1,0
328-13-9618,615,2,0
020-41-7099,819,0,0
312-18-1648,461,2,0
878-80-1169,850,4,0
195-17-6822,605,15,1
833-65-7241,553,1,0
216-50-8823,694,3,0
177-25-4355,850,10,0
438-07-7405,772,9,0
472-12-1520,534,14,2
897-52-6739,808,0,0
191-51-6331,580,2,0
730-85-8224,671,8,2
748-90-7834,538,9,2
098-98-7684,581,1,0
280-16-3761,710,9,1
468-86-7898,474,3,1
248-27-7775,597,0,0
651-53-8578,474,1,0
,388,5,0
759-39-7466,487,13,4
266-71-0068,604,5,1
725-86-7765,779,14,1
799-13-1679,810,6,2
656-43-0039,554,15,2
884-28-0143,600,9,1
027-57-4521,563,14,2
501-06-8258,722,10,0
,802,9,2
601-71-9670,762,14,4
563-17-2502,703,15,0
505-42-1715,644,13,4
701-80-6695,750,0,0
238-07-3105,850,10,3
138-67-8924,743,3,1
291-19-3741,850,10,2
834-23-1638,850,1,0
195-03-0133,446,2,0
261-04-9805,850,1,0
283-87-1529,489,3,0
453-97-9883,850,4,1
090-10-7250,742,2,0
897-31-5101,736,14,0
601-03-2117,406,0,0
419-65-0771,675,2,0
616-20-3673,850,10,0
142-20-4206,393,7,2
612-96-0532,740,10,0
783-42-7273,703,1,0
519-48-8534,733,8,1
181-25-6735,850,9,1
393-44-8897,688,9,3
878-01-1845,481,5,0
359-71-3402,722,7,2
427-53-9110,691,8,1
668-68-2566,797,11,2
147-19-4323,850,13,1
676-67-9305,785,9,3
778-84-0579,626,9,3
122-07-9405,450,1,0
774-08-5532,330,14,4
,726,12,4
297-56-1194,822,8,1
896-51-1895,679,12,0
131-02-2443,848,8,1
466-07-4298,850,4,1
616-82-8025,704,8,2
334-58-0023,850,15,2
348-01-3259,760,5,0
593-31-4675,719,0,0
535-92-0211,793,0,0
720-32-2005,480,4,1
529-83-5522,808,8,0
743-64-2406,507,15,3
,435,2,0
284-07-5527,736,1,0
590-66-7869,492,8,1
789-07-3230,704,1,0
842-29-4333,850,7,1
532-53-0144,850,0,0
341-76-1805,850,13,3
257-44-5174,502,14,0
299-75-2846,850,11,2
151-54-5776,768,13,4
151-42-1599,821,9,1
698-53-5594,842,7,0
467-45-5599,351,10,1
384-35-3095,596,13,4
012-42-1115,634,14,1
144-94-9483,850,9,3
883-47-9258,737,2,0
407-22-0749,825,7,1
376-86-1185,415,7,0
041-08-7486,850,9,2
628-83-3747,324,2,0
037-91-9425,844,8,1
454-91-2128,750,11,2
453-55-3834,625,3,0
,759,4,1
701-98-3784,496,12,0
637-06-5108,666,9,3
176-66-5738,735,6,0
496-55-8249,717,6,0
792-57-4715,678,11,1
139-66-5230,520,4,1
829-86-3692,626,6,0
844-62-4899,593,0,0
267-34-3865,580,9,0
533-66-0783,576,11,2
809-90-0653,554,10,2
670-12-2058,711,4,1
008-72-9553,578,8,0
045-95-2896,736,1,0
080-66-6554,850,2,0
768-38-8093,836,6,0
667-61-3480,675,1,0
643-19-7404,429,2,0
,300,3,1
759-71-7726,729,8,1
,641,15,5
818-61-3444,476,15,4
046-39-9855,575,12,4
354-88-6324,676,10,2
449-38-4987,850,3,1
714-33-1051,718,13,3
,616,4,1
657-12-6045,846,1,0
692-21-2582,676,13,3
356-71-3318,589,9,2
269-96-1787,675,12,1
216-88-6279,579,8,0
617-39-9822,807,10,2
543-23-2822,650,4,1
427-55-3770,850,9,2
572-93-8916,723,9,0
599-59-5547,494,4,1
311-66-3815,850,14,0
406-28-9749,663,9,2
241-54-9929,831,7,2
155-62-4059,775,13,0
798-76-4062,679,14,1
190-70-4449,742,1,0
205-12-4946,732,6,2
544-30-8235,755,15,0
796-94-0277,850,12,2
,597,5,1
849-67-9311,604,10,1
773-32-9659,372,6,0
665-97-8297,850,0,0
415-07-3262,768,3,1
286-19-3607,572,8,2
116-21-0844,693,13,0
210-31-2513,627,12,2
171-91-9150,463,9,3
646-79-6007,584,0,0
766-55-3238,536,3,1
326-71-3239,591,8,1
257-55-0146,798,9,1
728-95-5063,582,10,1
757-06-2146,850,13,4
610-77-4566,765,13,4
481-99-7118,791,10,2
281-48-9583,773,13,2
050-08-3424,536,1,0
618-06-4783,797,6,1
032-30-5306,600,9,0
357-35-6406,632,8,2
782-59-6032,823,5,1
783-17-9253,850,2,0
037-88-9782,844,0,0
468-47-8407,300,5,1
,536,5,1
,579,15,4
873-64-3831,300,13,3
642-56-1676,520,0,0
434-27-8510,671,11,2
284-37-5543,630,12,3
864-93-1518,799,12,2
249-94-0048,565,6,2
296-35-7180,731,9,3
614-57-2424,559,5,0
281-68-7944,553,9,0
287-90-5388,428,5,0
060-50-7283,730,1,0
211-11-8674,587,1,0
890-01-9614,794,1,0
470-62-3314,770,5,1
864-27-9588,651,12,0
361-47-1109,724,9,1
795-33-0786,850,5,0
058-13-0700,682,7,1
308-32-0047,799,10,3
670-05-0316,719,3,1
162-63-1230,740,13,3
637-49-1276,563,3,1
850-26-9428,587,12,0
058-24-1928,850,5,1
454-15-4402,592,5,1
517-49-3994,850,11,2
245-55-1226,701,8,2
652-52-1736,625,5,1
617-71-5265,621,10,3
460-26-7191,763,11,0
839-53-5176,812,7,0
,598,2,0
855-02-3133,627,12,0
130-03-8477,456,3,0
036-56-0067,773,2,0
287-63-2005,842,4,1
,646,11,2
488-90-0375,661,12,1
637-72-8041,785,6,1
505-78-6209,824,0,0
065-43-2928,850,8,0
197-93-2740,707,3,0
560-87-6191,708,11,3
340-41-2414,736,8,1
130-53-8267,736,4,1
647-06-0888,600,5,1
015-21-7349,599,9,0
114-94-6498,714,3,1
080-04-5377,566,9,1
868-18-3874,791,15,3
253-44-1186,571,8,2
652-60-1006,662,13,3
621-76-7091,766,0,0
300-72-6381,850,0,0
287-69-0560,837,13,0
059-61-4662,659,12,0
800-23-9912,850,12,4
572-17-4705,776,4,1
131-16-1431,625,5,1
238-66-1634,801,1,0
161-29-5512,706,11,0
310-94-7228,477,9,3
837-35-7894,750,9,2
126-65-3523,598,0,0
776-67-1458,563,6,1
079-21-9861,561,9,3
117-39-5111,392,7,1
572-90-8207,850,0,0
813-74-4601,649,8,2
732-93-4642,597,10,3
189-67-8635,527,13,3
659-78-0337,524,5,0
274-52-7198,749,7,2
696-90-9264,335,10,0
428-35-5001,850,8,0
019-58-6305,846,3,1
133-18-4444,635,9,3
366-64-9796,814,13,2
513-18-1524,741,13,0
020-28-2863,499,5,1
174-05-5125,592,13,1
037-64-1871,575,7,1
026-57-3225,632,5,1
716-03-4461,719,4,1
355-72-0332,562,14,1
024-75-1350,850,10,0
667-44-2947,619,13,3
894-99-0755,323,0,0
679-54-5730,691,9,0
080-18-3832,521,2,0
168-40-2011,741,9,2
431-60-7163,652,6,1
586-15-7845,837,12,4
093-79-0425,618,14,0
730-42-5581,850,3,0
529-96-5111,727,5,0
182-90-1777,668,2,0
381-81-8302,597,14,3
253-69-9121,670,5,0
046-71-7617,829,7,0
016-13-7155,632,14,3
734-16-7836,733,10,2
266-97-2032,705,14,0
766-84-3140,827,7,0
077-04-7878,731,1,0
689-89-2328,402,3,0
558-83-5334,759,9,0
212-59-7863,414,12,1
782-09-0660,723,9,0
202-07-1253,614,5,0
779-30-1286,692,0,0
425-49-0643,717,7,0
774-76-8387,633,12,2
058-83-4678,474,15,2
029-96-9724,828,1,0
367-28-2045,656,3,0
746-41-3205,581,10,0
144-32-5181,848,4,0
464-72-8786,611,11,2
765-63-5207,833,1,0
362-44-1804,726,13,1
822-01-6150,850,15,3
657-27-2633,758,0,0
256-80-5748,583,6,1
687-72-6369,503,15,0
322-72-9311,640,0,0
765-33-8166,727,9,1
076-94-9815,600,11,1
476-51-6349,850,6,1
292-88-9625,507,11,1
866-38-8341,569,13,4
545-06-8444,713,2,0
688-87-7636,504,11,3
474-31-0456,744,7,1
075-53-8434,687,7,2
061-64-4509,497,14,2
646-04-8927,691,3,0
638-03-1114,739,1,0
630-04-0217,327,3,0
657-17-2353,734,12,3
,850,8,0
281-55-1753,790,15,1
321-18-1516,744,12,3
236-03-9861,599,15,1
131-78-8923,769,11,1
195-84-9302,578,12,1
481-74-1956,675,0,0
424-39-5873,786,9,2
414-84-0891,688,11,0
746-99-7824,557,13,3
035-80-1191,396,11,2
584-63-8299,850,11,0
111-07-5997,570,3,0
340-10-0289,760,0,0
214-71-5505,766,5,0
407-48-4660,515,12,1
,600,3,1
112-99-5582,849,5,0
893-03-2393,819,7,2
043-76-9113,819,0,0
558-88-4435,651,12,4
884-14-6246,559,3,0
708-92-7694,766,4,0
164-76-9489,776,12,1
114-72-6712,803,10,3
679-01-4372,487,6,1
389-72-3441,745,0,0
400-27-3460,706,14,2
652-72-8325,588,15,0
,621,6,2
268-89-8824,704,3,0
500-85-9673,500,6,2
056-92-1290,850,14,1
288-67-5157,584,8,0
229-58-4903,501,4,1
213-80-7505,850,15,2
013-53-4151,727,6,2
153-24-5275,762,7,1
419-58-1822,502,14,1
854-24-4391,826,15,3
551-36-4573,756,14,0
682-13-4244,816,14,4
340-40-8344,463,14,4
218-50-7704,850,2,0
875-45-5049,598,15,3
139-43-4479,561,9,3
853-30-2614,550,4,1
136-69-3439,850,8,1
755-50-3389,651,12,2
047-84-4122,850,5,1
705-12-6272,808,8,1
713-15-2161,570,10,2
724-41-8498,675,1,0
159-47-7491,626,10,2
567-95-2532,777,11,0
761-39-6202,712,8,2
623-33-7833,807,4,1
729-83-0111,491,8,0
110-63-2588,830,5,1
477-99-4197,825,15,3
367-45-6040,592,5,1
336-90-0126,625,9,3
071-37-1442,660,8,2
341-03-7282,525,4,1
469-23-9275,605,2,0
035-86-1855,486,1,0
170-71-0356,682,4,1
051-59-2543,850,4,1
532-87-6369,627,8,0
079-81-6114,822,7,1
265-41-4305,596,12,3
758-20-7839,811,0,0
349-82-3256,447,0,0
801-05-5164,756,1,0
435-67-5255,850,3,0
662-46-0518,751,14,2
015-46-5487,702,10,1
745-50-3759,658,11,3
702-21-0842,721,9,3
148-52-9013,850,5,0
164-95-1974,850,10,3
351-13-4649,850,6,1
476-23-0663,850,15,3
585-58-9852,850,4,0
692-32-8918,508,14,4
422-36-0054,850,4,1
794-65-9213,540,10,3
809-94-3957,850,14,1
,790,13,4
056-29-0224,398,4,0
538-89-7408,824,15,5
128-53-9925,850,4,0
544-16-9390,698,15,5
542-78-7496,837,7,2
,483,13,1
020-93-1822,850,1,0
265-92-3544,679,0,0
815-22-4846,651,6,1
406-58-4588,590,4,0
420-68-3975,803,13,1
319-58-2155,622,11,0
406-42-0759,850,2,0
718-68-4132,444,5,0
375-37-2163,774,14,2
224-24-5064,508,6,1
452-47-8333,438,14,2
188-95-3206,850,15,2
237-10-5175,722,1,0
111-59-0634,590,14,4
427-47-7588,817,13,0
136-16-9060,627,13,0
003-77-4877,475,14,1
834-83-0601,792,9,0
363-50-5163,850,4,0
631-12-1742,758,4,1
053-11-6975,630,14,3
151-61-2128,604,8,0
471-24-8180,843,1,0
328-32-6374,659,7,1
645-54-3611,702,3,0
669-67-5979,850,12,4
068-76-3985,731,4,0
039-01-4586,358,10,3
828-90-7011,850,12,0
791-97-9929,717,10,0
891-82-7574,750,7,1
245-73-4475,728,2,0
163-45-9647,850,15,4
409-71-4413,781,6,0
104-53-4274,570,0,0
884-42-3011,850,8,0
862-85-0318,819,4,0
523-20-4208,777,7,1
002-17-0537,663,5,0
353-79-3586,535,13,1
,756,2,0
587-05-7700,698,7,2
658-88-9314,752,1,0
312-14-9512,850,5,1
179-24-0258,503,9,3
368-52-9624,850,2,0
722-64-2797,556,5,0
454-20-5215,850,12,3
576-16-6057,462,14,0
047-23-8192,802,14,0
590-41-4298,828,13,0
481-16-2551,636,14,3
513-97-4713,786,14,3
402-48-9194,820,6,0
190-78-3933,764,3,1
710-82-3675,623,2,0
448-02-9568,802,0,0
077-22-9335,596,14,2
240-38-0241,644,12,4
743-41-2138,850,2,0
723-43-7863,613,7,2
289-11-5308,505,11,0
884-34-3484,780,7,0
141-50-2944,305,11,2
776-91-6227,699,5,1
165-34-2392,838,8,1
836-11-8049,697,10,0
844-24-0757,619,6,0
452-66-2712,739,12,3
718-50-6524,761,15,0
841-62-5272,757,14,4
879-61-5781,850,2,0
304-84-3441,477,5,1
055-58-8633,850,7,0
135-20-0669,780,14,0
656-99-8616,850,10,2
602-85-2752,779,11,2
851-22-8382,850,13,2
584-11-5687,568,11,0
709-34-0857,631,10,0
832-26-4385,643,4,0
124-63-3784,609,8,2
267-09-8646,850,4,1
745-87-0026,730,15,4
351-71-4991,760,6,0
276-06-7216,678,3,1
501-03-9304,624,10,0
178-53-6162,434,5,0
465-08-6254,608,12,3
780-99-4630,756,5,0
608-74-1525,491,6,0
171-75-9641,712,4,0
238-04-7593,850,12,1
832-06-4267,850,10,3
152-21-2804,488,0,0
,681,0,0
593-85-8584,587,15,4
863-59-3358,598,0,0
,503,13,0
838-73-1161,702,11,2
420-31-6396,795,8,2
576-52-2833,739,13,1
050-43-7971,542,9,0
063-21-8533,563,1,0
,592,3,1
652-08-4776,850,9,0
811-49-1941,553,3,1
597-73-7421,630,13,2
715-13-0856,714,12,1
770-20-3908,850,8,0
841-26-3883,674,3,1
389-58-1913,586,8,0
834-27-4928,680,12,0
662-80-7448,694,14,0
804-27-0775,761,9,2
890-28-4483,640,10,1
574-82-2884,850,1,0
543-36-5467,837,3,1
154-01-0670,850,7,2
298-23-7133,563,5,1
028-05-0968,623,12,0
299-67-4475,774,2,0
633-41-1205,658,13,0
640-07-3888,461,12,0
680-23-7535,752,3,1
,703,11,0
846-59-0835,610,9,1
344-04-3013,392,8,0
886-44-1883,693,0,0
242-48-8994,850,1,0
614-29-6393,430,9,3
231-42-2913,778,7,1
611-16-6703,589,15,3
620-77-4039,739,15,2
106-50-4572,608,13,4
069-79-5393,628,1,0
219-24-3185,673,2,0
465-96-9785,516,13,1
156-16-9700,544,6,2
152-83-1957,535,12,3
846-05-4705,850,5,1
165-99-1779,850,1,0
,499,10,0
323-42-7519,679,1,0
102-42-7820,685,2,0
047-06-5149,686,8,2
826-37-2835,850,12,1
744-15-7583,754,8,0
111-08-5658,582,9,0
783-88-4005,850,3,1
025-98-8104,572,7,2
275-80-9303,482,2,0
153-93-0172,584,7,2
240-96-7350,564,13,2
699-13-0449,300,8,0
802-69-5069,750,11,0
422-22-7959,551,2,0
578-25-3701,850,2,0
719-39-0239,688,8,0
071-18-1739,736,6,2
246-44-6330,586,5,0
375-75-7146,850,0,0
479-88-4868,850,0,0
781-52-9963,725,2,0
428-49-7208,654,1,0
331-59-7596,571,12,4
568-60-5081,850,15,2
021-92-9310,779,11,0
210-54-6865,472,9,0
497-48-9786,571,13,3
833-07-9518,665,3,1
549-73-0051,384,0,0
363-79-5345,680,8,1
197-52-0091,585,10,2
337-25-0272,691,4,1
230-14-2597,751,9,0
590-51-2830,803,9,1
852-32-9348,641,6,2
,710,6,0
014-61-5297,836,3,0
637-37-7801,573,2,0
212-76-2061,546,12,0
167-34-3961,808,3,1
652-01-0844,848,9,3
302-57-0586,810,8,2
763-37-3602,475,5,0
387-47-3715,663,11,1
724-90-1018,731,10,0
434-95-4458,676,11,2
789-68-4473,629,5,0
455-73-5467,572,12,0
,796,8,1
758-54-1408,393,7,0
325-12-8445,708,14,4
472-08-5798,507,3,1
,636,14,3
305-27-7349,489,7,1
,724,3,1
265-09-5509,650,14,2
627-65-6095,712,12,4
549-20-8166,504,3,1
200-91-2778,850,1,0
430-39-8961,422,13,3
523-07-0053,654,12,0
296-97-5524,739,12,1
254-08-8943,850,5,0
683-86-3311,828,4,1
364-52-6502,767,8,1
871-54-4540,629,15,2
036-15-4662,743,14,2
815-59-7501,782,10,1
,357,7,2
611-71-2240,793,4,1
376-99-2127,737,9,3
,641,1,0
105-40-1211,799,9,1
275-90-2371,504,15,5
797-53-6489,616,0,0
357-38-6666,566,11,2
841-65-3872,501,14,3
818-61-3231,371,14,4
536-37-3274,574,10,2
855-37-9773,588,8,2
536-78-4654,728,0,0
049-30-4114,424,12,1
323-76-0425,664,10,3
261-22-5876,739,1,0
524-11-0168,770,13,1
301-82-3488,576,2,0
525-89-1538,744,11,2
465-85-7947,850,8,1
,732,15,0
891-11-8865,667,0,0
655-12-7880,669,15,2
065-25-4532,850,0,0
628-41-1726,637,1,0
780-19-2521,719,13,3
426-75-9180,516,12,0
636-95-1321,767,13,2
146-97-3139,737,4,0
422-22-2870,598,8,1
333-77-6528,637,15,4
890-37-1040,850,0,0
379-50-1427,518,12,1
182-67-5709,558,15,1
398-11-9685,708,11,0
,612,9,3
753-87-5336,670,12,0
329-99-2549,741,3,1
271-42-7960,757,13,3
895-43-6577,723,2,0
453-48-3379,699,11,1
208-09-8966,478,6,0
764-12-7726,451,12,3
759-95-1241,785,3,1
792-91-4849,771,7,0
193-54-9839,716,5,0
424-56-5291,829,8,1
270-55-1439,707,8,1
024-77-1692,821,5,0
636-86-8763,514,10,2
102-71-0673,504,15,0
853-65-8657,741,5,1
544-43-5134,683,9,3
631-89-4734,812,0,0
414-09-8749,783,4,1
659-91-3530,683,10,1
154-32-8246,807,7,0
128-48-3942,614,11,2
002-87-6343,518,15,1
481-56-6250,659,13,4
367-76-9922,829,8,2
702-24-9057,570,9,2
380-63-8420,519,6,0
295-53-6010,850,5,1
171-27-8395,687,7,1
558-92-8205,550,2,0
534-05-5816,842,6,2
832-84-7013,738,13,1
097-70-3173,850,15,3
836-85-0781,603,9,2
618-71-5739,742,3,0
779-37-5793,602,14,1
499-16-5393,774,14,0
111-55-4622,419,4,0
373-81-1324,763,1,0
360-77-6918,518,5,0
101-21-4631,850,11,3
542-23-6077,716,15,2
585-83-9458,733,5,0
126-34-8336,711,12,4
472-63-2767,802,8,2
727-21-3205,722,15,3
477-07-6283,804,2,0
349-86-6373,669,0,0
178-93-4239,738,8,2
411-91-3674,850,11,1
669-52-8751,700,11,3
477-05-4919,767,8,0
232-80-1224,464,2,0
229-78-6487,594,0,0
697-54-0819,628,15,5
734-59-1578,627,13,0
056-69-3575,566,0,0
801-40-4799,600,12,2
,850,2,0
421-85-8816,440,8,2
582-92-0525,806,7,2
837-68-8665,850,6,2
119-95-7122,758,10,2
761-03-0219,850,2,0
541-88-3217,802,11,0
064-31-4893,714,1,0
812-31-3758,776,15,2
423-09-8678,579,13,4
135-83-1311,542,6,2
151-14-5787,625,9,1
435-92-8363,604,10,0
,695,1,0
641-34-0194,574,8,1
821-80-3059,849,14,3
374-93-8480,706,4,0
749-43-7326,616,13,1
677-51-5105,850,11,1
720-19-7440,639,6,1
226-48-9687,563,5,1
507-93-1241,681,4,0
120-13-1359,521,9,3
171-36-8526,500,14,4
540-34-0266,850,11,1
347-99-6648,713,10,2
725-03-5954,850,13,0
893-10-8389,645,6,1
686-81-3042,670,12,3
530-45-0946,582,12,1
452-73-8418,751,15,3
563-81-6440,677,13,2
685-95-0944,509,0,0
615-27-6180,710,5,0
460-08-9319,802,1,0
171-74-4932,337,15,4
657-10-2017,589,10,3
262-92-0776,721,4,1
124-56-4706,816,15,1
377-75-5596,354,4,1
320-25-5678,761,13,3
593-25-8907,351,7,1
613-61-9670,644,4,1
267-61-8374,662,12,1
601-29-7502,517,14,4
093-97-1602,504,8,0
481-52-2401,850,12,3
472-30-7969,850,13,0
559-19-1400,802,3,1
042-83-1012,672,6,0
630-85-1016,531,2,0
167-46-9189,646,12,2
338-14-4704,620,8,2
005-12-8155,625,7,2
096-17-2328,801,3,1
862-85-6631,738,4,0
631-92-7352,705,14,2
679-05-7511,799,3,0
471-60-3388,523,15,4
693-22-5071,592,13,3
236-30-7094,359,8,0
449-02-8598,850,4,1
464-47-5158,791,13,0
461-37-5333,646,0,0
620-80-2312,818,14,1
,342,12,2
364-17-6691,393,4,0
129-02-9774,551,12,2
045-81-4411,850,6,1
387-71-6432,768,0,0
011-98-6218,581,0,0
020-92-7339,602,2,0
799-33-0091,849,11,3
097-38-6904,850,9,1
606-34-5693,557,3,1
342-80-4562,808,6,1
248-88-4165,468,4,1
536-24-6625,661,5,0
329-07-1141,683,0,0
670-34-6240,689,15,2
586-75-6660,628,15,4
176-37-3186,850,14,2
022-94-5461,577,12,1
556-63-9626,645,9,2
611-66-3930,811,1,0
584-18-8540,706,8,0
424-34-0746,641,3,1
658-95-8444,800,12,0
564-96-4771,652,12,0
865-86-1926,525,5,1
474-20-0983,674,14,1
275-91-1049,499,0,0
388-51-8391,597,3,0
629-03-7764,582,13,0
,732,2,0
070-03-7120,784,5,1
506-93-7126,570,13,4
424-11-6918,690,7,1
731-26-5245,850,4,1
708-89-0767,826,15,3
309-82-2664,536,11,0
511-33-4677,813,7,0
387-48-7140,784,9,2
817-04-5870,703,15,4
486-32-2038,850,15,4
275-77-7332,557,2,0
027-79-6310,633,14,1
548-94-6932,371,4,1
564-79-2707,612,15,5
146-81-0088,723,10,1
627-91-7727,765,15,4
455-30-6117,844,12,1
467-08-7065,674,2,0
302-13-7472,685,6,1
619-31-3665,850,0,0
816-42-9802,712,4,0
325-69-1816,643,13,4
092-55-7587,746,12,1
168-41-8722,599,7,2
264-25-7691,711,15,1
728-66-2563,604,1,0
736-05-7552,684,14,4
689-13-8403,633,5,0
713-50-5280,778,9,0
739-11-0700,766,11,1
039-16-0730,660,6,1
125-10-2274,585,13,0
730-47-9129,574,3,1
428-06-8667,681,12,2
062-04-1100,592,13,1
277-96-6200,650,8,1
574-74-3895,791,5,1
492-58-2054,705,12,0
861-76-8585,655,0,0
601-02-9517,661,14,1
816-25-5640,486,12,1
530-82-1150,679,7,0
372-12-8511,836,14,4
137-08-6524,850,2,0
120-36-7844,711,4,1
,614,10,2
311-01-9143,722,5,0
247-23-3297,819,7,2
004-23-2626,705,7,2
257-34-1704,795,3,1
322-23-1924,735,7,1
453-63-1165,710,11,1
287-87-3077,722,6,2
743-85-2810,724,6,0
196-68-7177,515,15,0
076-15-3615,765,3,0
273-59-1456,599,1,0
671-19-3970,758,14,4
084-49-2035,710,13,0
,849,11,2
440-50-7387,803,0,0
104-02-3926,612,9,2
544-56-0434,577,3,0
705-97-6398,620,14,4
816-94-8811,718,9,0
150-25-9224,737,12,4
744-73-0102,409,11,2
510-89-6848,355,15,0
895-86-1908,850,1,0
823-94-7254,602,12,4
166-60-1873,538,11,3
337-71-6644,739,1,0
271-39-4708,528,1,0
353-35-4125,461,14,0
153-60-0464,626,2,0
535-54-6271,757,9,2
537-22-8186,850,13,0
569-31-1595,825,14,4
849-35-0172,643,4,1
194-83-2850,753,7,0
760-05-7217,850,7,0
705-38-8209,552,2,0
178-34-1145,542,2,0
200-65-5431,406,4,0
608-94-5546,718,7,1
423-09-6918,611,8,2
493-73-9812,507,9,1
307-60-5550,468,5,1
446-98-4870,850,12,2
196-13-2907,509,8,0
538-42-7498,850,0,0
260-61-0489,751,15,4
266-81-9280,495,11,2
397-47-1182,818,10,1
339-83-9215,535,15,2
689-62-1396,850,13,4
872-79-5632,503,5,0
106-68-0836,535,0,0
043-24-8804,454,15,5
403-50-6012,819,6,2
465-02-5027,735,13,3
089-72-8180,850,10,1
464-34-3692,762,6,2
524-56-3918,711,3,0
847-39-5484,613,2,0
849-74-5021,850,1,0
705-93-6889,850,1,0
722-58-5463,798,14,2
478-50-4961,763,4,1
668-28-0195,850,10,3
353-04-0167,733,1,0
322-68-7512,762,13,1
301-58-8274,850,11,1
673-19-7555,826,7,0
407-11-6679,741,3,1
453-16-4734,496,11,1
537-21-8799,817,9,0
373-12-4251,755,0,0
870-37-7593,850,4,1
516-70-2721,469,5,0
150-31-0744,709,15,1
377-10-1989,300,7,2
750-30-6503,473,6,1
585-07-0846,658,1,0
442-79-4307,575,1,0
683-99-6800,795,6,1
747-95-4616,679,1,0
554-35-0405,691,0,0
505-59-5818,780,14,2
085-30-6899,769,2,0
178-73-5263,540,4,1
774-63-9524,843,13,2
758-75-8749,850,12,0
826-93-5737,470,2,0
096-34-9247,786,11,1
371-64-0736,708,8,0
315-94-6872,680,13,4
731-97-0725,377,7,2
639-12-0749,850,2,0
,759,7,2
324-63-5444,559,7,0
514-30-6639,608,2,0
186-18-7623,733,10,1
621-54-4517,815,12,2
686-40-5274,667,1,0
,528,12,4
168-67-9369,561,0,0
432-64-0694,850,0,0
404-85-4236,553,0,0
168-51-6858,592,2,0
368-64-0281,508,5,0
801-48-8072,394,15,4
220-31-2119,466,15,5
208-84-5399,850,0,0
347-21-5341,625,15,5
331-82-3600,631,13,4
369-07-1916,574,5,1
002-16-7930,795,0,0
189-80-7838,850,0,0
843-94-7445,467,2,0
646-81-2523,850,9,2
062-15-5894,549,3,1
115-96-0374,777,5,0
560-32-0515,668,11,2
424-97-8552,735,1,0
218-64-8936,599,5,0
545-80-5227,810,3,0
318-52-8575,850,13,1
169-38-2565,547,15,2
275-51-4597,553,3,1
072-78-5756,389,15,4
088-23-9274,850,15,0
154-02-8976,775,1,0
770-21-1561,573,2,0
,850,12,1
466-88-3131,850,5,0
027-10-9511,655,13,4
,300,1,0
351-05-3114,570,14,2
022-71-4974,850,4,0
372-77-2489,831,11,2
596-52-6202,726,0,0
343-51-7018,624,9,1
265-74-1407,789,9,0
,583,11,1
264-42-6930,568,12,3
318-87-1558,656,13,2
593-48-5086,380,0,0
407-68-2120,811,2,0
736-76-1574,487,11,1
,550,9,2
601-19-9670,624,6,0
519-22-5409,850,2,0
321-91-9046,778,12,1
460-66-5134,703,1,0
438-42-0089,850,11,0
445-82-2202,850,0,0
691-99-7566,482,6,2
077-17-6508,710,1,0
592-18-0173,783,5,0
549-50-9401,652,3,0
591-33-7678,706,13,3
747-47-8336,629,13,2
291-36-9511,820,10,3
624-03-3990,808,2,0
256-32-1286,737,7,1
801-88-7521,647,11,1
310-09-1916,850,2,0
854-43-3270,723,12,2
849-96-0462,698,5,0
,515,2,0
743-82-4679,722,1,0
415-31-4642,803,8,0
149-78-0691,655,0,0
480-27-3473,601,11,2
852-82-5842,796,6,2
738-99-1541,850,6,1
,815,9,1
053-99-5183,472,2,0
193-53-9215,589,11,1
818-32-9872,850,2,0
229-89-3789,653,4,1
844-56-0976,493,8,0
245-01-6186,819,0,0
812-95-5597,621,11,0
682-73-9088,618,8,0
857-01-0392,581,8,0
248-09-5928,675,9,0
571-27-3120,825,13,2
284-97-7286,691,6,1
538-79-8909,611,13,4
693-52-7454,437,11,1
740-78-2863,609,4,0
398-84-7320,656,15,4
861-45-6825,850,1,0
,399,7,1
669-46-5819,838,7,1
781-28-5413,719,7,1
899-99-1930,809,6,2
493-94-2920,628,7,1
110-22-3695,511,10,3
065-43-8375,850,15,5
715-86-4621,619,7,2
045-92-0681,631,10,2
562-98-9914,623,10,1
458-78-8947,486,8,0
020-09-4069,793,15,0
660-24-7016,593,3,0
179-80-5040,688,7,1
333-41-9402,850,10,3
596-91-8827,720,0,0
785-84-4938,827,3,1
860-58-6415,622,3,0
,722,6,0
705-80-8218,528,0,0
233-91-7700,493,10,2
434-84-1485,693,10,2
875-86-9666,300,13,2
,658,13,4
786-69-1388,850,0,0
,589,3,0
026-71-7615,776,15,1
157-03-8469,488,15,2
381-76-2484,659,2,0
675-32-2342,709,10,1
066-07-5692,715,14,3
,451,11,0
,706,7,0
829-27-9804,850,12,0
326-40-1346,549,0,0
777-78-1728,850,14,1
415-23-9112,850,10,2
150-02-3196,850,8,0
278-68-4667,608,1,0
358-95-7175,493,4,0
180-53-4277,850,15,0
735-94-0577,753,8,1
074-74-8366,850,1,0
681-90-3889,850,5,1
489-67-1948,716,1,0
660-36-5478,535,4,1
031-52-0702,627,0,0
299-42-7412,638,11,3
835-81-9700,850,13,4
441-26-7969,415,6,0
063-57-2214,798,13,2
414-21-6306,702,10,0
087-06-1693,747,14,3
231-90-0291,689,2,0
013-82-0310,451,7,1
829-32-8758,722,14,4
413-90-9538,850,2,0
179-23-2853,714,0,0
,531,2,0
506-25-5150,629,6,2
022-57-4277,568,9,1
448-93-4915,761,0,0
216-09-2311,656,11,0
240-51-4668,654,13,1
584-23-7480,850,13,1
259-08-4883,304,9,1
831-78-8317,574,6,2
656-62-7022,745,1,0
787-13-7899,665,9,2
077-81-2908,780,12,4
809-09-7211,493,3,1
728-37-5516,428,0,0
289-74-2970,469,9,0
406-16-5924,664,7,2
168-69-0765,520,12,1
767-95-9860,720,10,0
894-03-6256,747,4,1
513-32-6654,598,15,0
796-56-2900,801,11,3
174-23-0818,663,11,3
667-47-2308,517,13,0
408-56-0634,694,11,3
727-78-2345,777,12,0
459-15-2605,790,6,2
403-56-6312,648,13,0
640-69-2790,736,10,2
627-76-0463,758,10,2
616-67-1655,850,13,1
514-04-9628,850,13,1
875-01-5583,570,2,0
307-70-6817,566,8,2
011-08-3377,811,11,0
175-37-1495,850,12,2
443-21-2877,850,1,0
582-81-0188,687,15,0
590-34-7763,850,3,0
755-16-9623,635,12,2
386-81-7442,733,11,0
202-36-5992,641,12,2
555-47-9465,619,8,2
868-80-5166,674,11,0
172-79-5777,566,11,3
428-10-6731,850,7,1
674-13-3972,414,14,4
601-93-2436,850,15,5
390-23-9550,569,4,0
849-45-9946,598,0,0
603-82-2177,687,6,0
700-44-5580,849,1,0
731-88-3442,424,9,2
216-38-8860,706,10,3
239-67-7138,741,13,4
604-44-5902,647,8,1
750-50-1230,571,6,2
,636,2,0
657-70-1696,647,15,0
087-50-3480,601,14,2
331-65-6144,478,0,0
306-12-2008,668,9,2
,530,7,0
166-15-3142,850,12,4
399-50-6332,787,10,0
623-87-7826,682,6,1
148-04-5936,850,2,0
141-42-8405,698,11,2
773-73-2413,321,5,1
529-98-3025,731,9,2
290-62-3356,320,13,1
459-45-3297,672,8,1
477-75-8715,674,11,1
561-71-9468,712,2,0
649-45-8747,492,0,0
401-09-2523,701,5,1
444-15-0433,455,12,4
459-77-4434,624,7,1
222-89-7424,850,12,2
127-17-5433,529,8,2
301-80-2212,659,11,0
347-42-3968,491,6,2
296-84-3817,477,3,0
378-28-0834,644,15,5
448-83-4298,642,3,0
560-16-8084,702,2,0
105-30-7612,679,9,3
492-56-4985,850,2,0
394-12-3086,791,6,0
684-94-8161,850,9,2
,634,5,0
741-53-2313,818,12,2
885-63-5144,562,10,3
260-02-2115,733,3,1
462-87-5303,708,14,0
341-89-6784,667,4,0
,619,14,1
417-82-6145,452,3,1
234-34-9375,725,5,0
716-86-0702,595,0,0
237-74-2148,713,7,1
882-07-0598,437,12,3
679-56-6186,850,5,1
,744,14,4
103-10-4510,563,11,0
199-98-3101,549,10,0
454-15-3035,850,6,2
521-40-1006,850,4,0
815-97-7850,644,2,0
881-05-7705,664,10,1
790-41-4422,751,12,4
190-02-4237,684,3,0
560-47-7505,564,4,0
899-39-2916,850,9,1
311-74-5251,678,3,1
439-66-0777,637,11,3
209-67-0308,433,14,3
324-23-0229,730,13,1
850-35-3703,690,14,2
744-27-7140,569,13,4
,513,4,1
782-04-6835,623,0,0
326-95-0596,767,5,0
443-54-2987,725,12,1
093-42-7448,530,7,2
627-67-2211,721,3,0
131-95-8748,635,8,1
842-91-2636,822,13,3
002-39-7279,709,0,0
035-36-0152,704,13,4
506-27-3285,712,0,0
543-44-0333,573,8,2
769-52-8689,630,15,0
278-13-9911,612,14,1
454-08-4223,733,1,0
076-34-6550,514,10,3
492-03-2573,300,13,1
256-82-8037,579,0,0
838-39-6883,833,11,3
337-53-6267,403,12,4
778-56-5393,810,2,0
781-95-6086,776,8,2
350-04-2107,621,11,1
280-52-3749,480,13,3
250-60-2283,850,12,1
315-30-0566,731,2,0
702-93-1685,607,7,0
148-71-4554,726,11,1
015-98-6427,792,2,0
438-74-4330,693,11,0
117-61-0775,759,5,1
125-91-8974,621,14,3
314-95-7590,673,13,2
782-17-1788,662,0,0
139-39-5082,539,10,1
795-28-2104,850,10,1
466-07-3741,527,3,0
827-37-3044,760,3,0
449-19-7819,718,14,3
386-71-5609,515,7,0
570-35-5221,649,8,1
